instance,period,customers,station_policy,active_stations,algorithm,runtime_seconds,objective,distance,tardiness,routes,recharges,infeasible_legs
c101C10,1,3,depot,1,edd,5.700000656361226e-06,3000417.372635388,217.3726353879336,0.0,2.0,0.0,3.0
c101C10,1,3,depot,1,sweep,4.499999704421498e-06,3000388.7112682476,188.71126824742169,0.0,2.0,0.0,3.0
c101C10,1,3,depot,1,nearest,1.2399999832268804e-05,2002758.4170232767,188.71126824742169,236.97057550292607,2.0,0.0,2.0
c101C10,1,3,depot,1,grasp,0.00023160000000643777,2001601.3001112852,217.37263538793363,118.39274758971897,2.0,0.0,2.0
c101C10,1,3,depot,1,mp_eavns,0.008051200000409153,2000529.381447911,229.3814479109881,0.0,3.0,0.0,2.0
c101C10,1,3,phased,2,edd,9.899999895424116e-06,2000429.9777182958,229.97771829576425,0.0,2.0,1.0,2.0
c101C10,1,3,phased,2,sweep,4.300000000512227e-06,1000397.715693539,197.71569353904908,0.0,2.0,1.0,1.0
c101C10,1,3,phased,2,nearest,9.699999282020144e-06,1002771.0221061845,201.3163511552523,236.97057550292607,2.0,1.0,1.0
c101C10,1,3,phased,2,grasp,0.00024169999960577115,1000397.715693539,197.71569353904908,0.0,2.0,1.0,1.0
c101C10,1,3,phased,2,mp_eavns,0.004078300000401214,1000397.715693539,197.71569353904908,0.0,2.0,1.0,1.0
c101C10,1,3,all,5,edd,4.900000021734741e-06,430.51928317899797,230.51928317899797,0.0,2.0,2.0,0.0
c101C10,1,3,all,5,sweep,3.099999958067201e-06,399.2503988717391,199.2503988717391,0.0,2.0,2.0,0.0
c101C10,1,3,all,5,nearest,6.400000529538374e-06,2774.4600339767753,204.75427894751456,236.97057550292607,2.0,2.0,0.0
c101C10,1,3,all,5,grasp,0.00032300000020768493,399.2503988717391,199.25039887173912,0.0,2.0,2.0,0.0
c101C10,1,3,all,5,mp_eavns,0.005859799999598181,399.2503988717391,199.2503988717391,0.0,2.0,2.0,0.0
c101C10,2,5,depot,1,edd,6.400000529538374e-06,3000591.7837537024,291.78375370234176,0.0,3.0,0.0,3.0
c101C10,2,5,depot,1,sweep,7.0000005507608876e-06,3000947.153628936,263.1223865618298,38.40312423743285,3.0,0.0,3.0
c101C10,2,5,depot,1,nearest,2.6000000616477337e-05,2010932.6272437698,327.9600462863374,1030.466719748349,3.0,1.0,2.0
c101C10,2,5,depot,1,grasp,0.0006596000002900837,2000627.9600462862,327.96004628633744,0.0,3.0,1.0,2.0
c101C10,2,5,depot,1,mp_eavns,0.011413399999582907,2000627.9600462862,327.96004628633744,0.0,3.0,1.0,2.0
c101C10,2,5,phased,3,edd,5.4000001910026185e-06,2000604.3888366101,304.3888366101724,0.0,3.0,1.0,2.0
c101C10,2,5,phased,3,sweep,4.200000148557592e-06,1000956.1580542278,272.1268118534572,38.40312423743285,3.0,1.0,1.0
c101C10,2,5,phased,3,nearest,1.1899999663000926e-05,1010714.6971104888,322.84394260285114,1009.1853167885871,3.0,2.0,1.0
c101C10,2,5,phased,3,grasp,0.0003839999999399879,1000600.4898528947,300.48985289472705,0.0,3.0,1.0,1.0
c101C10,2,5,phased,3,mp_eavns,0.012930599999890546,1000572.1268118535,272.12681185345724,0.0,3.0,1.0,1.0
c101C10,2,5,all,5,edd,5.600000804406591e-06,604.9304014934062,304.9304014934061,0.0,3.0,2.0,0.0
c101C10,2,5,all,5,sweep,5.100000635138713e-06,957.6927595604757,273.6615171861472,38.40312423743285,3.0,2.0,0.0
c101C10,2,5,all,5,nearest,1.3700000636163168e-05,10599.046970964257,305.9760665379863,999.3070904426269,3.0,2.0,0.0
c101C10,2,5,all,5,grasp,0.00044919999982084846,573.6615171861472,273.66151718614725,0.0,3.0,2.0,0.0
c101C10,2,5,all,5,mp_eavns,0.014901800000188814,573.6615171861472,273.66151718614725,0.0,3.0,2.0,0.0
c101C10,3,8,depot,1,edd,4.999999873689376e-06,4000815.953849772,415.9538497719389,0.0,4.0,0.0,4.0
c101C10,3,8,depot,1,sweep,3.6999999792897142e-06,4002273.8012599284,345.76067196364266,152.8040587964656,4.0,0.0,4.0
c101C10,3,8,depot,1,nearest,1.990000055229757e-05,4008085.213617453,352.07698545021185,733.3136632002804,4.0,0.0,4.0
c101C10,3,8,depot,1,grasp,0.0009790999993128935,2019210.0171312813,480.9979787256055,1832.901915255562,4.0,2.0,2.0
c101C10,3,8,depot,1,mp_eavns,0.03750659999968775,2000855.8785662584,455.8785662582723,0.0,4.0,2.0,2.0
c101C10,3,8,phased,4,edd,1.1099999937869143e-05,830.014144620322,430.01414462032193,0.0,4.0,3.0,0.0
c101C10,3,8,phased,4,sweep,6.300000677583739e-06,1002291.8353884041,363.7948004394691,152.8040587964656,4.0,2.0,1.0
c101C10,3,8,phased,4,nearest,2.4300000404764432e-05,1008108.6104311552,375.47379915237286,733.3136632002804,4.0,3.0,1.0
c101C10,3,8,phased,4,grasp,0.0012778999998772633,812.5966892226799,412.59668922267986,0.0,4.0,4.0,0.0
c101C10,3,8,phased,4,mp_eavns,0.050731899999846064,768.3258519429102,368.32585194291016,0.0,4.0,3.0,0.0
c101C10,3,8,all,5,edd,6.900000698806252e-06,822.0884476055292,422.0884476055292,0.0,4.0,2.0,0.0
c101C10,3,8,all,5,sweep,6.70000008540228e-06,1002284.3403905527,356.2998025879601,152.8040587964656,4.0,2.0,1.0
c101C10,3,8,all,5,nearest,2.049999966402538e-05,8130.952625278494,397.81599327568983,733.3136632002804,4.0,4.0,0.0
c101C10,3,8,all,5,grasp,0.0013727000005019363,807.004913830743,407.004913830743,0.0,4.0,4.0,0.0
c101C10,3,8,all,5,mp_eavns,0.04233649999969202,758.0655051217639,358.06550512176386,0.0,4.0,2.0,0.0
c101C10,4,10,depot,1,edd,8.999999408842996e-06,4001011.800022512,511.8000225121838,0.0,5.0,1.0,4.0
c101C10,4,10,depot,1,sweep,4.600000465870835e-06,4010034.963363829,416.70548720020776,911.8257876629082,5.0,0.0,4.0
c101C10,4,10,depot,1,nearest,2.5499999537714757e-05,4019287.662034588,427.51328257925707,1836.0148752008904,5.0,0.0,4.0
c101C10,4,10,depot,1,grasp,0.0009746000005179667,2006310.756584584,518.1225205106554,529.2634064073283,5.0,2.0,2.0
c101C10,4,10,depot,1,mp_eavns,0.059385999999904016,2001026.8233814947,526.8233814948373,0.0,5.0,2.0,2.0
c101C10,4,10,phased,5,edd,7.100000402715523e-06,1017.9346203457741,517.9346203457741,0.0,5.0,3.0,0.0
c101C10,4,10,phased,5,sweep,6.699999175907578e-06,1010045.5024944536,427.24461782452516,911.8257876629082,5.0,2.0,1.0
c101C10,4,10,phased,5,nearest,2.4200000552809797e-05,19309.252453283196,449.1037012742922,1836.0148752008904,5.0,4.0,0.0
c101C10,4,10,phased,5,grasp,0.001600999999936903,5154.623357223685,511.2557519769953,414.336760524669,5.0,4.0,0.0
c101C10,4,10,phased,5,mp_eavns,0.07932629999959318,929.010320358329,429.01032035832895,0.0,5.0,2.0,0.0
c101C10,4,10,all,5,edd,7.599999662488699e-06,1017.9346203457741,517.9346203457741,0.0,5.0,3.0,0.0
c101C10,4,10,all,5,sweep,7.900000127847306e-06,1010045.5024944536,427.24461782452516,911.8257876629082,5.0,2.0,1.0
c101C10,4,10,all,5,nearest,2.809999932651408e-05,19309.252453283196,449.1037012742922,1836.0148752008904,5.0,4.0,0.0
c101C10,4,10,all,5,grasp,0.001964099999895552,1989.1975999218812,530.0792960833724,95.91183038385088,5.0,4.0,0.0
c101C10,4,10,all,5,mp_eavns,0.06881929999963177,929.010320358329,429.01032035832895,0.0,5.0,2.0,0.0
c101C5,1,2,depot,1,edd,3.7999998312443495e-06,1000187.3283094778,87.32830947781493,0.0,1.0,0.0,1.0
c101C5,1,2,depot,1,sweep,2.200000380980782e-06,1000187.3283094778,87.32830947781493,0.0,1.0,0.0,1.0
c101C5,1,2,depot,1,nearest,7.499999810534064e-06,1000187.3283094778,87.32830947781493,0.0,1.0,0.0,1.0
c101C5,1,2,depot,1,grasp,0.00013380000018514693,1000187.3283094778,87.32830947781493,0.0,1.0,0.0,1.0
c101C5,1,2,depot,1,mp_eavns,0.003096499999628577,302.54559344635004,102.54559344635005,0.0,2.0,0.0,0.0
c101C5,1,2,phased,2,edd,3.7999998312443495e-06,1000187.3283094778,87.32830947781493,0.0,1.0,0.0,1.0
c101C5,1,2,phased,2,sweep,5.199999577598646e-06,1000187.3283094778,87.32830947781493,0.0,1.0,0.0,1.0
c101C5,1,2,phased,2,nearest,5.599999894911889e-06,1000187.3283094778,87.32830947781493,0.0,1.0,0.0,1.0
c101C5,1,2,phased,2,grasp,0.00016390000018873252,4730.212459896401,99.65733235000164,453.05551275463995,1.0,1.0,0.0
c101C5,1,2,phased,2,mp_eavns,0.0030893000002834015,302.54559344635004,102.54559344635005,0.0,2.0,0.0,0.0
c101C5,1,2,all,3,edd,1.8000000636675395e-06,1000187.3283094778,87.32830947781493,0.0,1.0,0.0,1.0
c101C5,1,2,all,3,sweep,1.6999993022182025e-06,1000187.3283094778,87.32830947781493,0.0,1.0,0.0,1.0
c101C5,1,2,all,3,nearest,4.200000148557592e-06,1000187.3283094778,87.32830947781493,0.0,1.0,0.0,1.0
c101C5,1,2,all,3,grasp,0.0001992999996218714,4730.212459896401,99.65733235000164,453.05551275463995,1.0,1.0,0.0
c101C5,1,2,all,3,mp_eavns,0.003432299999985844,302.54559344635004,102.54559344635005,0.0,2.0,0.0,0.0
c101C5,2,3,depot,1,edd,4.900000021734741e-06,1000374.5274648496,174.52746484964803,0.0,2.0,0.0,1.0
c101C5,2,3,depot,1,sweep,3.1999998100218363e-06,1000363.4860405364,163.48604053645403,0.0,2.0,0.0,1.0
c101C5,2,3,depot,1,nearest,4.400000034365803e-05,1000363.4860405364,163.48604053645403,0.0,2.0,0.0,1.0
c101C5,2,3,depot,1,grasp,0.00035399999978835694,5409.1351686715225,178.70332450498915,503.0431844166534,2.0,1.0,0.0
c101C5,2,3,depot,1,mp_eavns,0.009289300000091316,478.70332450498915,178.70332450498915,0.0,3.0,0.0,0.0
c101C5,2,3,phased,2,edd,4.499999704421498e-06,1000374.5274648496,174.52746484964803,0.0,2.0,0.0,1.0
c101C5,2,3,phased,2,sweep,4.000000444648322e-06,1000363.4860405364,163.48604053645403,0.0,2.0,0.0,1.0
c101C5,2,3,phased,2,nearest,1.680000059423037e-05,1000363.4860405364,163.48604053645403,0.0,2.0,0.0,1.0
c101C5,2,3,phased,2,grasp,0.0002260999999634805,5409.1351686715225,178.70332450498915,503.0431844166534,2.0,1.0,0.0
c101C5,2,3,phased,2,mp_eavns,0.00888669999949343,478.70332450498915,178.70332450498915,0.0,3.0,0.0,0.0
c101C5,2,3,all,3,edd,3.99999953515362e-06,1000374.5274648496,174.52746484964803,0.0,2.0,0.0,1.0
c101C5,2,3,all,3,sweep,4.399999852466863e-06,1000363.4860405364,163.48604053645403,0.0,2.0,0.0,1.0
c101C5,2,3,all,3,nearest,7.999999979801942e-06,1000363.4860405364,163.48604053645403,0.0,2.0,0.0,1.0
c101C5,2,3,all,3,grasp,0.00021110000034241239,4906.37019095504,175.81506340864075,453.05551275463995,2.0,1.0,0.0
c101C5,2,3,all,3,mp_eavns,0.008468400000310794,478.70332450498915,178.70332450498915,0.0,3.0,0.0,0.0
c101C5,3,4,depot,1,edd,3.100000867561903e-06,1000450.6851959083,250.68519590828714,0.0,2.0,1.0,1.0
c101C5,3,4,depot,1,sweep,2.2999993234407157e-06,2005903.4860405365,193.48604053645403,551.0,2.0,0.0,2.0
c101C5,3,4,depot,1,nearest,7.900000127847306e-06,2005903.4860405365,193.48604053645403,551.0,2.0,0.0,2.0
c101C5,3,4,depot,1,grasp,0.00037459999930433696,12276.541969160884,254.86105556362827,1182.1680913597256,2.0,2.0,0.0
c101C5,3,4,depot,1,mp_eavns,0.012160299999777635,554.8610555636283,254.86105556362827,0.0,3.0,1.0,0.0
c101C5,3,4,phased,3,edd,5.4000001910026185e-06,1000450.6851959083,250.68519590828714,0.0,2.0,1.0,1.0
c101C5,3,4,phased,3,sweep,4.600000465870835e-06,1005906.6609483276,196.66094832757065,551.0,2.0,1.0,1.0
c101C5,3,4,phased,3,nearest,1.049999991664663e-05,1005906.6609483276,196.66094832757065,551.0,2.0,1.0,1.0
c101C5,3,4,phased,3,grasp,0.0002930999999080086,10449.545098746155,208.98997119975738,1004.05551275464,2.0,2.0,0.0
c101C5,3,4,phased,3,mp_eavns,0.01280750000023545,537.2349692123698,237.23496921236978,0.0,3.0,1.0,0.0
c101C5,3,4,all,3,edd,5.4000001910026185e-06,1000450.6851959083,250.68519590828714,0.0,2.0,1.0,1.0
c101C5,3,4,all,3,sweep,4.70000031782547e-06,1005906.6609483276,196.66094832757065,551.0,2.0,1.0,1.0
c101C5,3,4,all,3,nearest,1.0099999599333387e-05,1005906.6609483276,196.66094832757065,551.0,2.0,1.0,1.0
c101C5,3,4,all,3,grasp,0.0003010000000358559,10449.545098746155,208.98997119975738,1004.05551275464,2.0,2.0,0.0
c101C5,3,4,all,3,mp_eavns,0.011870899999848916,537.2349692123698,237.23496921236978,0.0,3.0,1.0,0.0
c101C5,4,5,depot,1,edd,4.200000148557592e-06,1000451.8395758047,251.83957580467964,0.0,2.0,1.0,1.0
c101C5,4,5,depot,1,sweep,2.6999996407539584e-06,3005916.4365157867,206.43651578671387,551.0,2.0,0.0,3.0
c101C5,4,5,depot,1,nearest,1.2399999832268804e-05,3002030.5746423015,206.43651578671387,162.41381265149107,2.0,0.0,3.0
c101C5,4,5,depot,1,grasp,0.0003133000000161701,1000445.3148421628,245.31484216278636,0.0,2.0,1.0,1.0
c101C5,4,5,depot,1,mp_eavns,0.011961499999415537,491.4725732214255,291.4725732214255,0.0,2.0,2.0,0.0
c101C5,4,5,phased,3,edd,3.899999683198985e-06,1000451.8395758047,251.83957580467964,0.0,2.0,1.0,1.0
c101C5,4,5,phased,3,sweep,3.600000127335079e-06,1010255.352906282,213.12159050406265,984.2231315777824,2.0,1.0,1.0
c101C5,4,5,phased,3,nearest,1.1299999641778413e-05,1002030.6782291308,206.5401026159407,162.41381265149107,2.0,1.0,1.0
c101C5,4,5,phased,3,grasp,0.00032890000056795543,473.846486870167,273.846486870167,0.0,2.0,2.0,0.0
c101C5,4,5,phased,3,mp_eavns,0.010972400000355265,473.846486870167,273.846486870167,0.0,2.0,2.0,0.0
c101C5,4,5,all,3,edd,2.499999936844688e-06,1000451.8395758047,251.83957580467964,0.0,2.0,1.0,1.0
c101C5,4,5,all,3,sweep,2.70000055024866e-06,1010255.352906282,213.12159050406265,984.2231315777824,2.0,1.0,1.0
c101C5,4,5,all,3,nearest,8.799999704933725e-06,1002030.6782291308,206.5401026159407,162.41381265149107,2.0,1.0,1.0
c101C5,4,5,all,3,grasp,0.0003293999998277286,473.846486870167,273.846486870167,0.0,2.0,2.0,0.0
c101C5,4,5,all,3,mp_eavns,0.010806999999658728,473.846486870167,273.846486870167,0.0,2.0,2.0,0.0
c103C15,1,4,depot,1,edd,3.8000007407390513e-06,328.1046497035028,128.1046497035028,0.0,2.0,0.0,0.0
c103C15,1,4,depot,1,sweep,2.6999996407539584e-06,328.1046497035028,128.1046497035028,0.0,2.0,0.0,0.0
c103C15,1,4,depot,1,nearest,9.200000022246968e-06,1000354.2095019708,154.2095019707516,0.0,2.0,0.0,1.0
c103C15,1,4,depot,1,grasp,0.00023229999987961492,328.1046497035028,128.1046497035028,0.0,2.0,0.0,0.0
c103C15,1,4,depot,1,mp_eavns,0.005443000000013853,328.1046497035028,128.1046497035028,0.0,2.0,0.0,0.0
c103C15,1,4,phased,2,edd,2.1999994714860804e-06,328.1046497035028,128.1046497035028,0.0,2.0,0.0,0.0
c103C15,1,4,phased,2,sweep,2.100000529026147e-06,328.1046497035028,128.1046497035028,0.0,2.0,0.0,0.0
c103C15,1,4,phased,2,nearest,6.400000529538374e-06,357.24321196494304,157.24321196494304,0.0,2.0,1.0,0.0
c103C15,1,4,phased,2,grasp,0.0002626000004966045,328.1046497035028,128.1046497035028,0.0,2.0,0.0,0.0
c103C15,1,4,phased,2,mp_eavns,0.006401300000106858,328.1046497035028,128.1046497035028,0.0,2.0,0.0,0.0
c103C15,1,4,all,5,edd,4.000000444648322e-06,328.1046497035028,128.1046497035028,0.0,2.0,0.0,0.0
c103C15,1,4,all,5,sweep,3.899999683198985e-06,328.1046497035028,128.1046497035028,0.0,2.0,0.0,0.0
c103C15,1,4,all,5,nearest,1.3799999578623101e-05,357.24321196494304,157.24321196494304,0.0,2.0,1.0,0.0
c103C15,1,4,all,5,grasp,0.00029549999999289867,357.24321196494304,157.24321196494304,0.0,2.0,1.0,0.0
c103C15,1,4,all,5,mp_eavns,0.0068859999992128,328.1046497035028,128.1046497035028,0.0,2.0,0.0,0.0
c103C15,2,8,depot,1,edd,3.899999683198985e-06,2000722.114545567,322.11454556705246,0.0,4.0,0.0,2.0
c103C15,2,8,depot,1,sweep,3.4000004234258085e-06,1000918.8659619001,225.8953764923136,39.29705854077835,3.0,0.0,1.0
c103C15,2,8,depot,1,nearest,1.629999951546779e-05,1001236.3250861575,294.99301248728034,64.13320736702158,3.0,1.0,1.0
c103C15,2,8,depot,1,grasp,0.001789900000403577,629.9794392507724,329.97943925077243,0.0,3.0,2.0,0.0
c103C15,2,8,depot,1,mp_eavns,0.027830099999846425,566.2709423655397,266.2709423655397,0.0,3.0,1.0,0.0
c103C15,2,8,phased,3,edd,5.4000001910026185e-06,2000722.114545567,322.11454556705246,0.0,4.0,0.0,2.0
c103C15,2,8,phased,3,sweep,5.399999281507917e-06,932.2308063347475,239.26022092696397,39.29705854077835,3.0,1.0,0.0
c103C15,2,8,phased,3,nearest,1.7999999727180693e-05,1001236.3250861575,294.99301248728034,64.13320736702158,3.0,1.0,1.0
c103C15,2,8,phased,3,grasp,0.0020804000005227863,541.812739230067,241.812739230067,0.0,3.0,1.0,0.0
c103C15,2,8,phased,3,mp_eavns,0.026685400000133086,557.2148755451824,257.21487554518245,0.0,3.0,1.0,0.0
c103C15,2,8,all,5,edd,6.100000064179767e-06,2000722.114545567,322.11454556705246,0.0,4.0,0.0,2.0
c103C15,2,8,all,5,sweep,5.4000001910026185e-06,932.2308063347475,239.26022092696397,39.29705854077835,3.0,1.0,0.0
c103C15,2,8,all,5,nearest,1.8400000044493936e-05,1001236.3250861575,294.99301248728034,64.13320736702158,3.0,1.0,1.0
c103C15,2,8,all,5,grasp,0.0025149000002784305,541.812739230067,241.812739230067,0.0,3.0,1.0,0.0
c103C15,2,8,all,5,mp_eavns,0.02856100000008155,557.2148755451824,257.21487554518245,0.0,3.0,1.0,0.0
c103C15,3,12,depot,1,edd,7.200000254670158e-06,972.6851475542035,472.6851475542034,0.0,5.0,2.0,0.0
c103C15,3,12,depot,1,sweep,7.699999514443334e-06,1001256.6573667311,363.68678132330257,39.29705854077835,5.0,0.0,1.0
c103C15,3,12,depot,1,nearest,3.8500000300700776e-05,3001442.4769847575,460.9220405436099,48.15549442140352,5.0,0.0,3.0
c103C15,3,12,depot,1,grasp,0.00298079999993206,4448.988315271934,571.7408537234544,337.72474615484794,5.0,3.0,0.0
c103C15,3,12,depot,1,mp_eavns,0.08084779999990133,904.0623471965287,404.0623471965287,0.0,5.0,1.0,0.0
c103C15,3,12,phased,4,edd,7.300000106624793e-06,972.6851475542035,472.6851475542034,0.0,5.0,2.0,0.0
c103C15,3,12,phased,4,sweep,7.0000005507608876e-06,1270.0222111657365,377.05162575795293,39.29705854077835,5.0,1.0,0.0
c103C15,3,12,phased,4,nearest,2.9300000278453808e-05,1004698.8605195351,462.52082555378047,373.63396939813765,5.0,1.0,1.0
c103C15,3,12,phased,4,grasp,0.0030615000005127513,953.8804914679342,453.88049146793423,0.0,5.0,2.0,0.0
c103C15,3,12,phased,4,mp_eavns,0.09015790000012203,895.0062803761714,395.00628037617145,0.0,5.0,1.0,0.0
c103C15,3,12,all,5,edd,7.599999662488699e-06,972.6851475542035,472.6851475542034,0.0,5.0,2.0,0.0
c103C15,3,12,all,5,sweep,7.100000402715523e-06,1270.0222111657365,377.05162575795293,39.29705854077835,5.0,1.0,0.0
c103C15,3,12,all,5,nearest,3.0199999855540227e-05,1004698.8605195351,462.52082555378047,373.63396939813765,5.0,1.0,1.0
c103C15,3,12,all,5,grasp,0.0029433999998218496,991.4925300140638,491.49253001406385,0.0,5.0,3.0,0.0
c103C15,3,12,all,5,mp_eavns,0.09822200000053272,895.0062803761714,395.00628037617145,0.0,5.0,1.0,0.0
c103C15,4,15,depot,1,edd,7.800000275892671e-06,1001401.2032319633,701.2032319633606,0.0,7.0,2.0,1.0
c103C15,4,15,depot,1,sweep,5.599999894911889e-06,2006876.1147447622,457.12090668388373,581.8993838078211,6.0,0.0,2.0
c103C15,4,15,depot,1,nearest,3.999999989900971e-05,3007180.888440223,513.5331138821639,606.7355326340643,6.0,0.0,3.0
c103C15,4,15,depot,1,grasp,0.004508899999564164,6715.743117584672,634.5417967143661,548.1201320870307,6.0,3.0,0.0
c103C15,4,15,depot,1,mp_eavns,0.12751380000008794,1147.053597602436,547.053597602436,0.0,6.0,2.0,0.0
c103C15,4,15,phased,5,edd,8.399999387620483e-06,2001373.3375432484,673.3375432484864,0.0,7.0,2.0,2.0
c103C15,4,15,phased,5,sweep,7.600000571983401e-06,6895.215410279031,476.22157220081976,581.8993838078211,6.0,2.0,0.0
c103C15,4,15,phased,5,nearest,3.980000019510044e-05,2007186.6242613052,519.2689349644495,606.7355326340643,6.0,1.0,2.0
c103C15,4,15,phased,5,grasp,0.005840200000420737,1152.304608417006,552.3046084170059,0.0,6.0,2.0,0.0
c103C15,4,15,phased,5,mp_eavns,0.1379796000001079,1084.3223035838635,484.32230358386346,0.0,6.0,1.0,0.0
c103C15,4,15,all,5,edd,9.100000170292333e-06,2001373.3375432484,673.3375432484864,0.0,7.0,2.0,2.0
c103C15,4,15,all,5,sweep,8.399999387620483e-06,6895.215410279031,476.22157220081976,581.8993838078211,6.0,2.0,0.0
c103C15,4,15,all,5,nearest,4.360000002634479e-05,2007186.6242613052,519.2689349644495,606.7355326340643,6.0,1.0,2.0
c103C15,4,15,all,5,grasp,0.0067945000000690925,3247.378459435329,671.9080001469711,197.54704592883581,6.0,6.0,0.0
c103C15,4,15,all,5,mp_eavns,0.15326199999981327,1084.3223035838635,484.32230358386346,0.0,6.0,1.0,0.0
c103C5,1,2,depot,1,edd,4.599999556376133e-06,174.05505797167908,74.05505797167908,0.0,1.0,0.0,0.0
c103C5,1,2,depot,1,sweep,2.200000380980782e-06,8986.543152939812,74.05505797167908,881.2488094968134,1.0,0.0,0.0
c103C5,1,2,depot,1,nearest,8.400000297115184e-06,174.05505797167908,74.05505797167908,0.0,1.0,0.0,0.0
c103C5,1,2,depot,1,grasp,0.00012489999971876387,174.05505797167908,74.05505797167908,0.0,1.0,0.0,0.0
c103C5,1,2,depot,1,mp_eavns,0.0013552000000345288,174.05505797167908,74.05505797167908,0.0,1.0,0.0,0.0
c103C5,1,2,phased,2,edd,2.100000529026147e-06,174.05505797167908,74.05505797167908,0.0,1.0,0.0,0.0
c103C5,1,2,phased,2,sweep,2.200000380980782e-06,8986.543152939812,74.05505797167908,881.2488094968134,1.0,0.0,0.0
c103C5,1,2,phased,2,nearest,4.300000000512227e-06,174.05505797167908,74.05505797167908,0.0,1.0,0.0,0.0
c103C5,1,2,phased,2,grasp,0.00011640000047918875,174.05505797167908,74.05505797167908,0.0,1.0,0.0,0.0
c103C5,1,2,phased,2,mp_eavns,0.0013410000001385924,174.05505797167908,74.05505797167908,0.0,1.0,0.0,0.0
c103C5,1,2,all,2,edd,2.3000002329354174e-06,174.05505797167908,74.05505797167908,0.0,1.0,0.0,0.0
c103C5,1,2,all,2,sweep,1.8999999156221747e-06,8986.543152939812,74.05505797167908,881.2488094968134,1.0,0.0,0.0
c103C5,1,2,all,2,nearest,4.200000148557592e-06,174.05505797167908,74.05505797167908,0.0,1.0,0.0,0.0
c103C5,1,2,all,2,grasp,0.00011979999999311985,174.05505797167908,74.05505797167908,0.0,1.0,0.0,0.0
c103C5,1,2,all,2,mp_eavns,0.0016120000000228174,174.05505797167908,74.05505797167908,0.0,1.0,0.0,0.0
c103C5,2,3,depot,1,edd,4.099999387108255e-06,335.6667451746765,135.66674517467652,0.0,2.0,0.0,0.0
c103C5,2,3,depot,1,sweep,2.599999788799323e-06,9148.15484014281,135.66674517467652,881.2488094968134,2.0,0.0,0.0
c103C5,2,3,depot,1,nearest,1.0400000064691994e-05,335.6667451746765,135.66674517467652,0.0,2.0,0.0,0.0
c103C5,2,3,depot,1,grasp,0.00018649999947228935,335.6667451746765,135.66674517467652,0.0,2.0,0.0,0.0
c103C5,2,3,depot,1,mp_eavns,0.003059399999983725,335.6667451746765,135.66674517467652,0.0,2.0,0.0,0.0
c103C5,2,3,phased,2,edd,4.400000761961564e-06,335.6667451746765,135.66674517467652,0.0,2.0,0.0,0.0
c103C5,2,3,phased,2,sweep,4.000000444648322e-06,9148.15484014281,135.66674517467652,881.2488094968134,2.0,0.0,0.0
c103C5,2,3,phased,2,nearest,9.000000318337698e-06,335.6667451746765,135.66674517467652,0.0,2.0,0.0,0.0
c103C5,2,3,phased,2,grasp,0.00018570000065665226,335.6667451746765,135.66674517467652,0.0,2.0,0.0,0.0
c103C5,2,3,phased,2,mp_eavns,0.004075400000147056,335.6667451746765,135.66674517467652,0.0,2.0,0.0,0.0
c103C5,2,3,all,2,edd,4.499999704421498e-06,335.6667451746765,135.66674517467652,0.0,2.0,0.0,0.0
c103C5,2,3,all,2,sweep,3.99999953515362e-06,9148.15484014281,135.66674517467652,881.2488094968134,2.0,0.0,0.0
c103C5,2,3,all,2,nearest,1.049999991664663e-05,335.6667451746765,135.66674517467652,0.0,2.0,0.0,0.0
c103C5,2,3,all,2,grasp,0.00018810000074154232,335.6667451746765,135.66674517467652,0.0,2.0,0.0,0.0
c103C5,2,3,all,2,mp_eavns,0.0029081999991831253,335.6667451746765,135.66674517467652,0.0,2.0,0.0,0.0
c103C5,3,4,depot,1,edd,3.5000002753804438e-06,352.3975503314247,152.39755033142472,0.0,2.0,0.0,0.0
c103C5,3,4,depot,1,sweep,2.4000000848900527e-06,9164.885645299559,152.39755033142472,881.2488094968134,2.0,0.0,0.0
c103C5,3,4,depot,1,nearest,8.800000614428427e-06,1000367.7976533299,167.79765332987532,0.0,2.0,0.0,1.0
c103C5,3,4,depot,1,grasp,0.00023430000055668643,352.3975503314247,152.39755033142472,0.0,2.0,0.0,0.0
c103C5,3,4,depot,1,mp_eavns,0.005214400000113528,352.3975503314247,152.39755033142472,0.0,2.0,0.0,0.0
c103C5,3,4,phased,2,edd,4.300000000512227e-06,352.3975503314247,152.39755033142472,0.0,2.0,0.0,0.0
c103C5,3,4,phased,2,sweep,4.5000006139162e-06,9164.885645299559,152.39755033142472,881.2488094968134,2.0,0.0,0.0
c103C5,3,4,phased,2,nearest,9.999999747378752e-06,1000367.7976533299,167.79765332987532,0.0,2.0,0.0,1.0
c103C5,3,4,phased,2,grasp,0.00023859999964770395,373.954989309477,173.95498930947704,0.0,2.0,1.0,0.0
c103C5,3,4,phased,2,mp_eavns,0.005481799999870418,352.3975503314247,152.39755033142472,0.0,2.0,0.0,0.0
c103C5,3,4,all,2,edd,3.9000005926936865e-06,352.3975503314247,152.39755033142472,0.0,2.0,0.0,0.0
c103C5,3,4,all,2,sweep,3.099999958067201e-06,9164.885645299559,152.39755033142472,881.2488094968134,2.0,0.0,0.0
c103C5,3,4,all,2,nearest,8.799999704933725e-06,1000367.7976533299,167.79765332987532,0.0,2.0,0.0,1.0
c103C5,3,4,all,2,grasp,0.00025430000005144393,352.3975503314247,152.39755033142472,0.0,2.0,0.0,0.0
c103C5,3,4,all,2,mp_eavns,0.006291199999395758,352.3975503314247,152.39755033142472,0.0,2.0,0.0,0.0
c103C5,4,5,depot,1,edd,4.70000031782547e-06,1000361.2613846621,161.2613846621467,0.0,2.0,0.0,1.0
c103C5,4,5,depot,1,sweep,3.1999998100218363e-06,1009174.8856452996,162.39755033142472,881.2488094968134,2.0,0.0,1.0
c103C5,4,5,depot,1,nearest,1.4700000065204222e-05,1000377.2862654559,177.28626545587022,0.0,2.0,0.0,1.0
c103C5,4,5,depot,1,grasp,0.0006149999999252032,384.49780808583205,184.49780808583205,0.0,2.0,1.0,0.0
c103C5,4,5,depot,1,mp_eavns,0.010601699999824632,382.3975503314247,182.39755033142472,0.0,2.0,1.0,0.0
c103C5,4,5,phased,2,edd,5.899999450775795e-06,1000361.2613846621,161.2613846621467,0.0,2.0,0.0,1.0
c103C5,4,5,phased,2,sweep,5.9000003602704965e-06,1009174.8856452996,162.39755033142472,881.2488094968134,2.0,0.0,1.0
c103C5,4,5,phased,2,nearest,1.3900000340072438e-05,1000377.2862654559,177.28626545587022,0.0,2.0,0.0,1.0
c103C5,4,5,phased,2,grasp,0.000624900000730122,384.49780808583205,184.49780808583205,0.0,2.0,1.0,0.0
c103C5,4,5,phased,2,mp_eavns,0.013236699999652046,382.3975503314247,182.39755033142472,0.0,2.0,1.0,0.0
c103C5,4,5,all,2,edd,8.100000741251279e-06,1000361.2613846621,161.2613846621467,0.0,2.0,0.0,1.0
c103C5,4,5,all,2,sweep,8.69999985297909e-06,1009174.8856452996,162.39755033142472,881.2488094968134,2.0,0.0,1.0
c103C5,4,5,all,2,nearest,2.1400000150606502e-05,1000377.2862654559,177.28626545587022,0.0,2.0,0.0,1.0
c103C5,4,5,all,2,grasp,0.001165499999842723,382.3975503314247,182.39755033142472,0.0,2.0,1.0,0.0
c103C5,4,5,all,2,mp_eavns,0.014822199999798613,382.3975503314247,182.39755033142472,0.0,2.0,1.0,0.0
c104C10,1,3,depot,1,edd,3.4000004234258085e-06,1000182.0866422043,82.08664220436576,0.0,1.0,0.0,1.0
c104C10,1,3,depot,1,sweep,2.2999993234407157e-06,1000182.0866422043,82.08664220436576,0.0,1.0,0.0,1.0
c104C10,1,3,depot,1,nearest,9.200000022246968e-06,1000182.0866422043,82.08664220436577,0.0,1.0,0.0,1.0
c104C10,1,3,depot,1,grasp,0.00016649999997753184,1000182.0866422043,82.08664220436577,0.0,1.0,0.0,1.0
c104C10,1,3,depot,1,mp_eavns,0.00472040000022389,312.7987192651502,112.79871926515025,0.0,2.0,0.0,0.0
c104C10,1,3,phased,2,edd,2.099999619531445e-06,198.03696333362134,98.03696333362134,0.0,1.0,1.0,0.0
c104C10,1,3,phased,2,sweep,2.2999993234407157e-06,198.03696333362134,98.03696333362134,0.0,1.0,1.0,0.0
c104C10,1,3,phased,2,nearest,5.500000042957254e-06,191.58605569531193,91.58605569531193,0.0,1.0,1.0,0.0
c104C10,1,3,phased,2,grasp,0.00018599999930302147,191.58605569531193,91.58605569531193,0.0,1.0,1.0,0.0
c104C10,1,3,phased,2,mp_eavns,0.0034316000001126667,191.58605569531193,91.58605569531193,0.0,1.0,1.0,0.0
c104C10,1,3,all,4,edd,3.499999365885742e-06,198.03696333362134,98.03696333362134,0.0,1.0,1.0,0.0
c104C10,1,3,all,4,sweep,1.609999981155852e-05,198.03696333362134,98.03696333362134,0.0,1.0,1.0,0.0
c104C10,1,3,all,4,nearest,7.499999810534064e-06,191.58605569531193,91.58605569531193,0.0,1.0,1.0,0.0
c104C10,1,3,all,4,grasp,0.0002226999995400547,191.58605569531193,91.58605569531193,0.0,1.0,1.0,0.0
c104C10,1,3,all,4,mp_eavns,0.0038672000000588014,191.58605569531193,91.58605569531193,0.0,1.0,1.0,0.0
c104C10,2,5,depot,1,edd,4.5000006139162e-06,2000514.8684061968,214.86840619681237,0.0,3.0,0.0,2.0
c104C10,2,5,depot,1,sweep,2.9000002541579306e-06,1000360.7897963295,160.7897963293981,0.0,2.0,0.0,1.0
c104C10,2,5,depot,1,nearest,1.1800000720540993e-05,1000360.7897963295,160.78979632939811,0.0,2.0,0.0,1.0
c104C10,2,5,depot,1,grasp,0.00028620000011869706,405.120105063628,205.120105063628,0.0,2.0,1.0,0.0
c104C10,2,5,depot,1,mp_eavns,0.007567499999822758,405.120105063628,205.120105063628,0.0,2.0,1.0,0.0
c104C10,2,5,phased,3,edd,5.500000042957254e-06,528.3365079639159,228.3365079639159,0.0,3.0,1.0,0.0
c104C10,2,5,phased,3,sweep,5.300000339047983e-06,376.7401174586537,176.74011745865369,0.0,2.0,1.0,0.0
c104C10,2,5,phased,3,nearest,1.3100000614940654e-05,370.28920982034424,170.28920982034427,0.0,2.0,1.0,0.0
c104C10,2,5,phased,3,grasp,0.0003180999992764555,370.28920982034424,170.28920982034424,0.0,2.0,1.0,0.0
c104C10,2,5,phased,3,mp_eavns,0.00851669999974547,370.28920982034424,170.28920982034427,0.0,2.0,1.0,0.0
c104C10,2,5,all,4,edd,4.800000169780105e-06,528.3365079639159,228.3365079639159,0.0,3.0,1.0,0.0
c104C10,2,5,all,4,sweep,4.300000000512227e-06,376.7401174586537,176.74011745865369,0.0,2.0,1.0,0.0
c104C10,2,5,all,4,nearest,1.1500000255182385e-05,370.28920982034424,170.28920982034427,0.0,2.0,1.0,0.0
c104C10,2,5,all,4,grasp,0.0003426000002946239,370.28920982034424,170.28920982034424,0.0,2.0,1.0,0.0
c104C10,2,5,all,4,mp_eavns,0.008555800000067393,370.28920982034424,170.28920982034427,0.0,2.0,1.0,0.0
c104C10,3,8,depot,1,edd,4.399999852466863e-06,2000851.4322806906,451.43228069075235,0.0,4.0,2.0,2.0
c104C10,3,8,depot,1,sweep,3.600000127335079e-06,4000609.2502766587,309.250276658554,0.0,3.0,0.0,4.0
c104C10,3,8,depot,1,nearest,1.6699999832781032e-05,3000620.224529066,320.2245290660668,0.0,3.0,0.0,3.0
c104C10,3,8,depot,1,grasp,0.0009591999996700906,1000736.3579584658,436.3579584658121,0.0,3.0,3.0,1.0
c104C10,3,8,depot,1,mp_eavns,0.03238669999973354,1000691.5517721795,391.5517721795192,0.0,3.0,2.0,1.0
c104C10,3,8,phased,4,edd,6.100000064179767e-06,851.5587992952928,451.5587992952928,0.0,4.0,4.0,0.0
c104C10,3,8,phased,4,sweep,6.100000064179767e-06,639.0451464116336,339.0451464116336,0.0,3.0,3.0,0.0
c104C10,3,8,phased,4,nearest,1.83000001925393e-05,641.0185736238998,341.0185736238998,0.0,3.0,3.0,0.0
c104C10,3,8,phased,4,grasp,0.0011076000000684871,644.7936883095635,344.79368830956355,0.0,3.0,3.0,0.0
c104C10,3,8,phased,4,mp_eavns,0.027491899999404268,632.5942387733242,332.59423877332415,0.0,3.0,3.0,0.0
c104C10,3,8,all,4,edd,7.0000005507608876e-06,851.5587992952928,451.5587992952928,0.0,4.0,4.0,0.0
c104C10,3,8,all,4,sweep,6.799999937356915e-06,639.0451464116336,339.0451464116336,0.0,3.0,3.0,0.0
c104C10,3,8,all,4,nearest,2.0200000108161476e-05,641.0185736238998,341.0185736238998,0.0,3.0,3.0,0.0
c104C10,3,8,all,4,grasp,0.0012071000001014909,653.2180231601392,353.2180231601391,0.0,3.0,3.0,0.0
c104C10,3,8,all,4,mp_eavns,0.028480199999648903,632.5942387733242,332.59423877332415,0.0,3.0,3.0,0.0
c104C10,4,10,depot,1,edd,1.4199999895936344e-05,3001007.7456491827,507.74564918285233,0.0,5.0,2.0,3.0
c104C10,4,10,depot,1,sweep,1.700000029813964e-05,4000757.339307089,357.3393070889709,0.0,4.0,0.0,4.0
c104C10,4,10,depot,1,nearest,4.4299999899521936e-05,4000799.9112722515,399.91127225147903,0.0,4.0,0.0,4.0
c104C10,4,10,depot,1,grasp,0.0013879999996788683,1000850.2932542544,450.29325425435627,0.0,4.0,2.0,1.0
c104C10,4,10,depot,1,mp_eavns,0.06638310000016645,1000830.195762641,430.19576264102176,0.0,4.0,2.0,1.0
c104C10,4,10,phased,4,edd,7.699999514443334e-06,1005.6671002837246,505.6671002837246,0.0,5.0,4.0,0.0
c104C10,4,10,phased,4,sweep,7.999999979801942e-06,787.1341768420505,387.13417684205046,0.0,4.0,3.0,0.0
c104C10,4,10,phased,4,nearest,2.5800000003073364e-05,819.2806384362191,419.280638436219,0.0,4.0,3.0,0.0
c104C10,4,10,phased,4,grasp,0.0015122999993764097,823.2398713841012,423.23987138410115,0.0,4.0,2.0,0.0
c104C10,4,10,phased,4,mp_eavns,0.056354400000600435,777.6594494045466,377.6594494045466,0.0,4.0,2.0,0.0
c104C10,4,10,all,4,edd,6.8999997893115506e-06,1005.6671002837246,505.6671002837246,0.0,5.0,4.0,0.0
c104C10,4,10,all,4,sweep,7.0000005507608876e-06,787.1341768420505,387.13417684205046,0.0,4.0,3.0,0.0
c104C10,4,10,all,4,nearest,2.299999960087007e-05,819.2806384362191,419.280638436219,0.0,4.0,3.0,0.0
c104C10,4,10,all,4,grasp,0.0013587999992523692,770.9279902605081,370.92799026050807,0.0,4.0,2.0,0.0
c104C10,4,10,all,4,mp_eavns,0.05765570000039588,780.683269203741,380.683269203741,0.0,4.0,3.0,0.0
c106C15,1,4,depot,1,edd,4.200000148557592e-06,160.61172704040348,60.611727040403494,0.0,1.0,0.0,0.0
c106C15,1,4,depot,1,sweep,3.000000106112566e-06,6102.0330832777145,60.611727040403494,594.1421356237311,1.0,0.0,0.0
c106C15,1,4,depot,1,nearest,1.2000000424450263e-05,4197.02775637732,57.027756377319946,404.0,1.0,0.0,0.0
c106C15,1,4,depot,1,grasp,0.00047540000014123507,153.63948341772345,53.63948341772344,0.0,1.0,0.0,0.0
c106C15,1,4,depot,1,mp_eavns,0.007811599999513419,153.63948341772345,53.63948341772344,0.0,1.0,0.0,0.0
c106C15,1,4,phased,2,edd,2.2899999748915434e-05,160.61172704040348,60.611727040403494,0.0,1.0,0.0,0.0
c106C15,1,4,phased,2,sweep,5.499999133462552e-06,6102.0330832777145,60.611727040403494,594.1421356237311,1.0,0.0,0.0
c106C15,1,4,phased,2,nearest,1.1000000085914508e-05,4197.02775637732,57.027756377319946,404.0,1.0,0.0,0.0
c106C15,1,4,phased,2,grasp,0.0005226999992373749,153.63948341772345,53.63948341772344,0.0,1.0,0.0,0.0
c106C15,1,4,phased,2,mp_eavns,0.0071987999999691965,153.63948341772345,53.63948341772344,0.0,1.0,0.0,0.0
c106C15,1,4,all,3,edd,4.599999556376133e-06,160.61172704040348,60.611727040403494,0.0,1.0,0.0,0.0
c106C15,1,4,all,3,sweep,2.3000002329354174e-06,6102.0330832777145,60.611727040403494,594.1421356237311,1.0,0.0,0.0
c106C15,1,4,all,3,nearest,7.300000106624793e-06,4197.02775637732,57.027756377319946,404.0,1.0,0.0,0.0
c106C15,1,4,all,3,grasp,0.0005100999997011968,153.63948341772345,53.63948341772344,0.0,1.0,0.0,0.0
c106C15,1,4,all,3,mp_eavns,0.007440899999892281,153.63948341772345,53.63948341772344,0.0,1.0,0.0,0.0
c106C15,2,8,depot,1,edd,4.099999387108255e-06,4000441.1696543884,241.16965438848226,0.0,2.0,0.0,4.0
c106C15,2,8,depot,1,sweep,3.5000002753804438e-06,1011322.7474728808,190.6154385248052,1093.2132034355966,2.0,0.0,1.0
c106C15,2,8,depot,1,nearest,1.7899999875226058e-05,1021864.6904517752,212.6897965204642,2145.2000655254697,2.0,1.0,1.0
c106C15,2,8,depot,1,grasp,0.0017010999999911292,1000383.38065311,183.38065310995202,0.0,2.0,0.0,1.0
c106C15,2,8,depot,1,mp_eavns,0.03801039999962086,1000383.38065311,183.38065310995202,0.0,2.0,0.0,1.0
c106C15,2,8,phased,2,edd,5.7999995988211595e-06,4000441.1696543884,241.16965438848226,0.0,2.0,0.0,4.0
c106C15,2,8,phased,2,sweep,4.699999408330768e-06,1011322.7474728808,190.6154385248052,1093.2132034355966,2.0,0.0,1.0
c106C15,2,8,phased,2,nearest,1.7499999557912815e-05,1021729.0288198488,201.78052728462922,2132.724829256419,2.0,1.0,1.0
c106C15,2,8,phased,2,grasp,0.0023571000001538778,1000383.38065311,183.38065310995202,0.0,2.0,0.0,1.0
c106C15,2,8,phased,2,mp_eavns,0.046887299999980314,1000383.38065311,183.38065310995202,0.0,2.0,0.0,1.0
c106C15,2,8,all,3,edd,6.000000212225132e-06,2000442.0545991247,242.05459912477698,0.0,2.0,1.0,2.0
c106C15,2,8,all,3,sweep,6.100000064179767e-06,11326.600836701271,194.46880234530533,1093.2132034355966,2.0,1.0,0.0
c106C15,2,8,all,3,nearest,1.9699999938893598e-05,21781.923155214772,201.48367865133815,2138.0439476563433,2.0,1.0,0.0
c106C15,2,8,all,3,grasp,0.002303600000232109,393.5883478923171,193.58834789231705,0.0,2.0,1.0,0.0
c106C15,2,8,all,3,mp_eavns,0.04265369999939139,376.616104269637,176.616104269637,0.0,2.0,1.0,0.0
c106C15,3,12,depot,1,edd,1.1000000085914508e-05,7000729.177256913,429.17725691258255,0.0,3.0,0.0,7.0
c106C15,3,12,depot,1,sweep,4.099999387108255e-06,1018516.1384279956,267.9508808850586,1794.8187547110606,3.0,0.0,1.0
c106C15,3,12,depot,1,nearest,3.0299999707494862e-05,4027508.933101125,285.5541095096877,2692.337899161539,3.0,0.0,4.0
c106C15,3,12,depot,1,grasp,0.006058699999812234,1002882.3401414896,381.5232135429504,220.08169279467006,3.0,2.0,1.0
c106C15,3,12,depot,1,mp_eavns,0.08844180000050983,1000560.6118251532,260.6118251531788,0.0,3.0,0.0,1.0
c106C15,3,12,phased,3,edd,7.999999979801942e-06,7000729.177256913,429.17725691258255,0.0,3.0,0.0,7.0
c106C15,3,12,phased,3,sweep,6.600000233447645e-06,18519.991791816166,271.80424470555874,1794.8187547110606,3.0,1.0,0.0
c106C15,3,12,phased,3,nearest,3.270000070187962e-05,3027512.7864649454,289.4074733301878,2692.337899161539,3.0,1.0,3.0
c106C15,3,12,phased,3,grasp,0.006262699999751931,5783.257810943821,368.22379182155674,511.50340191222637,3.0,3.0,0.0
c106C15,3,12,phased,3,mp_eavns,0.08809550000023592,553.8472763128639,253.8472763128638,0.0,3.0,1.0,0.0
c106C15,3,12,all,3,edd,6.70000008540228e-06,7000729.177256913,429.17725691258255,0.0,3.0,0.0,7.0
c106C15,3,12,all,3,sweep,6.100000064179767e-06,18519.991791816166,271.80424470555874,1794.8187547110606,3.0,1.0,0.0
c106C15,3,12,all,3,nearest,2.9600000743812416e-05,3027512.7864649454,289.4074733301878,2692.337899161539,3.0,1.0,3.0
c106C15,3,12,all,3,grasp,0.006521500000417291,5040.813721237434,368.94092095331666,437.1872800284117,3.0,3.0,0.0
c106C15,3,12,all,3,mp_eavns,0.08255069999995612,553.8472763128639,253.8472763128638,0.0,3.0,1.0,0.0
c106C15,4,15,depot,1,edd,7.300000106624793e-06,5000949.472162538,549.4721625380341,0.0,4.0,2.0,5.0
c106C15,4,15,depot,1,sweep,5.600000804406591e-06,1029778.365117602,328.7614910443009,2904.960362655781,4.0,0.0,1.0
c106C15,4,15,depot,1,nearest,4.1000000237545464e-05,1017034.9413682375,351.9707828296867,1628.2970585407784,4.0,1.0,1.0
c106C15,4,15,depot,1,grasp,0.011267800000496209,1005692.8689106051,448.6983633775351,484.4170547227549,4.0,3.0,1.0
c106C15,4,15,depot,1,mp_eavns,0.162278900000274,1000721.4224353124,321.4224353124211,0.0,4.0,0.0,1.0
c106C15,4,15,phased,3,edd,7.699999514443334e-06,1000952.5070037133,552.5070037132768,0.0,4.0,4.0,1.0
c106C15,4,15,phased,3,sweep,6.999999641266186e-06,29782.21848142261,332.61485486480103,2904.960362655781,4.0,1.0,0.0
c106C15,4,15,phased,3,nearest,3.7399999200715683e-05,17038.79473205797,355.8241466501868,1628.2970585407784,4.0,2.0,0.0
c106C15,4,15,phased,3,grasp,0.01260569999976724,1935.3226448551786,439.80937713361266,109.55132677215659,4.0,3.0,0.0
c106C15,4,15,phased,3,mp_eavns,0.1912205000007816,714.6578864721062,314.6578864721061,0.0,4.0,1.0,0.0
c106C15,4,15,all,3,edd,1.0199999451288022e-05,1000952.5070037133,552.5070037132768,0.0,4.0,4.0,1.0
c106C15,4,15,all,3,sweep,8.89999955688836e-06,29782.21848142261,332.61485486480103,2904.960362655781,4.0,1.0,0.0
c106C15,4,15,all,3,nearest,4.55999997939216e-05,17038.79473205797,355.8241466501868,1628.2970585407784,4.0,2.0,0.0
c106C15,4,15,all,3,grasp,0.014158199999656063,3705.1236123431627,466.43066454109544,283.8692947802067,4.0,4.0,0.0
c106C15,4,15,all,3,mp_eavns,0.16525169999931677,714.6578864721062,314.6578864721061,0.0,4.0,1.0,0.0
c202C10,1,3,depot,1,edd,4.499999704421498e-06,1000365.6219635332,165.62196353325396,0.0,2.0,0.0,1.0
c202C10,1,3,depot,1,sweep,2.599999788799323e-06,1000344.4750776981,144.47507769812634,0.0,2.0,0.0,1.0
c202C10,1,3,depot,1,nearest,1.049999991664663e-05,1000344.4750776981,144.47507769812634,0.0,2.0,0.0,1.0
c202C10,1,3,depot,1,grasp,0.00019490000067889923,1000344.4750776981,144.47507769812634,0.0,2.0,0.0,1.0
c202C10,1,3,depot,1,mp_eavns,0.006522499999846332,469.0428190289048,169.04281902890474,0.0,3.0,0.0,0.0
c202C10,1,3,phased,2,edd,2.599999788799323e-06,1000365.6219635332,165.62196353325396,0.0,2.0,0.0,1.0
c202C10,1,3,phased,2,sweep,2.9000002541579306e-06,1000344.4750776981,144.47507769812634,0.0,2.0,0.0,1.0
c202C10,1,3,phased,2,nearest,6.199999916134402e-06,1000344.4750776981,144.47507769812634,0.0,2.0,0.0,1.0
c202C10,1,3,phased,2,grasp,0.00018309999995835824,1000344.4750776981,144.47507769812634,0.0,2.0,0.0,1.0
c202C10,1,3,phased,2,mp_eavns,0.006498499999906926,469.0428190289048,169.04281902890474,0.0,3.0,0.0,0.0
c202C10,1,3,all,5,edd,2.200000380980782e-06,1000365.6219635332,165.62196353325396,0.0,2.0,0.0,1.0
c202C10,1,3,all,5,sweep,2.200000380980782e-06,1000344.4750776981,144.47507769812634,0.0,2.0,0.0,1.0
c202C10,1,3,all,5,nearest,5.599999894911889e-06,344.48416672832604,144.48416672832602,0.0,2.0,1.0,0.0
c202C10,1,3,all,5,grasp,0.00020679999943240546,344.48416672832604,144.48416672832602,0.0,2.0,1.0,0.0
c202C10,1,3,all,5,mp_eavns,0.0034834999996746774,344.48416672832604,144.48416672832602,0.0,2.0,1.0,0.0
c202C10,2,5,depot,1,edd,3.4000004234258085e-06,1000517.2401434416,217.24014344158053,0.0,3.0,0.0,1.0
c202C10,2,5,depot,1,sweep,3.000000106112566e-06,2002267.2155892672,228.18912784691906,173.9026461420325,3.0,0.0,2.0
c202C10,2,5,depot,1,nearest,1.049999991664663e-05,7046.8655366006515,253.21480687686596,649.3650729723786,3.0,1.0,0.0
c202C10,2,5,depot,1,grasp,0.0003212000001440174,7046.8655366006515,253.21480687686596,649.3650729723786,3.0,1.0,0.0
c202C10,2,5,depot,1,mp_eavns,0.00917810000009922,429.1489013063083,229.1489013063083,0.0,2.0,2.0,0.0
c202C10,2,5,phased,3,edd,4.200000148557592e-06,1000517.2401434416,217.24014344158053,0.0,3.0,0.0,1.0
c202C10,2,5,phased,3,sweep,4.000000444648322e-06,2002267.2155892672,228.18912784691906,173.9026461420325,3.0,0.0,2.0
c202C10,2,5,phased,3,nearest,1.140000040322775e-05,7046.8655366006515,253.21480687686596,649.3650729723786,3.0,1.0,0.0
c202C10,2,5,phased,3,grasp,0.0003335999999762862,561.2198101089785,261.21981010897855,0.0,3.0,1.0,0.0
c202C10,2,5,phased,3,mp_eavns,0.013096800000312214,429.1489013063083,229.1489013063083,0.0,2.0,2.0,0.0
c202C10,2,5,all,5,edd,4.70000031782547e-06,1000517.2401434416,217.24014344158053,0.0,3.0,0.0,1.0
c202C10,2,5,all,5,sweep,4.300000000512227e-06,2002267.2155892672,228.18912784691906,173.9026461420325,3.0,0.0,2.0
c202C10,2,5,all,5,nearest,1.1799999811046291e-05,7046.8655366006515,253.21480687686596,649.3650729723786,3.0,1.0,0.0
c202C10,2,5,all,5,grasp,0.0003633999995145132,451.67039637888445,251.67039637888445,0.0,2.0,3.0,0.0
c202C10,2,5,all,5,mp_eavns,0.011237499999879219,451.67039637888445,251.67039637888445,0.0,2.0,3.0,0.0
c202C10,3,8,depot,1,edd,4.699999408330768e-06,3000881.985597344,381.9855973443333,0.0,5.0,0.0,3.0
c202C10,3,8,depot,1,sweep,3.9000005926936865e-06,3002719.3283526446,380.30189122445483,173.9026461420325,6.0,0.0,3.0
c202C10,3,8,depot,1,nearest,1.7999999727180693e-05,2000882.4435350434,382.4435350435017,0.0,5.0,0.0,2.0
c202C10,3,8,depot,1,grasp,0.0005435000002762536,1000847.4151878619,347.41518786188965,0.0,5.0,0.0,1.0
c202C10,3,8,depot,1,mp_eavns,0.02749859999948967,1000836.8904772536,336.89047725360973,0.0,5.0,0.0,1.0
c202C10,3,8,phased,4,edd,6.800000846851617e-06,1000897.2144518017,397.21445180173055,0.0,5.0,2.0,1.0
c202C10,3,8,phased,4,sweep,6.399999620043673e-06,2002719.3319974102,380.30553598978145,173.9026461420325,6.0,1.0,2.0
c202C10,3,8,phased,4,nearest,2.4500000108673703e-05,1000882.4471798089,382.4471798088283,0.0,5.0,1.0,1.0
c202C10,3,8,phased,4,grasp,0.000627399999757472,882.496434034666,382.4964340346659,0.0,5.0,2.0,0.0
c202C10,3,8,phased,4,mp_eavns,0.032630300000164425,836.8941220189363,336.89412201893634,0.0,5.0,1.0,0.0
c202C10,3,8,all,5,edd,8.299999535665847e-06,1000897.2144518017,397.21445180173055,0.0,5.0,2.0,1.0
c202C10,3,8,all,5,sweep,7.900000127847306e-06,2002719.3319974102,380.30553598978145,173.9026461420325,6.0,1.0,2.0
c202C10,3,8,all,5,nearest,2.500000027794158e-05,1000882.4471798089,382.4471798088283,0.0,5.0,1.0,1.0
c202C10,3,8,all,5,grasp,0.0008159999997587875,847.4188326272161,347.41883262721615,0.0,5.0,1.0,0.0
c202C10,3,8,all,5,mp_eavns,0.037199800000053074,836.8941220189363,336.8941220189363,0.0,5.0,1.0,0.0
c202C10,4,10,depot,1,edd,6.499999471998308e-06,3000892.3599143834,392.3599143835872,0.0,5.0,0.0,3.0
c202C10,4,10,depot,1,sweep,4.999999873689376e-06,3002857.0410315027,418.01457008245757,173.9026461420325,7.0,0.0,3.0
c202C10,4,10,depot,1,nearest,2.4699999812582973e-05,2022317.163814227,417.80344364442453,2139.9360370582713,5.0,1.0,2.0
c202C10,4,10,depot,1,grasp,0.001507599999968079,1011936.0839537514,407.46055128179194,1102.8623402469566,5.0,1.0,1.0
c202C10,4,10,depot,1,mp_eavns,0.04163619999962975,1000846.346529409,346.34652940905767,0.0,5.0,0.0,1.0
c202C10,4,10,phased,5,edd,6.799999937356915e-06,1000907.588768841,407.5887688409844,0.0,5.0,2.0,1.0
c202C10,4,10,phased,5,sweep,6.199999916134402e-06,2002857.044676268,418.0182148477842,173.9026461420325,7.0,1.0,2.0
c202C10,4,10,phased,5,nearest,2.2300000637187622e-05,1022317.1674589925,417.80708840975115,2139.9360370582713,5.0,2.0,1.0
c202C10,4,10,phased,5,grasp,0.0019502999994074344,13159.881359644663,420.5016117969708,1223.9379747847693,5.0,3.0,0.0
c202C10,4,10,phased,5,mp_eavns,0.060728600000402366,846.3501741743843,346.3501741743843,0.0,5.0,1.0,0.0
c202C10,4,10,all,5,edd,1.0700000530050602e-05,1000907.588768841,407.5887688409844,0.0,5.0,2.0,1.0
c202C10,4,10,all,5,sweep,8.900000466383062e-06,2002857.044676268,418.0182148477842,173.9026461420325,7.0,1.0,2.0
c202C10,4,10,all,5,nearest,4.4999999772699084e-05,1022317.1674589925,417.80708840975115,2139.9360370582713,5.0,2.0,1.0
c202C10,4,10,all,5,grasp,0.002019300000029034,11075.77242689996,392.6553680251461,1018.3117058874814,5.0,2.0,0.0
c202C10,4,10,all,5,mp_eavns,0.060115500000392785,846.3501741743843,346.3501741743843,0.0,5.0,1.0,0.0
c202C15,1,4,depot,1,edd,4.800000169780105e-06,1000336.5724379993,136.57243799927383,0.0,2.0,0.0,1.0
c202C15,1,4,depot,1,sweep,2.7999994927085936e-06,1004491.1497304568,146.80991913623166,414.4339811320566,2.0,0.0,1.0
c202C15,1,4,depot,1,nearest,1.1699999959091656e-05,1000345.4453806963,145.44538069633808,0.0,2.0,0.0,1.0
c202C15,1,4,depot,1,grasp,0.0002657999993971316,1000332.1315934284,132.13159342838608,0.0,2.0,0.0,1.0
c202C15,1,4,depot,1,mp_eavns,0.007877099999859638,1000332.1315934284,132.13159342838608,0.0,2.0,0.0,1.0
c202C15,1,4,phased,2,edd,6.399999620043673e-06,336.5726358216103,136.57263582161028,0.0,2.0,1.0,0.0
c202C15,1,4,phased,2,sweep,5.500000042957254e-06,4491.149928279134,146.8101169585681,414.4339811320566,2.0,1.0,0.0
c202C15,1,4,phased,2,nearest,1.52000002344721e-05,345.4455785186745,145.4455785186745,0.0,2.0,1.0,0.0
c202C15,1,4,phased,2,grasp,0.00043280000045342604,335.2080973817167,135.20809738171667,0.0,2.0,1.0,0.0
c202C15,1,4,phased,2,mp_eavns,0.010955200000353216,333.2003366065304,133.20033660653044,0.0,2.0,1.0,0.0
c202C15,1,4,all,5,edd,5.4000001910026185e-06,336.5726358216103,136.57263582161028,0.0,2.0,1.0,0.0
c202C15,1,4,all,5,sweep,4.900000021734741e-06,4491.149928279134,146.8101169585681,414.4339811320566,2.0,1.0,0.0
c202C15,1,4,all,5,nearest,1.1399999493733048e-05,345.4455785186745,145.4455785186745,0.0,2.0,1.0,0.0
c202C15,1,4,all,5,grasp,0.00028279999969527125,333.2003366065304,133.20033660653044,0.0,2.0,1.0,0.0
c202C15,1,4,all,5,mp_eavns,0.009182599999803642,333.2003366065304,133.20033660653044,0.0,2.0,1.0,0.0
c202C15,2,8,depot,1,edd,6.299999768089037e-06,3000819.15361683,419.15361682974697,0.0,4.0,1.0,3.0
c202C15,2,8,depot,1,sweep,4.100000296602957e-06,3004833.0949581685,288.7551468477437,414.4339811320566,4.0,0.0,3.0
c202C15,2,8,depot,1,nearest,2.1699999706470408e-05,4000587.2637569024,287.26375690242264,0.0,3.0,0.0,4.0
c202C15,2,8,depot,1,grasp,0.0023509000002377434,2000614.375445932,314.37544593181116,0.0,3.0,1.0,2.0
c202C15,2,8,depot,1,mp_eavns,0.03244489999997313,2000614.387988307,314.3879883070148,0.0,3.0,1.0,2.0
c202C15,2,8,phased,3,edd,6.8999997893115506e-06,809.6993074850694,409.6993074850694,0.0,4.0,3.0,0.0
c202C15,2,8,phased,3,sweep,6.600000233447645e-06,4839.407883968932,295.06807264836635,414.4339811320566,4.0,2.0,0.0
c202C15,2,8,phased,3,nearest,2.0899999981338624e-05,1000605.7183172427,305.7183172427347,0.0,3.0,2.0,1.0
c202C15,2,8,phased,3,grasp,0.0022264999997787527,570.6009469904559,270.6009469904559,0.0,3.0,2.0,0.0
c202C15,2,8,phased,3,mp_eavns,0.05485729999963951,618.4425309062833,318.4425309062833,0.0,3.0,3.0,0.0
c202C15,2,8,all,5,edd,9.999999747378752e-06,809.6993074850694,409.6993074850694,0.0,4.0,3.0,0.0
c202C15,2,8,all,5,sweep,1.0800000382005237e-05,4839.407883968932,295.06807264836635,414.4339811320566,4.0,2.0,0.0
c202C15,2,8,all,5,nearest,3.280000055383425e-05,1000605.7183172427,305.7183172427347,0.0,3.0,2.0,1.0
c202C15,2,8,all,5,grasp,0.002971099999740545,603.95882490847,303.9588249084699,0.0,3.0,2.0,0.0
c202C15,2,8,all,5,mp_eavns,0.05072840000048018,601.5184160671021,301.51841606710207,0.0,3.0,2.0,0.0
c202C15,3,12,depot,1,edd,6.199999916134402e-06,6001085.758810853,585.758810852892,0.0,5.0,1.0,6.0
c202C15,3,12,depot,1,sweep,4.200000148557592e-06,5007462.819572804,397.4300297377268,656.5389543065994,5.0,0.0,5.0
c202C15,3,12,depot,1,nearest,2.8499999643827323e-05,6007637.49358624,402.8130206498016,683.4680565590817,4.0,0.0,6.0
c202C15,3,12,depot,1,grasp,0.004800800000339223,2000844.0776456115,444.0776456114537,0.0,4.0,2.0,2.0
c202C15,3,12,depot,1,mp_eavns,0.12857359999998152,2000928.869849089,528.8698490891073,0.0,4.0,3.0,2.0
c202C15,3,12,phased,4,edd,7.300000106624793e-06,3001076.3045015084,576.3045015082143,0.0,5.0,3.0,3.0
c202C15,3,12,phased,4,sweep,6.999999641266186e-06,2007469.1324986042,403.74295553834946,656.5389543065994,5.0,2.0,2.0
c202C15,3,12,phased,4,nearest,2.9299999368959107e-05,3007655.9481465807,421.26758099011374,683.4680565590817,4.0,2.0,3.0
c202C15,3,12,phased,4,grasp,0.007901199999650999,859.9576519414692,459.9576519414692,0.0,4.0,5.0,0.0
c202C15,3,12,phased,4,mp_eavns,0.1435892999998032,854.2322726769692,454.23227267696916,0.0,4.0,4.0,0.0
c202C15,3,12,all,5,edd,1.739999970595818e-05,3001076.3045015084,576.3045015082143,0.0,5.0,3.0,3.0
c202C15,3,12,all,5,sweep,1.340000017080456e-05,2007469.1324986042,403.74295553834946,656.5389543065994,5.0,2.0,2.0
c202C15,3,12,all,5,nearest,5.03999999637017e-05,3007655.9481465807,421.26758099011374,683.4680565590817,4.0,2.0,3.0
c202C15,3,12,all,5,grasp,0.005942400000094494,897.9254143709098,497.92541437090983,0.0,4.0,5.0,0.0
c202C15,3,12,all,5,mp_eavns,0.13225440000042,837.3081578377879,437.3081578377879,0.0,4.0,3.0,0.0
c202C15,4,15,depot,1,edd,7.200000254670158e-06,7001226.908613039,726.9086130388457,0.0,5.0,3.0,7.0
c202C15,4,15,depot,1,sweep,6.000000212225132e-06,5007639.730641962,474.34109889593327,656.5389543065994,6.0,0.0,5.0
c202C15,4,15,depot,1,nearest,4.160000025876798e-05,6016195.788258217,519.3550884462788,1517.643316977093,5.0,0.0,6.0
c202C15,4,15,depot,1,grasp,0.006169899999804329,3001037.89790051,537.8979005100427,0.0,5.0,2.0,3.0
c202C15,4,15,depot,1,mp_eavns,0.21189099999992322,2001074.4434245012,474.44342450127203,0.0,6.0,0.0,2.0
c202C15,4,15,phased,5,edd,8.69999985297909e-06,4001217.454303694,717.454303694168,0.0,5.0,5.0,4.0
c202C15,4,15,phased,5,sweep,7.699999514443334e-06,2007646.0435677625,480.65402469655595,656.5389543065994,6.0,2.0,2.0
c202C15,4,15,phased,5,nearest,4.640000042854808e-05,3016215.5887471386,539.1555773674806,1517.643316977093,5.0,3.0,3.0
c202C15,4,15,phased,5,grasp,0.012235799999871233,3130.646550360617,643.8384811599061,198.68080692007106,5.0,7.0,0.0
c202C15,4,15,phased,5,mp_eavns,0.2512492000005295,1019.9360551607116,519.9360551607116,0.0,5.0,4.0,0.0
c202C15,4,15,all,5,edd,1.06999996205559e-05,4001217.454303694,717.454303694168,0.0,5.0,5.0,4.0
c202C15,4,15,all,5,sweep,8.69999985297909e-06,2007646.0435677625,480.65402469655595,656.5389543065994,6.0,2.0,2.0
c202C15,4,15,all,5,nearest,4.069999977218686e-05,3016215.5887471386,539.1555773674806,1517.643316977093,5.0,3.0,3.0
c202C15,4,15,all,5,grasp,0.009399999999914144,1169.94346852759,669.9434685275902,0.0,5.0,7.0,0.0
c202C15,4,15,all,5,mp_eavns,0.18345190000036382,1002.0556877400574,502.05568774005735,0.0,5.0,3.0,0.0
c205C10,1,3,depot,1,edd,4.499999704421498e-06,2000383.7184947196,183.71849471949812,0.0,2.0,0.0,2.0
c205C10,1,3,depot,1,sweep,2.8000004022032954e-06,2000383.7184947196,183.71849471949812,0.0,2.0,0.0,2.0
c205C10,1,3,depot,1,nearest,1.0000000656873453e-05,2000383.7184947196,183.71849471949812,0.0,2.0,0.0,2.0
c205C10,1,3,depot,1,grasp,0.0002137000001312117,1000331.3324384453,131.33243844532697,0.0,2.0,0.0,1.0
c205C10,1,3,depot,1,mp_eavns,0.004426700000294659,1000331.3324384453,131.33243844532697,0.0,2.0,0.0,1.0
c205C10,1,3,phased,2,edd,2.8000004022032954e-06,383.88457199472884,183.88457199472887,0.0,2.0,2.0,0.0
c205C10,1,3,phased,2,sweep,2.599999788799323e-06,383.88457199472884,183.88457199472887,0.0,2.0,2.0,0.0
c205C10,1,3,phased,2,nearest,6.299999768089037e-06,383.88457199472884,183.88457199472887,0.0,2.0,2.0,0.0
c205C10,1,3,phased,2,grasp,0.0002559000004112022,331.37705878588423,131.37705878588423,0.0,2.0,1.0,0.0
c205C10,1,3,phased,2,mp_eavns,0.005526799999643117,331.37705878588423,131.37705878588423,0.0,2.0,1.0,0.0
c205C10,1,3,all,3,edd,1.99999976757681e-06,383.88457199472884,183.88457199472887,0.0,2.0,2.0,0.0
c205C10,1,3,all,3,sweep,1.8999999156221747e-06,383.88457199472884,183.88457199472887,0.0,2.0,2.0,0.0
c205C10,1,3,all,3,nearest,5.500000042957254e-06,383.88457199472884,183.88457199472887,0.0,2.0,2.0,0.0
c205C10,1,3,all,3,grasp,0.00024339999981748406,331.37705878588423,131.37705878588423,0.0,2.0,1.0,0.0
c205C10,1,3,all,3,mp_eavns,0.006144799999674433,331.37705878588423,131.37705878588423,0.0,2.0,1.0,0.0
c205C10,2,5,depot,1,edd,3.2999996619764715e-06,3000496.9015760873,296.90157608720335,0.0,2.0,0.0,3.0
c205C10,2,5,depot,1,sweep,2.899999344663229e-06,3000460.461137458,260.4611374581373,0.0,2.0,0.0,3.0
c205C10,2,5,depot,1,nearest,1.0700000530050602e-05,3032141.350529297,277.2124027817481,3166.4138126514913,2.0,0.0,3.0
c205C10,2,5,depot,1,grasp,0.0005320999998730258,3000465.3560524704,265.356052470275,0.0,2.0,0.0,3.0
c205C10,2,5,depot,1,mp_eavns,0.01834119999966788,2000528.0733894422,228.07338944224168,0.0,3.0,0.0,2.0
c205C10,2,5,phased,2,edd,5.200000487093348e-06,3000496.9015760873,296.90157608720335,0.0,2.0,0.0,3.0
c205C10,2,5,phased,2,sweep,5.099999725644011e-06,2000460.5825943928,260.58259439281073,0.0,2.0,1.0,2.0
c205C10,2,5,phased,2,nearest,1.2100000276404899e-05,2032141.3951496372,277.2570231223054,3166.4138126514913,2.0,1.0,2.0
c205C10,2,5,phased,2,grasp,0.0007557999997516163,1007159.4439010513,268.27263014401694,669.1171270907323,2.0,2.0,1.0
c205C10,2,5,phased,2,mp_eavns,0.022527199999785807,1000528.1180097827,228.11800978279896,0.0,3.0,1.0,1.0
c205C10,2,5,all,3,edd,6.400000529538374e-06,3000496.9015760873,296.90157608720335,0.0,2.0,0.0,3.0
c205C10,2,5,all,3,sweep,6.399999620043673e-06,2000460.5825943928,260.58259439281073,0.0,2.0,1.0,2.0
c205C10,2,5,all,3,nearest,1.7899999875226058e-05,2032141.3951496372,277.2570231223054,3166.4138126514913,2.0,1.0,2.0
c205C10,2,5,all,3,grasp,0.000935600000047998,475.82523686836544,275.82523686836544,0.0,2.0,3.0,0.0
c205C10,2,5,all,3,mp_eavns,0.022666300000310002,475.82523686836544,275.82523686836544,0.0,2.0,3.0,0.0
c205C10,3,8,depot,1,edd,5.499999133462552e-06,3000653.6293059206,353.629305920788,0.0,3.0,1.0,3.0
c205C10,3,8,depot,1,sweep,3.600000127335079e-06,3008476.605322997,335.77486326123926,784.0830459735946,3.0,0.0,3.0
c205C10,3,8,depot,1,nearest,1.8700000509852543e-05,3032316.6642551,352.5261285848501,3166.4138126514913,3.0,0.0,3.0
c205C10,3,8,depot,1,grasp,0.0009314999997513951,2020261.813183079,314.4056789976153,1964.740750408133,3.0,1.0,2.0
c205C10,3,8,depot,1,mp_eavns,0.03221080000002985,2000550.4548173537,250.45481735381014,0.0,3.0,0.0,2.0
c205C10,3,8,phased,3,edd,6.400000529538374e-06,2000659.152055247,359.1520552470242,0.0,3.0,2.0,2.0
c205C10,3,8,phased,3,sweep,6.499999471998308e-06,2008476.726779932,335.8963201959127,784.0830459735946,3.0,1.0,2.0
c205C10,3,8,phased,3,nearest,2.010000025620684e-05,2032316.7088754403,352.5707489254074,3166.4138126514913,3.0,1.0,2.0
c205C10,3,8,phased,3,grasp,0.0023043999999572407,12079.680157758503,409.0543192907966,1137.0625838467706,3.0,4.0,0.0
c205C10,3,8,phased,3,mp_eavns,0.06990330000007816,584.6649262411047,284.6649262411047,0.0,3.0,2.0,0.0
c205C10,3,8,all,3,edd,1.4799999917158857e-05,2000659.152055247,359.1520552470242,0.0,3.0,2.0,2.0
c205C10,3,8,all,3,sweep,1.0400000064691994e-05,2008476.726779932,335.8963201959127,784.0830459735946,3.0,1.0,2.0
c205C10,3,8,all,3,nearest,3.889999970851932e-05,2032316.7088754403,352.5707489254074,3166.4138126514913,3.0,1.0,2.0
c205C10,3,8,all,3,grasp,0.002274599999509519,7838.568342434712,349.7694280809185,718.8798914353794,3.0,4.0,0.0
c205C10,3,8,all,3,mp_eavns,0.060514700000567245,584.6649262411047,284.6649262411047,0.0,3.0,2.0,0.0
c205C10,4,10,depot,1,edd,5.899999450775795e-06,3000880.02825245,480.02825244966346,0.0,4.0,2.0,3.0
c205C10,4,10,depot,1,sweep,4.499999704421498e-06,3008648.790891806,407.96043207012605,784.0830459735946,4.0,0.0,3.0
c205C10,4,10,depot,1,nearest,2.4900000425986946e-05,4032539.4488062207,475.31067970569495,3166.4138126514913,4.0,1.0,4.0
c205C10,4,10,depot,1,grasp,0.00123399999938556,3000812.8553470825,412.8553470822638,0.0,4.0,0.0,3.0
c205C10,4,10,depot,1,mp_eavns,0.059927000000243424,2000722.6403861628,322.6403861626969,0.0,4.0,0.0,2.0
c205C10,4,10,phased,3,edd,7.099999493220821e-06,1000848.5403302485,448.54033024850094,0.0,4.0,3.0,1.0
c205C10,4,10,phased,3,sweep,6.600000233447645e-06,2008648.9123487407,408.0818890047995,784.0830459735946,4.0,1.0,2.0
c205C10,4,10,phased,3,nearest,2.5800000003073364e-05,2032507.8840474254,443.74592091041626,3166.4138126514913,4.0,2.0,2.0
c205C10,4,10,phased,3,grasp,0.0017469000003984547,16372.303135489814,435.2473402087555,1553.7055795281058,4.0,4.0,0.0
c205C10,4,10,phased,3,mp_eavns,0.06687099999999191,756.8504950499914,356.8504950499915,0.0,4.0,2.0,0.0
c205C10,4,10,all,3,edd,7.900000127847306e-06,1000848.5403302485,448.54033024850094,0.0,4.0,3.0,1.0
c205C10,4,10,all,3,sweep,8.199999683711212e-06,2008648.9123487407,408.0818890047995,784.0830459735946,4.0,1.0,2.0
c205C10,4,10,all,3,nearest,2.89999998130952e-05,2032507.8840474254,443.74592091041626,3166.4138126514913,4.0,2.0,2.0
c205C10,4,10,all,3,grasp,0.0016888999998627696,18367.862646474598,439.8802827411626,1752.7982363733436,4.0,4.0,0.0
c205C10,4,10,all,3,mp_eavns,0.06097330000011425,756.8504950499914,356.8504950499915,0.0,4.0,2.0,0.0
c206C5,1,2,depot,1,edd,3.4000004234258085e-06,1000200.0141053448,100.0141053448006,0.0,1.0,0.0,1.0
c206C5,1,2,depot,1,sweep,2.100000529026147e-06,1007948.8830095744,100.0141053448006,774.886890422961,1.0,0.0,1.0
c206C5,1,2,depot,1,nearest,7.900000127847306e-06,1000200.0141053448,100.0141053448006,0.0,1.0,0.0,1.0
c206C5,1,2,depot,1,grasp,0.00012849999984609894,1000200.0141053448,100.0141053448006,0.0,1.0,0.0,1.0
c206C5,1,2,depot,1,mp_eavns,0.00435139999990497,338.2544298436792,138.2544298436792,0.0,2.0,0.0,0.0
c206C5,1,2,phased,2,edd,3.000000106112566e-06,207.73971555800023,107.73971555800023,0.0,1.0,1.0,0.0
c206C5,1,2,phased,2,sweep,3.099999958067201e-06,1007948.8830095744,100.0141053448006,774.886890422961,1.0,0.0,1.0
c206C5,1,2,phased,2,nearest,5.700000656361226e-06,207.73971555800023,107.73971555800023,0.0,1.0,1.0,0.0
c206C5,1,2,phased,2,grasp,0.0001432999997632578,207.73971555800023,107.73971555800023,0.0,1.0,1.0,0.0
c206C5,1,2,phased,2,mp_eavns,0.0014834000003247638,207.73971555800023,107.73971555800023,0.0,1.0,1.0,0.0
c206C5,1,2,all,4,edd,1.8999999156221747e-06,207.73971555800023,107.73971555800023,0.0,1.0,1.0,0.0
c206C5,1,2,all,4,sweep,1.600000359758269e-06,7951.075028938112,102.20612470850206,774.886890422961,1.0,1.0,0.0
c206C5,1,2,all,4,nearest,3.600000127335079e-06,207.73971555800023,107.73971555800023,0.0,1.0,1.0,0.0
c206C5,1,2,all,4,grasp,0.00015859999984968454,207.73971555800023,107.73971555800023,0.0,1.0,1.0,0.0
c206C5,1,2,all,4,mp_eavns,0.001893799999379553,207.73971555800023,107.73971555800023,0.0,1.0,1.0,0.0
c206C5,2,3,depot,1,edd,2.1999994714860804e-06,2000237.5402460347,137.54024603470833,0.0,1.0,0.0,2.0
c206C5,2,3,depot,1,sweep,1.99999976757681e-06,2007982.2214608865,133.35255665688516,774.886890422961,1.0,0.0,2.0
c206C5,2,3,depot,1,nearest,5.2999994295532815e-06,2000237.5402460347,137.54024603470833,0.0,1.0,0.0,2.0
c206C5,2,3,depot,1,grasp,0.00017600000046513742,1008997.2856718872,171.59288115576373,872.5692790731414,1.0,1.0,1.0
c206C5,2,3,depot,1,mp_eavns,0.007060899999487447,1000371.5928811558,171.5928811557638,0.0,2.0,0.0,1.0
c206C5,2,3,phased,3,edd,5.7999995988211595e-06,245.094631569199,145.094631569199,0.0,1.0,1.0,0.0
c206C5,2,3,phased,3,sweep,6.399999620043673e-06,7993.818665776413,144.9497615468024,774.886890422961,1.0,1.0,0.0
c206C5,2,3,phased,3,nearest,1.1699999959091656e-05,245.094631569199,145.094631569199,0.0,1.0,1.0,0.0
c206C5,2,3,phased,3,grasp,0.00044780000007449416,245.094631569199,145.094631569199,0.0,1.0,1.0,0.0
c206C5,2,3,phased,3,mp_eavns,0.008389899999201589,245.094631569199,145.094631569199,0.0,1.0,1.0,0.0
c206C5,2,3,all,4,edd,4.5000006139162e-06,245.094631569199,145.094631569199,0.0,1.0,1.0,0.0
c206C5,2,3,all,4,sweep,5.099999725644011e-06,7993.818665776413,144.9497615468024,774.886890422961,1.0,1.0,0.0
c206C5,2,3,all,4,nearest,9.60000033956021e-06,245.094631569199,145.094631569199,0.0,1.0,1.0,0.0
c206C5,2,3,all,4,grasp,0.0004903999997623032,245.094631569199,145.094631569199,0.0,1.0,1.0,0.0
c206C5,2,3,all,4,mp_eavns,0.008807799999885901,245.094631569199,145.094631569199,0.0,1.0,1.0,0.0
c206C5,3,4,depot,1,edd,4.699999408330768e-06,3000314.3270014455,214.32700144562762,0.0,1.0,0.0,3.0
c206C5,3,4,depot,1,sweep,4.399999852466863e-06,3008018.2585248384,169.38962060891717,774.886890422961,1.0,0.0,3.0
c206C5,3,4,depot,1,nearest,1.2999999853491317e-05,3000304.904968315,204.90496831483273,0.0,1.0,0.0,3.0
c206C5,3,4,depot,1,grasp,0.0013232999999672757,1009062.06221085,236.36942011857033,872.5692790731414,1.0,2.0,1.0
c206C5,3,4,depot,1,mp_eavns,0.018157800000153657,1000436.3694201185,236.36942011857036,0.0,2.0,1.0,1.0
c206C5,3,4,phased,4,edd,6.600000233447645e-06,3000314.3270014455,214.32700144562762,0.0,1.0,0.0,3.0
c206C5,3,4,phased,4,sweep,7.300000106624793e-06,1009332.330585224,180.9868254988344,905.1343759725085,1.0,1.0,1.0
c206C5,3,4,phased,4,nearest,1.5299999176932033e-05,310.9328751133294,210.93287511332937,0.0,1.0,2.0,0.0
c206C5,3,4,phased,4,grasp,0.0018393999998806976,310.9328751133294,210.93287511332937,0.0,1.0,2.0,0.0
c206C5,3,4,phased,4,mp_eavns,0.03025400000024092,310.9328751133294,210.93287511332937,0.0,1.0,2.0,0.0
c206C5,3,4,all,4,edd,1.83000001925393e-05,3000314.3270014455,214.32700144562762,0.0,1.0,0.0,3.0
c206C5,3,4,all,4,sweep,4.70000031782547e-06,1009332.330585224,180.9868254988344,905.1343759725085,1.0,1.0,1.0
c206C5,3,4,all,4,nearest,1.049999991664663e-05,310.9328751133294,210.93287511332937,0.0,1.0,2.0,0.0
c206C5,3,4,all,4,grasp,0.0009805999998206971,310.9328751133294,210.93287511332937,0.0,1.0,2.0,0.0
c206C5,3,4,all,4,mp_eavns,0.025028199999724166,310.9328751133294,210.93287511332937,0.0,1.0,2.0,0.0
c206C5,4,5,depot,1,edd,8.100000741251279e-06,4000476.3373197434,276.3373197434635,0.0,2.0,0.0,4.0
c206C5,4,5,depot,1,sweep,6.299999768089037e-06,3008149.8813014403,201.01239721060094,774.886890422961,2.0,0.0,3.0
c206C5,4,5,depot,1,nearest,2.1799999558425043e-05,4000455.902501131,255.90250113084048,0.0,2.0,0.0,4.0
c206C5,4,5,depot,1,grasp,0.0014927000001989654,1009193.6849874516,267.9921967202541,872.5692790731414,2.0,2.0,1.0
c206C5,4,5,depot,1,mp_eavns,0.03395379999983561,1000567.9921967202,267.9921967202541,0.0,3.0,1.0,1.0
c206C5,4,5,phased,4,edd,5.2999994295532815e-06,2000483.8917052778,283.8917052779542,0.0,2.0,1.0,2.0
c206C5,4,5,phased,4,sweep,1.6799999684735667e-05,1009463.9533618256,212.60960210051817,905.1343759725085,2.0,1.0,1.0
c206C5,4,5,phased,4,nearest,1.2500000593718141e-05,3000456.3329305826,256.3329305823859,0.0,2.0,1.0,3.0
c206C5,4,5,phased,4,grasp,0.0017490999998699408,442.55565171501314,242.55565171501314,0.0,2.0,2.0,0.0
c206C5,4,5,phased,4,mp_eavns,0.029689699999835284,442.55565171501314,242.55565171501314,0.0,2.0,2.0,0.0
c206C5,4,5,all,4,edd,5.599999894911889e-06,2000483.8917052778,283.8917052779542,0.0,2.0,1.0,2.0
c206C5,4,5,all,4,sweep,5.499999133462552e-06,1009463.9533618256,212.60960210051817,905.1343759725085,2.0,1.0,1.0
c206C5,4,5,all,4,nearest,1.3100000614940654e-05,3000456.3329305826,256.3329305823859,0.0,2.0,1.0,3.0
c206C5,4,5,all,4,grasp,0.0010505999998713378,442.55565171501314,242.55565171501314,0.0,2.0,2.0,0.0
c206C5,4,5,all,4,mp_eavns,0.031860000000051514,442.55565171501314,242.55565171501314,0.0,2.0,2.0,0.0
c208C15,1,4,depot,1,edd,5.600000804406591e-06,2000223.8086193851,123.80861938520135,0.0,1.0,0.0,2.0
c208C15,1,4,depot,1,sweep,2.9000002541579306e-06,1030968.8639915899,153.19390259774684,3071.5670088992097,1.0,1.0,1.0
c208C15,1,4,depot,1,nearest,1.0600000678095967e-05,1003882.5060504869,117.13956290449534,366.5366487582469,1.0,0.0,1.0
c208C15,1,4,depot,1,grasp,0.0005928999999014195,1003882.5060504869,117.13956290449534,366.5366487582469,1.0,0.0,1.0
c208C15,1,4,depot,1,mp_eavns,0.010236600000098406,1000351.8522348123,151.8522348123056,0.0,2.0,0.0,1.0
c208C15,1,4,phased,2,edd,7.100000402715523e-06,227.5044035426164,127.50440354261639,0.0,1.0,1.0,0.0
c208C15,1,4,phased,2,sweep,8.100000741251279e-06,30981.873504490468,166.20341549837144,3071.5670088992097,1.0,2.0,0.0
c208C15,1,4,phased,2,nearest,1.5499999790336005e-05,1003882.5060504869,117.13956290449534,366.5366487582469,1.0,0.0,1.0
c208C15,1,4,phased,2,grasp,0.0012693999997281935,227.5044035426164,127.50440354261639,0.0,1.0,1.0,0.0
c208C15,1,4,phased,2,mp_eavns,0.01754330000039772,227.5044035426164,127.50440354261639,0.0,1.0,1.0,0.0
c208C15,1,4,all,4,edd,4.900000021734741e-06,227.5044035426164,127.50440354261639,0.0,1.0,1.0,0.0
c208C15,1,4,all,4,sweep,5.300000339047983e-06,30981.873504490468,166.20341549837144,3071.5670088992097,1.0,2.0,0.0
c208C15,1,4,all,4,nearest,1.3899999430577736e-05,1003882.5060504869,117.13956290449534,366.5366487582469,1.0,0.0,1.0
c208C15,1,4,all,4,grasp,0.0008585999994465965,227.5044035426164,127.50440354261639,0.0,1.0,1.0,0.0
c208C15,1,4,all,4,mp_eavns,0.016340500000296743,227.5044035426164,127.50440354261639,0.0,1.0,1.0,0.0
c208C15,2,8,depot,1,edd,9.200000022246968e-06,5000736.4377722,436.43777219999566,0.0,3.0,0.0,5.0
c208C15,2,8,depot,1,sweep,7.900000127847306e-06,2031358.914633878,343.244544885986,3071.5670088992097,3.0,1.0,2.0
c208C15,2,8,depot,1,nearest,3.280000055383425e-05,3004290.0395697374,324.67308215506034,366.5366487582469,3.0,0.0,3.0
c208C15,2,8,depot,1,grasp,0.002414900000076159,2004272.556692775,307.1902051927345,366.5366487582469,3.0,0.0,2.0
c208C15,2,8,depot,1,mp_eavns,0.05292120000012801,2000641.9028771005,341.90287710054474,0.0,3.0,1.0,2.0
c208C15,2,8,phased,3,edd,1.1300000551273115e-05,4000752.564775887,452.56477588688495,0.0,3.0,1.0,4.0
c208C15,2,8,phased,3,sweep,1.0100000508828089e-05,1031371.9241467786,356.2540577866106,3071.5670088992097,3.0,2.0,1.0
c208C15,2,8,phased,3,nearest,3.080000078625744e-05,2004291.7366526688,326.3701650862894,366.5366487582469,3.0,1.0,2.0
c208C15,2,8,phased,3,grasp,0.002496199999768578,725.0283756225979,425.02837562259793,0.0,3.0,4.0,0.0
c208C15,2,8,phased,3,mp_eavns,0.08210140000028332,666.4494486361082,366.44944863610823,0.0,3.0,3.0,0.0
c208C15,2,8,all,4,edd,1.0799999472510535e-05,2000750.7159201403,450.71592014021223,0.0,3.0,3.0,2.0
c208C15,2,8,all,4,sweep,1.0999999176419806e-05,1031371.9241467786,356.2540577866106,3071.5670088992097,3.0,2.0,1.0
c208C15,2,8,all,4,nearest,3.1399999897985253e-05,1004293.0825812496,327.7160936671791,366.5366487582469,3.0,2.0,1.0
c208C15,2,8,all,4,grasp,0.0032254999996439437,9282.319367970069,475.6063735607841,850.6712994409286,3.0,5.0,0.0
c208C15,2,8,all,4,mp_eavns,0.07709179999983462,618.5361563639931,318.53615636399314,0.0,3.0,2.0,0.0
c208C15,3,12,depot,1,edd,1.1199999789823778e-05,5001232.491707844,632.4917078435642,0.0,6.0,0.0,5.0
c208C15,3,12,depot,1,sweep,8.199999683711212e-06,2031656.0013270392,440.33123804716,3071.5670088992097,5.0,1.0,2.0
c208C15,3,12,depot,1,nearest,5.889999920327682e-05,5011133.286889655,569.2363731758389,1006.4050516478283,5.0,0.0,5.0
c208C15,3,12,depot,1,grasp,0.0031381999997392995,3004671.4353102017,506.06882261913347,366.5366487582469,5.0,1.0,3.0
c208C15,3,12,depot,1,mp_eavns,0.08185229999980947,2000939.9135460597,439.91354605983304,0.0,5.0,0.0,2.0
c208C15,3,12,phased,4,edd,1.4000000192027073e-05,3001239.141863268,639.1418632678883,0.0,6.0,2.0,3.0
c208C15,3,12,phased,4,sweep,2.6700000489654485e-05,1031669.0108399399,453.3407509477846,3071.5670088992097,5.0,2.0,1.0
c208C15,3,12,phased,4,nearest,5.4600000112259295e-05,4011134.632818235,570.5823017567286,1006.4050516478283,5.0,1.0,4.0
c208C15,3,12,phased,4,grasp,0.005476100000123552,1063.5477093680736,563.5477093680736,0.0,5.0,5.0,0.0
c208C15,3,12,phased,4,mp_eavns,0.16027520000079676,915.6228495251671,415.62284952516717,0.0,5.0,2.0,0.0
c208C15,3,12,all,4,edd,1.4600000213249587e-05,3001239.141863268,639.1418632678883,0.0,6.0,2.0,3.0
c208C15,3,12,all,4,sweep,1.650000012887176e-05,1031669.0108399399,453.3407509477846,3071.5670088992097,5.0,2.0,1.0
c208C15,3,12,all,4,nearest,5.4999999520077836e-05,4011134.632818235,570.5823017567286,1006.4050516478283,5.0,1.0,4.0
c208C15,3,12,all,4,grasp,0.003589700000702578,8120.354447957291,592.3450796193181,702.8009368337973,5.0,5.0,0.0
c208C15,3,12,all,4,mp_eavns,0.1255105000000185,915.6228495251671,415.62284952516717,0.0,5.0,2.0,0.0
c208C15,4,15,depot,1,edd,9.40000063565094e-06,5001355.934967953,655.9349679527242,0.0,7.0,0.0,5.0
c208C15,4,15,depot,1,sweep,6.8999997893115506e-06,2031804.4193004223,488.74921143009703,3071.5670088992097,6.0,1.0,2.0
c208C15,4,15,depot,1,nearest,5.380000038712751e-05,5029925.809747454,517.419446973321,2890.8390300480382,5.0,0.0,5.0
c208C15,4,15,depot,1,grasp,0.004849599999943166,4006148.334790314,505.1697631510197,514.3165027163,5.0,1.0,4.0
c208C15,4,15,depot,1,mp_eavns,0.09894689999964612,2000961.421395203,461.42139520319665,0.0,5.0,1.0,2.0
c208C15,4,15,phased,4,edd,8.299999535665847e-06,3001362.585123377,662.5851233770483,0.0,7.0,2.0,3.0
c208C15,4,15,phased,4,sweep,7.3999999585794285e-06,1031817.4288133228,501.75872433072163,3071.5670088992097,6.0,2.0,1.0
c208C15,4,15,phased,4,nearest,3.730000025825575e-05,5029925.809747454,517.419446973321,2890.8390300480382,5.0,0.0,5.0
c208C15,4,15,phased,4,grasp,0.004555399999844667,10102.358863937365,587.9976760769134,901.4361187860452,5.0,5.0,0.0
c208C15,4,15,phased,4,mp_eavns,0.2442602999999508,1046.3939258612277,446.3939258612276,0.0,6.0,2.0,0.0
c208C15,4,15,all,4,edd,1.3100000614940654e-05,3001362.585123377,662.5851233770483,0.0,7.0,2.0,3.0
c208C15,4,15,all,4,sweep,1.3800000488117803e-05,1031817.4288133228,501.75872433072163,3071.5670088992097,6.0,2.0,1.0
c208C15,4,15,all,4,nearest,6.280000070546521e-05,5029925.809747454,517.419446973321,2890.8390300480382,5.0,0.0,5.0
c208C15,4,15,all,4,grasp,0.00761179999972228,29183.562893213282,697.7243195247077,2798.5838573688575,5.0,6.0,0.0
c208C15,4,15,all,4,mp_eavns,0.21043550000013056,1046.3939258612277,446.3939258612276,0.0,6.0,2.0,0.0
c208C5,1,2,depot,1,edd,5.599999894911889e-06,1000192.183680951,92.18368095097277,0.0,1.0,0.0,1.0
c208C5,1,2,depot,1,sweep,3.3000005714711733e-06,1008002.8725180259,92.18368095097277,781.0688837074972,1.0,0.0,1.0
c208C5,1,2,depot,1,nearest,1.0800000382005237e-05,1000192.183680951,92.18368095097277,0.0,1.0,0.0,1.0
c208C5,1,2,depot,1,grasp,0.00018900000031862874,1000192.183680951,92.18368095097277,0.0,1.0,0.0,1.0
c208C5,1,2,depot,1,mp_eavns,0.001704299999801151,1000192.183680951,92.18368095097277,0.0,1.0,0.0,1.0
c208C5,1,2,phased,2,edd,4.399999852466863e-06,208.7976256082726,108.7976256082726,0.0,1.0,1.0,0.0
c208C5,1,2,phased,2,sweep,2.099999619531445e-06,1008002.8725180259,92.18368095097277,781.0688837074972,1.0,0.0,1.0
c208C5,1,2,phased,2,nearest,4.600000465870835e-06,208.7976256082726,108.7976256082726,0.0,1.0,1.0,0.0
c208C5,1,2,phased,2,grasp,0.0001581999995323713,208.7976256082726,108.7976256082726,0.0,1.0,1.0,0.0
c208C5,1,2,phased,2,mp_eavns,0.0018983999998454237,208.7976256082726,108.7976256082726,0.0,1.0,1.0,0.0
c208C5,1,2,all,3,edd,1.99999976757681e-06,208.7976256082726,108.7976256082726,0.0,1.0,1.0,0.0
c208C5,1,2,all,3,sweep,1.5999994502635673e-06,1008002.8725180259,92.18368095097277,781.0688837074972,1.0,0.0,1.0
c208C5,1,2,all,3,nearest,4.300000000512227e-06,208.7976256082726,108.7976256082726,0.0,1.0,1.0,0.0
c208C5,1,2,all,3,grasp,0.00016210000012506498,208.7976256082726,108.7976256082726,0.0,1.0,1.0,0.0
c208C5,1,2,all,3,mp_eavns,0.0019423000003371271,208.7976256082726,108.7976256082726,0.0,1.0,1.0,0.0
c208C5,2,3,depot,1,edd,2.499999936844688e-06,2000244.7260252486,144.72602524866417,0.0,1.0,0.0,2.0
c208C5,2,3,depot,1,sweep,2.1999994714860804e-06,2008053.8064341561,143.1175970811925,781.0688837074972,1.0,0.0,2.0
c208C5,2,3,depot,1,nearest,6.100000064179767e-06,2000244.7260252486,144.72602524866417,0.0,1.0,0.0,2.0
c208C5,2,3,depot,1,grasp,0.00019350000002305023,2000244.7260252486,144.72602524866417,0.0,1.0,0.0,2.0
c208C5,2,3,depot,1,mp_eavns,0.003443399999923713,2000244.7260252486,144.72602524866417,0.0,1.0,0.0,2.0
c208C5,2,3,phased,2,edd,2.599999788799323e-06,2000244.7260252486,144.72602524866417,0.0,1.0,0.0,2.0
c208C5,2,3,phased,2,sweep,2.2999993234407157e-06,2008053.8064341561,143.1175970811925,781.0688837074972,1.0,0.0,2.0
c208C5,2,3,phased,2,nearest,6.400000529538374e-06,2000244.7260252486,144.72602524866417,0.0,1.0,0.0,2.0
c208C5,2,3,phased,2,grasp,0.00022920000083104242,8061.531813401381,150.84297632640917,781.0688837074972,1.0,1.0,0.0
c208C5,2,3,phased,2,mp_eavns,0.004198599999654107,250.8429763264092,150.8429763264092,0.0,1.0,1.0,0.0
c208C5,2,3,all,3,edd,2.1999994714860804e-06,261.827294184948,161.82729418494802,0.0,1.0,2.0,0.0
c208C5,2,3,all,3,sweep,1.99999976757681e-06,2008053.8064341561,143.1175970811925,781.0688837074972,1.0,0.0,2.0
c208C5,2,3,all,3,nearest,6.199999916134402e-06,261.827294184948,161.82729418494802,0.0,1.0,2.0,0.0
c208C5,2,3,all,3,grasp,0.000261799999861978,250.8429763264092,150.8429763264092,0.0,1.0,1.0,0.0
c208C5,2,3,all,3,mp_eavns,0.005139199999575794,250.8429763264092,150.8429763264092,0.0,1.0,1.0,0.0
c208C5,3,4,depot,1,edd,3.8000007407390513e-06,3000437.0691012903,237.06910129043374,0.0,2.0,0.0,3.0
c208C5,3,4,depot,1,sweep,3.2999996619764715e-06,3008243.895279193,233.2064421176342,781.0688837074972,2.0,0.0,3.0
c208C5,3,4,depot,1,nearest,1.0299999303242657e-05,3000434.8148702853,234.81487028510585,0.0,2.0,0.0,3.0
c208C5,3,4,depot,1,grasp,0.0002812000002450077,2000385.5050291598,185.5050291598807,0.0,2.0,0.0,2.0
c208C5,3,4,depot,1,mp_eavns,0.007129199999326374,2000385.5050291598,185.5050291598807,0.0,2.0,0.0,2.0
c208C5,3,4,phased,3,edd,3.000000106112566e-06,461.0142443663896,261.0142443663896,0.0,2.0,3.0,0.0
c208C5,3,4,phased,3,sweep,3.000000106112566e-06,2008252.9933843375,242.30454726263412,781.0688837074972,2.0,1.0,2.0
c208C5,3,4,phased,3,nearest,7.800000275892671e-06,461.0142443663896,261.0142443663896,0.0,2.0,3.0,0.0
c208C5,3,4,phased,3,grasp,0.00038239999958022963,408.3355109481762,208.33551094817622,0.0,2.0,2.0,0.0
c208C5,3,4,phased,3,mp_eavns,0.010116299999936018,408.3355109481762,208.33551094817622,0.0,2.0,2.0,0.0
c208C5,3,4,all,3,edd,4.000000444648322e-06,461.0142443663896,261.0142443663896,0.0,2.0,3.0,0.0
c208C5,3,4,all,3,sweep,3.2999996619764715e-06,2008252.9933843375,242.30454726263412,781.0688837074972,2.0,1.0,2.0
c208C5,3,4,all,3,nearest,8.799999704933725e-06,461.0142443663896,261.0142443663896,0.0,2.0,3.0,0.0
c208C5,3,4,all,3,grasp,0.00038390000008803327,450.0299265078508,250.0299265078508,0.0,2.0,2.0,0.0
c208C5,3,4,all,3,mp_eavns,0.010307599999578088,408.3355109481762,208.33551094817622,0.0,2.0,2.0,0.0
c208C5,4,5,depot,1,edd,5.200000487093348e-06,3000573.3853611276,273.38536112769765,0.0,3.0,0.0,3.0
c208C5,4,5,depot,1,sweep,3.7999998312443495e-06,3008250.0282846666,239.33944759171942,781.0688837074972,2.0,0.0,3.0
c208C5,4,5,depot,1,nearest,2.390000008745119e-05,3000445.969603592,245.96960359205272,0.0,2.0,0.0,3.0
c208C5,4,5,depot,1,grasp,0.0003451999991739285,3000440.947875759,240.94787575919108,0.0,2.0,0.0,3.0
c208C5,4,5,depot,1,mp_eavns,0.007782900000165682,3000440.947875759,240.94787575919108,0.0,2.0,0.0,3.0
c208C5,4,5,phased,3,edd,4.200000148557592e-06,610.8179417599827,310.81794175998266,0.0,3.0,3.0,0.0
c208C5,4,5,phased,3,sweep,3.499999365885742e-06,2008264.6303835106,253.9415464357089,781.0688837074972,2.0,1.0,2.0
c208C5,4,5,phased,3,nearest,1.049999991664663e-05,470.45577547181006,270.45577547181006,0.0,2.0,3.0,0.0
c208C5,4,5,phased,3,grasp,0.00040999999964697054,456.162931981936,256.162931981936,0.0,2.0,2.0,0.0
c208C5,4,5,phased,3,mp_eavns,0.012166300000899355,456.162931981936,256.162931981936,0.0,2.0,2.0,0.0
c208C5,4,5,all,3,edd,4.000000444648322e-06,610.8179417599827,310.81794175998266,0.0,3.0,3.0,0.0
c208C5,4,5,all,3,sweep,3.7999998312443495e-06,2008264.6303835106,253.9415464357089,781.0688837074972,2.0,1.0,2.0
c208C5,4,5,all,3,nearest,1.0800000382005237e-05,470.45577547181006,270.45577547181006,0.0,2.0,3.0,0.0
c208C5,4,5,all,3,grasp,0.0005499999997482519,456.162931981936,256.162931981936,0.0,2.0,2.0,0.0
c208C5,4,5,all,3,mp_eavns,0.012774499999977706,456.162931981936,256.162931981936,0.0,2.0,2.0,0.0
r102C10,1,3,depot,1,edd,3.6999999792897142e-06,1000232.6842035048,92.53548401121779,4.014871949361947,1.0,0.0,1.0
r102C10,1,3,depot,1,sweep,2.4000000848900527e-06,170.3094367643223,70.3094367643223,0.0,1.0,0.0,0.0
r102C10,1,3,depot,1,nearest,8.50000014906982e-06,175.36956749217043,75.36956749217043,0.0,1.0,0.0,0.0
r102C10,1,3,depot,1,grasp,0.00015609999991283985,170.3094367643223,70.3094367643223,0.0,1.0,0.0,0.0
r102C10,1,3,depot,1,mp_eavns,0.0038585999991482822,170.3094367643223,70.3094367643223,0.0,1.0,0.0,0.0
r102C10,1,3,phased,2,edd,5.199999577598646e-06,1000232.6842035048,92.53548401121779,4.014871949361947,1.0,0.0,1.0
r102C10,1,3,phased,2,sweep,5.699999746866524e-06,170.3094367643223,70.3094367643223,0.0,1.0,0.0,0.0
r102C10,1,3,phased,2,nearest,1.2900000001536682e-05,175.36956749217043,75.36956749217043,0.0,1.0,0.0,0.0
r102C10,1,3,phased,2,grasp,0.00031409999974130187,170.3094367643223,70.3094367643223,0.0,1.0,0.0,0.0
r102C10,1,3,phased,2,mp_eavns,0.003695499999594176,170.3094367643223,70.3094367643223,0.0,1.0,0.0,0.0
r102C10,1,3,all,4,edd,3.2999996619764715e-06,1000232.6842035048,92.53548401121779,4.014871949361947,1.0,0.0,1.0
r102C10,1,3,all,4,sweep,2.8000004022032954e-06,170.3094367643223,70.3094367643223,0.0,1.0,0.0,0.0
r102C10,1,3,all,4,nearest,8.099999831756577e-06,175.36956749217043,75.36956749217043,0.0,1.0,0.0,0.0
r102C10,1,3,all,4,grasp,0.00015530000018770806,170.3094367643223,70.3094367643223,0.0,1.0,0.0,0.0
r102C10,1,3,all,4,mp_eavns,0.004060199999912584,170.3094367643223,70.3094367643223,0.0,1.0,0.0,0.0
r102C10,2,5,depot,1,edd,6.000000212225132e-06,3000414.188218076,214.1882180757212,0.0,2.0,0.0,3.0
r102C10,2,5,depot,1,sweep,5.699999746866524e-06,1000530.1473110714,230.14731107144735,0.0,3.0,0.0,1.0
r102C10,2,5,depot,1,nearest,1.9899999642802868e-05,1001415.6631551031,235.20744179929545,98.0455713303827,2.0,1.0,1.0
r102C10,2,5,depot,1,grasp,0.0008180999993783189,1000605.7824761017,221.00096905231322,18.47815070493499,2.0,1.0,1.0
r102C10,2,5,depot,1,mp_eavns,0.024916100000154984,1000503.9024901143,203.90249011429842,0.0,3.0,0.0,1.0
r102C10,2,5,phased,3,edd,8.900000466383062e-06,3000414.188218076,214.1882180757212,0.0,2.0,0.0,3.0
r102C10,2,5,phased,3,sweep,2.2300000637187622e-05,530.5814862848101,230.58148628481013,0.0,3.0,1.0,0.0
r102C10,2,5,phased,3,nearest,2.5299999833805487e-05,1042.724812274661,201.07623437494362,64.16485778997173,2.0,1.0,0.0
r102C10,2,5,phased,3,grasp,0.0012395999992804718,401.85514811206826,201.85514811206826,0.0,2.0,1.0,0.0
r102C10,2,5,phased,3,mp_eavns,0.022648200000730867,395.0300434528326,195.03004345283264,0.0,2.0,1.0,0.0
r102C10,2,5,all,4,edd,8.999999408842996e-06,3000414.188218076,214.1882180757212,0.0,2.0,0.0,3.0
r102C10,2,5,all,4,sweep,8.900000466383062e-06,530.5814862848101,230.58148628481013,0.0,3.0,1.0,0.0
r102C10,2,5,all,4,nearest,2.1800000467919745e-05,1042.724812274661,201.07623437494362,64.16485778997173,2.0,1.0,0.0
r102C10,2,5,all,4,grasp,0.0013718000000153552,395.82142934261867,195.82142934261867,0.0,2.0,1.0,0.0
r102C10,2,5,all,4,mp_eavns,0.026579899999887857,395.0300434528326,195.03004345283264,0.0,2.0,1.0,0.0
r102C10,3,8,depot,1,edd,1.3399999261309858e-05,3002419.4143485953,341.81273473476733,177.7601613860469,3.0,1.0,3.0
r102C10,3,8,depot,1,sweep,6.999999641266186e-06,1001624.5896562127,310.4956579983733,91.40939982143925,4.0,0.0,1.0
r102C10,3,8,depot,1,nearest,3.100000049016671e-05,2003995.8990620496,299.6445868017863,339.6254475247857,3.0,1.0,2.0
r102C10,3,8,depot,1,grasp,0.0018079999999827123,1001732.3731603238,342.5323970427597,108.98407632810721,3.0,2.0,1.0
r102C10,3,8,depot,1,mp_eavns,0.06633700000020326,1000682.4786702828,282.47867028273896,0.0,4.0,0.0,1.0
r102C10,3,8,phased,4,edd,6.099999154685065e-06,2002419.8485238086,342.2469099481301,177.7601613860469,3.0,2.0,2.0
r102C10,3,8,phased,4,sweep,8.200000593205914e-06,1001624.5896562127,310.4956579983733,91.40939982143925,4.0,0.0,1.0
r102C10,3,8,phased,4,nearest,3.0000000151630957e-05,3950.107717098203,298.439777644314,335.1667939453889,3.0,3.0,0.0
r102C10,3,8,phased,4,grasp,0.0029468999991877354,1845.4143565013,353.85429169236846,119.15600648089315,3.0,4.0,0.0
r102C10,3,8,phased,4,mp_eavns,0.05849009999928967,573.6062236212732,273.6062236212732,0.0,3.0,1.0,0.0
r102C10,3,8,all,4,edd,7.800000275892671e-06,2002419.8485238086,342.2469099481301,177.7601613860469,3.0,2.0,2.0
r102C10,3,8,all,4,sweep,8.50000014906982e-06,1001624.5896562127,310.4956579983733,91.40939982143925,4.0,0.0,1.0
r102C10,3,8,all,4,nearest,2.719999974942766e-05,3950.107717098203,298.439777644314,335.1667939453889,3.0,3.0,0.0
r102C10,3,8,all,4,grasp,0.002987799999573326,1732.998853237885,349.62264841764795,108.33762048202371,3.0,3.0,0.0
r102C10,3,8,all,4,mp_eavns,0.04910769999969489,573.6062236212732,273.6062236212732,0.0,3.0,1.0,0.0
r102C10,4,10,depot,1,edd,5.200000487093348e-06,4001310.6335391696,384.50100468499875,52.613253448472136,4.0,0.0,4.0
r102C10,4,10,depot,1,sweep,4.399999852466863e-06,1003443.1506000654,353.91287189114803,258.9237728174213,5.0,0.0,1.0
r102C10,4,10,depot,1,nearest,2.299999960087007e-05,1003786.8209903531,341.11000023956706,304.57109901135357,4.0,1.0,1.0
r102C10,4,10,depot,1,grasp,0.00158350000037899,1002002.789287093,371.1005321111542,123.16887549818426,4.0,2.0,1.0
r102C10,4,10,depot,1,mp_eavns,0.04822839999997086,1000717.2156777206,310.5295222925059,0.668615542815644,4.0,0.0,1.0
r102C10,4,10,phased,4,edd,7.300000106624793e-06,2002363.6768146674,384.6819288185477,157.89948858488358,4.0,1.0,2.0
r102C10,4,10,phased,4,sweep,6.100000064179767e-06,1003443.1506000654,353.91287189114803,258.9237728174213,5.0,0.0,1.0
r102C10,4,10,phased,4,nearest,2.27999998969608e-05,3740.3639912081085,339.23953688854084,300.11244543195676,4.0,2.0,0.0
r102C10,4,10,phased,4,grasp,0.0019996000000901404,1608.1327721596062,392.1368999342662,81.59958722253401,4.0,3.0,0.0
r102C10,4,10,phased,4,mp_eavns,0.06918779999978142,715.3058568795175,315.30585687951753,0.0,4.0,1.0,0.0
r102C10,4,10,all,4,edd,7.100000402715523e-06,2002363.6768146674,384.6819288185477,157.89948858488358,4.0,1.0,2.0
r102C10,4,10,all,4,sweep,7.099999493220821e-06,1003443.1506000654,353.91287189114803,258.9237728174213,5.0,0.0,1.0
r102C10,4,10,all,4,nearest,2.3299999156733975e-05,3740.3639912081085,339.23953688854084,300.11244543195676,4.0,2.0,0.0
r102C10,4,10,all,4,grasp,0.003478999999970256,1645.9978235889132,393.8839165004234,85.21139070884898,4.0,3.0,0.0
r102C10,4,10,all,4,mp_eavns,0.07861579999917012,715.3058568795175,315.30585687951753,0.0,4.0,1.0,0.0
r102C15,1,4,depot,1,edd,3.7999998312443495e-06,1000670.9379255478,120.35602264265756,45.058190290517274,1.0,0.0,1.0
r102C15,1,4,depot,1,sweep,2.1999994714860804e-06,1000674.954775895,114.94312722331092,46.00116486716871,1.0,0.0,1.0
r102C15,1,4,depot,1,nearest,1.0200000360782724e-05,1001149.5360843327,107.90721910918288,94.16288652235696,1.0,0.0,1.0
r102C15,1,4,depot,1,grasp,0.0005620000001727021,1000670.9379255478,120.35602264265756,45.058190290517274,1.0,0.0,1.0
r102C15,1,4,depot,1,mp_eavns,0.0070470999999088235,1000349.067459963,149.06745996308686,0.0,2.0,0.0,1.0
r102C15,1,4,phased,3,edd,2.4000000848900527e-06,1000670.9379255478,120.35602264265756,45.058190290517274,1.0,0.0,1.0
r102C15,1,4,phased,3,sweep,1.99999976757681e-06,1000674.954775895,114.94312722331092,46.00116486716871,1.0,0.0,1.0
r102C15,1,4,phased,3,nearest,6.299999768089037e-06,1150.8383808645415,109.20951564097186,94.16288652235696,1.0,1.0,0.0
r102C15,1,4,phased,3,grasp,0.0007965000004332978,1051.3446017258132,106.26875060062666,84.50758511251865,1.0,1.0,0.0
r102C15,1,4,phased,3,mp_eavns,0.011137299999973038,350.36975649487584,150.36975649487584,0.0,2.0,1.0,0.0
r102C15,1,4,all,8,edd,2.599999788799323e-06,1000670.9379255478,120.35602264265756,45.058190290517274,1.0,0.0,1.0
r102C15,1,4,all,8,sweep,2.899999344663229e-06,1000674.954775895,114.94312722331092,46.00116486716871,1.0,0.0,1.0
r102C15,1,4,all,8,nearest,6.799999937356915e-06,1150.8383808645415,109.20951564097186,94.16288652235696,1.0,1.0,0.0
r102C15,1,4,all,8,grasp,0.0006292999996730941,1051.3446017258132,106.26875060062666,84.50758511251865,1.0,1.0,0.0
r102C15,1,4,all,8,mp_eavns,0.013944299999820942,350.36975649487584,150.36975649487584,0.0,2.0,1.0,0.0
r102C15,2,8,depot,1,edd,4.70000031782547e-06,1001386.5039718832,258.9798093663453,82.75241625168485,3.0,1.0,1.0
r102C15,2,8,depot,1,sweep,3.600000127335079e-06,1000987.2338806682,227.22223199644853,46.00116486716871,3.0,0.0,1.0
r102C15,2,8,depot,1,nearest,1.739999970595818e-05,3001459.4532399555,231.35074319648476,102.81024967590665,2.0,0.0,3.0
r102C15,2,8,depot,1,grasp,0.0019601999993028585,1002896.920332867,245.58885956952656,245.1331473297423,2.0,1.0,1.0
r102C15,2,8,depot,1,mp_eavns,0.0368903999997201,1000535.3017603403,235.30176034036947,0.0,3.0,0.0,1.0
r102C15,2,8,phased,5,edd,9.500000487605575e-06,1001386.5039718832,258.9798093663453,82.75241625168485,3.0,1.0,1.0
r102C15,2,8,phased,5,sweep,8.099999831756577e-06,1000987.2338806682,227.22223199644853,46.00116486716871,3.0,0.0,1.0
r102C15,2,8,phased,5,nearest,2.8200000087963417e-05,3767.458899977507,250.0206245298766,331.743827544763,2.0,2.0,0.0
r102C15,2,8,phased,5,grasp,0.003997699999672477,2154.5102929776103,291.4094268740783,156.31008661035324,3.0,2.0,0.0
r102C15,2,8,phased,5,mp_eavns,0.06506070000068576,529.6316131989479,229.63161319894792,0.0,3.0,1.0,0.0
r102C15,2,8,all,8,edd,8.999999408842996e-06,1001386.5039718832,258.9798093663453,82.75241625168485,3.0,1.0,1.0
r102C15,2,8,all,8,sweep,8.199999683711212e-06,1000987.2338806682,227.22223199644853,46.00116486716871,3.0,0.0,1.0
r102C15,2,8,all,8,nearest,3.190000006725313e-05,3767.458899977507,250.0206245298766,331.743827544763,2.0,2.0,0.0
r102C15,2,8,all,8,grasp,0.005029799999647366,1031.6628562631802,240.89058091762146,49.077227534555874,3.0,1.0,0.0
r102C15,2,8,all,8,mp_eavns,0.06846890000088024,529.6316131989479,229.63161319894792,0.0,3.0,1.0,0.0
r102C15,3,12,depot,1,edd,6.399999620043673e-06,2004820.9334207273,410.4448726138429,411.0488548113352,3.0,2.0,2.0
r102C15,3,12,depot,1,sweep,4.200000148557592e-06,3003818.739252468,288.8474268445844,322.98918256233276,3.0,0.0,3.0
r102C15,3,12,depot,1,nearest,2.8700000257231295e-05,4002053.470538227,295.3680414679446,145.81024967590665,3.0,0.0,4.0
r102C15,3,12,depot,1,grasp,0.010370899999543326,1005051.5696227177,416.700718769221,433.486890394845,3.0,3.0,1.0
r102C15,3,12,depot,1,mp_eavns,0.16383270000005723,1000752.1585769393,352.1585769392053,0.0,4.0,1.0,1.0
r102C15,3,12,phased,7,edd,7.199999345175456e-06,4124.035585488004,392.1946965136809,343.1840888974322,3.0,4.0,0.0
r102C15,3,12,phased,7,sweep,7.499999810534064e-06,1004921.2124541386,288.8474268445844,433.2365027294008,3.0,1.0,1.0
r102C15,3,12,phased,7,nearest,2.8100000236008782e-05,3540.837875863635,313.0036837836274,292.78341920800074,3.0,3.0,0.0
r102C15,3,12,phased,7,grasp,0.008215600000767154,1617.5539365590678,319.6329723749156,99.79209641841521,3.0,2.0,0.0
r102C15,3,12,phased,7,mp_eavns,0.16439209999953164,728.4546748324274,328.4546748324274,0.0,4.0,1.0,0.0
r102C15,3,12,all,8,edd,1.0599999768601265e-05,4098.113614571323,387.26403174293057,341.0849582828392,3.0,4.0,0.0
r102C15,3,12,all,8,sweep,1.1000000085914508e-05,1004921.2124541386,288.8474268445844,433.2365027294008,3.0,1.0,1.0
r102C15,3,12,all,8,nearest,4.540000009001233e-05,3540.837875863635,313.0036837836274,292.78341920800074,3.0,3.0,0.0
r102C15,3,12,all,8,grasp,0.018258699999933015,3890.637765059444,361.3506547056556,322.92871103537885,3.0,3.0,0.0
r102C15,3,12,all,8,mp_eavns,0.18447529999957624,728.4546748324274,328.4546748324274,0.0,4.0,1.0,0.0
r102C15,4,15,depot,1,edd,1.1999999514955562e-05,2005103.290858725,523.7778139494216,397.9513044775655,6.0,2.0,2.0
r102C15,4,15,depot,1,sweep,9.800000043469481e-06,4004132.654526514,402.7627008908688,322.98918256233276,5.0,0.0,4.0
r102C15,4,15,depot,1,nearest,6.179999945743475e-05,4002172.8696915573,382.79582733228233,139.0073864224882,4.0,0.0,4.0
r102C15,4,15,depot,1,grasp,0.019007600000804814,1005113.4905735421,457.17869835904344,415.63118751830467,5.0,2.0,1.0
r102C15,4,15,depot,1,mp_eavns,0.20493859999987762,1001045.0222929249,445.02229292492467,0.0,6.0,1.0,1.0
r102C15,4,15,phased,8,edd,1.6399999367422424e-05,1004379.1687560374,499.2946765467203,327.9874079490695,6.0,3.0,1.0
r102C15,4,15,phased,8,sweep,1.3900000340072438e-05,1006256.5958792217,402.7627008908688,535.3833178330805,5.0,1.0,1.0
r102C15,4,15,phased,8,nearest,6.329999996523838e-05,3003021.2100385944,397.7071512165202,222.3502887377976,4.0,1.0,3.0
r102C15,4,15,phased,8,grasp,0.020226099999490543,3818.2289204992126,478.20522729433594,294.0023693204877,4.0,3.0,0.0
r102C15,4,15,phased,8,mp_eavns,0.3226705999995829,912.4789412386235,412.47894123862346,0.0,5.0,2.0,0.0
r102C15,4,15,all,8,edd,1.3199999557400588e-05,1004379.1687560374,499.2946765467203,327.9874079490695,6.0,3.0,1.0
r102C15,4,15,all,8,sweep,1.340000017080456e-05,1006256.5958792217,402.7627008908688,535.3833178330805,5.0,1.0,1.0
r102C15,4,15,all,8,nearest,6.180000036692945e-05,3003021.2100385944,397.7071512165202,222.3502887377976,4.0,1.0,3.0
r102C15,4,15,all,8,grasp,0.02327560000048834,4586.73445948214,510.7985749931723,367.59358844889675,4.0,5.0,0.0
r102C15,4,15,all,8,mp_eavns,0.25475679999999556,912.4789412386235,412.47894123862346,0.0,5.0,2.0,0.0
r103C10,1,3,depot,1,edd,4.800000169780105e-06,171.2339397496857,71.23393974968569,0.0,1.0,0.0,0.0
r103C10,1,3,depot,1,sweep,2.6999996407539584e-06,727.9853430813773,66.08792760170431,56.1897415479673,1.0,0.0,0.0
r103C10,1,3,depot,1,nearest,1.0799999472510535e-05,727.9853430813773,66.08792760170431,56.1897415479673,1.0,0.0,0.0
r103C10,1,3,depot,1,grasp,0.00022760000047128415,171.2339397496857,71.23393974968569,0.0,1.0,0.0,0.0
r103C10,1,3,depot,1,mp_eavns,0.003596999999899708,171.2339397496857,71.23393974968569,0.0,1.0,0.0,0.0
r103C10,1,3,phased,2,edd,4.100000296602957e-06,171.2339397496857,71.23393974968569,0.0,1.0,0.0,0.0
r103C10,1,3,phased,2,sweep,3.7999998312443495e-06,727.9853430813773,66.08792760170431,56.1897415479673,1.0,0.0,0.0
r103C10,1,3,phased,2,nearest,8.50000014906982e-06,727.9853430813773,66.08792760170431,56.1897415479673,1.0,0.0,0.0
r103C10,1,3,phased,2,grasp,0.0002213000007031951,171.2339397496857,71.23393974968569,0.0,1.0,0.0,0.0
r103C10,1,3,phased,2,mp_eavns,0.003390400000171212,171.2339397496857,71.23393974968569,0.0,1.0,0.0,0.0
r103C10,1,3,all,3,edd,4.300000000512227e-06,171.2339397496857,71.23393974968569,0.0,1.0,0.0,0.0
r103C10,1,3,all,3,sweep,3.600000127335079e-06,727.9853430813773,66.08792760170431,56.1897415479673,1.0,0.0,0.0
r103C10,1,3,all,3,nearest,9.699999282020144e-06,727.9853430813773,66.08792760170431,56.1897415479673,1.0,0.0,0.0
r103C10,1,3,all,3,grasp,0.0002223999999841908,171.2339397496857,71.23393974968569,0.0,1.0,0.0,0.0
r103C10,1,3,all,3,mp_eavns,0.003750900000341062,171.2339397496857,71.23393974968569,0.0,1.0,0.0,0.0
r103C10,2,5,depot,1,edd,5.2999994295532815e-06,302.53889143468274,102.53889143468274,0.0,2.0,1.0,0.0
r103C10,2,5,depot,1,sweep,3.4000004234258085e-06,854.2655900339267,92.36817455425373,56.1897415479673,2.0,0.0,0.0
r103C10,2,5,depot,1,nearest,1.9799999790848233e-05,1000339.7771640309,139.77716403095843,0.0,2.0,0.0,1.0
r103C10,2,5,depot,1,grasp,0.0012268000000403845,299.73570535849024,99.73570535849026,0.0,2.0,0.0,0.0
r103C10,2,5,depot,1,mp_eavns,0.011938599999666621,294.94867334048274,94.94867334048277,0.0,2.0,0.0,0.0
r103C10,2,5,phased,2,edd,5.4000001910026185e-06,302.53889143468274,102.53889143468274,0.0,2.0,1.0,0.0
r103C10,2,5,phased,2,sweep,4.399999852466863e-06,854.2655900339267,92.36817455425373,56.1897415479673,2.0,0.0,0.0
r103C10,2,5,phased,2,nearest,1.2900000001536682e-05,348.00471113138207,148.00471113138207,0.0,2.0,1.0,0.0
r103C10,2,5,phased,2,grasp,0.0008309999993798556,302.53889143468274,102.53889143468274,0.0,2.0,1.0,0.0
r103C10,2,5,phased,2,mp_eavns,0.017593900000065332,294.94867334048274,94.94867334048277,0.0,2.0,0.0,0.0
r103C10,2,5,all,3,edd,8.69999985297909e-06,302.53889143468274,102.53889143468274,0.0,2.0,1.0,0.0
r103C10,2,5,all,3,sweep,6.8999997893115506e-06,854.2655900339267,92.36817455425373,56.1897415479673,2.0,0.0,0.0
r103C10,2,5,all,3,nearest,1.8400000044493936e-05,348.00471113138207,148.00471113138207,0.0,2.0,1.0,0.0
r103C10,2,5,all,3,grasp,0.0014733000007254304,299.73570535849024,99.73570535849026,0.0,2.0,0.0,0.0
r103C10,2,5,all,3,mp_eavns,0.0230360000005021,294.94867334048274,94.94867334048277,0.0,2.0,0.0,0.0
r103C10,3,8,depot,1,edd,5.600000804406591e-06,1000482.3434048543,182.34340485429334,0.0,3.0,0.0,1.0
r103C10,3,8,depot,1,sweep,4.200000148557592e-06,1032.482866895537,170.5854514158641,56.1897415479673,3.0,0.0,0.0
r103C10,3,8,depot,1,nearest,2.700000004551839e-05,1001915.6545241987,205.20091402690886,141.04536101718725,3.0,0.0,1.0
r103C10,3,8,depot,1,grasp,0.001530599999568949,506.59775460479904,206.59775460479904,0.0,3.0,0.0,0.0
r103C10,3,8,depot,1,mp_eavns,0.04705229999945004,456.15627326122444,156.15627326122447,0.0,3.0,0.0,0.0
r103C10,3,8,phased,3,edd,9.800000043469481e-06,493.1068014610031,193.10680146100307,0.0,3.0,1.0,0.0
r103C10,3,8,phased,3,sweep,9.999999747378752e-06,1032.482866895537,170.5854514158641,56.1897415479673,3.0,0.0,0.0
r103C10,3,8,phased,3,nearest,3.119999928458128e-05,1915.8552043560921,205.40159418421965,141.04536101718725,3.0,1.0,0.0
r103C10,3,8,phased,3,grasp,0.0032247999997707666,517.8242022394481,217.8242022394481,0.0,3.0,1.0,0.0
r103C10,3,8,phased,3,mp_eavns,0.05089310000039404,456.15627326122444,156.15627326122447,0.0,3.0,0.0,0.0
r103C10,3,8,all,3,edd,1.0200000360782724e-05,493.1068014610031,193.10680146100307,0.0,3.0,1.0,0.0
r103C10,3,8,all,3,sweep,7.999999979801942e-06,1032.482866895537,170.5854514158641,56.1897415479673,3.0,0.0,0.0
r103C10,3,8,all,3,nearest,3.5600000046542846e-05,1915.8552043560921,205.40159418421965,141.04536101718725,3.0,1.0,0.0
r103C10,3,8,all,3,grasp,0.002281399999446876,517.8242022394481,217.8242022394481,0.0,3.0,1.0,0.0
r103C10,3,8,all,3,mp_eavns,0.035516899999493035,456.15627326122444,156.15627326122447,0.0,3.0,0.0,0.0
r103C10,4,10,depot,1,edd,5.100000635138713e-06,665.8705395848324,265.87053958483233,0.0,4.0,1.0,0.0
r103C10,4,10,depot,1,sweep,4.200000148557592e-06,1423.57977614942,240.26100443243766,78.33187717169825,4.0,0.0,0.0
r103C10,4,10,depot,1,nearest,2.190000031987438e-05,1001907.7867320813,261.75588302885814,134.60308490524162,3.0,1.0,1.0
r103C10,4,10,depot,1,grasp,0.0018331000001126085,763.8735006975169,252.9329953388894,21.09405053586275,3.0,1.0,0.0
r103C10,4,10,depot,1,mp_eavns,0.03875499999958265,501.00770864846055,201.00770864846055,0.0,3.0,0.0,0.0
r103C10,4,10,phased,3,edd,6.499999471998308e-06,660.7396354997767,260.7396354997767,0.0,4.0,1.0,0.0
r103C10,4,10,phased,3,sweep,6.399999620043673e-06,1423.57977614942,240.26100443243766,78.33187717169825,4.0,0.0,0.0
r103C10,4,10,phased,3,nearest,2.229999972769292e-05,1907.9874122385852,261.9565631861689,134.60308490524162,3.0,2.0,0.0
r103C10,4,10,phased,3,grasp,0.002757199999905424,850.0060928505015,308.55247310961255,24.1453619740889,3.0,3.0,0.0
r103C10,4,10,phased,3,mp_eavns,0.054127100000187056,515.1915981762204,215.1915981762204,0.0,3.0,1.0,0.0
r103C10,4,10,all,3,edd,6.599999323952943e-06,660.7396354997767,260.7396354997767,0.0,4.0,1.0,0.0
r103C10,4,10,all,3,sweep,6.600000233447645e-06,1423.57977614942,240.26100443243766,78.33187717169825,4.0,0.0,0.0
r103C10,4,10,all,3,nearest,2.2500000341096893e-05,1907.9874122385852,261.9565631861689,134.60308490524162,3.0,2.0,0.0
r103C10,4,10,all,3,grasp,0.0024092999992717523,566.5690043665522,266.5690043665523,0.0,3.0,2.0,0.0
r103C10,4,10,all,3,mp_eavns,0.05344249999961903,515.1915981762204,215.1915981762204,0.0,3.0,1.0,0.0
r104C5,1,2,depot,1,edd,4.300000000512227e-06,144.51150805005705,44.51150805005705,0.0,1.0,0.0,0.0
r104C5,1,2,depot,1,sweep,2.1999994714860804e-06,144.51150805005705,44.51150805005705,0.0,1.0,0.0,0.0
r104C5,1,2,depot,1,nearest,8.600000001024455e-06,144.51150805005705,44.51150805005705,0.0,1.0,0.0,0.0
r104C5,1,2,depot,1,grasp,0.00012280000009923242,144.51150805005705,44.51150805005705,0.0,1.0,0.0,0.0
r104C5,1,2,depot,1,mp_eavns,0.002769300000181829,144.51150805005705,44.51150805005705,0.0,1.0,0.0,0.0
r104C5,1,2,phased,2,edd,3.2999996619764715e-06,144.51150805005705,44.51150805005705,0.0,1.0,0.0,0.0
r104C5,1,2,phased,2,sweep,3.9000005926936865e-06,144.51150805005705,44.51150805005705,0.0,1.0,0.0,0.0
r104C5,1,2,phased,2,nearest,7.100000402715523e-06,144.51150805005705,44.51150805005705,0.0,1.0,0.0,0.0
r104C5,1,2,phased,2,grasp,0.00021939999987807823,144.51150805005705,44.51150805005705,0.0,1.0,0.0,0.0
r104C5,1,2,phased,2,mp_eavns,0.0027583000000959146,144.51150805005705,44.51150805005705,0.0,1.0,0.0,0.0
r104C5,1,2,all,3,edd,3.099999958067201e-06,144.51150805005705,44.51150805005705,0.0,1.0,0.0,0.0
r104C5,1,2,all,3,sweep,3.3000005714711733e-06,144.51150805005705,44.51150805005705,0.0,1.0,0.0,0.0
r104C5,1,2,all,3,nearest,7.800000275892671e-06,144.51150805005705,44.51150805005705,0.0,1.0,0.0,0.0
r104C5,1,2,all,3,grasp,0.00026560000060271705,144.51150805005705,44.51150805005705,0.0,1.0,0.0,0.0
r104C5,1,2,all,3,mp_eavns,0.0035381999996388913,144.51150805005705,44.51150805005705,0.0,1.0,0.0,0.0
r104C5,2,3,depot,1,edd,4.300000000512227e-06,281.28106067175753,81.28106067175752,0.0,2.0,0.0,0.0
r104C5,2,3,depot,1,sweep,5.100000635138713e-06,281.28106067175753,81.28106067175753,0.0,2.0,0.0,0.0
r104C5,2,3,depot,1,nearest,1.1699999959091656e-05,281.28106067175753,81.28106067175753,0.0,2.0,0.0,0.0
r104C5,2,3,depot,1,grasp,0.0003969999997934792,281.28106067175753,81.28106067175753,0.0,2.0,0.0,0.0
r104C5,2,3,depot,1,mp_eavns,0.005433299999822339,281.28106067175753,81.28106067175753,0.0,2.0,0.0,0.0
r104C5,2,3,phased,2,edd,3.5999992178403772e-06,281.28106067175753,81.28106067175752,0.0,2.0,0.0,0.0
r104C5,2,3,phased,2,sweep,3.1999998100218363e-06,281.28106067175753,81.28106067175753,0.0,2.0,0.0,0.0
r104C5,2,3,phased,2,nearest,7.800000275892671e-06,281.28106067175753,81.28106067175753,0.0,2.0,0.0,0.0
r104C5,2,3,phased,2,grasp,0.00016589999995630933,281.28106067175753,81.28106067175753,0.0,2.0,0.0,0.0
r104C5,2,3,phased,2,mp_eavns,0.0035920999998779735,281.28106067175753,81.28106067175753,0.0,2.0,0.0,0.0
r104C5,2,3,all,3,edd,4.800000169780105e-06,281.28106067175753,81.28106067175752,0.0,2.0,0.0,0.0
r104C5,2,3,all,3,sweep,4.799999260285404e-06,281.28106067175753,81.28106067175753,0.0,2.0,0.0,0.0
r104C5,2,3,all,3,nearest,1.2399999832268804e-05,281.28106067175753,81.28106067175753,0.0,2.0,0.0,0.0
r104C5,2,3,all,3,grasp,0.00031710000075690914,281.28106067175753,81.28106067175753,0.0,2.0,0.0,0.0
r104C5,2,3,all,3,mp_eavns,0.004739599999993516,281.28106067175753,81.28106067175753,0.0,2.0,0.0,0.0
r104C5,3,4,depot,1,edd,5.9000003602704965e-06,1000848.3725731223,160.35873245748488,48.8013840664737,2.0,0.0,1.0
r104C5,3,4,depot,1,sweep,4.300000000512227e-06,1000848.3725731223,160.35873245748488,48.8013840664737,2.0,0.0,1.0
r104C5,3,4,depot,1,nearest,3.120000019407598e-05,360.6031887319653,160.6031887319653,0.0,2.0,1.0,0.0
r104C5,3,4,depot,1,grasp,0.00046550000024581095,360.6031887319653,160.6031887319653,0.0,2.0,1.0,0.0
r104C5,3,4,depot,1,mp_eavns,0.012081900000339374,360.60318873196525,160.60318873196528,0.0,2.0,1.0,0.0
r104C5,3,4,phased,3,edd,7.2999991971300915e-06,1000848.3725731223,160.35873245748488,48.8013840664737,2.0,0.0,1.0
r104C5,3,4,phased,3,sweep,6.50000038149301e-06,1000848.3725731223,160.35873245748488,48.8013840664737,2.0,0.0,1.0
r104C5,3,4,phased,3,nearest,1.4700000065204222e-05,356.9663973945209,156.96639739452092,0.0,2.0,1.0,0.0
r104C5,3,4,phased,3,grasp,0.0004641999994419166,356.9663973945209,156.96639739452092,0.0,2.0,1.0,0.0
r104C5,3,4,phased,3,mp_eavns,0.012317300000177056,356.9663973945209,156.96639739452092,0.0,2.0,1.0,0.0
r104C5,3,4,all,3,edd,7.300000106624793e-06,1000848.3725731223,160.35873245748488,48.8013840664737,2.0,0.0,1.0
r104C5,3,4,all,3,sweep,6.199999916134402e-06,1000848.3725731223,160.35873245748488,48.8013840664737,2.0,0.0,1.0
r104C5,3,4,all,3,nearest,1.5999999959603883e-05,356.9663973945209,156.96639739452092,0.0,2.0,1.0,0.0
r104C5,3,4,all,3,grasp,0.0004902000000583939,356.9663973945209,156.96639739452092,0.0,2.0,1.0,0.0
r104C5,3,4,all,3,mp_eavns,0.012010899999950198,356.9663973945209,156.96639739452092,0.0,2.0,1.0,0.0
r104C5,4,5,depot,1,edd,6.799999937356915e-06,391.0654312607861,191.06543126078608,0.0,2.0,1.0,0.0
r104C5,4,5,depot,1,sweep,4.800000169780105e-06,1000978.8356655457,190.8218248809405,48.8013840664737,3.0,0.0,1.0
r104C5,4,5,depot,1,nearest,4.41999991380726e-05,492.718415185529,192.718415185529,0.0,3.0,1.0,0.0
r104C5,4,5,depot,1,grasp,0.0005432000007203897,387.42169119181403,187.42169119181406,0.0,2.0,1.0,0.0
r104C5,4,5,depot,1,mp_eavns,0.013997600000038801,387.42169119181403,187.42169119181406,0.0,2.0,1.0,0.0
r104C5,4,5,phased,3,edd,5.200000487093348e-06,387.42863992334173,187.4286399233417,0.0,2.0,1.0,0.0
r104C5,4,5,phased,3,sweep,4.999999873689376e-06,1000978.8356655457,190.8218248809405,48.8013840664737,3.0,0.0,1.0
r104C5,4,5,phased,3,nearest,1.3199999557400588e-05,491.65152114077205,191.65152114077202,0.0,3.0,1.0,0.0
r104C5,4,5,phased,3,grasp,0.00035169999955542153,387.42169119181403,187.42169119181406,0.0,2.0,1.0,0.0
r104C5,4,5,phased,3,mp_eavns,0.012992799999665294,387.42863992334173,187.4286399233417,0.0,2.0,1.0,0.0
r104C5,4,5,all,3,edd,5.699999746866524e-06,387.42863992334173,187.4286399233417,0.0,2.0,1.0,0.0
r104C5,4,5,all,3,sweep,5.599999894911889e-06,1000978.8356655457,190.8218248809405,48.8013840664737,3.0,0.0,1.0
r104C5,4,5,all,3,nearest,1.3800000488117803e-05,491.65152114077205,191.65152114077202,0.0,3.0,1.0,0.0
r104C5,4,5,all,3,grasp,0.0005621000000246568,387.42169119181403,187.42169119181406,0.0,2.0,1.0,0.0
r104C5,4,5,all,3,mp_eavns,0.02009470000029978,387.42169119181403,187.42169119181406,0.0,2.0,1.0,0.0
r105C15,1,4,depot,1,edd,4.900000021734741e-06,314.18051269176664,114.18051269176662,0.0,2.0,0.0,0.0
r105C15,1,4,depot,1,sweep,3.000000106112566e-06,436.8049360071018,136.80493600710176,0.0,3.0,0.0,0.0
r105C15,1,4,depot,1,nearest,1.1900000572495628e-05,922.9852429213855,112.98524292138555,61.0,2.0,0.0,0.0
r105C15,1,4,depot,1,grasp,0.00033570000050531235,314.18051269176664,114.18051269176662,0.0,2.0,0.0,0.0
r105C15,1,4,depot,1,mp_eavns,0.005860000000211585,314.18051269176664,114.18051269176662,0.0,2.0,0.0,0.0
r105C15,1,4,phased,3,edd,5.2999994295532815e-06,314.18051269176664,114.18051269176662,0.0,2.0,0.0,0.0
r105C15,1,4,phased,3,sweep,4.200000148557592e-06,436.8049360071018,136.80493600710176,0.0,3.0,0.0,0.0
r105C15,1,4,phased,3,nearest,1.4899999769113492e-05,922.9852429213855,112.98524292138555,61.0,2.0,0.0,0.0
r105C15,1,4,phased,3,grasp,0.00024389999998675194,314.18051269176664,114.18051269176662,0.0,2.0,0.0,0.0
r105C15,1,4,phased,3,mp_eavns,0.007510400000683148,314.18051269176664,114.18051269176662,0.0,2.0,0.0,0.0
r105C15,1,4,all,6,edd,7.900000127847306e-06,314.18051269176664,114.18051269176662,0.0,2.0,0.0,0.0
r105C15,1,4,all,6,sweep,7.300000106624793e-06,436.8049360071018,136.80493600710176,0.0,3.0,0.0,0.0
r105C15,1,4,all,6,nearest,1.7700000171316788e-05,922.9852429213855,112.98524292138555,61.0,2.0,0.0,0.0
r105C15,1,4,all,6,grasp,0.0005850999996255268,314.18051269176664,114.18051269176662,0.0,2.0,0.0,0.0
r105C15,1,4,all,6,mp_eavns,0.008213500000238128,314.18051269176664,114.18051269176662,0.0,2.0,0.0,0.0
r105C15,2,8,depot,1,edd,8.400000297115184e-06,3001444.191053305,340.6378867699998,80.35531665349873,3.0,1.0,3.0
r105C15,2,8,depot,1,sweep,6.8999997893115506e-06,1000863.1260845598,250.32498566699266,21.280109889280524,4.0,0.0,1.0
r105C15,2,8,depot,1,nearest,2.8700000257231295e-05,1001130.0813529907,220.08135299066026,61.0,3.0,0.0,1.0
r105C15,2,8,depot,1,grasp,0.0019877000004271395,4046.314618759512,366.2598805961065,328.00547381634055,4.0,2.0,0.0
r105C15,2,8,depot,1,mp_eavns,0.045226199999888195,699.8452337310351,299.84523373103514,0.0,4.0,1.0,0.0
r105C15,2,8,phased,4,edd,1.0300000212737359e-05,2004.9059580006713,341.3586423941831,136.35473156064882,3.0,3.0,0.0
r105C15,2,8,phased,4,sweep,9.000000318337698e-06,864.1202687830325,251.31916989022733,21.280109889280524,4.0,1.0,0.0
r105C15,2,8,phased,4,nearest,3.370000013092067e-05,1131.075537213895,221.07553721389493,61.0,3.0,1.0,0.0
r105C15,2,8,phased,4,grasp,0.002561499999501393,1290.4662802510904,224.8649922011844,76.5601288049906,3.0,1.0,0.0
r105C15,2,8,phased,4,mp_eavns,0.03717340000002878,533.0470218966509,233.0470218966509,0.0,3.0,2.0,0.0
r105C15,2,8,all,6,edd,2.1500000002561137e-05,2004.9059580006713,341.3586423941831,136.35473156064882,3.0,3.0,0.0
r105C15,2,8,all,6,sweep,8.69999985297909e-06,864.1202687830325,251.31916989022733,21.280109889280524,4.0,1.0,0.0
r105C15,2,8,all,6,nearest,2.9299999368959107e-05,1131.075537213895,221.07553721389493,61.0,3.0,1.0,0.0
r105C15,2,8,all,6,grasp,0.002605300000141142,1370.6524323305553,328.8591705554043,74.1793261775151,3.0,3.0,0.0
r105C15,2,8,all,6,mp_eavns,0.047583900000063295,533.0470218966509,233.0470218966509,0.0,3.0,2.0,0.0
r105C15,3,12,depot,1,edd,1.0900000233959872e-05,5001350.953606116,521.0516547563694,22.99019513592785,6.0,0.0,5.0
r105C15,3,12,depot,1,sweep,8.600000001024455e-06,1003302.8156725168,333.905967150059,246.8909705366807,5.0,0.0,1.0
r105C15,3,12,depot,1,nearest,4.749999970954377e-05,1004982.256659965,344.6916752533061,423.7564984711696,4.0,1.0,1.0
r105C15,3,12,depot,1,grasp,0.005510099999810336,6956.823223854259,477.9195032266433,597.8903720627616,5.0,3.0,0.0
r105C15,3,12,depot,1,mp_eavns,0.10536909999973432,924.7773871114056,424.7773871114056,0.0,5.0,2.0,0.0
r105C15,3,12,phased,5,edd,1.1799999811046291e-05,3002062.3094239994,521.2666933343617,94.10427306650561,6.0,1.0,3.0
r105C15,3,12,phased,5,sweep,1.06999996205559e-05,1003302.8156725168,333.905967150059,246.8909705366807,5.0,0.0,1.0
r105C15,3,12,phased,5,nearest,4.4100000195612665e-05,1004918.3291363745,348.2728526733741,417.00562837011296,4.0,2.0,1.0
r105C15,3,12,phased,5,grasp,0.004768099999637343,3396.866222753636,429.8126734949595,256.70535492586765,4.0,4.0,0.0
r105C15,3,12,phased,5,mp_eavns,0.11944770000081917,852.3346330707151,352.3346330707151,0.0,5.0,2.0,0.0
r105C15,3,12,all,6,edd,1.629999951546779e-05,2002066.5454399267,525.5027092615063,94.10427306650561,6.0,2.0,2.0
r105C15,3,12,all,6,sweep,7.40000086807413e-06,1003302.8156725168,333.905967150059,246.8909705366807,5.0,0.0,1.0
r105C15,3,12,all,6,nearest,3.49000001733657e-05,1004918.3291363745,348.2728526733741,417.00562837011296,4.0,2.0,1.0
r105C15,3,12,all,6,grasp,0.005810800000290328,2190.775511545894,492.37345493390745,129.84020566119867,4.0,4.0,0.0
r105C15,3,12,all,6,mp_eavns,0.0801222999998572,739.3997510110075,339.39975101100754,0.0,4.0,2.0,0.0
r105C15,4,15,depot,1,edd,1.1799999811046291e-05,6002966.90945897,621.6038353458789,174.53056236242128,6.0,1.0,6.0
r105C15,4,15,depot,1,sweep,1.630000042496249e-05,1005669.8631364773,411.2869498350122,465.8576186642241,6.0,0.0,1.0
r105C15,4,15,depot,1,nearest,5.9699999837903306e-05,4005377.5371561963,450.4510392176129,442.70861169789276,5.0,0.0,4.0
r105C15,4,15,depot,1,grasp,0.012684399999670859,2952.1122383119446,528.2022493892986,192.39099889226458,5.0,4.0,0.0
r105C15,4,15,depot,1,mp_eavns,0.17917770000076416,998.8474368520167,498.84743685201676,0.0,5.0,3.0,0.0
r105C15,4,15,phased,6,edd,1.3800000488117803e-05,3003682.501292781,626.0548898510158,245.64464029299904,6.0,3.0,3.0
r105C15,4,15,phased,6,sweep,1.4700000065204222e-05,1005669.8631364773,411.2869498350122,465.8576186642241,6.0,0.0,1.0
r105C15,4,15,phased,6,nearest,6.0200000007171184e-05,3005381.773172124,454.68705514475755,442.70861169789276,5.0,1.0,3.0
r105C15,4,15,phased,6,grasp,0.014501399999971909,3886.8341333760964,519.2768763504359,286.75572570256605,5.0,4.0,0.0
r105C15,4,15,phased,6,mp_eavns,0.2118638000001738,889.4170535525056,389.41705355250565,0.0,5.0,2.0,0.0
r105C15,4,15,all,6,edd,9.399999726156238e-06,3003682.501292781,626.0548898510158,245.64464029299904,6.0,3.0,3.0
r105C15,4,15,all,6,sweep,9.299999874201603e-06,1005669.8631364773,411.2869498350122,465.8576186642241,6.0,0.0,1.0
r105C15,4,15,all,6,nearest,3.7200000406301115e-05,3005381.773172124,454.68705514475755,442.70861169789276,5.0,1.0,3.0
r105C15,4,15,all,6,grasp,0.012321599999268074,3321.401099524972,563.4837272665907,225.7917372258381,5.0,4.0,0.0
r105C15,4,15,all,6,mp_eavns,0.19134389999999257,884.7829160253004,384.7829160253004,0.0,5.0,1.0,0.0
r105C5,1,2,depot,1,edd,3.7999998312443495e-06,151.65890558454885,51.65890558454885,0.0,1.0,0.0,0.0
r105C5,1,2,depot,1,sweep,2.3000002329354174e-06,151.65890558454885,51.65890558454885,0.0,1.0,0.0,0.0
r105C5,1,2,depot,1,nearest,7.700000423938036e-06,543.4623044595382,51.65890558454885,39.180339887498945,1.0,0.0,0.0
r105C5,1,2,depot,1,grasp,0.00011449999965407187,151.65890558454885,51.65890558454885,0.0,1.0,0.0,0.0
r105C5,1,2,depot,1,mp_eavns,0.001954000000296219,151.65890558454885,51.65890558454885,0.0,1.0,0.0,0.0
r105C5,1,2,phased,2,edd,5.500000042957254e-06,151.65890558454885,51.65890558454885,0.0,1.0,0.0,0.0
r105C5,1,2,phased,2,sweep,6.199999916134402e-06,151.65890558454885,51.65890558454885,0.0,1.0,0.0,0.0
r105C5,1,2,phased,2,nearest,1.7600000319362152e-05,543.4623044595382,51.65890558454885,39.180339887498945,1.0,0.0,0.0
r105C5,1,2,phased,2,grasp,0.00022710000030201627,151.65890558454885,51.65890558454885,0.0,1.0,0.0,0.0
r105C5,1,2,phased,2,mp_eavns,0.0017101000003094669,151.65890558454885,51.65890558454885,0.0,1.0,0.0,0.0
r105C5,1,2,all,3,edd,2.9000002541579306e-06,151.65890558454885,51.65890558454885,0.0,1.0,0.0,0.0
r105C5,1,2,all,3,sweep,2.599999788799323e-06,151.65890558454885,51.65890558454885,0.0,1.0,0.0,0.0
r105C5,1,2,all,3,nearest,7.300000106624793e-06,543.4623044595382,51.65890558454885,39.180339887498945,1.0,0.0,0.0
r105C5,1,2,all,3,grasp,0.00011040000026696362,151.65890558454885,51.65890558454885,0.0,1.0,0.0,0.0
r105C5,1,2,all,3,mp_eavns,0.0013061999998171814,151.65890558454885,51.65890558454885,0.0,1.0,0.0,0.0
r105C5,2,3,depot,1,edd,2.70000055024866e-06,1000188.7597950068,88.75979500686302,0.0,1.0,0.0,1.0
r105C5,2,3,depot,1,sweep,2.4000000848900527e-06,1001024.8192942232,91.87241294404231,83.29468812791237,1.0,0.0,1.0
r105C5,2,3,depot,1,nearest,6.100000064179767e-06,1001651.6515766883,88.75979500686302,146.28917816814385,1.0,0.0,1.0
r105C5,2,3,depot,1,grasp,0.00016820000018924475,1000188.7597950068,88.75979500686302,0.0,1.0,0.0,1.0
r105C5,2,3,depot,1,mp_eavns,0.005159299999832001,307.22868154234806,107.22868154234806,0.0,2.0,0.0,0.0
r105C5,2,3,phased,2,edd,2.099999619531445e-06,197.4708353890869,97.47083538908689,0.0,1.0,1.0,0.0
r105C5,2,3,phased,2,sweep,2.0000006770715117e-06,1001024.8192942232,91.87241294404231,83.29468812791237,1.0,0.0,1.0
r105C5,2,3,phased,2,nearest,5.300000339047983e-06,1001651.6515766883,88.75979500686302,146.28917816814385,1.0,0.0,1.0
r105C5,2,3,phased,2,grasp,0.00017690000004222384,197.4708353890869,97.47083538908689,0.0,1.0,1.0,0.0
r105C5,2,3,phased,2,mp_eavns,0.0038357000003088615,197.4708353890869,97.47083538908689,0.0,1.0,1.0,0.0
r105C5,2,3,all,3,edd,5.500000042957254e-06,197.4708353890869,97.47083538908689,0.0,1.0,1.0,0.0
r105C5,2,3,all,3,sweep,5.7999995988211595e-06,1001024.8192942232,91.87241294404231,83.29468812791237,1.0,0.0,1.0
r105C5,2,3,all,3,nearest,1.4000000192027073e-05,1001651.6515766883,88.75979500686302,146.28917816814385,1.0,0.0,1.0
r105C5,2,3,all,3,grasp,0.00023370000053546391,197.4708353890869,97.47083538908689,0.0,1.0,1.0,0.0
r105C5,2,3,all,3,mp_eavns,0.005514500000572298,197.4708353890869,97.47083538908689,0.0,1.0,1.0,0.0
r105C5,3,4,depot,1,edd,3.99999953515362e-06,1000301.4089056476,101.40890564753653,0.0,2.0,0.0,1.0
r105C5,3,4,depot,1,sweep,3.000000106112566e-06,1001137.4684048638,104.52152358471582,83.29468812791237,2.0,0.0,1.0
r105C5,3,4,depot,1,nearest,1.0299999303242657e-05,1983.4166576802102,119.30269624345462,166.41139614367555,2.0,0.0,0.0
r105C5,3,4,depot,1,grasp,0.00023800000053597614,319.3026962434546,119.3026962434546,0.0,2.0,0.0,0.0
r105C5,3,4,depot,1,mp_eavns,0.008505400000103691,312.9712899012561,112.9712899012561,0.0,2.0,0.0,0.0
r105C5,3,4,phased,3,edd,8.299999535665847e-06,310.1199460297604,110.1199460297604,0.0,2.0,1.0,0.0
r105C5,3,4,phased,3,sweep,7.5000007200287655e-06,1001137.4684048638,104.52152358471582,83.29468812791237,2.0,0.0,1.0
r105C5,3,4,phased,3,nearest,1.7600000319362152e-05,1983.4166576802102,119.30269624345462,166.41139614367555,2.0,0.0,0.0
r105C5,3,4,phased,3,grasp,0.00046239999937824905,319.3026962434546,119.3026962434546,0.0,2.0,0.0,0.0
r105C5,3,4,phased,3,mp_eavns,0.008046799999647192,310.1199460297604,110.1199460297604,0.0,2.0,1.0,0.0
r105C5,3,4,all,3,edd,7.100000402715523e-06,310.1199460297604,110.1199460297604,0.0,2.0,1.0,0.0
r105C5,3,4,all,3,sweep,6.400000529538374e-06,1001137.4684048638,104.52152358471582,83.29468812791237,2.0,0.0,1.0
r105C5,3,4,all,3,nearest,1.6599999980826396e-05,1983.4166576802102,119.30269624345462,166.41139614367555,2.0,0.0,0.0
r105C5,3,4,all,3,grasp,0.00041909999981726287,711.3669153896267,119.56351651463721,39.180339887498945,2.0,0.0,0.0
r105C5,3,4,all,3,mp_eavns,0.006797899999583024,310.1199460297604,110.1199460297604,0.0,2.0,1.0,0.0
r105C5,4,5,depot,1,edd,3.9000005926936865e-06,2000363.2143030383,163.2143030382017,0.0,2.0,0.0,2.0
r105C5,4,5,depot,1,sweep,3.1999998100218363e-06,1001437.2082986776,154.2614173983972,108.29468812791237,2.0,0.0,1.0
r105C5,4,5,depot,1,nearest,1.2100000276404899e-05,3205.8730773700977,181.43159451149089,282.4441482858607,2.0,1.0,0.0
r105C5,4,5,depot,1,grasp,0.0007820000000720029,593.2047603770823,169.61768599670296,22.358707438037925,2.0,1.0,0.0
r105C5,4,5,depot,1,mp_eavns,0.02354769999965356,383.55964320794817,183.55964320794817,0.0,2.0,1.0,0.0
r105C5,4,5,phased,3,edd,7.79999936639797e-06,597.6510679753051,185.38091510349324,21.22701528718119,2.0,2.0,0.0
r105C5,4,5,phased,3,sweep,8.50000014906982e-06,1001437.2082986776,154.2614173983972,108.29468812791237,2.0,0.0,1.0
r105C5,4,5,phased,3,nearest,1.9699999938893598e-05,3205.8730773700977,181.43159451149089,282.4441482858607,2.0,1.0,0.0
r105C5,4,5,phased,3,grasp,0.001736499999424268,593.2047603770823,169.61768599670296,22.358707438037925,2.0,1.0,0.0
r105C5,4,5,phased,3,mp_eavns,0.025141699999949196,359.8598398434418,159.8598398434418,0.0,2.0,1.0,0.0
r105C5,4,5,all,3,edd,5.199999577598646e-06,597.6510679753051,185.38091510349324,21.22701528718119,2.0,2.0,0.0
r105C5,4,5,all,3,sweep,4.999999873689376e-06,1001437.2082986776,154.2614173983972,108.29468812791237,2.0,0.0,1.0
r105C5,4,5,all,3,nearest,1.2299999980314169e-05,3205.8730773700977,181.43159451149089,282.4441482858607,2.0,1.0,0.0
r105C5,4,5,all,3,grasp,0.0013320999996722094,593.2047603770823,169.61768599670296,22.358707438037925,2.0,1.0,0.0
r105C5,4,5,all,3,mp_eavns,0.023005199999715842,359.8598398434418,159.8598398434418,0.0,2.0,1.0,0.0
r201C10,1,3,depot,1,edd,5.199999577598646e-06,287.2206928993535,87.2206928993535,0.0,2.0,0.0,0.0
r201C10,1,3,depot,1,sweep,4.300000000512227e-06,299.9800805169304,99.98008051693041,0.0,2.0,0.0,0.0
r201C10,1,3,depot,1,nearest,1.3699999726668466e-05,4327.202865748236,96.78691996031296,403.04159457879234,2.0,0.0,0.0
r201C10,1,3,depot,1,grasp,0.0003530999993017758,287.2206928993535,87.2206928993535,0.0,2.0,0.0,0.0
r201C10,1,3,depot,1,mp_eavns,0.006083700000090175,287.2206928993535,87.2206928993535,0.0,2.0,0.0,0.0
r201C10,1,3,phased,2,edd,3.899999683198985e-06,287.2206928993535,87.2206928993535,0.0,2.0,0.0,0.0
r201C10,1,3,phased,2,sweep,3.4000004234258085e-06,299.9800805169304,99.98008051693041,0.0,2.0,0.0,0.0
r201C10,1,3,phased,2,nearest,8.50000014906982e-06,4327.202865748236,96.78691996031296,403.04159457879234,2.0,0.0,0.0
r201C10,1,3,phased,2,grasp,0.00018210000052931719,287.2206928993535,87.2206928993535,0.0,2.0,0.0,0.0
r201C10,1,3,phased,2,mp_eavns,0.005522999999811873,287.2206928993535,87.2206928993535,0.0,2.0,0.0,0.0
r201C10,1,3,all,4,edd,4.799999260285404e-06,287.2206928993535,87.2206928993535,0.0,2.0,0.0,0.0
r201C10,1,3,all,4,sweep,5.099999725644011e-06,299.9800805169304,99.98008051693041,0.0,2.0,0.0,0.0
r201C10,1,3,all,4,nearest,1.3199999557400588e-05,4327.202865748236,96.78691996031296,403.04159457879234,2.0,0.0,0.0
r201C10,1,3,all,4,grasp,0.00033399999938410474,287.2206928993535,87.2206928993535,0.0,2.0,0.0,0.0
r201C10,1,3,all,4,mp_eavns,0.006218200000148499,287.2206928993535,87.2206928993535,0.0,2.0,0.0,0.0
r201C10,2,5,depot,1,edd,4.599999556376133e-06,360.6387258409188,160.63872584091885,0.0,2.0,1.0,0.0
r201C10,2,5,depot,1,sweep,3.099999958067201e-06,440.1286493590028,140.12864935900282,0.0,3.0,0.0,0.0
r201C10,2,5,depot,1,nearest,1.1899999663000926e-05,1405.032002799794,139.7902558371937,106.52417469626005,2.0,0.0,0.0
r201C10,2,5,depot,1,grasp,0.0002936999999292311,2356.4918257397985,140.0671609990299,201.64246647407685,2.0,0.0,0.0
r201C10,2,5,depot,1,mp_eavns,0.011665900000480178,340.06716099902985,140.06716099902988,0.0,2.0,0.0,0.0
r201C10,2,5,phased,3,edd,7.199999345175456e-06,353.9724228408081,153.97242284080812,0.0,2.0,1.0,0.0
r201C10,2,5,phased,3,sweep,7.3999999585794285e-06,440.1286493590028,140.12864935900282,0.0,3.0,0.0,0.0
r201C10,2,5,phased,3,nearest,2.1500000002561137e-05,1405.032002799794,139.7902558371937,106.52417469626005,2.0,0.0,0.0
r201C10,2,5,phased,3,grasp,0.0005864000004294212,335.2584153200404,135.25841532004043,0.0,2.0,1.0,0.0
r201C10,2,5,phased,3,mp_eavns,0.01723149999997986,335.2584153200404,135.25841532004043,0.0,2.0,1.0,0.0
r201C10,2,5,all,4,edd,4.900000021734741e-06,353.9724228408081,153.97242284080812,0.0,2.0,1.0,0.0
r201C10,2,5,all,4,sweep,5.7999995988211595e-06,440.1286493590028,140.12864935900282,0.0,3.0,0.0,0.0
r201C10,2,5,all,4,nearest,1.2799999240087345e-05,1405.032002799794,139.7902558371937,106.52417469626005,2.0,0.0,0.0
r201C10,2,5,all,4,grasp,0.0003209999995306134,335.2584153200404,135.25841532004043,0.0,2.0,1.0,0.0
r201C10,2,5,all,4,mp_eavns,0.008813600000394217,335.2584153200404,135.25841532004043,0.0,2.0,1.0,0.0
r201C10,3,8,depot,1,edd,5.100000635138713e-06,3000685.2555300337,285.2555300336307,0.0,4.0,0.0,3.0
r201C10,3,8,depot,1,sweep,3.6999999792897142e-06,2153.5662458530574,239.40216720306992,151.41640786499875,4.0,0.0,0.0
r201C10,3,8,depot,1,nearest,1.9799999790848233e-05,2008733.59239873,252.14780856677686,818.1444590163314,3.0,0.0,2.0
r201C10,3,8,depot,1,grasp,0.0012727999992421246,2394.020167284767,276.0646479688637,171.79555193159035,4.0,1.0,0.0
r201C10,3,8,depot,1,mp_eavns,0.03538459999981569,642.9487084280174,242.94870842801748,0.0,4.0,0.0,0.0
r201C10,3,8,phased,4,edd,8.099999831756577e-06,1000693.1150369991,293.1150369991477,0.0,4.0,1.0,1.0
r201C10,3,8,phased,4,sweep,6.400000529538374e-06,2153.5662458530574,239.40216720306992,151.41640786499875,4.0,0.0,0.0
r201C10,3,8,phased,4,nearest,1.8200000340584666e-05,2008733.59239873,252.14780856677686,818.1444590163314,3.0,0.0,2.0
r201C10,3,8,phased,4,grasp,0.0006407999999282765,4647.087950904967,271.84620394236657,397.52417469626005,4.0,1.0,0.0
r201C10,3,8,phased,4,mp_eavns,0.02530029999979888,525.0193079454184,225.01930794541835,0.0,3.0,2.0,0.0
r201C10,3,8,all,4,edd,6.100000064179767e-06,1000693.1150369991,293.1150369991477,0.0,4.0,1.0,1.0
r201C10,3,8,all,4,sweep,6.70000008540228e-06,2153.5662458530574,239.40216720306992,151.41640786499875,4.0,0.0,0.0
r201C10,3,8,all,4,nearest,1.9899999642802868e-05,2008733.59239873,252.14780856677686,818.1444590163314,3.0,0.0,2.0
r201C10,3,8,all,4,grasp,0.0008283999995910563,2767.3570310485097,300.86073268654246,206.6496298361967,4.0,2.0,0.0
r201C10,3,8,all,4,mp_eavns,0.02392710000003717,525.0193079454184,225.01930794541835,0.0,3.0,2.0,0.0
r201C10,4,10,depot,1,edd,9.800000043469481e-06,4000846.917505341,346.91750534110406,0.0,5.0,0.0,4.0
r201C10,4,10,depot,1,sweep,8.200000593205914e-06,2286.117520847887,271.9534421978997,151.41640786499875,5.0,0.0,0.0
r201C10,4,10,depot,1,nearest,3.8299999687296804e-05,2008883.1468568237,301.70226666029146,818.1444590163314,4.0,0.0,2.0
r201C10,4,10,depot,1,grasp,0.0015503999993597972,3237.82410599413,258.4182803815418,257.9405825612588,4.0,0.0,0.0
r201C10,4,10,depot,1,mp_eavns,0.031346900000244204,662.3628873592409,262.36288735924086,0.0,4.0,0.0,0.0
r201C10,4,10,phased,4,edd,6.799999937356915e-06,1000858.5691586052,358.5691586051954,0.0,5.0,2.0,1.0
r201C10,4,10,phased,4,sweep,6.50000038149301e-06,2286.117520847887,271.9534421978997,151.41640786499875,5.0,0.0,0.0
r201C10,4,10,phased,4,nearest,2.2600000193051528e-05,2008883.1468568237,301.70226666029146,818.1444590163314,4.0,0.0,2.0
r201C10,4,10,phased,4,grasp,0.0008153999997375649,2214.8510192123586,300.68694056237115,151.41640786499875,4.0,1.0,0.0
r201C10,4,10,phased,4,mp_eavns,0.05108920000020589,659.324844360951,259.32484436095103,0.0,4.0,1.0,0.0
r201C10,4,10,all,4,edd,1.120000069931848e-05,1000858.5691586052,358.5691586051954,0.0,5.0,2.0,1.0
r201C10,4,10,all,4,sweep,1.2299999980314169e-05,2286.117520847887,271.9534421978997,151.41640786499875,5.0,0.0,0.0
r201C10,4,10,all,4,nearest,5.520000013348181e-05,2008883.1468568237,301.70226666029146,818.1444590163314,4.0,0.0,2.0
r201C10,4,10,all,4,grasp,0.0015142000002015266,2695.807176458691,279.3825117179224,201.64246647407685,4.0,1.0,0.0
r201C10,4,10,all,4,mp_eavns,0.052059700000427256,659.324844360951,259.32484436095103,0.0,4.0,1.0,0.0
r202C15,1,4,depot,1,edd,4.5000006139162e-06,1000498.3316821025,198.3316821025598,0.0,3.0,0.0,1.0
r202C15,1,4,depot,1,sweep,3.099999958067201e-06,1000482.1671510047,182.16715100460195,0.0,3.0,0.0,1.0
r202C15,1,4,depot,1,nearest,1.1299999641778413e-05,1001995.3302478307,134.83149161955498,166.04987562112092,2.0,0.0,1.0
r202C15,1,4,depot,1,grasp,0.00024650000068504596,1000334.4941032968,134.49410329676178,0.0,2.0,0.0,1.0
r202C15,1,4,depot,1,mp_eavns,0.0046416999994107755,1000334.4941032968,134.49410329676178,0.0,2.0,0.0,1.0
r202C15,1,4,phased,3,edd,3.6999999792897142e-06,498.3554834657673,198.35548346576726,0.0,3.0,1.0,0.0
r202C15,1,4,phased,3,sweep,3.3999995139311068e-06,482.1909523678094,182.19095236780942,0.0,3.0,1.0,0.0
r202C15,1,4,phased,3,nearest,9.599999430065509e-06,1995.3540491939716,134.85529298276245,166.04987562112092,2.0,1.0,0.0
r202C15,1,4,phased,3,grasp,0.0003387000006114249,337.32352336063354,137.32352336063354,0.0,2.0,1.0,0.0
r202C15,1,4,phased,3,mp_eavns,0.005190800000491436,337.32352336063354,137.32352336063354,0.0,2.0,1.0,0.0
r202C15,1,4,all,6,edd,3.100000867561903e-06,498.3554834657673,198.35548346576726,0.0,3.0,1.0,0.0
r202C15,1,4,all,6,sweep,3.099999958067201e-06,482.1909523678094,182.19095236780942,0.0,3.0,1.0,0.0
r202C15,1,4,all,6,nearest,7.700000423938036e-06,1995.3540491939716,134.85529298276245,166.04987562112092,2.0,1.0,0.0
r202C15,1,4,all,6,grasp,0.0002669000004971167,337.32352336063354,137.32352336063354,0.0,2.0,1.0,0.0
r202C15,1,4,all,6,mp_eavns,0.005152500000804139,337.32352336063354,137.32352336063354,0.0,2.0,1.0,0.0
r202C15,2,8,depot,1,edd,3.9000005926936865e-06,3000721.4561280725,321.4561280723842,0.0,4.0,0.0,3.0
r202C15,2,8,depot,1,sweep,3.6999999792897142e-06,1000795.4797180461,295.47971804611683,0.0,5.0,0.0,1.0
r202C15,2,8,depot,1,nearest,1.5699999494245276e-05,2007222.7396291557,294.28034627554763,652.8459282880272,4.0,0.0,2.0
r202C15,2,8,depot,1,grasp,0.0006582000005437294,1000720.0142248196,309.13414991330075,1.08800749063505,4.0,1.0,1.0
r202C15,2,8,depot,1,mp_eavns,0.02787880000050791,1000647.2146543011,247.21465430105877,0.0,4.0,0.0,1.0
r202C15,2,8,phased,4,edd,5.800000508315861e-06,1000727.7124629777,327.71246297778276,0.0,4.0,2.0,1.0
r202C15,2,8,phased,4,sweep,5.099999725644011e-06,799.5299001616063,299.52990016160624,0.0,5.0,1.0,0.0
r202C15,2,8,phased,4,nearest,1.8400000044493936e-05,7225.592850582899,297.13356770262686,652.8459282880272,4.0,2.0,0.0
r202C15,2,8,phased,4,grasp,0.0008542000005036243,694.6465723539052,294.64657235390524,0.0,4.0,2.0,0.0
r202C15,2,8,phased,4,mp_eavns,0.03898790000039298,650.0440743649306,250.04407436493057,0.0,4.0,1.0,0.0
r202C15,2,8,all,6,edd,6.999999641266186e-06,1000727.7124629777,327.71246297778276,0.0,4.0,2.0,1.0
r202C15,2,8,all,6,sweep,8.300000445160549e-06,799.5299001616063,299.52990016160624,0.0,5.0,1.0,0.0
r202C15,2,8,all,6,nearest,2.1300000298651867e-05,7225.592850582899,297.13356770262686,652.8459282880272,4.0,2.0,0.0
r202C15,2,8,all,6,grasp,0.0009695999997347826,694.6435552019024,294.64355520190236,0.0,4.0,2.0,0.0
r202C15,2,8,all,6,mp_eavns,0.03647909999926924,650.0440743649306,250.04407436493057,0.0,4.0,1.0,0.0
r202C15,3,12,depot,1,edd,6.70000008540228e-06,5001011.116172742,511.1161727420193,0.0,5.0,1.0,5.0
r202C15,3,12,depot,1,sweep,5.599999894911889e-06,2001151.2935538571,451.2935538572018,0.0,7.0,0.0,2.0
r202C15,3,12,depot,1,nearest,3.20999997711624e-05,4004808.1945492774,484.5540593886981,382.36404898889384,5.0,1.0,4.0
r202C15,3,12,depot,1,grasp,0.002956899999844609,1001068.5445210774,568.5445210774723,0.0,5.0,4.0,1.0
r202C15,3,12,depot,1,mp_eavns,0.13046469999972032,1001006.2971389464,406.29713894638843,0.0,6.0,0.0,1.0
r202C15,3,12,phased,5,edd,1.7800000023271423e-05,1001026.8965243053,526.8965243053484,0.0,5.0,4.0,1.0
r202C15,3,12,phased,5,sweep,7.3999999585794285e-06,1156.3379201959258,456.33792019592585,0.0,7.0,2.0,0.0
r202C15,3,12,phased,5,nearest,2.8899999961140566e-05,4787.319165843887,463.67867595494886,382.36404898889384,5.0,3.0,0.0
r202C15,3,12,phased,5,grasp,0.002232299999377574,1011.9918898494323,511.99188984943225,0.0,5.0,3.0,0.0
r202C15,3,12,phased,5,mp_eavns,0.12839589999930467,1006.8520943992501,406.8520943992501,0.0,6.0,2.0,0.0
r202C15,3,12,all,6,edd,7.999999979801942e-06,1001026.8965243053,526.8965243053484,0.0,5.0,4.0,1.0
r202C15,3,12,all,6,sweep,7.300000106624793e-06,1156.3379201959258,456.33792019592585,0.0,7.0,2.0,0.0
r202C15,3,12,all,6,nearest,3.0000000151630957e-05,4787.319165843887,463.67867595494886,382.36404898889384,5.0,3.0,0.0
r202C15,3,12,all,6,grasp,0.004682799999500276,973.0617650975398,473.0617650975398,0.0,5.0,3.0,0.0
r202C15,3,12,all,6,mp_eavns,0.16754820000005566,1006.8520943992501,406.8520943992501,0.0,6.0,2.0,0.0
r202C15,4,15,depot,1,edd,7.300000106624793e-06,6001422.192814782,722.1928147818714,0.0,7.0,1.0,6.0
r202C15,4,15,depot,1,sweep,6.100000064179767e-06,3003884.9978067405,557.9508076332128,252.70469991071963,8.0,0.0,3.0
r202C15,4,15,depot,1,nearest,4.069999977218686e-05,4011936.642627339,622.8327466684066,1071.380988067059,6.0,2.0,4.0
r202C15,4,15,depot,1,grasp,0.0053699000000051456,1003349.6207804064,707.1787709837306,194.24420094226997,7.0,4.0,1.0
r202C15,4,15,depot,1,mp_eavns,0.21800380000058794,1001238.062621282,538.0626212819516,0.0,7.0,1.0,1.0
r202C15,4,15,phased,6,edd,8.199999683711212e-06,2001425.2345675158,725.2345675158726,0.0,7.0,4.0,2.0
r202C15,4,15,phased,6,sweep,7.200000254670158e-06,3892.9378085239164,565.8908094167201,252.70469991071963,8.0,3.0,0.0
r202C15,4,15,phased,6,nearest,3.479999941191636e-05,1011898.3585798017,584.5486991311499,1071.380988067059,6.0,4.0,1.0
r202C15,4,15,phased,6,grasp,0.013409400000455207,3027.483787550206,666.9850313389968,166.04987562112092,7.0,5.0,0.0
r202C15,4,15,phased,6,mp_eavns,0.2543291000001773,1126.43341627053,526.43341627053,0.0,6.0,5.0,0.0
r202C15,4,15,all,6,edd,1.6900000446185004e-05,2001425.2345675158,725.2345675158726,0.0,7.0,4.0,2.0
r202C15,4,15,all,6,sweep,1.3500000022759195e-05,3892.9378085239164,565.8908094167201,252.70469991071963,8.0,3.0,0.0
r202C15,4,15,all,6,nearest,5.780000083177583e-05,1011898.3585798017,584.5486991311499,1071.380988067059,6.0,4.0,1.0
r202C15,4,15,all,6,grasp,0.011933499999940977,3000.0934178430066,620.0934178430066,178.0,6.0,6.0,0.0
r202C15,4,15,all,6,mp_eavns,0.2423402000003989,1205.2265681794197,505.22656817941976,0.0,7.0,3.0,0.0
r202C5,1,2,depot,1,edd,5.100000635138713e-06,169.65477246440747,69.65477246440747,0.0,1.0,0.0,0.0
r202C5,1,2,depot,1,sweep,3.499999365885742e-06,169.65477246440747,69.65477246440747,0.0,1.0,0.0,0.0
r202C5,1,2,depot,1,nearest,1.1899999663000926e-05,169.65477246440747,69.65477246440747,0.0,1.0,0.0,0.0
r202C5,1,2,depot,1,grasp,0.00021970000034343684,169.65477246440747,69.65477246440747,0.0,1.0,0.0,0.0
r202C5,1,2,depot,1,mp_eavns,0.002702099999623897,169.65477246440747,69.65477246440747,0.0,1.0,0.0,0.0
r202C5,1,2,phased,2,edd,3.200000719516538e-06,169.65477246440747,69.65477246440747,0.0,1.0,0.0,0.0
r202C5,1,2,phased,2,sweep,4.100000296602957e-06,169.65477246440747,69.65477246440747,0.0,1.0,0.0,0.0
r202C5,1,2,phased,2,nearest,7.200000254670158e-06,169.65477246440747,69.65477246440747,0.0,1.0,0.0,0.0
r202C5,1,2,phased,2,grasp,0.00021469999956025276,169.65477246440747,69.65477246440747,0.0,1.0,0.0,0.0
r202C5,1,2,phased,2,mp_eavns,0.0026460000008228235,169.65477246440747,69.65477246440747,0.0,1.0,0.0,0.0
r202C5,1,2,all,3,edd,2.7999994927085936e-06,169.65477246440747,69.65477246440747,0.0,1.0,0.0,0.0
r202C5,1,2,all,3,sweep,3.099999958067201e-06,169.65477246440747,69.65477246440747,0.0,1.0,0.0,0.0
r202C5,1,2,all,3,nearest,6.50000038149301e-06,169.65477246440747,69.65477246440747,0.0,1.0,0.0,0.0
r202C5,1,2,all,3,grasp,0.00021659999947587494,169.65477246440747,69.65477246440747,0.0,1.0,0.0,0.0
r202C5,1,2,all,3,mp_eavns,0.00182790000053501,169.65477246440747,69.65477246440747,0.0,1.0,0.0,0.0
r202C5,2,3,depot,1,edd,3.3000005714711733e-06,2000205.9850521095,105.98505210951791,0.0,1.0,0.0,2.0
r202C5,2,3,depot,1,sweep,2.3000002329354174e-06,1000198.208462211,98.20846221096764,0.0,1.0,0.0,1.0
r202C5,2,3,depot,1,nearest,7.700000423938036e-06,214.59918257289593,114.59918257289593,0.0,1.0,1.0,0.0
r202C5,2,3,depot,1,grasp,0.00017419999949197518,214.59918257289593,114.59918257289593,0.0,1.0,1.0,0.0
r202C5,2,3,depot,1,mp_eavns,0.003351700000166602,214.59918257289593,114.59918257289593,0.0,1.0,1.0,0.0
r202C5,2,3,phased,2,edd,2.499999936844688e-06,2000205.9850521095,105.98505210951791,0.0,1.0,0.0,2.0
r202C5,2,3,phased,2,sweep,1.8999999156221747e-06,1000198.208462211,98.20846221096764,0.0,1.0,0.0,1.0
r202C5,2,3,phased,2,nearest,5.599999894911889e-06,206.2850368154116,106.28503681541159,0.0,1.0,1.0,0.0
r202C5,2,3,phased,2,grasp,0.00018050000016955892,206.2850368154116,106.28503681541159,0.0,1.0,1.0,0.0
r202C5,2,3,phased,2,mp_eavns,0.0035185999995519524,206.2850368154116,106.28503681541159,0.0,1.0,1.0,0.0
r202C5,2,3,all,3,edd,2.7999994927085936e-06,2000205.9850521095,105.98505210951791,0.0,1.0,0.0,2.0
r202C5,2,3,all,3,sweep,2.499999936844688e-06,1000198.208462211,98.20846221096764,0.0,1.0,0.0,1.0
r202C5,2,3,all,3,nearest,5.899999450775795e-06,206.2850368154116,106.28503681541159,0.0,1.0,1.0,0.0
r202C5,2,3,all,3,grasp,0.00018629999976838008,206.2850368154116,106.28503681541159,0.0,1.0,1.0,0.0
r202C5,2,3,all,3,mp_eavns,0.006015799999659066,206.2850368154116,106.28503681541159,0.0,1.0,1.0,0.0
r202C5,3,4,depot,1,edd,4.999999873689376e-06,239.48332649412257,139.48332649412257,0.0,1.0,1.0,0.0
r202C5,3,4,depot,1,sweep,4.300000000512227e-06,2000223.0926061322,123.09260613219428,0.0,1.0,0.0,2.0
r202C5,3,4,depot,1,nearest,1.4700000065204222e-05,2000223.0926061322,123.09260613219428,0.0,1.0,0.0,2.0
r202C5,3,4,depot,1,grasp,0.001245299999936833,239.48332649412257,139.48332649412257,0.0,1.0,1.0,0.0
r202C5,3,4,depot,1,mp_eavns,0.012818799999877228,239.48332649412257,139.48332649412257,0.0,1.0,1.0,0.0
r202C5,3,4,phased,3,edd,4.800000169780105e-06,231.16918073663822,131.16918073663822,0.0,1.0,1.0,0.0
r202C5,3,4,phased,3,sweep,4.5000006139162e-06,2000223.0926061322,123.09260613219428,0.0,1.0,0.0,2.0
r202C5,3,4,phased,3,nearest,9.60000033956021e-06,225.18946155237245,125.18946155237244,0.0,1.0,1.0,0.0
r202C5,3,4,phased,3,grasp,0.0008366000001842622,225.18946155237245,125.18946155237244,0.0,1.0,1.0,0.0
r202C5,3,4,phased,3,mp_eavns,0.019470100000035018,225.18946155237245,125.18946155237244,0.0,1.0,1.0,0.0
r202C5,3,4,all,3,edd,5.100000635138713e-06,231.16918073663822,131.16918073663822,0.0,1.0,1.0,0.0
r202C5,3,4,all,3,sweep,4.5000006139162e-06,2000223.0926061322,123.09260613219428,0.0,1.0,0.0,2.0
r202C5,3,4,all,3,nearest,9.999999747378752e-06,225.18946155237245,125.18946155237244,0.0,1.0,1.0,0.0
r202C5,3,4,all,3,grasp,0.0007762999994156417,225.18946155237245,125.18946155237244,0.0,1.0,1.0,0.0
r202C5,3,4,all,3,mp_eavns,0.016287499999634747,225.18946155237245,125.18946155237244,0.0,1.0,1.0,0.0
r202C5,4,5,depot,1,edd,1.9799999790848233e-05,342.9086585207933,142.90865852079332,0.0,2.0,0.0,0.0
r202C5,4,5,depot,1,sweep,5.800000508315861e-06,2000354.7153827338,154.71538273387804,0.0,2.0,0.0,2.0
r202C5,4,5,depot,1,nearest,2.0700000277429353e-05,1002634.5312342703,141.0292254448228,229.35020088255231,2.0,0.0,1.0
r202C5,4,5,depot,1,grasp,0.0016518000002179178,371.10610309580636,171.10610309580633,0.0,2.0,1.0,0.0
r202C5,4,5,depot,1,mp_eavns,0.01971719999983179,342.9086585207933,142.90865852079332,0.0,2.0,0.0,0.0
r202C5,4,5,phased,3,edd,7.100000402715523e-06,342.9086585207933,142.90865852079332,0.0,2.0,0.0,0.0
r202C5,4,5,phased,3,sweep,1.0200000360782724e-05,2000354.7153827338,154.71538273387804,0.0,2.0,0.0,2.0
r202C5,4,5,phased,3,nearest,1.8200000340584666e-05,1002634.5312342703,141.0292254448228,229.35020088255231,2.0,0.0,1.0
r202C5,4,5,phased,3,grasp,0.0011026999991372577,356.8122381540562,156.81223815405622,0.0,2.0,1.0,0.0
r202C5,4,5,phased,3,mp_eavns,0.024072700000033365,342.9086585207933,142.90865852079332,0.0,2.0,0.0,0.0
r202C5,4,5,all,3,edd,8.900000466383062e-06,342.9086585207933,142.90865852079332,0.0,2.0,0.0,0.0
r202C5,4,5,all,3,sweep,1.539999993838137e-05,2000354.7153827338,154.71538273387804,0.0,2.0,0.0,2.0
r202C5,4,5,all,3,nearest,2.6499999876250513e-05,1002634.5312342703,141.0292254448228,229.35020088255231,2.0,0.0,1.0
r202C5,4,5,all,3,grasp,0.001599500000338594,362.791957338322,162.791957338322,0.0,2.0,1.0,0.0
r202C5,4,5,all,3,mp_eavns,0.022971200000029057,342.9086585207933,142.90865852079332,0.0,2.0,0.0,0.0
r203C10,1,3,depot,1,edd,4.900000021734741e-06,161.0293407795794,61.0293407795794,0.0,1.0,0.0,0.0
r203C10,1,3,depot,1,sweep,3.099999958067201e-06,161.23520893549528,61.23520893549528,0.0,1.0,0.0,0.0
r203C10,1,3,depot,1,nearest,1.2600000445672777e-05,161.23520893549528,61.23520893549528,0.0,1.0,0.0,0.0
r203C10,1,3,depot,1,grasp,0.0002586999999039108,161.0293407795794,61.0293407795794,0.0,1.0,0.0,0.0
r203C10,1,3,depot,1,mp_eavns,0.004014399999505258,161.0293407795794,61.0293407795794,0.0,1.0,0.0,0.0
r203C10,1,3,phased,2,edd,5.7999995988211595e-06,161.0293407795794,61.0293407795794,0.0,1.0,0.0,0.0
r203C10,1,3,phased,2,sweep,4.000000444648322e-06,161.23520893549528,61.23520893549528,0.0,1.0,0.0,0.0
r203C10,1,3,phased,2,nearest,1.1199999789823778e-05,161.23520893549528,61.23520893549528,0.0,1.0,0.0,0.0
r203C10,1,3,phased,2,grasp,0.00034309999955439707,161.0293407795794,61.0293407795794,0.0,1.0,0.0,0.0
r203C10,1,3,phased,2,mp_eavns,0.004324399999859452,161.0293407795794,61.0293407795794,0.0,1.0,0.0,0.0
r203C10,1,3,all,5,edd,4.800000169780105e-06,161.0293407795794,61.0293407795794,0.0,1.0,0.0,0.0
r203C10,1,3,all,5,sweep,4.800000169780105e-06,161.23520893549528,61.23520893549528,0.0,1.0,0.0,0.0
r203C10,1,3,all,5,nearest,1.1099999937869143e-05,161.23520893549528,61.23520893549528,0.0,1.0,0.0,0.0
r203C10,1,3,all,5,grasp,0.0002544999997553532,161.0293407795794,61.0293407795794,0.0,1.0,0.0,0.0
r203C10,1,3,all,5,mp_eavns,0.004323500000282365,161.0293407795794,61.0293407795794,0.0,1.0,0.0,0.0
r203C10,2,5,depot,1,edd,5.300000339047983e-06,313.3467431883445,113.34674318834446,0.0,2.0,0.0,0.0
r203C10,2,5,depot,1,sweep,4.600000465870835e-06,319.2126363268431,119.21263632684308,0.0,2.0,0.0,0.0
r203C10,2,5,depot,1,nearest,1.9699999938893598e-05,311.9256923282338,111.9256923282338,0.0,2.0,0.0,0.0
r203C10,2,5,depot,1,grasp,0.0010901000005105743,311.9256923282338,111.9256923282338,0.0,2.0,0.0,0.0
r203C10,2,5,depot,1,mp_eavns,0.01731169999948179,311.9256923282338,111.9256923282338,0.0,2.0,0.0,0.0
r203C10,2,5,phased,3,edd,9.700000191514846e-06,313.3467431883445,113.34674318834446,0.0,2.0,0.0,0.0
r203C10,2,5,phased,3,sweep,9.000000318337698e-06,319.2126363268431,119.21263632684308,0.0,2.0,0.0,0.0
r203C10,2,5,phased,3,nearest,2.6400000024295878e-05,311.9256923282338,111.9256923282338,0.0,2.0,0.0,0.0
r203C10,2,5,phased,3,grasp,0.0017312999998466694,311.9256923282338,111.9256923282338,0.0,2.0,0.0,0.0
r203C10,2,5,phased,3,mp_eavns,0.02448610000010376,311.9256923282338,111.9256923282338,0.0,2.0,0.0,0.0
r203C10,2,5,all,5,edd,5.800000508315861e-06,313.3467431883445,113.34674318834446,0.0,2.0,0.0,0.0
r203C10,2,5,all,5,sweep,6.199999916134402e-06,319.2126363268431,119.21263632684308,0.0,2.0,0.0,0.0
r203C10,2,5,all,5,nearest,1.5499999790336005e-05,311.9256923282338,111.9256923282338,0.0,2.0,0.0,0.0
r203C10,2,5,all,5,grasp,0.0007357000004049041,311.9256923282338,111.9256923282338,0.0,2.0,0.0,0.0
r203C10,2,5,all,5,mp_eavns,0.020279800000025716,311.9256923282338,111.9256923282338,0.0,2.0,0.0,0.0
r203C10,3,8,depot,1,edd,1.0099999599333387e-05,3000567.066949107,367.0669491072405,0.0,2.0,2.0,3.0
r203C10,3,8,depot,1,sweep,7.800000275892671e-06,1000428.0500193288,228.05001932877536,0.0,2.0,1.0,1.0
r203C10,3,8,depot,1,nearest,3.9000000469968654e-05,1000420.7630753302,220.76307533016606,0.0,2.0,1.0,1.0
r203C10,3,8,depot,1,grasp,0.0031945000000632717,527.5925521190741,327.59255211907407,0.0,2.0,3.0,0.0
r203C10,3,8,depot,1,mp_eavns,0.0499736000001576,474.9961659918174,274.9961659918174,0.0,2.0,2.0,0.0
r203C10,3,8,phased,4,edd,1.900000006571645e-05,4000564.6880517993,364.6880517993579,0.0,2.0,2.0,4.0
r203C10,3,8,phased,4,sweep,6.199999916134402e-06,430.6250232761713,230.62502327617128,0.0,2.0,2.0,0.0
r203C10,3,8,phased,4,nearest,1.849999989644857e-05,423.338079277562,223.33807927756197,0.0,2.0,2.0,0.0
r203C10,3,8,phased,4,grasp,0.0037033999997220235,423.338079277562,223.33807927756197,0.0,2.0,2.0,0.0
r203C10,3,8,phased,4,mp_eavns,0.08714969999982713,423.338079277562,223.33807927756197,0.0,2.0,2.0,0.0
r203C10,3,8,all,5,edd,8.89999955688836e-06,4000564.6880517993,364.6880517993579,0.0,2.0,2.0,4.0
r203C10,3,8,all,5,sweep,9.999999747378752e-06,430.6250232761713,230.62502327617128,0.0,2.0,2.0,0.0
r203C10,3,8,all,5,nearest,3.0100000003585592e-05,423.338079277562,223.33807927756197,0.0,2.0,2.0,0.0
r203C10,3,8,all,5,grasp,0.006407799999578856,487.6329834000791,287.6329834000791,0.0,2.0,3.0,0.0
r203C10,3,8,all,5,mp_eavns,0.07645249999950465,423.338079277562,223.33807927756197,0.0,2.0,2.0,0.0
r203C10,4,10,depot,1,edd,1.3799999578623101e-05,3000705.6975274556,405.6975274556239,0.0,3.0,2.0,3.0
r203C10,4,10,depot,1,sweep,4.300000000512227e-06,1000596.6365196842,296.63651968426166,0.0,3.0,1.0,1.0
r203C10,4,10,depot,1,nearest,2.3300000066228677e-05,4000591.374399873,291.3743998730526,0.0,3.0,0.0,4.0
r203C10,4,10,depot,1,grasp,0.003766600000744802,699.777553803099,399.7775538030989,0.0,3.0,3.0,0.0
r203C10,4,10,depot,1,mp_eavns,0.07769160000043485,645.4615475211906,345.4615475211906,0.0,3.0,2.0,0.0
r203C10,4,10,phased,5,edd,1.0900000233959872e-05,3000705.6975274556,405.6975274556239,0.0,3.0,2.0,3.0
r203C10,4,10,phased,5,sweep,1.0600000678095967e-05,1000596.6365196842,296.63651968426166,0.0,3.0,1.0,1.0
r203C10,4,10,phased,5,nearest,3.8099999983387534e-05,2000595.5402938435,295.5402938435445,0.0,3.0,1.0,2.0
r203C10,4,10,phased,5,grasp,0.009640199999921606,615.6277639125999,315.62776391259985,0.0,3.0,2.0,0.0
r203C10,4,10,phased,5,mp_eavns,0.14933549999932438,593.8034608069352,293.80346080693516,0.0,3.0,2.0,0.0
r203C10,4,10,all,5,edd,6.199999916134402e-06,3000705.6975274556,405.6975274556239,0.0,3.0,2.0,3.0
r203C10,4,10,all,5,sweep,6.600000233447645e-06,1000596.6365196842,296.63651968426166,0.0,3.0,1.0,1.0
r203C10,4,10,all,5,nearest,2.3799999326001853e-05,2000595.5402938435,295.5402938435445,0.0,3.0,1.0,2.0
r203C10,4,10,all,5,grasp,0.005505099999936647,596.0364958733965,296.0364958733965,0.0,3.0,2.0,0.0
r203C10,4,10,all,5,mp_eavns,0.11770799999976589,593.8034608069352,293.80346080693516,0.0,3.0,2.0,0.0
r203C5,1,2,depot,1,edd,3.99999953515362e-06,1000192.3713990066,92.37139900655453,0.0,1.0,0.0,1.0
r203C5,1,2,depot,1,sweep,2.499999936844688e-06,1000192.3713990066,92.37139900655453,0.0,1.0,0.0,1.0
r203C5,1,2,depot,1,nearest,8.799999704933725e-06,1000192.3713990066,92.37139900655453,0.0,1.0,0.0,1.0
r203C5,1,2,depot,1,grasp,0.00013330000001587905,1000192.3713990066,92.37139900655453,0.0,1.0,0.0,1.0
r203C5,1,2,depot,1,mp_eavns,0.0035906000002796645,297.6107143699412,97.61071436994118,0.0,2.0,0.0,0.0
r203C5,1,2,phased,2,edd,3.5000002753804438e-06,1000192.3713990066,92.37139900655453,0.0,1.0,0.0,1.0
r203C5,1,2,phased,2,sweep,3.5999992178403772e-06,204.92864941748132,104.92864941748134,0.0,1.0,1.0,0.0
r203C5,1,2,phased,2,nearest,6.000000212225132e-06,204.92864941748132,104.92864941748134,0.0,1.0,1.0,0.0
r203C5,1,2,phased,2,grasp,0.00014490000012301607,204.92864941748132,104.92864941748134,0.0,1.0,1.0,0.0
r203C5,1,2,phased,2,mp_eavns,0.002001900000323076,204.92864941748132,104.92864941748134,0.0,1.0,1.0,0.0
r203C5,1,2,all,4,edd,3.6999999792897142e-06,1000192.3713990066,92.37139900655453,0.0,1.0,0.0,1.0
r203C5,1,2,all,4,sweep,1.810000048863003e-05,204.92864941748132,104.92864941748134,0.0,1.0,1.0,0.0
r203C5,1,2,all,4,nearest,5.699999746866524e-06,204.92864941748132,104.92864941748134,0.0,1.0,1.0,0.0
r203C5,1,2,all,4,grasp,0.0002212999997937004,204.92864941748132,104.92864941748134,0.0,1.0,1.0,0.0
r203C5,1,2,all,4,mp_eavns,0.0020726000002468936,204.92864941748132,104.92864941748134,0.0,1.0,1.0,0.0
r203C5,2,3,depot,1,edd,3.000000106112566e-06,2000218.742460006,118.74246000600978,0.0,1.0,0.0,2.0
r203C5,2,3,depot,1,sweep,2.499999936844688e-06,2000213.5046835796,113.50468357954102,0.0,1.0,0.0,2.0
r203C5,2,3,depot,1,nearest,7.3999999585794285e-06,2000218.742460006,118.74246000600976,0.0,1.0,0.0,2.0
r203C5,2,3,depot,1,grasp,0.00029229999927338213,2000213.5046835796,113.50468357954104,0.0,1.0,0.0,2.0
r203C5,2,3,depot,1,mp_eavns,0.01539409999986674,448.71844372666374,148.71844372666374,0.0,3.0,0.0,0.0
r203C5,2,3,phased,3,edd,5.300000339047983e-06,234.13826784234377,134.13826784234377,0.0,1.0,1.0,0.0
r203C5,2,3,phased,3,sweep,5.099999725644011e-06,214.45203519875065,114.45203519875065,0.0,1.0,1.0,0.0
r203C5,2,3,phased,3,nearest,1.1500000255182385e-05,219.6898116252194,119.68981162521939,0.0,1.0,1.0,0.0
r203C5,2,3,phased,3,grasp,0.00038610000046901405,214.45203519875065,114.45203519875065,0.0,1.0,1.0,0.0
r203C5,2,3,phased,3,mp_eavns,0.007163899999795831,214.45203519875065,114.45203519875065,0.0,1.0,1.0,0.0
r203C5,2,3,all,4,edd,3.499999365885742e-06,234.13826784234377,134.13826784234377,0.0,1.0,1.0,0.0
r203C5,2,3,all,4,sweep,2.7999994927085936e-06,214.45203519875065,114.45203519875065,0.0,1.0,1.0,0.0
r203C5,2,3,all,4,nearest,7.099999493220821e-06,219.6898116252194,119.68981162521939,0.0,1.0,1.0,0.0
r203C5,2,3,all,4,grasp,0.0001990000000660075,214.45203519875065,114.45203519875065,0.0,1.0,1.0,0.0
r203C5,2,3,all,4,mp_eavns,0.004032200000438024,214.45203519875065,114.45203519875065,0.0,1.0,1.0,0.0
r203C5,3,4,depot,1,edd,3.000000106112566e-06,1000332.1233964862,132.12339648610242,0.0,2.0,0.0,1.0
r203C5,3,4,depot,1,sweep,1.8999999156221747e-06,2000347.4458090765,147.4458090764953,0.0,2.0,0.0,2.0
r203C5,3,4,depot,1,nearest,7.3999999585794285e-06,1000349.9657383341,149.96573833411384,0.0,2.0,0.0,1.0
r203C5,3,4,depot,1,grasp,0.00022759999956178945,1217.0258560483528,182.44029013983135,83.45855659085214,2.0,1.0,0.0
r203C5,3,4,depot,1,mp_eavns,0.006060200000320037,382.44029013983135,182.44029013983135,0.0,2.0,1.0,0.0
r203C5,3,4,phased,4,edd,2.8000004022032954e-06,1000332.1233964862,132.12339648610242,0.0,2.0,0.0,1.0
r203C5,3,4,phased,4,sweep,2.6999996407539584e-06,348.3931606957049,148.39316069570492,0.0,2.0,1.0,0.0
r203C5,3,4,phased,4,nearest,6.999999641266186e-06,366.5191621736551,166.51916217365513,0.0,2.0,1.0,0.0
r203C5,3,4,phased,4,grasp,0.00025099999947997276,338.9260113181504,138.92601131815042,0.0,2.0,1.0,0.0
r203C5,3,4,phased,4,mp_eavns,0.007161399999858986,338.9260113181504,138.92601131815042,0.0,2.0,1.0,0.0
r203C5,3,4,all,4,edd,3.1999998100218363e-06,1000332.1233964862,132.12339648610242,0.0,2.0,0.0,1.0
r203C5,3,4,all,4,sweep,2.6999996407539584e-06,348.3931606957049,148.39316069570492,0.0,2.0,1.0,0.0
r203C5,3,4,all,4,nearest,7.099999493220821e-06,366.5191621736551,166.51916217365513,0.0,2.0,1.0,0.0
r203C5,3,4,all,4,grasp,0.00026020000041171443,348.3931606957049,148.39316069570492,0.0,2.0,1.0,0.0
r203C5,3,4,all,4,mp_eavns,0.010981399999764108,338.9260113181504,138.92601131815042,0.0,2.0,1.0,0.0
r203C5,4,5,depot,1,edd,6.8999997893115506e-06,3000437.6227831044,237.62278310452652,0.0,2.0,0.0,3.0
r203C5,4,5,depot,1,sweep,6.199999916134402e-06,3000420.472182826,220.47218282611985,0.0,2.0,0.0,3.0
r203C5,4,5,depot,1,nearest,2.1299999389157165e-05,2000437.82926888,237.82926888006904,0.0,2.0,1.0,2.0
r203C5,4,5,depot,1,grasp,0.0006799000002501998,1001404.8893865943,270.30382068578655,83.45855659085214,3.0,1.0,1.0
r203C5,4,5,depot,1,mp_eavns,0.019576100000449514,1000470.3038206858,270.30382068578655,0.0,2.0,2.0,1.0
r203C5,4,5,phased,4,edd,7.900000127847306e-06,3000437.6227831044,237.62278310452652,0.0,2.0,0.0,3.0
r203C5,4,5,phased,4,sweep,7.600000571983401e-06,423.15690705445763,223.15690705445766,0.0,2.0,2.0,0.0
r203C5,4,5,phased,4,nearest,1.9699999938893598e-05,456.1200653287385,256.1200653287385,0.0,2.0,3.0,0.0
r203C5,4,5,phased,4,grasp,0.0008411999997406383,426.6584281406638,226.65842814066374,0.0,2.0,2.0,0.0
r203C5,4,5,phased,4,mp_eavns,0.024968100000478444,411.6600174102963,211.6600174102963,0.0,2.0,2.0,0.0
r203C5,4,5,all,4,edd,7.900000127847306e-06,3000437.6227831044,237.62278310452652,0.0,2.0,0.0,3.0
r203C5,4,5,all,4,sweep,8.099999831756577e-06,423.15690705445763,223.15690705445766,0.0,2.0,2.0,0.0
r203C5,4,5,all,4,nearest,2.3300000066228677e-05,456.1200653287385,256.1200653287385,0.0,2.0,3.0,0.0
r203C5,4,5,all,4,grasp,0.0007795999999871128,411.6600174102963,211.6600174102963,0.0,2.0,2.0,0.0
r203C5,4,5,all,4,mp_eavns,0.02534040000045934,411.6600174102963,211.6600174102963,0.0,2.0,2.0,0.0
r209C15,1,4,depot,1,edd,6.199999916134402e-06,465.54145337973364,165.54145337973364,0.0,3.0,0.0,0.0
r209C15,1,4,depot,1,sweep,5.199999577598646e-06,455.3299508307553,155.3299508307553,0.0,3.0,0.0,0.0
r209C15,1,4,depot,1,nearest,2.0500000573520083e-05,1000350.9454789589,150.9454789588436,0.0,2.0,0.0,1.0
r209C15,1,4,depot,1,grasp,0.0004453000001376495,444.06856853728056,144.06856853728056,0.0,3.0,0.0,0.0
r209C15,1,4,depot,1,mp_eavns,0.012485900000683614,444.06856853728056,144.06856853728056,0.0,3.0,0.0,0.0
r209C15,1,4,phased,2,edd,4.900000021734741e-06,465.54145337973364,165.54145337973364,0.0,3.0,0.0,0.0
r209C15,1,4,phased,2,sweep,4.600000465870835e-06,455.3299508307553,155.3299508307553,0.0,3.0,0.0,0.0
r209C15,1,4,phased,2,nearest,1.1199999789823778e-05,1000350.9454789589,150.9454789588436,0.0,2.0,0.0,1.0
r209C15,1,4,phased,2,grasp,0.00025770000047486974,444.06856853728056,144.06856853728056,0.0,3.0,0.0,0.0
r209C15,1,4,phased,2,mp_eavns,0.00648300000011659,444.06856853728056,144.06856853728056,0.0,3.0,0.0,0.0
r209C15,1,4,all,5,edd,4.400000761961564e-06,465.54145337973364,165.54145337973364,0.0,3.0,0.0,0.0
r209C15,1,4,all,5,sweep,3.7999998312443495e-06,455.3299508307553,155.3299508307553,0.0,3.0,0.0,0.0
r209C15,1,4,all,5,nearest,9.60000033956021e-06,1000350.9454789589,150.9454789588436,0.0,2.0,0.0,1.0
r209C15,1,4,all,5,grasp,0.00025769999956537504,444.06856853728056,144.06856853728056,0.0,3.0,0.0,0.0
r209C15,1,4,all,5,mp_eavns,0.008327900000040245,444.06856853728056,144.06856853728056,0.0,3.0,0.0,0.0
r209C15,2,8,depot,1,edd,5.300000339047983e-06,2000851.898381975,351.898381974919,0.0,5.0,0.0,2.0
r209C15,2,8,depot,1,sweep,4.399999852466863e-06,4264.910199121947,314.19682216958387,345.07133769523637,5.0,0.0,0.0
r209C15,2,8,depot,1,nearest,1.900000006571645e-05,1004157.8508218054,307.13744485306495,345.07133769523637,4.0,0.0,1.0
r209C15,2,8,depot,1,grasp,0.000926699999581615,1000702.0545670812,302.0545670811567,0.0,4.0,0.0,1.0
r209C15,2,8,depot,1,mp_eavns,0.05206019999968703,788.8188105381446,288.81881053814453,0.0,5.0,0.0,0.0
r209C15,2,8,phased,3,edd,1.0799999472510535e-05,1000862.5812900142,362.5812900141658,0.0,5.0,1.0,1.0
r209C15,2,8,phased,3,sweep,1.0200000360782724e-05,4264.910199121947,314.19682216958387,345.07133769523637,5.0,0.0,0.0
r209C15,2,8,phased,3,nearest,3.190000006725313e-05,4168.533729844676,317.8203528923118,345.07133769523637,4.0,1.0,0.0
r209C15,2,8,phased,3,grasp,0.0009736000001794309,735.6106032947916,335.6106032947916,0.0,4.0,2.0,0.0
r209C15,2,8,phased,3,mp_eavns,0.036792699999750766,697.031298774398,297.031298774398,0.0,4.0,1.0,0.0
r209C15,2,8,all,5,edd,6.70000008540228e-06,1000862.5812900142,362.5812900141658,0.0,5.0,1.0,1.0
r209C15,2,8,all,5,sweep,1.089999932446517e-05,4264.910199121947,314.19682216958387,345.07133769523637,5.0,0.0,0.0
r209C15,2,8,all,5,nearest,2.0700000277429353e-05,4168.533729844676,317.8203528923118,345.07133769523637,4.0,1.0,0.0
r209C15,2,8,all,5,grasp,0.0006337000004350557,737.6449978693123,337.6449978693123,0.0,4.0,2.0,0.0
r209C15,2,8,all,5,mp_eavns,0.045370200000434124,693.3569798980325,293.3569798980324,0.0,4.0,1.0,0.0
r209C15,3,12,depot,1,edd,7.100000402715523e-06,3001055.2457332597,455.24573325957175,0.0,6.0,0.0,3.0
r209C15,3,12,depot,1,sweep,5.599999894911889e-06,5895.450045992196,384.73666903983207,491.07133769523637,6.0,0.0,0.0
r209C15,3,12,depot,1,nearest,4.3200000618526246e-05,4373.817202939244,423.1038259868815,345.07133769523637,5.0,1.0,0.0
r209C15,3,12,depot,1,grasp,0.0009943000004568603,3927.48988018324,445.3767976049642,298.21130825782757,5.0,1.0,0.0
r209C15,3,12,depot,1,mp_eavns,0.14693690000058268,961.3264760500674,361.3264760500674,0.0,6.0,0.0,0.0
r209C15,3,12,phased,4,edd,7.600000571983401e-06,2001065.0882712589,465.0882712588119,0.0,6.0,1.0,2.0
r209C15,3,12,phased,4,sweep,7.099999493220821e-06,5895.450045992196,384.73666903983207,491.07133769523637,6.0,0.0,0.0
r209C15,3,12,phased,4,nearest,3.020000076503493e-05,4343.4005562557195,392.6871793033567,345.07133769523637,5.0,1.0,0.0
r209C15,3,12,phased,4,grasp,0.0011963999995714403,926.0878595845937,426.08785958459373,0.0,5.0,2.0,0.0
r209C15,3,12,phased,4,mp_eavns,0.09904259999984788,869.5389642863208,369.5389642863209,0.0,5.0,1.0,0.0
r209C15,3,12,all,5,edd,1.0300000212737359e-05,2001065.0882712589,465.0882712588119,0.0,6.0,1.0,2.0
r209C15,3,12,all,5,sweep,7.3999999585794285e-06,5895.450045992196,384.73666903983207,491.07133769523637,6.0,0.0,0.0
r209C15,3,12,all,5,nearest,3.1800000215298496e-05,4343.4005562557195,392.6871793033567,345.07133769523637,5.0,1.0,0.0
r209C15,3,12,all,5,grasp,0.0010972000000037951,932.7369383932414,432.7369383932414,0.0,5.0,3.0,0.0
r209C15,3,12,all,5,mp_eavns,0.10229160000017146,865.8646454099553,365.8646454099553,0.0,5.0,1.0,0.0
r209C15,4,15,depot,1,edd,1.3899999430577736e-05,3001374.5503909723,674.5503909720653,0.0,7.0,2.0,3.0
r209C15,4,15,depot,1,sweep,1.1500000255182385e-05,6076.459876481558,465.74649952919447,491.07133769523637,7.0,0.0,0.0
r209C15,4,15,depot,1,nearest,6.209999992279336e-05,2007594.7674319863,553.7824386475718,644.0984993338659,6.0,1.0,2.0
r209C15,4,15,depot,1,grasp,0.006056700000044657,6037.987932808517,591.3495781329096,484.66383546756083,6.0,3.0,0.0
r209C15,4,15,depot,1,mp_eavns,0.20293490000040038,1150.146404906095,450.1464049060951,0.0,7.0,0.0,0.0
r209C15,4,15,phased,5,edd,1.3900000340072438e-05,2001389.2823609638,689.2823609638015,0.0,7.0,4.0,2.0
r209C15,4,15,phased,5,sweep,1.3699999726668466e-05,6076.459876481558,465.74649952919447,491.07133769523637,7.0,0.0,0.0
r209C15,4,15,phased,5,nearest,5.8399999943503644e-05,1007575.033693342,534.0487000032938,644.0984993338659,6.0,2.0,1.0
r209C15,4,15,phased,5,grasp,0.007123200000023644,1845.5928667271164,600.9619424925596,64.46309242345569,6.0,3.0,0.0
r209C15,4,15,phased,5,mp_eavns,0.14995079999971495,1057.211058980069,457.211058980069,0.0,6.0,2.0,0.0
r209C15,4,15,all,5,edd,1.2999999853491317e-05,2001389.2823609638,689.2823609638015,0.0,7.0,4.0,2.0
r209C15,4,15,all,5,sweep,1.809999957913533e-05,6076.459876481558,465.74649952919447,491.07133769523637,7.0,0.0,0.0
r209C15,4,15,all,5,nearest,5.9500000133994035e-05,1007575.033693342,534.0487000032938,644.0984993338659,6.0,2.0,1.0
r209C15,4,15,all,5,grasp,0.008667199999763397,3147.0574709361754,632.1780602429392,191.4879410693236,6.0,5.0,0.0
r209C15,4,15,all,5,mp_eavns,0.2264242999999624,1062.4477416324269,462.44774163242687,0.0,6.0,2.0,0.0
rc102C10,1,3,depot,1,edd,4.70000031782547e-06,1000349.7224436864,149.72244368646838,0.0,2.0,0.0,1.0
rc102C10,1,3,depot,1,sweep,2.6999996407539584e-06,1000349.7224436864,149.72244368646838,0.0,2.0,0.0,1.0
rc102C10,1,3,depot,1,nearest,1.0099999599333387e-05,1000349.7224436864,149.72244368646838,0.0,2.0,0.0,1.0
rc102C10,1,3,depot,1,grasp,0.00030280000009952346,1046.953886526324,197.00905689006765,64.99448296362561,2.0,1.0,0.0
rc102C10,1,3,depot,1,mp_eavns,0.010273899999447167,497.00905689006765,197.00905689006765,0.0,3.0,0.0,0.0
rc102C10,1,3,phased,2,edd,9.40000063565094e-06,350.0084938677925,150.00849386779248,0.0,2.0,1.0,0.0
rc102C10,1,3,phased,2,sweep,4.900000021734741e-06,350.0084938677925,150.00849386779248,0.0,2.0,1.0,0.0
rc102C10,1,3,phased,2,nearest,9.800000043469481e-06,350.0084938677925,150.00849386779248,0.0,2.0,1.0,0.0
rc102C10,1,3,phased,2,grasp,0.00024150000081135659,350.0084938677925,150.00849386779248,0.0,2.0,1.0,0.0
rc102C10,1,3,phased,2,mp_eavns,0.00642969999989873,350.0084938677925,150.00849386779248,0.0,2.0,1.0,0.0
rc102C10,1,3,all,4,edd,7.700000423938036e-06,350.0084938677925,150.00849386779248,0.0,2.0,1.0,0.0
rc102C10,1,3,all,4,sweep,7.0000005507608876e-06,350.0084938677925,150.00849386779248,0.0,2.0,1.0,0.0
rc102C10,1,3,all,4,nearest,1.500000053056283e-05,350.0084938677925,150.00849386779248,0.0,2.0,1.0,0.0
rc102C10,1,3,all,4,grasp,0.0004458999992493773,350.0084938677925,150.00849386779248,0.0,2.0,1.0,0.0
rc102C10,1,3,all,4,mp_eavns,0.007405499999549647,350.0084938677925,150.00849386779248,0.0,2.0,1.0,0.0
rc102C10,2,5,depot,1,edd,4.999999873689376e-06,3000566.9766621743,266.97666217426115,0.0,3.0,0.0,3.0
rc102C10,2,5,depot,1,sweep,3.5000002753804438e-06,2000576.3754390797,276.3754390798142,0.0,3.0,0.0,2.0
rc102C10,2,5,depot,1,nearest,1.3300000318849925e-05,2002574.8559403413,283.814605551246,199.10413347899507,3.0,0.0,2.0
rc102C10,2,5,depot,1,grasp,0.0003204000004188856,1001643.8670637538,314.26327537786045,102.96037883758683,3.0,1.0,1.0
rc102C10,2,5,depot,1,mp_eavns,0.024491699999998673,1000731.1012187549,331.10121875484526,0.0,4.0,0.0,1.0
rc102C10,2,5,phased,3,edd,6.300000677583739e-06,776.3236352190572,268.5915046095364,20.773213060952088,3.0,2.0,0.0
rc102C10,2,5,phased,3,sweep,5.699999746866524e-06,1000577.9114212159,277.9114212158422,0.0,3.0,1.0,1.0
rc102C10,2,5,phased,3,nearest,1.340000017080456e-05,2576.6779726585487,285.63663786859814,199.10413347899507,3.0,2.0,0.0
rc102C10,2,5,phased,3,grasp,0.000549499999578984,948.4576532312254,268.7986944916133,37.965895873961216,3.0,2.0,0.0
rc102C10,2,5,phased,3,mp_eavns,0.02934980000009091,698.1211212314836,298.1211212314836,0.0,4.0,2.0,0.0
rc102C10,2,5,all,4,edd,7.40000086807413e-06,776.3236352190572,268.5915046095364,20.773213060952088,3.0,2.0,0.0
rc102C10,2,5,all,4,sweep,1.06999996205559e-05,1000577.9114212159,277.9114212158422,0.0,3.0,1.0,1.0
rc102C10,2,5,all,4,nearest,1.849999989644857e-05,2576.6779726585487,285.63663786859814,199.10413347899507,3.0,2.0,0.0
rc102C10,2,5,all,4,grasp,0.0005498999998962972,948.4576532312254,268.7986944916133,37.965895873961216,3.0,2.0,0.0
rc102C10,2,5,all,4,mp_eavns,0.03185900000062247,698.1211212314836,298.1211212314836,0.0,4.0,2.0,0.0
rc102C10,3,8,depot,1,edd,6.399999620043673e-06,3001707.7534939256,460.02367990574214,74.77298140196378,5.0,1.0,3.0
rc102C10,3,8,depot,1,sweep,4.70000031782547e-06,3000764.721493586,364.7214935858222,0.0,4.0,0.0,3.0
rc102C10,3,8,depot,1,nearest,2.519999998185085e-05,4002900.91847152,438.0866750102354,206.28317965096906,4.0,0.0,4.0
rc102C10,3,8,depot,1,grasp,0.0007013999993432662,1003310.8543616397,461.3899582243042,244.94644034154544,4.0,2.0,1.0
rc102C10,3,8,depot,1,mp_eavns,0.0785808000000543,1000945.9985291918,445.99852919177135,0.0,5.0,1.0,1.0
rc102C10,3,8,phased,4,edd,1.4299999747890979e-05,1001916.8144167889,461.3524721596932,95.54619446291586,5.0,2.0,1.0
rc102C10,3,8,phased,4,sweep,1.0299999303242657e-05,1000776.7303981464,369.9236440612987,0.6806754085162652,4.0,1.0,1.0
rc102C10,3,8,phased,4,nearest,4.169999920122791e-05,2002908.6048390574,445.773042547657,206.28317965096906,4.0,2.0,2.0
rc102C10,3,8,phased,4,grasp,0.0016049000005295966,2828.4044955812606,449.00245221876446,197.9402043362496,4.0,3.0,0.0
rc102C10,3,8,phased,4,mp_eavns,0.05391310000049998,796.9400981621029,390.1333440769402,0.6806754085162652,4.0,3.0,0.0
rc102C10,3,8,all,4,edd,1.0599999768601265e-05,1001916.8144167889,461.3524721596932,95.54619446291586,5.0,2.0,1.0
rc102C10,3,8,all,4,sweep,1.0200000360782724e-05,1000776.7303981464,369.9236440612987,0.6806754085162652,4.0,1.0,1.0
rc102C10,3,8,all,4,nearest,2.9799999538226984e-05,2002908.6048390574,445.773042547657,206.28317965096906,4.0,2.0,2.0
rc102C10,3,8,all,4,grasp,0.001592299999174429,3845.577735063422,475.15293021002407,297.0424804853398,4.0,4.0,0.0
rc102C10,3,8,all,4,mp_eavns,0.03945249999924272,796.9400981621029,390.1333440769402,0.6806754085162652,4.0,3.0,0.0
rc102C10,4,10,depot,1,edd,5.9000003602704965e-06,4002470.9741652976,535.7912034089065,143.5182961888852,5.0,1.0,4.0
rc102C10,4,10,depot,1,sweep,4.499999704421498e-06,5001065.418376535,416.9240441227129,24.8494332412792,4.0,0.0,5.0
rc102C10,4,10,depot,1,nearest,2.4500000108673703e-05,3003092.910165847,504.52836593255637,208.83817999143267,5.0,1.0,3.0
rc102C10,4,10,depot,1,grasp,0.0014843999997538049,1003107.7880235101,569.41388085696,203.83741426531876,5.0,3.0,1.0
rc102C10,4,10,depot,1,mp_eavns,0.0866305999998076,1001041.8362690549,517.1657502950013,2.467051875986101,5.0,2.0,1.0
rc102C10,4,10,phased,4,edd,1.0400000064691994e-05,2002680.0350881612,537.1199956628576,164.29150924983728,5.0,2.0,2.0
rc102C10,4,10,phased,4,sweep,1.049999991664663e-05,3001077.427281096,422.12619459818944,25.530108649795466,4.0,1.0,3.0
rc102C10,4,10,phased,4,nearest,3.699999979289714e-05,2002965.9943293147,492.9400296810078,197.3054299633602,5.0,2.0,2.0
rc102C10,4,10,phased,4,grasp,0.002828699999554374,1535.4991537455296,505.1239592998391,63.03751944456906,4.0,5.0,0.0
rc102C10,4,10,phased,4,mp_eavns,0.07959300000038638,851.4764581863406,451.4764581863406,0.0,4.0,4.0,0.0
rc102C10,4,10,all,4,edd,7.3999999585794285e-06,2002680.0350881612,537.1199956628576,164.29150924983728,5.0,2.0,2.0
rc102C10,4,10,all,4,sweep,7.300000106624793e-06,3001077.427281096,422.12619459818944,25.530108649795466,4.0,1.0,3.0
rc102C10,4,10,all,4,nearest,2.390000008745119e-05,2002965.9943293147,492.9400296810078,197.3054299633602,5.0,2.0,2.0
rc102C10,4,10,all,4,grasp,0.0021628000004056958,2833.3436509806993,586.7639209541753,174.6579730026524,5.0,5.0,0.0
rc102C10,4,10,all,4,mp_eavns,0.07948109999961162,851.4764581863406,451.4764581863406,0.0,4.0,4.0,0.0
rc103C15,1,4,depot,1,edd,4.900000021734741e-06,355.9989383473421,155.99893834734212,0.0,2.0,0.0,0.0
rc103C15,1,4,depot,1,sweep,2.599999788799323e-06,2001277.415246279,118.73562363793346,95.8679622641132,2.0,0.0,2.0
rc103C15,1,4,depot,1,nearest,1.3500000022759195e-05,2342.1187915033315,156.3380791952832,198.57807123080482,2.0,0.0,0.0
rc103C15,1,4,depot,1,grasp,0.00023550000059913145,355.9989383473421,155.99893834734212,0.0,2.0,0.0,0.0
rc103C15,1,4,depot,1,mp_eavns,0.0068264999999883,355.9989383473421,155.99893834734212,0.0,2.0,0.0,0.0
rc103C15,1,4,phased,2,edd,5.399999281507917e-06,355.9989383473421,155.99893834734212,0.0,2.0,0.0,0.0
rc103C15,1,4,phased,2,sweep,6.199999916134402e-06,1968.435212786923,122.25233212844532,164.6182880658478,2.0,1.0,0.0
rc103C15,1,4,phased,2,nearest,1.4199999895936344e-05,2342.1187915033315,156.3380791952832,198.57807123080482,2.0,0.0,0.0
rc103C15,1,4,phased,2,grasp,0.0004878999998254585,318.17579055542706,118.17579055542703,0.0,2.0,1.0,0.0
rc103C15,1,4,phased,2,mp_eavns,0.008345899999767425,318.17579055542706,118.17579055542703,0.0,2.0,1.0,0.0
rc103C15,1,4,all,5,edd,4.70000031782547e-06,355.9989383473421,155.99893834734212,0.0,2.0,0.0,0.0
rc103C15,1,4,all,5,sweep,4.100000296602957e-06,1968.435212786923,122.25233212844532,164.6182880658478,2.0,1.0,0.0
rc103C15,1,4,all,5,nearest,1.049999991664663e-05,2342.1187915033315,156.3380791952832,198.57807123080482,2.0,0.0,0.0
rc103C15,1,4,all,5,grasp,0.00024850000045262277,355.9989383473421,155.99893834734212,0.0,2.0,0.0,0.0
rc103C15,1,4,all,5,mp_eavns,0.007241199999953096,318.17579055542706,118.17579055542703,0.0,2.0,1.0,0.0
rc103C15,2,8,depot,1,edd,3.499999365885742e-06,3001460.2479357873,403.65747822085643,75.65904575664257,3.0,1.0,3.0
rc103C15,2,8,depot,1,sweep,3.6999999792897142e-06,3001525.5663042176,266.8866815763412,95.8679622641132,3.0,0.0,3.0
rc103C15,2,8,depot,1,nearest,1.5900000107649248e-05,2002681.7713668975,274.35862482397215,210.74127420734825,3.0,0.0,2.0
rc103C15,2,8,depot,1,grasp,0.0015740999997433391,1001002.6918922346,384.62239296627905,31.806949926827656,3.0,2.0,1.0
rc103C15,2,8,depot,1,mp_eavns,0.05131230000006326,1000579.1729041312,279.17290413118815,0.0,3.0,0.0,1.0
rc103C15,2,8,phased,3,edd,8.69999985297909e-06,2002467.9013249138,390.6649720970567,177.72363528168725,3.0,2.0,2.0
rc103C15,2,8,phased,3,sweep,8.400000297115184e-06,2216.6015828420786,270.4187021836008,164.6182880658478,3.0,2.0,0.0
rc103C15,2,8,phased,3,nearest,3.0499999411404133e-05,2685.251019095593,277.83827702211045,210.74127420734825,3.0,2.0,0.0
rc103C15,2,8,phased,3,grasp,0.0027718999999706284,1183.9561069657896,333.1318183715019,55.082428859428774,3.0,2.0,0.0
rc103C15,2,8,phased,3,mp_eavns,0.05878370000027644,537.3839377130852,237.38393771308515,0.0,3.0,2.0,0.0
rc103C15,2,8,all,5,edd,6.499999471998308e-06,2002467.9013249138,390.6649720970567,177.72363528168725,3.0,2.0,2.0
rc103C15,2,8,all,5,sweep,6.199999916134402e-06,2216.6015828420786,270.4187021836008,164.6182880658478,3.0,2.0,0.0
rc103C15,2,8,all,5,nearest,1.880000036180718e-05,2685.251019095593,277.83827702211045,210.74127420734825,3.0,2.0,0.0
rc103C15,2,8,all,5,grasp,0.002535100000386592,813.6080040680895,346.1097620874725,16.749824198061702,3.0,3.0,0.0
rc103C15,2,8,all,5,mp_eavns,0.051187799999752315,537.3839377130852,237.38393771308515,0.0,3.0,2.0,0.0
rc103C15,3,12,depot,1,edd,6.199999916134402e-06,5002113.44391756,620.4433715330439,109.3000546026949,4.0,2.0,5.0
rc103C15,3,12,depot,1,sweep,4.600000465870835e-06,4001721.238320663,362.558698022086,95.8679622641132,4.0,0.0,4.0
rc103C15,3,12,depot,1,nearest,2.8100000236008782e-05,6002987.614197641,480.2014555672483,210.74127420734825,4.0,0.0,6.0
rc103C15,3,12,depot,1,grasp,0.0034589000006235437,2002548.2870469913,495.7191644662835,165.25678825250827,4.0,2.0,2.0
rc103C15,3,12,depot,1,mp_eavns,0.12169240000002901,1000974.7320605214,474.73206052136834,0.0,5.0,1.0,1.0
rc103C15,3,12,phased,4,edd,7.699999514443334e-06,3001913.5972187524,608.6602430378805,90.49369757145601,4.0,4.0,3.0
rc103C15,3,12,phased,4,sweep,7.200000254670158e-06,1002416.3175850902,370.1347044317549,164.6182880658478,4.0,2.0,1.0
rc103C15,3,12,phased,4,nearest,3.0100000003585592e-05,3003236.8159831334,488.478272916122,234.83377102173418,4.0,3.0,3.0
rc103C15,3,12,phased,4,grasp,0.004613800000697665,1699.8406318648385,598.1197148969457,70.1720916967893,4.0,7.0,0.0
rc103C15,3,12,phased,4,mp_eavns,0.1374902999996266,790.768741210751,390.76874121075105,0.0,4.0,3.0,0.0
rc103C15,3,12,all,5,edd,8.199999683711212e-06,3001913.5972187524,608.6602430378805,90.49369757145601,4.0,4.0,3.0
rc103C15,3,12,all,5,sweep,1.2299999980314169e-05,1002416.3175850902,370.1347044317549,164.6182880658478,4.0,2.0,1.0
rc103C15,3,12,all,5,nearest,2.969999968627235e-05,3003236.8159831334,488.478272916122,234.83377102173418,4.0,3.0,3.0
rc103C15,3,12,all,5,grasp,0.006640500000685279,2194.2378751258793,547.1324848703262,124.7105390255553,4.0,6.0,0.0
rc103C15,3,12,all,5,mp_eavns,0.11317199999939476,790.7687412107509,390.768741210751,0.0,4.0,3.0,0.0
rc103C15,4,15,depot,1,edd,8.50000014906982e-06,6003155.93367682,768.1654879418235,188.7768188878504,5.0,3.0,6.0
rc103C15,4,15,depot,1,sweep,5.7999995988211595e-06,4001903.4828098607,444.8031872194405,95.8679622641132,5.0,0.0,4.0
rc103C15,4,15,depot,1,nearest,4.200000057608122e-05,5003610.141384342,622.1247592462279,248.8016625095185,5.0,2.0,5.0
rc103C15,4,15,depot,1,grasp,0.011282699999355827,1006019.4505688469,623.2163265312932,489.6234242315557,5.0,3.0,1.0
rc103C15,4,15,depot,1,mp_eavns,0.26079219999974157,1001146.9245800755,628.7195358453268,1.8205044230261649,5.0,4.0,1.0
rc103C15,4,15,phased,5,edd,1.249999968422344e-05,3004694.2097795913,759.3092464640698,343.49005331272065,5.0,7.0,3.0
rc103C15,4,15,phased,5,sweep,6.999999641266186e-06,1002598.5620742876,452.3791936291094,164.6182880658478,5.0,2.0,1.0
rc103C15,4,15,phased,5,nearest,3.749999996216502e-05,4381.3268114388775,622.6174809784486,325.87093304604286,5.0,7.0,0.0
rc103C15,4,15,phased,5,grasp,0.013282599999911326,4061.815496205076,666.8370897988866,289.49784064061896,5.0,6.0,0.0
rc103C15,4,15,phased,5,mp_eavns,0.2413278000003629,969.7522569060495,469.75225690604947,0.0,5.0,3.0,0.0
rc103C15,4,15,all,5,edd,1.2400000741763506e-05,3004694.2097795913,759.3092464640698,343.49005331272065,5.0,7.0,3.0
rc103C15,4,15,all,5,sweep,1.1000000085914508e-05,1002598.5620742876,452.3791936291094,164.6182880658478,5.0,2.0,1.0
rc103C15,4,15,all,5,nearest,5.870000040886225e-05,4381.3268114388775,622.6174809784486,325.87093304604286,5.0,7.0,0.0
rc103C15,4,15,all,5,grasp,0.014589800000067044,3211.0060712971504,691.2098183875829,201.97962529095673,5.0,7.0,0.0
rc103C15,4,15,all,5,mp_eavns,0.21139299999958894,969.7522569060495,469.75225690604947,0.0,5.0,3.0,0.0
rc105C5,1,2,depot,1,edd,4.900000021734741e-06,167.52631635038517,67.52631635038516,0.0,1.0,0.0,0.0
rc105C5,1,2,depot,1,sweep,7.200000254670158e-06,167.52631635038517,67.52631635038516,0.0,1.0,0.0,0.0
rc105C5,1,2,depot,1,nearest,1.2000000424450263e-05,259.88015696709857,67.52631635038517,9.23538406167134,1.0,0.0,0.0
rc105C5,1,2,depot,1,grasp,0.0002283000003444613,167.52631635038517,67.52631635038516,0.0,1.0,0.0,0.0
rc105C5,1,2,depot,1,mp_eavns,0.00236380000023928,167.52631635038517,67.52631635038516,0.0,1.0,0.0,0.0
rc105C5,1,2,phased,2,edd,4.000000444648322e-06,167.52631635038517,67.52631635038516,0.0,1.0,0.0,0.0
rc105C5,1,2,phased,2,sweep,3.899999683198985e-06,167.52631635038517,67.52631635038516,0.0,1.0,0.0,0.0
rc105C5,1,2,phased,2,nearest,7.3999999585794285e-06,259.88015696709857,67.52631635038517,9.23538406167134,1.0,0.0,0.0
rc105C5,1,2,phased,2,grasp,0.0002223999999841908,167.52631635038517,67.52631635038516,0.0,1.0,0.0,0.0
rc105C5,1,2,phased,2,mp_eavns,0.0024116000004141824,167.52631635038517,67.52631635038516,0.0,1.0,0.0,0.0
rc105C5,1,2,all,4,edd,3.1999998100218363e-06,167.52631635038517,67.52631635038516,0.0,1.0,0.0,0.0
rc105C5,1,2,all,4,sweep,3.6999999792897142e-06,167.52631635038517,67.52631635038516,0.0,1.0,0.0,0.0
rc105C5,1,2,all,4,nearest,7.499999810534064e-06,259.88015696709857,67.52631635038517,9.23538406167134,1.0,0.0,0.0
rc105C5,1,2,all,4,grasp,0.00021780000042781467,167.52631635038517,67.52631635038516,0.0,1.0,0.0,0.0
rc105C5,1,2,all,4,mp_eavns,0.0024431999991065823,167.52631635038517,67.52631635038516,0.0,1.0,0.0,0.0
rc105C5,2,3,depot,1,edd,4.000000444648322e-06,1000347.6877395981,147.68773959806052,0.0,2.0,0.0,1.0
rc105C5,2,3,depot,1,sweep,3.7999998312443495e-06,337.5263163503852,137.52631635038517,0.0,2.0,0.0,0.0
rc105C5,2,3,depot,1,nearest,1.0799999472510535e-05,429.88015696709857,137.52631635038517,9.23538406167134,2.0,0.0,0.0
rc105C5,2,3,depot,1,grasp,0.0003412000005482696,337.5263163503852,137.52631635038517,0.0,2.0,0.0,0.0
rc105C5,2,3,depot,1,mp_eavns,0.005773699999735982,337.5263163503852,137.52631635038517,0.0,2.0,0.0,0.0
rc105C5,2,3,phased,3,edd,5.300000339047983e-06,1000347.6877395981,147.68773959806052,0.0,2.0,0.0,1.0
rc105C5,2,3,phased,3,sweep,5.200000487093348e-06,337.5263163503852,137.52631635038517,0.0,2.0,0.0,0.0
rc105C5,2,3,phased,3,nearest,1.1699999959091656e-05,429.88015696709857,137.52631635038517,9.23538406167134,2.0,0.0,0.0
rc105C5,2,3,phased,3,grasp,0.00036220000038156286,337.5263163503852,137.52631635038517,0.0,2.0,0.0,0.0
rc105C5,2,3,phased,3,mp_eavns,0.005802699999549077,337.5263163503852,137.52631635038517,0.0,2.0,0.0,0.0
rc105C5,2,3,all,4,edd,3.899999683198985e-06,1000347.6877395981,147.68773959806052,0.0,2.0,0.0,1.0
rc105C5,2,3,all,4,sweep,4.300000000512227e-06,337.5263163503852,137.52631635038517,0.0,2.0,0.0,0.0
rc105C5,2,3,all,4,nearest,9.699999282020144e-06,429.88015696709857,137.52631635038517,9.23538406167134,2.0,0.0,0.0
rc105C5,2,3,all,4,grasp,0.0003787000005104346,337.5263163503852,137.52631635038517,0.0,2.0,0.0,0.0
rc105C5,2,3,all,4,mp_eavns,0.005664699999215372,337.5263163503852,137.52631635038517,0.0,2.0,0.0,0.0
rc105C5,3,4,depot,1,edd,3.99999953515362e-06,2000533.7109922685,233.71099226848676,0.0,3.0,0.0,2.0
rc105C5,3,4,depot,1,sweep,4.100000296602957e-06,1000523.5495690209,223.54956902081142,0.0,3.0,0.0,1.0
rc105C5,3,4,depot,1,nearest,1.2900000001536682e-05,1000615.9034096375,223.54956902081142,9.23538406167134,3.0,0.0,1.0
rc105C5,3,4,depot,1,grasp,0.0004630999992514262,1000523.5495690209,223.54956902081142,0.0,3.0,0.0,1.0
rc105C5,3,4,depot,1,mp_eavns,0.007208699999864621,1000523.5495690209,223.54956902081142,0.0,3.0,0.0,1.0
rc105C5,3,4,phased,4,edd,4.000000444648322e-06,1000535.4787115426,235.47871154257805,0.0,3.0,1.0,1.0
rc105C5,3,4,phased,4,sweep,3.7999998312443495e-06,525.3172882949027,225.3172882949027,0.0,3.0,1.0,0.0
rc105C5,3,4,phased,4,nearest,9.399999726156238e-06,617.671128911616,225.3172882949027,9.23538406167134,3.0,1.0,0.0
rc105C5,3,4,phased,4,grasp,0.0002961999998660758,525.3172882949027,225.3172882949027,0.0,3.0,1.0,0.0
rc105C5,3,4,phased,4,mp_eavns,0.007561800000075891,525.3172882949027,225.3172882949027,0.0,3.0,1.0,0.0
rc105C5,3,4,all,4,edd,5.699999746866524e-06,1000535.4787115426,235.47871154257805,0.0,3.0,1.0,1.0
rc105C5,3,4,all,4,sweep,5.599999894911889e-06,525.3172882949027,225.3172882949027,0.0,3.0,1.0,0.0
rc105C5,3,4,all,4,nearest,1.4100000043981709e-05,617.671128911616,225.3172882949027,9.23538406167134,3.0,1.0,0.0
rc105C5,3,4,all,4,grasp,0.000570299999708368,525.3172882949027,225.3172882949027,0.0,3.0,1.0,0.0
rc105C5,3,4,all,4,mp_eavns,0.011523599999236467,525.3172882949027,225.3172882949027,0.0,3.0,1.0,0.0
rc105C5,4,5,depot,1,edd,5.7999995988211595e-06,2000661.995263516,261.9952635159487,0.0,4.0,0.0,2.0
rc105C5,4,5,depot,1,sweep,3.6999999792897142e-06,1000651.8338402683,251.83384026827332,0.0,4.0,0.0,1.0
rc105C5,4,5,depot,1,nearest,1.4200000805431046e-05,1000669.245106313,269.2451063129835,0.0,4.0,0.0,1.0
rc105C5,4,5,depot,1,grasp,0.00031430000035470584,1000651.8338402683,251.83384026827332,0.0,4.0,0.0,1.0
rc105C5,4,5,depot,1,mp_eavns,0.011322000000291155,1000651.8338402683,251.83384026827332,0.0,4.0,0.0,1.0
rc105C5,4,5,phased,4,edd,5.699999746866524e-06,1000663.76298279,263.76298279004,0.0,4.0,1.0,1.0
rc105C5,4,5,phased,4,sweep,5.300000339047983e-06,653.6015595423646,253.6015595423646,0.0,4.0,1.0,0.0
rc105C5,4,5,phased,4,nearest,1.269999938813271e-05,671.0128255870748,271.0128255870748,0.0,4.0,1.0,0.0
rc105C5,4,5,phased,4,grasp,0.0004953999996359926,653.6015595423646,253.6015595423646,0.0,4.0,1.0,0.0
rc105C5,4,5,phased,4,mp_eavns,0.017098899999837158,653.6015595423646,253.6015595423646,0.0,4.0,1.0,0.0
rc105C5,4,5,all,4,edd,8.69999985297909e-06,1000663.76298279,263.76298279004,0.0,4.0,1.0,1.0
rc105C5,4,5,all,4,sweep,1.2900000001536682e-05,653.6015595423646,253.6015595423646,0.0,4.0,1.0,0.0
rc105C5,4,5,all,4,nearest,2.080000012938399e-05,671.0128255870748,271.0128255870748,0.0,4.0,1.0,0.0
rc105C5,4,5,all,4,grasp,0.0006593999996766797,653.6015595423646,253.6015595423646,0.0,4.0,1.0,0.0
rc105C5,4,5,all,4,mp_eavns,0.017330200000287732,653.6015595423646,253.6015595423646,0.0,4.0,1.0,0.0
rc108C10,1,3,depot,1,edd,6.50000038149301e-06,304.04023715888167,104.04023715888167,0.0,2.0,0.0,0.0
rc108C10,1,3,depot,1,sweep,4.799999260285404e-06,725.7168002672132,103.11388401252016,42.26029162546931,2.0,0.0,0.0
rc108C10,1,3,depot,1,nearest,1.650000012887176e-05,304.04023715888167,104.04023715888167,0.0,2.0,0.0,0.0
rc108C10,1,3,depot,1,grasp,0.0003411999996387749,291.2627974094514,91.26279740945145,0.0,2.0,0.0,0.0
rc108C10,1,3,depot,1,mp_eavns,0.006385200000295299,291.2627974094514,91.26279740945145,0.0,2.0,0.0,0.0
rc108C10,1,3,phased,2,edd,4.699999408330768e-06,304.04023715888167,104.04023715888167,0.0,2.0,0.0,0.0
rc108C10,1,3,phased,2,sweep,4.300000000512227e-06,725.7168002672132,103.11388401252016,42.26029162546931,2.0,0.0,0.0
rc108C10,1,3,phased,2,nearest,8.900000466383062e-06,304.04023715888167,104.04023715888167,0.0,2.0,0.0,0.0
rc108C10,1,3,phased,2,grasp,0.00017389999993611127,291.2627974094514,91.26279740945145,0.0,2.0,0.0,0.0
rc108C10,1,3,phased,2,mp_eavns,0.00819469999987632,291.2627974094514,91.26279740945145,0.0,2.0,0.0,0.0
rc108C10,1,3,all,4,edd,7.099999493220821e-06,304.04023715888167,104.04023715888167,0.0,2.0,0.0,0.0
rc108C10,1,3,all,4,sweep,6.599999323952943e-06,725.7168002672132,103.11388401252016,42.26029162546931,2.0,0.0,0.0
rc108C10,1,3,all,4,nearest,1.6699999832781032e-05,304.04023715888167,104.04023715888167,0.0,2.0,0.0,0.0
rc108C10,1,3,all,4,grasp,0.0003419999993639067,291.2627974094514,91.26279740945145,0.0,2.0,0.0,0.0
rc108C10,1,3,all,4,mp_eavns,0.006319899999652989,291.2627974094514,91.26279740945145,0.0,2.0,0.0,0.0
rc108C10,2,5,depot,1,edd,5.4000001910026185e-06,1000371.0169516129,171.01695161288774,0.0,2.0,0.0,1.0
rc108C10,2,5,depot,1,sweep,3.3000005714711733e-06,1000770.1445405326,147.54162427789555,42.26029162546931,2.0,0.0,1.0
rc108C10,2,5,depot,1,nearest,1.809999957913533e-05,1000357.8039670244,157.80396702443235,0.0,2.0,0.0,1.0
rc108C10,2,5,depot,1,grasp,0.000633900000138965,476.1217528946546,198.51769035902458,7.760406253563005,2.0,1.0,0.0
rc108C10,2,5,depot,1,mp_eavns,0.01790869999967981,363.53897814393514,163.53897814393514,0.0,2.0,1.0,0.0
rc108C10,2,5,phased,3,edd,6.200000825629104e-06,1000371.0169516129,171.01695161288774,0.0,2.0,0.0,1.0
rc108C10,2,5,phased,3,sweep,1.3699999726668466e-05,1000770.1445405326,147.54162427789555,42.26029162546931,2.0,0.0,1.0
rc108C10,2,5,phased,3,nearest,1.3900000340072438e-05,380.0476288546207,180.04762885462068,0.0,2.0,1.0,0.0
rc108C10,2,5,phased,3,grasp,0.0005529999998543644,380.0476288546207,180.04762885462068,0.0,2.0,1.0,0.0
rc108C10,2,5,phased,3,mp_eavns,0.015159800000219548,363.53897814393514,163.53897814393514,0.0,2.0,1.0,0.0
rc108C10,2,5,all,4,edd,7.3999999585794285e-06,1000371.0169516129,171.01695161288774,0.0,2.0,0.0,1.0
rc108C10,2,5,all,4,sweep,6.400000529538374e-06,1000770.1445405326,147.54162427789555,42.26029162546931,2.0,0.0,1.0
rc108C10,2,5,all,4,nearest,1.8699999600357842e-05,380.0476288546207,180.04762885462068,0.0,2.0,1.0,0.0
rc108C10,2,5,all,4,grasp,0.0006771999996999511,380.0476288546207,180.04762885462068,0.0,2.0,1.0,0.0
rc108C10,2,5,all,4,mp_eavns,0.01770730000043841,363.53897814393514,163.53897814393514,0.0,2.0,1.0,0.0
rc108C10,3,8,depot,1,edd,1.5600000551785342e-05,4000715.7200470776,415.7200470774168,0.0,3.0,1.0,4.0
rc108C10,3,8,depot,1,sweep,4.599999556376133e-06,4001058.1491444586,335.54622820368115,42.26029162546931,3.0,0.0,4.0
rc108C10,3,8,depot,1,nearest,2.2700000045006163e-05,4001288.1026567565,372.3348287783965,61.57678279780848,3.0,1.0,4.0
rc108C10,3,8,depot,1,grasp,0.0027184000000488595,2000670.4465789797,370.4465789797795,0.0,3.0,1.0,2.0
rc108C10,3,8,depot,1,mp_eavns,0.051955899999484245,2000586.2067512935,286.2067512934186,0.0,3.0,0.0,2.0
rc108C10,3,8,phased,4,edd,1.089999932446517e-05,1070.2600432045058,448.0146237666413,32.22454194378645,3.0,4.0,0.0
rc108C10,3,8,phased,4,sweep,1.0599999768601265e-05,3001060.6207206207,338.01780436597795,42.26029162546931,3.0,1.0,3.0
rc108C10,3,8,phased,4,nearest,3.110000034212135e-05,2026.665041045407,389.9388666740552,133.6726174371352,3.0,4.0,0.0
rc108C10,3,8,phased,4,grasp,0.0031281999999919208,684.499319978466,384.4993199784661,0.0,3.0,3.0,0.0
rc108C10,3,8,phased,4,mp_eavns,0.09507759999996779,608.5916256790778,308.59162567907777,0.0,3.0,2.0,0.0
rc108C10,3,8,all,4,edd,9.500000487605575e-06,1070.2600432045058,448.0146237666413,32.22454194378645,3.0,4.0,0.0
rc108C10,3,8,all,4,sweep,9.500000487605575e-06,3001060.6207206207,338.01780436597795,42.26029162546931,3.0,1.0,3.0
rc108C10,3,8,all,4,nearest,2.860000040527666e-05,2026.665041045407,389.9388666740552,133.6726174371352,3.0,4.0,0.0
rc108C10,3,8,all,4,grasp,0.004875599999650149,683.4046247115981,383.4046247115981,0.0,3.0,3.0,0.0
rc108C10,3,8,all,4,mp_eavns,0.07639349999953993,608.5916256790779,308.5916256790778,0.0,3.0,2.0,0.0
rc108C10,4,10,depot,1,edd,1.1199999789823778e-05,5000931.742170058,531.7421700583091,0.0,4.0,1.0,5.0
rc108C10,4,10,depot,1,sweep,9.000000318337698e-06,5001275.71818038,453.1152641252587,42.26029162546931,4.0,0.0,5.0
rc108C10,4,10,depot,1,nearest,4.089999947609613e-05,4002694.433848382,524.7482140815347,186.96856343002764,3.0,3.0,4.0
rc108C10,4,10,depot,1,grasp,0.0043875999999727355,2000922.859964283,522.8599642829176,0.0,4.0,2.0,2.0
rc108C10,4,10,depot,1,mp_eavns,0.10368060000018886,2000841.5238610932,441.5238610932954,0.0,4.0,1.0,2.0
rc108C10,4,10,phased,4,edd,6.8999997893115506e-06,1637.2916298821547,558.8890079880665,67.8402621894088,4.0,5.0,0.0
rc108C10,4,10,phased,4,sweep,6.50000038149301e-06,3001276.062839532,453.4599232769028,42.26029162546931,4.0,1.0,3.0
rc108C10,4,10,phased,4,nearest,2.680000034160912e-05,3416.0169227068436,525.3729420132998,259.06439806935435,3.0,6.0,0.0
rc108C10,4,10,phased,4,grasp,0.003047799999876588,1190.4717047053218,462.89129500485967,32.75804097004621,4.0,3.0,0.0
rc108C10,4,10,phased,4,mp_eavns,0.1070082000005641,797.7297435391981,397.7297435391981,0.0,4.0,3.0,0.0
rc108C10,4,10,all,4,edd,7.300000106624793e-06,1637.2916298821547,558.8890079880665,67.8402621894088,4.0,5.0,0.0
rc108C10,4,10,all,4,sweep,6.70000008540228e-06,3001276.062839532,453.4599232769028,42.26029162546931,4.0,1.0,3.0
rc108C10,4,10,all,4,nearest,2.320000021427404e-05,3416.0169227068436,525.3729420132998,259.06439806935435,3.0,6.0,0.0
rc108C10,4,10,all,4,grasp,0.0030510999995385646,1148.3853041841453,502.16693464101434,24.621836954313096,4.0,4.0,0.0
rc108C10,4,10,all,4,mp_eavns,0.14349570000013046,813.2127343532807,413.2127343532807,0.0,4.0,3.0,0.0
rc108C15,1,4,depot,1,edd,6.100000064179767e-06,1000495.0376695356,195.0376695356182,0.0,3.0,0.0,1.0
rc108C15,1,4,depot,1,sweep,3.899999683198985e-06,1000372.6400078138,172.64000781377848,0.0,2.0,0.0,1.0
rc108C15,1,4,depot,1,nearest,1.5699999494245276e-05,2000410.21035887,210.21035886999155,0.0,2.0,0.0,2.0
rc108C15,1,4,depot,1,grasp,0.0004239999998389976,1000372.6400078138,172.64000781377848,0.0,2.0,0.0,1.0
rc108C15,1,4,depot,1,mp_eavns,0.009113799999795447,1000372.6400078138,172.64000781377848,0.0,2.0,0.0,1.0
rc108C15,1,4,phased,2,edd,7.600000571983401e-06,495.15912647029165,195.15912647029168,0.0,3.0,1.0,0.0
rc108C15,1,4,phased,2,sweep,6.70000008540228e-06,372.6402056361149,172.6402056361149,0.0,2.0,1.0,0.0
rc108C15,1,4,phased,2,nearest,1.810000048863003e-05,1000410.2105566923,210.210556692328,0.0,2.0,1.0,1.0
rc108C15,1,4,phased,2,grasp,0.0005745999997088802,372.76146474845194,172.76146474845194,0.0,2.0,1.0,0.0
rc108C15,1,4,phased,2,mp_eavns,0.00865070000054402,372.6402056361149,172.6402056361149,0.0,2.0,1.0,0.0
rc108C15,1,4,all,5,edd,4.600000465870835e-06,495.15912647029165,195.15912647029168,0.0,3.0,1.0,0.0
rc108C15,1,4,all,5,sweep,4.100000296602957e-06,372.6402056361149,172.6402056361149,0.0,2.0,1.0,0.0
rc108C15,1,4,all,5,nearest,1.0199999451288022e-05,1000410.2105566923,210.210556692328,0.0,2.0,1.0,1.0
rc108C15,1,4,all,5,grasp,0.0003112999993390986,372.6402056361149,172.6402056361149,0.0,2.0,1.0,0.0
rc108C15,1,4,all,5,mp_eavns,0.012145500000769971,372.6402056361149,172.6402056361149,0.0,2.0,1.0,0.0
rc108C15,2,8,depot,1,edd,8.50000014906982e-06,4000794.566512621,394.5665126208586,0.0,4.0,0.0,4.0
rc108C15,2,8,depot,1,sweep,7.099999493220821e-06,3000767.2829113747,367.2829113749158,0.0,4.0,0.0,3.0
rc108C15,2,8,depot,1,nearest,3.1299999136535916e-05,4000836.182505703,436.1825057031999,0.0,4.0,1.0,4.0
rc108C15,2,8,depot,1,grasp,0.001429699999789591,3000759.0932430974,359.0932430976178,0.0,4.0,0.0,3.0
rc108C15,2,8,depot,1,mp_eavns,0.04704089999995631,3000759.0932430974,359.0932430976179,0.0,4.0,0.0,3.0
rc108C15,2,8,phased,3,edd,6.400000529538374e-06,805.1346298568168,405.1346298568168,0.0,4.0,3.0,0.0
rc108C15,2,8,phased,3,sweep,5.4000001910026185e-06,1000767.5327853033,367.53278530327896,0.0,4.0,2.0,1.0
rc108C15,2,8,phased,3,nearest,1.7800000023271423e-05,841.365562917784,441.3655629177841,0.0,4.0,5.0,0.0
rc108C15,2,8,phased,3,grasp,0.0010849999998754356,798.3752690105205,398.3752690105204,0.0,4.0,3.0,0.0
rc108C15,2,8,phased,3,mp_eavns,0.047119300000304065,787.9467374079469,387.9467374079469,0.0,4.0,3.0,0.0
rc108C15,2,8,all,5,edd,9.800000043469481e-06,805.1346298568168,405.1346298568168,0.0,4.0,3.0,0.0
rc108C15,2,8,all,5,sweep,1.0600000678095967e-05,767.5480974200268,367.54809742002675,0.0,4.0,3.0,0.0
rc108C15,2,8,all,5,nearest,3.0700000024808105e-05,824.7809362062292,424.7809362062292,0.0,4.0,5.0,0.0
rc108C15,2,8,all,5,grasp,0.0019959999999628053,769.6454956331695,369.64549563316956,0.0,4.0,3.0,0.0
rc108C15,2,8,all,5,mp_eavns,0.06041629999981524,767.5480974200268,367.54809742002675,0.0,4.0,3.0,0.0
rc108C15,3,12,depot,1,edd,6.599999323952943e-06,6002473.113379877,755.8997491599316,121.72136307172269,5.0,2.0,6.0
rc108C15,3,12,depot,1,sweep,4.599999556376133e-06,5001136.71725976,536.717259760395,0.0,6.0,0.0,5.0
rc108C15,3,12,depot,1,nearest,2.8499999643827323e-05,6001226.505180805,626.5051808052334,0.0,6.0,1.0,6.0
rc108C15,3,12,depot,1,grasp,0.0013376000006246613,4001342.597184939,578.6638782543658,26.39333066845117,5.0,2.0,4.0
rc108C15,3,12,depot,1,mp_eavns,0.08059440000033646,4001051.935776279,551.9357762788877,0.0,5.0,2.0,4.0
rc108C15,3,12,phased,4,edd,7.600000571983401e-06,2002474.3550241594,757.1413934421673,121.72136307172269,5.0,5.0,2.0
rc108C15,3,12,phased,4,sweep,6.999999641266186e-06,2001160.8440919945,560.8440919944973,0.0,6.0,3.0,2.0
rc108C15,3,12,phased,4,nearest,2.8700000257231295e-05,1001255.5651963255,655.5651963255566,0.0,6.0,6.0,1.0
rc108C15,3,12,phased,4,grasp,0.0020784000007552095,1118.5645648786951,618.5645648786951,0.0,5.0,6.0,0.0
rc108C15,3,12,phased,4,mp_eavns,0.10830260000057024,1089.8836762218098,589.8836762218099,0.0,5.0,5.0,0.0
rc108C15,3,12,all,5,edd,2.6400000024295878e-05,2002474.3550241594,757.1413934421673,121.72136307172269,5.0,5.0,2.0
rc108C15,3,12,all,5,sweep,1.6999999388644937e-05,1161.382501315566,561.3825013155661,0.0,6.0,4.0,0.0
rc108C15,3,12,all,5,nearest,7.29000003047986e-05,1001238.980569614,638.9805696140019,0.0,6.0,6.0,1.0
rc108C15,3,12,all,5,grasp,0.0033641999998508254,1493.534015886991,659.0772512035973,23.44567646833937,6.0,6.0,0.0
rc108C15,3,12,all,5,mp_eavns,0.14898859999993874,1061.382501315566,561.3825013155661,0.0,5.0,5.0,0.0
rc108C15,4,15,depot,1,edd,8.800000614428427e-06,9001668.951205185,968.9512051844374,0.0,7.0,2.0,9.0
rc108C15,4,15,depot,1,sweep,6.70000008540228e-06,6001151.889634765,551.8896347648837,0.0,6.0,0.0,6.0
rc108C15,4,15,depot,1,nearest,4.389999958220869e-05,8001328.833515399,728.8335153986923,0.0,6.0,0.0,8.0
rc108C15,4,15,depot,1,grasp,0.004534900000180642,5002224.696667284,932.0242795287954,59.26723877550205,7.0,5.0,5.0
rc108C15,4,15,depot,1,mp_eavns,0.16346669999984442,4001180.930810539,580.9308105391526,0.0,6.0,1.0,4.0
rc108C15,4,15,phased,5,edd,9.000000318337698e-06,2003445.159663551,1031.7416826819879,171.34179808689564,7.0,9.0,2.0
rc108C15,4,15,phased,5,sweep,7.600000571983401e-06,1001176.5548763201,576.5548763200547,0.0,6.0,4.0,1.0
rc108C15,4,15,phased,5,nearest,3.990000004705507e-05,4001793.24426287,758.0671027783785,43.51771600914219,6.0,4.0,4.0
rc108C15,4,15,phased,5,grasp,0.004121199999644887,1269.5496257016987,669.5496257016987,0.0,6.0,7.0,0.0
rc108C15,4,15,phased,5,mp_eavns,0.21215140000003885,1212.140586683051,612.140586683051,0.0,6.0,6.0,0.0
rc108C15,4,15,all,5,edd,7.999999979801942e-06,2003445.159663551,1031.7416826819879,171.34179808689564,7.0,9.0,2.0
rc108C15,4,15,all,5,sweep,7.900000127847306e-06,1001176.5548763201,576.5548763200547,0.0,6.0,4.0,1.0
rc108C15,4,15,all,5,nearest,3.4300000152143184e-05,4001793.24426287,758.0671027783785,43.51771600914219,6.0,4.0,4.0
rc108C15,4,15,all,5,grasp,0.003124099999695318,1468.3639574413082,768.3639574413083,0.0,7.0,8.0,0.0
rc108C15,4,15,all,5,mp_eavns,0.21168390000002546,1177.4666195892182,577.4666195892181,0.0,6.0,5.0,0.0
rc108C5,1,2,depot,1,edd,4.499999704421498e-06,1000374.9202874479,174.92028744789238,0.0,2.0,0.0,1.0
rc108C5,1,2,depot,1,sweep,2.100000529026147e-06,1000374.9202874479,174.92028744789235,0.0,2.0,0.0,1.0
rc108C5,1,2,depot,1,nearest,8.200000593205914e-06,1000374.9202874479,174.92028744789235,0.0,2.0,0.0,1.0
rc108C5,1,2,depot,1,grasp,0.0001432999997632578,1000374.9202874479,174.92028744789235,0.0,2.0,0.0,1.0
rc108C5,1,2,depot,1,mp_eavns,0.0013655000002472661,1000374.9202874479,174.92028744789235,0.0,2.0,0.0,1.0
rc108C5,1,2,phased,2,edd,2.1999994714860804e-06,375.6179633978903,175.61796339789035,0.0,2.0,1.0,0.0
rc108C5,1,2,phased,2,sweep,2.3000002329354174e-06,375.6179633978903,175.61796339789032,0.0,2.0,1.0,0.0
rc108C5,1,2,phased,2,nearest,4.900000021734741e-06,375.6179633978903,175.61796339789032,0.0,2.0,1.0,0.0
rc108C5,1,2,phased,2,grasp,0.00017759999991540099,375.6179633978903,175.61796339789035,0.0,2.0,1.0,0.0
rc108C5,1,2,phased,2,mp_eavns,0.0015545999995083548,375.6179633978903,175.61796339789032,0.0,2.0,1.0,0.0
rc108C5,1,2,all,4,edd,1.6999993022182025e-06,375.6179633978903,175.61796339789035,0.0,2.0,1.0,0.0
rc108C5,1,2,all,4,sweep,1.499999598308932e-06,375.6179633978903,175.61796339789032,0.0,2.0,1.0,0.0
rc108C5,1,2,all,4,nearest,3.6999999792897142e-06,375.6179633978903,175.61796339789032,0.0,2.0,1.0,0.0
rc108C5,1,2,all,4,grasp,0.0001864000005298294,375.6179633978903,175.61796339789035,0.0,2.0,1.0,0.0
rc108C5,1,2,all,4,mp_eavns,0.0017099999995480175,375.6179633978903,175.61796339789032,0.0,2.0,1.0,0.0
rc108C5,2,3,depot,1,edd,2.599999788799323e-06,2000410.0292275508,210.02922755073246,0.0,2.0,0.0,2.0
rc108C5,2,3,depot,1,sweep,2.099999619531445e-06,2000410.0292275508,210.02922755073246,0.0,2.0,0.0,2.0
rc108C5,2,3,depot,1,nearest,5.899999450775795e-06,2000665.739237762,264.9202874478924,20.081895031410113,2.0,1.0,2.0
rc108C5,2,3,depot,1,grasp,0.00020430000040505547,2000410.0292275508,210.02922755073246,0.0,2.0,0.0,2.0
rc108C5,2,3,depot,1,mp_eavns,0.0035899999993489473,2000410.0292275508,210.02922755073246,0.0,2.0,0.0,2.0
rc108C5,2,3,phased,3,edd,2.100000529026147e-06,410.0338887336792,210.03388873367916,0.0,2.0,1.0,0.0
rc108C5,2,3,phased,3,sweep,2.1999994714860804e-06,410.03388873367913,210.03388873367913,0.0,2.0,1.0,0.0
rc108C5,2,3,phased,3,nearest,5.200000487093348e-06,444.53638940065116,244.5363894006512,0.0,2.0,3.0,0.0
rc108C5,2,3,phased,3,grasp,0.0002997999999934109,410.03388873367913,210.03388873367913,0.0,2.0,1.0,0.0
rc108C5,2,3,phased,3,mp_eavns,0.005423900000096182,410.03388873367913,210.03388873367913,0.0,2.0,1.0,0.0
rc108C5,2,3,all,4,edd,2.4000000848900527e-06,410.0338887336792,210.03388873367916,0.0,2.0,1.0,0.0
rc108C5,2,3,all,4,sweep,3.099999958067201e-06,410.03388873367913,210.03388873367913,0.0,2.0,1.0,0.0
rc108C5,2,3,all,4,nearest,5.500000042957254e-06,444.53638940065116,244.5363894006512,0.0,2.0,3.0,0.0
rc108C5,2,3,all,4,grasp,0.0003206000001227949,410.03388873367913,210.03388873367913,0.0,2.0,1.0,0.0
rc108C5,2,3,all,4,mp_eavns,0.0056200999997599865,410.03388873367913,210.03388873367913,0.0,2.0,1.0,0.0
rc108C5,3,4,depot,1,edd,2.9000002541579306e-06,3000621.4377214825,321.43772148237787,0.0,3.0,0.0,3.0
rc108C5,3,4,depot,1,sweep,2.599999788799323e-06,3000604.897557356,304.8975573557839,0.0,3.0,0.0,3.0
rc108C5,3,4,depot,1,nearest,8.900000466383062e-06,3000860.607567567,359.78861725294377,20.081895031410113,3.0,1.0,3.0
rc108C5,3,4,depot,1,grasp,0.0002856999999494292,3000621.4377214825,321.4377214823779,0.0,3.0,0.0,3.0
rc108C5,3,4,depot,1,mp_eavns,0.009867599999779486,3000604.897557356,304.8975573557839,0.0,3.0,0.0,3.0
rc108C5,3,4,phased,4,edd,3.099999958067201e-06,633.1282065228152,333.12820652281516,0.0,3.0,3.0,0.0
rc108C5,3,4,phased,4,sweep,2.999999196617864e-06,608.9615164578877,308.9615164578876,0.0,3.0,2.0,0.0
rc108C5,3,4,phased,4,nearest,7.499999810534064e-06,643.4640171248597,343.46401712485965,0.0,3.0,4.0,0.0
rc108C5,3,4,phased,4,grasp,0.00041979999969044,633.1282065228152,333.12820652281516,0.0,3.0,3.0,0.0
rc108C5,3,4,phased,4,mp_eavns,0.016038400000070396,608.9615164578877,308.9615164578876,0.0,3.0,2.0,0.0
rc108C5,3,4,all,4,edd,3.3999995139311068e-06,633.1282065228152,333.12820652281516,0.0,3.0,3.0,0.0
rc108C5,3,4,all,4,sweep,3.4000004234258085e-06,608.9615164578877,308.9615164578876,0.0,3.0,2.0,0.0
rc108C5,3,4,all,4,nearest,7.900000127847306e-06,643.4640171248597,343.46401712485965,0.0,3.0,4.0,0.0
rc108C5,3,4,all,4,grasp,0.00044189999971422367,633.1282065228152,333.1282065228151,0.0,3.0,3.0,0.0
rc108C5,3,4,all,4,mp_eavns,0.025393199999598437,608.9615164578877,308.9615164578876,0.0,3.0,2.0,0.0
rc108C5,4,5,depot,1,edd,7.3999999585794285e-06,3000672.4279166185,372.42791661830574,0.0,3.0,1.0,3.0
rc108C5,4,5,depot,1,sweep,5.899999450775795e-06,3000611.2427612687,311.242761268684,0.0,3.0,0.0,3.0
rc108C5,4,5,depot,1,nearest,2.2400000489142258e-05,3000866.9527714797,366.1338211658439,20.081895031410113,3.0,1.0,3.0
rc108C5,4,5,depot,1,grasp,0.0006967999997868901,3000611.2427612687,311.242761268684,0.0,3.0,0.0,3.0
rc108C5,4,5,depot,1,mp_eavns,0.013845800000126474,3000611.2427612687,311.242761268684,0.0,3.0,0.0,3.0
rc108C5,4,5,phased,4,edd,5.599999894911889e-06,684.118401658743,384.118401658743,0.0,3.0,4.0,0.0
rc108C5,4,5,phased,4,sweep,4.999999873689376e-06,1000611.2474224516,311.24742245163065,0.0,3.0,1.0,1.0
rc108C5,4,5,phased,4,nearest,1.2299999980314169e-05,649.8092210377598,349.8092210377598,0.0,3.0,4.0,0.0
rc108C5,4,5,phased,4,grasp,0.0005215999999563792,694.4542122607875,394.45421226078753,0.0,3.0,5.0,0.0
rc108C5,4,5,phased,4,mp_eavns,0.015106300000297779,615.3067203707877,315.30672037078773,0.0,3.0,2.0,0.0
rc108C5,4,5,all,4,edd,3.99999953515362e-06,684.118401658743,384.118401658743,0.0,3.0,4.0,0.0
rc108C5,4,5,all,4,sweep,4.399999852466863e-06,1000611.2474224516,311.24742245163065,0.0,3.0,1.0,1.0
rc108C5,4,5,all,4,nearest,1.0400000064691994e-05,649.8092210377598,349.8092210377598,0.0,3.0,4.0,0.0
rc108C5,4,5,all,4,grasp,0.0005197999998927116,615.3067203707877,315.30672037078773,0.0,3.0,2.0,0.0
rc108C5,4,5,all,4,mp_eavns,0.01490509999985079,615.3067203707877,315.30672037078773,0.0,3.0,2.0,0.0
rc201C10,1,3,depot,1,edd,3.2999996619764715e-06,399.02019706710774,199.02019706710774,0.0,2.0,1.0,0.0
rc201C10,1,3,depot,1,sweep,2.599999788799323e-06,399.02019706710774,199.02019706710774,0.0,2.0,1.0,0.0
rc201C10,1,3,depot,1,nearest,6.799999937356915e-06,1000366.88105878,166.8810587800455,0.0,2.0,0.0,1.0
rc201C10,1,3,depot,1,grasp,0.0001916999999593827,399.02019706710774,199.02019706710774,0.0,2.0,1.0,0.0
rc201C10,1,3,depot,1,mp_eavns,0.004239599999891652,399.02019706710774,199.02019706710774,0.0,2.0,1.0,0.0
rc201C10,1,3,phased,2,edd,2.200000380980782e-06,399.02019706710774,199.02019706710774,0.0,2.0,1.0,0.0
rc201C10,1,3,phased,2,sweep,2.8000004022032954e-06,378.65890321326856,178.65890321326853,0.0,2.0,1.0,0.0
rc201C10,1,3,phased,2,nearest,5.700000656361226e-06,366.9472440961614,166.9472440961614,0.0,2.0,1.0,0.0
rc201C10,1,3,phased,2,grasp,0.0002113999998982763,366.9472440961614,166.9472440961614,0.0,2.0,1.0,0.0
rc201C10,1,3,phased,2,mp_eavns,0.004422300000442192,366.9472440961614,166.9472440961614,0.0,2.0,1.0,0.0
rc201C10,1,3,all,4,edd,2.3000002329354174e-06,399.02019706710774,199.02019706710774,0.0,2.0,1.0,0.0
rc201C10,1,3,all,4,sweep,1.99999976757681e-06,378.65890321326856,178.65890321326853,0.0,2.0,1.0,0.0
rc201C10,1,3,all,4,nearest,5.300000339047983e-06,366.9472440961614,166.9472440961614,0.0,2.0,1.0,0.0
rc201C10,1,3,all,4,grasp,0.00022929999977350235,366.9472440961614,166.9472440961614,0.0,2.0,1.0,0.0
rc201C10,1,3,all,4,mp_eavns,0.0045889000002716784,366.9472440961614,166.9472440961614,0.0,2.0,1.0,0.0
rc201C10,2,5,depot,1,edd,3.099999958067201e-06,448.1429765541567,248.1429765541567,0.0,2.0,2.0,0.0
rc201C10,2,5,depot,1,sweep,2.7999994927085936e-06,415.35744316677415,215.35744316677417,0.0,2.0,1.0,0.0
rc201C10,2,5,depot,1,nearest,8.799999704933725e-06,8781.713560005952,215.35744316677417,836.6356116839178,2.0,1.0,0.0
rc201C10,2,5,depot,1,grasp,0.0006992999997237348,448.1429765541567,248.1429765541567,0.0,2.0,2.0,0.0
rc201C10,2,5,depot,1,mp_eavns,0.009617400000024645,415.35744316677415,215.35744316677417,0.0,2.0,1.0,0.0
rc201C10,2,5,phased,3,edd,2.599999788799323e-06,448.1429765541567,248.1429765541567,0.0,2.0,2.0,0.0
rc201C10,2,5,phased,3,sweep,2.600000698294025e-06,394.99614931293496,194.99614931293496,0.0,2.0,1.0,0.0
rc201C10,2,5,phased,3,nearest,7.900000127847306e-06,8781.713560005952,215.35744316677417,836.6356116839178,2.0,1.0,0.0
rc201C10,2,5,phased,3,grasp,0.0008355999998457264,1798.1429765541566,248.1429765541567,135.0,2.0,2.0,0.0
rc201C10,2,5,phased,3,mp_eavns,0.01669359999959852,394.99614931293496,194.99614931293496,0.0,2.0,1.0,0.0
rc201C10,2,5,all,4,edd,4.999999873689376e-06,448.1429765541567,248.1429765541567,0.0,2.0,2.0,0.0
rc201C10,2,5,all,4,sweep,5.4000001910026185e-06,394.99614931293496,194.99614931293496,0.0,2.0,1.0,0.0
rc201C10,2,5,all,4,nearest,1.1999999514955562e-05,8781.713560005952,215.35744316677417,836.6356116839178,2.0,1.0,0.0
rc201C10,2,5,all,4,grasp,0.000951399999394198,448.1429765541567,248.1429765541567,0.0,2.0,2.0,0.0
rc201C10,2,5,all,4,mp_eavns,0.012881100000413426,394.99614931293496,194.99614931293496,0.0,2.0,1.0,0.0
rc201C10,3,8,depot,1,edd,3.6999999792897142e-06,1000722.2156037112,422.21560371125105,0.0,3.0,3.0,1.0
rc201C10,3,8,depot,1,sweep,8.299999990413198e-05,1108.5280371084887,368.79510399390773,43.97329331145809,3.0,2.0,0.0
rc201C10,3,8,depot,1,nearest,2.9200000426499173e-05,17808.37395704385,368.79510399390773,1713.9578853049943,3.0,2.0,0.0
rc201C10,3,8,depot,1,grasp,0.0022443999996539787,6045.242178229997,368.79510399390773,537.6447074236089,3.0,2.0,0.0
rc201C10,3,8,depot,1,mp_eavns,0.038829899999655026,668.7951039939078,368.7951039939078,0.0,3.0,2.0,0.0
rc201C10,3,8,phased,4,edd,1.0799999472510535e-05,1000708.0185366232,408.0185366232658,0.0,3.0,4.0,1.0
rc201C10,3,8,phased,4,sweep,1.1899999663000926e-05,816.9097093403338,329.4608584914245,18.74488508489094,3.0,3.0,0.0
rc201C10,3,8,phased,4,nearest,3.3399999665562063e-05,17537.116923129535,349.8221523452637,1688.7294770784272,3.0,3.0,0.0
rc201C10,3,8,phased,4,grasp,0.0035480000005918555,687.3835702933051,387.38357029330507,0.0,3.0,4.0,0.0
rc201C10,3,8,phased,4,mp_eavns,0.06497739999940677,634.2367430520833,334.23674305208334,0.0,3.0,3.0,0.0
rc201C10,3,8,all,4,edd,1.0300000212737359e-05,1000708.0185366232,408.0185366232658,0.0,3.0,4.0,1.0
rc201C10,3,8,all,4,sweep,9.999999747378752e-06,816.9097093403338,329.4608584914245,18.74488508489094,3.0,3.0,0.0
rc201C10,3,8,all,4,nearest,3.099999958067201e-05,17537.116923129535,349.8221523452637,1688.7294770784272,3.0,3.0,0.0
rc201C10,3,8,all,4,grasp,0.004377700000077311,1880.0316931601994,396.7861399568315,118.3245553203368,3.0,4.0,0.0
rc201C10,3,8,all,4,mp_eavns,0.05957310000030702,634.2367430520833,334.23674305208334,0.0,3.0,3.0,0.0
rc201C10,4,10,depot,1,edd,5.699999746866524e-06,1000858.9154315369,458.9154315368298,0.0,4.0,3.0,1.0
rc201C10,4,10,depot,1,sweep,4.100000296602957e-06,3590.128825075922,407.15033875797377,278.29784863179486,4.0,2.0,0.0
rc201C10,4,10,depot,1,nearest,2.2899999748915434e-05,25329.26829021241,397.0884112199993,2453.217987899241,4.0,2.0,0.0
rc201C10,4,10,depot,1,grasp,0.0024207000005844748,10329.233127299018,425.96499599495866,950.326813130406,4.0,2.0,0.0
rc201C10,4,10,depot,1,mp_eavns,0.08828139999968698,775.2727778066036,375.2727778066036,0.0,4.0,1.0,0.0
rc201C10,4,10,phased,4,edd,9.800000043469481e-06,1000844.7183644489,444.7183644488446,0.0,4.0,4.0,1.0
rc201C10,4,10,phased,4,sweep,1.0900000233959872e-05,3298.510497307768,367.81609325549056,253.06944040522774,4.0,3.0,0.0
rc201C10,4,10,phased,4,nearest,3.749999996216502e-05,25069.36209934596,376.7271173661601,2429.26349819798,4.0,2.0,0.0
rc201C10,4,10,phased,4,grasp,0.006041499999810185,4455.577093461451,401.4130148114639,365.41640786499875,4.0,4.0,0.0
rc201C10,4,10,phased,4,mp_eavns,0.11281859999962762,761.0757107186183,361.0757107186183,0.0,4.0,2.0,0.0
rc201C10,4,10,all,4,edd,1.0900000233959872e-05,1000844.7183644489,444.7183644488446,0.0,4.0,4.0,1.0
rc201C10,4,10,all,4,sweep,1.1499999345687684e-05,3298.510497307768,367.81609325549056,253.06944040522774,4.0,3.0,0.0
rc201C10,4,10,all,4,nearest,3.820000074483687e-05,25069.36209934596,376.7271173661601,2429.26349819798,4.0,2.0,0.0
rc201C10,4,10,all,4,grasp,0.005751400000008289,8457.110672934119,384.74440095928094,767.2366271974838,4.0,2.0,0.0
rc201C10,4,10,all,4,mp_eavns,0.12030930000037188,761.0757107186183,361.0757107186183,0.0,4.0,2.0,0.0
rc202C15,1,4,depot,1,edd,6.70000008540228e-06,355.4536629777351,155.45366297773512,0.0,2.0,0.0,0.0
rc202C15,1,4,depot,1,sweep,4.70000031782547e-06,329.7151874316648,129.7151874316648,0.0,2.0,0.0,0.0
rc202C15,1,4,depot,1,nearest,1.7100000150094274e-05,922.1863857057082,154.95555647254776,56.72308292331604,2.0,0.0,0.0
rc202C15,1,4,depot,1,grasp,0.0005145999994056183,329.7151874316648,129.7151874316648,0.0,2.0,0.0,0.0
rc202C15,1,4,depot,1,mp_eavns,0.01254869999957009,329.7151874316648,129.7151874316648,0.0,2.0,0.0,0.0
rc202C15,1,4,phased,2,edd,7.599999662488699e-06,355.4536629777351,155.45366297773512,0.0,2.0,0.0,0.0
rc202C15,1,4,phased,2,sweep,7.499999810534064e-06,329.7151874316648,129.7151874316648,0.0,2.0,0.0,0.0
rc202C15,1,4,phased,2,nearest,3.0000000151630957e-05,922.1863857057082,154.95555647254776,56.72308292331604,2.0,0.0,0.0
rc202C15,1,4,phased,2,grasp,0.0004878999998254585,329.7151874316648,129.7151874316648,0.0,2.0,0.0,0.0
rc202C15,1,4,phased,2,mp_eavns,0.01241929999923741,329.7151874316648,129.7151874316648,0.0,2.0,0.0,0.0
rc202C15,1,4,all,5,edd,5.199999577598646e-06,355.4536629777351,155.45366297773512,0.0,2.0,0.0,0.0
rc202C15,1,4,all,5,sweep,5.199999577598646e-06,329.7151874316648,129.7151874316648,0.0,2.0,0.0,0.0
rc202C15,1,4,all,5,nearest,1.3699999726668466e-05,922.1863857057082,154.95555647254776,56.72308292331604,2.0,0.0,0.0
rc202C15,1,4,all,5,grasp,0.0005117999999129097,329.7151874316648,129.7151874316648,0.0,2.0,0.0,0.0
rc202C15,1,4,all,5,mp_eavns,0.012721099999907892,329.7151874316648,129.7151874316648,0.0,2.0,0.0,0.0
rc202C15,2,8,depot,1,edd,7.79999936639797e-06,2000640.6665571611,340.66655716116827,0.0,3.0,1.0,2.0
rc202C15,2,8,depot,1,sweep,6.499999471998308e-06,2002733.2741103352,242.56343221639605,219.07106781186553,3.0,0.0,2.0
rc202C15,2,8,depot,1,nearest,2.8299999939918052e-05,3000695.394034581,297.20501483509435,9.818901974546634,3.0,0.0,3.0
rc202C15,2,8,depot,1,grasp,0.003359199999977136,1000618.6922905339,318.692290533876,0.0,3.0,1.0,1.0
rc202C15,2,8,depot,1,mp_eavns,0.038895500000762695,1000539.4914592019,239.49145920191617,0.0,3.0,0.0,1.0
rc202C15,2,8,phased,3,edd,6.70000008540228e-06,1000646.0056400782,346.0056400782458,0.0,3.0,3.0,1.0
rc202C15,2,8,phased,3,sweep,5.500000042957254e-06,2002733.2741103352,242.56343221639605,219.07106781186553,3.0,0.0,2.0
rc202C15,2,8,phased,3,nearest,1.7899999875226058e-05,698.3380872266532,300.1490674811869,9.818901974546634,3.0,2.0,0.0
rc202C15,2,8,phased,3,grasp,0.0019159000003128313,591.0511866425734,291.05118664257344,0.0,3.0,2.0,0.0
rc202C15,2,8,phased,3,mp_eavns,0.04391750000013417,545.493437555827,245.49343755582694,0.0,3.0,1.0,0.0
rc202C15,2,8,all,5,edd,9.200000022246968e-06,1000646.0056400782,346.0056400782458,0.0,3.0,3.0,1.0
rc202C15,2,8,all,5,sweep,1.0400000064691994e-05,2002733.2741103352,242.56343221639605,219.07106781186553,3.0,0.0,2.0
rc202C15,2,8,all,5,nearest,2.9300000278453808e-05,698.3380872266532,300.1490674811869,9.818901974546634,3.0,2.0,0.0
rc202C15,2,8,all,5,grasp,0.0034219999997731065,591.0511866425734,291.05118664257344,0.0,3.0,2.0,0.0
rc202C15,2,8,all,5,mp_eavns,0.053756999999677646,545.493437555827,245.49343755582694,0.0,3.0,1.0,0.0
rc202C15,3,12,depot,1,edd,1.0300000212737359e-05,6001092.769231211,592.7692312113538,0.0,5.0,1.0,6.0
rc202C15,3,12,depot,1,sweep,7.900000127847306e-06,4006347.028274059,443.10840067302894,540.3919873385972,5.0,0.0,4.0
rc202C15,3,12,depot,1,nearest,4.3900000491703395e-05,4009294.8991973596,495.6735769451898,839.9225620414363,4.0,1.0,4.0
rc202C15,3,12,depot,1,grasp,0.004539800000202376,2003922.8654600151,494.7515770067596,302.81138830084194,4.0,2.0,2.0
rc202C15,3,12,depot,1,mp_eavns,0.09611239999958343,2000890.148677738,390.1486777379389,0.0,5.0,0.0,2.0
rc202C15,3,12,phased,4,edd,7.300000106624793e-06,2001135.7882510354,635.7882510353004,0.0,5.0,6.0,2.0
rc202C15,3,12,phased,4,sweep,7.300000106624793e-06,4006347.028274059,443.10840067302894,540.3919873385972,5.0,0.0,4.0
rc202C15,3,12,phased,4,nearest,2.750000021478627e-05,3009297.47688602,498.25126560574756,839.9225620414363,4.0,2.0,3.0
rc202C15,3,12,phased,4,grasp,0.004874600000221108,8565.124618916021,641.8561630463149,752.3268455869706,4.0,7.0,0.0
rc202C15,3,12,phased,4,mp_eavns,0.1682448999999906,998.0137946743814,498.01379467438136,0.0,5.0,3.0,0.0
rc202C15,3,12,all,5,edd,2.210000002378365e-05,2001135.7882510354,635.7882510353004,0.0,5.0,6.0,2.0
rc202C15,3,12,all,5,sweep,1.1999999514955562e-05,4006347.028274059,443.10840067302894,540.3919873385972,5.0,0.0,4.0
rc202C15,3,12,all,5,nearest,4.660000013245735e-05,3009297.47688602,498.25126560574756,839.9225620414363,4.0,2.0,3.0
rc202C15,3,12,all,5,grasp,0.009586400000443973,1371.5127243919533,540.3866770945064,43.1126047297447,4.0,5.0,0.0
rc202C15,3,12,all,5,mp_eavns,0.16306689999964874,946.0141717541126,446.01417175411257,0.0,5.0,2.0,0.0
rc202C15,4,15,depot,1,edd,7.2999991971300915e-06,8001385.402985172,785.4029851725327,0.0,6.0,1.0,8.0
rc202C15,4,15,depot,1,sweep,5.099999725644011e-06,5006556.920585903,553.0007125177342,540.3919873385972,6.0,0.0,5.0
rc202C15,4,15,depot,1,nearest,4.650000028050272e-05,5013723.717653828,579.6139719695773,1264.4103681857741,5.0,1.0,5.0
rc202C15,4,15,depot,1,grasp,0.007771599999614409,3006413.8748993836,883.0240290916445,503.0850870292147,5.0,6.0,3.0
rc202C15,4,15,depot,1,mp_eavns,0.21231330000046,2001055.712466205,555.7124662048917,0.0,5.0,2.0,2.0
rc202C15,4,15,phased,5,edd,8.69999985297909e-06,3001397.3692083014,797.369208301262,0.0,6.0,6.0,3.0
rc202C15,4,15,phased,5,sweep,7.200000254670158e-06,4006558.6777404672,554.7578670812004,540.3919873385972,6.0,1.0,4.0
rc202C15,4,15,phased,5,nearest,3.710000055434648e-05,3013730.7674784428,586.6637965851346,1264.4103681857741,5.0,3.0,3.0
rc202C15,4,15,phased,5,grasp,0.010490100000424718,7579.139466900827,664.1671111755869,641.497235572524,5.0,6.0,0.0
rc202C15,4,15,phased,5,mp_eavns,0.21330659999966883,1109.6632610825527,609.6632610825528,0.0,5.0,5.0,0.0
rc202C15,4,15,all,5,edd,1.4100000043981709e-05,3001397.3692083014,797.369208301262,0.0,6.0,6.0,3.0
rc202C15,4,15,all,5,sweep,1.430000065738568e-05,4006558.6777404672,554.7578670812004,540.3919873385972,6.0,1.0,4.0
rc202C15,4,15,all,5,nearest,6.140000004961621e-05,3013730.7674784428,586.6637965851346,1264.4103681857741,5.0,3.0,3.0
rc202C15,4,15,all,5,grasp,0.01644150000083755,9841.82540959538,744.6716239518466,859.7153785643533,5.0,8.0,0.0
rc202C15,4,15,all,5,mp_eavns,0.19050909999987198,1056.8981243922112,556.8981243922112,0.0,5.0,3.0,0.0
rc204C15,1,4,depot,1,edd,4.19999923906289e-06,1000541.928009401,241.92800940097928,0.0,3.0,0.0,1.0
rc204C15,1,4,depot,1,sweep,3.000000106112566e-06,1000396.3679896725,196.36798967243485,0.0,2.0,0.0,1.0
rc204C15,1,4,depot,1,nearest,1.0799999472510535e-05,2000404.0897094593,204.0897094592362,0.0,2.0,0.0,2.0
rc204C15,1,4,depot,1,grasp,0.0002303000001120381,1000396.3679896725,196.36798967243485,0.0,2.0,0.0,1.0
rc204C15,1,4,depot,1,mp_eavns,0.004465400000299269,1000396.3679896725,196.36798967243485,0.0,2.0,0.0,1.0
rc204C15,1,4,phased,3,edd,3.099999958067201e-06,1000541.928009401,241.92800940097928,0.0,3.0,0.0,1.0
rc204C15,1,4,phased,3,sweep,3.000000106112566e-06,1000396.3679896725,196.36798967243485,0.0,2.0,0.0,1.0
rc204C15,1,4,phased,3,nearest,7.300000106624793e-06,1000406.2595214859,206.25952148591182,0.0,2.0,1.0,1.0
rc204C15,1,4,phased,3,grasp,0.000266899999587622,1000396.3679896725,196.36798967243485,0.0,2.0,0.0,1.0
rc204C15,1,4,phased,3,mp_eavns,0.0052324999996926636,1000396.3679896725,196.36798967243485,0.0,2.0,0.0,1.0
rc204C15,1,4,all,7,edd,2.499999936844688e-06,1000541.928009401,241.92800940097928,0.0,3.0,0.0,1.0
rc204C15,1,4,all,7,sweep,2.4000000848900527e-06,1000396.3679896725,196.36798967243485,0.0,2.0,0.0,1.0
rc204C15,1,4,all,7,nearest,6.70000008540228e-06,413.8712602659381,213.87126026593805,0.0,2.0,2.0,0.0
rc204C15,1,4,all,7,grasp,0.00030950000018492574,413.8712602659381,213.87126026593805,0.0,2.0,2.0,0.0
rc204C15,1,4,all,7,mp_eavns,0.007480399999622023,413.8712602659381,213.87126026593805,0.0,2.0,2.0,0.0
rc204C15,2,8,depot,1,edd,3.6999999792897142e-06,4000774.7587900986,374.75879009878486,0.0,4.0,0.0,4.0
rc204C15,2,8,depot,1,sweep,3.600000127335079e-06,2000762.7201426846,362.7201426846383,0.0,4.0,0.0,2.0
rc204C15,2,8,depot,1,nearest,1.559999964229064e-05,3000804.052803657,404.05280365719443,0.0,4.0,0.0,3.0
rc204C15,2,8,depot,1,grasp,0.0005060999992565485,2000780.146239995,380.1462399950824,0.0,4.0,0.0,2.0
rc204C15,2,8,depot,1,mp_eavns,0.03699440000036702,2000744.6925235006,344.6925235007074,0.0,4.0,0.0,2.0
rc204C15,2,8,phased,4,edd,5.699999746866524e-06,3000795.7466600654,395.74666006559517,0.0,4.0,1.0,3.0
rc204C15,2,8,phased,4,sweep,5.599999894911889e-06,1000775.5465901569,375.54659015688554,0.0,4.0,1.0,1.0
rc204C15,2,8,phased,4,nearest,1.7899999875226058e-05,1000824.4909899095,424.4909899094678,0.0,4.0,2.0,1.0
rc204C15,2,8,phased,4,grasp,0.0005783999995401246,780.5821560895301,380.5821560895301,0.0,4.0,2.0,0.0
rc204C15,2,8,phased,4,mp_eavns,0.04503859999931592,740.4013462590183,340.4013462590183,0.0,4.0,1.0,0.0
rc204C15,2,8,all,7,edd,6.70000008540228e-06,3000795.7466600654,395.74666006559517,0.0,4.0,1.0,3.0
rc204C15,2,8,all,7,sweep,6.000000212225132e-06,1000775.5465901569,375.54659015688554,0.0,4.0,1.0,1.0
rc204C15,2,8,all,7,nearest,1.9799999790848233e-05,1000824.4909899095,424.4909899094678,0.0,4.0,2.0,1.0
rc204C15,2,8,all,7,grasp,0.0007578000004286878,754.9942237667868,354.99422376678683,0.0,4.0,1.0,0.0
rc204C15,2,8,all,7,mp_eavns,0.059495099999367085,740.4013462590183,340.4013462590183,0.0,4.0,1.0,0.0
rc204C15,3,12,depot,1,edd,1.2700000297627412e-05,5001225.443463005,625.4434630050248,0.0,6.0,1.0,5.0
rc204C15,3,12,depot,1,sweep,9.000000318337698e-06,4001156.3093532925,556.3093532923241,0.0,6.0,0.0,4.0
rc204C15,3,12,depot,1,nearest,4.999999964638846e-05,7003397.599075924,584.7563634487299,231.2842712474619,5.0,0.0,7.0
rc204C15,3,12,depot,1,grasp,0.0017869999992399244,4000988.8489532294,488.8489532292933,0.0,5.0,0.0,4.0
rc204C15,3,12,depot,1,mp_eavns,0.11853429999973741,2001058.9722318742,558.9722318741944,0.0,5.0,2.0,2.0
rc204C15,3,12,phased,6,edd,1.3800000488117803e-05,2001247.8037496181,647.8037496180339,0.0,6.0,3.0,2.0
rc204C15,3,12,phased,6,sweep,1.2600000445672777e-05,1001180.5535263661,580.5535263660898,0.0,6.0,2.0,1.0
rc204C15,3,12,phased,6,nearest,4.640000042854808e-05,1008062.4755538183,616.1365393816881,694.633901443662,5.0,5.0,1.0
rc204C15,3,12,phased,6,grasp,0.0026526000001467764,1119.5923025802354,619.5923025802355,0.0,5.0,5.0,0.0
rc204C15,3,12,phased,6,mp_eavns,0.1684984000003169,1014.1173115717261,514.1173115717261,0.0,5.0,3.0,0.0
rc204C15,3,12,all,7,edd,1.2000000424450263e-05,2001247.8037496181,647.8037496180339,0.0,6.0,3.0,2.0
rc204C15,3,12,all,7,sweep,1.1199999789823778e-05,1001180.5535263661,580.5535263660898,0.0,6.0,2.0,1.0
rc204C15,3,12,all,7,nearest,4.42000000475673e-05,1008062.4755538183,616.1365393816881,694.633901443662,5.0,5.0,1.0
rc204C15,3,12,all,7,grasp,0.0035729999999603024,1135.3580679357838,635.3580679357837,0.0,5.0,7.0,0.0
rc204C15,3,12,all,7,mp_eavns,0.1522287999996479,1012.908169840316,512.908169840316,0.0,5.0,3.0,0.0
rc204C15,4,15,depot,1,edd,7.100000402715523e-06,4001618.842766303,818.8427663030078,0.0,8.0,1.0,4.0
rc204C15,4,15,depot,1,sweep,5.9000003602704965e-06,4001337.7020385703,637.702038570219,0.0,7.0,0.0,4.0
rc204C15,4,15,depot,1,nearest,3.8300000596791506e-05,6007111.713394906,699.7886398076008,581.1924755098942,6.0,1.0,6.0
rc204C15,4,15,depot,1,grasp,0.0015330000005633337,4001388.644152475,688.6441524751739,0.0,7.0,1.0,4.0
rc204C15,4,15,depot,1,mp_eavns,0.17584889999943698,2001297.5330633912,697.5330633912154,0.0,6.0,3.0,2.0
rc204C15,4,15,phased,7,edd,1.3800000488117803e-05,3001628.2922490607,828.2922490607738,0.0,8.0,3.0,3.0
rc204C15,4,15,phased,7,sweep,1.2999999853491317e-05,1001361.946211644,661.9462116439847,0.0,7.0,2.0,1.0
rc204C15,4,15,phased,7,nearest,5.959999998594867e-05,7137.809213737529,725.8844586385864,581.1924755098942,6.0,6.0,0.0
rc204C15,4,15,phased,7,grasp,0.0038161999991643825,1307.28300607468,707.2830060746801,0.0,6.0,6.0,0.0
rc204C15,4,15,phased,7,mp_eavns,0.23306909999973868,1316.3548209832802,616.3548209832803,0.0,7.0,2.0,0.0
rc204C15,4,15,all,7,edd,1.5400000847876072e-05,3001628.2922490607,828.2922490607738,0.0,8.0,3.0,3.0
rc204C15,4,15,all,7,sweep,1.3500000022759195e-05,1001361.946211644,661.9462116439847,0.0,7.0,2.0,1.0
rc204C15,4,15,all,7,nearest,5.9699999837903306e-05,7137.809213737529,725.8844586385864,581.1924755098942,6.0,6.0,0.0
rc204C15,4,15,all,7,grasp,0.0025112999992416007,1335.0267174658948,735.0267174658946,0.0,6.0,6.0,0.0
rc204C15,4,15,all,7,mp_eavns,0.15643769999951473,1220.035907605575,620.035907605575,0.0,6.0,4.0,0.0
rc204C5,1,2,depot,1,edd,7.5000007200287655e-06,2000370.1887826144,170.18878261444482,0.0,2.0,0.0,2.0
rc204C5,1,2,depot,1,sweep,2.4000000848900527e-06,2000370.1887826144,170.18878261444482,0.0,2.0,0.0,2.0
rc204C5,1,2,depot,1,nearest,8.199999683711212e-06,2000370.1887826144,170.18878261444482,0.0,2.0,0.0,2.0
rc204C5,1,2,depot,1,grasp,0.00015549999989161734,2000370.1887826144,170.18878261444482,0.0,2.0,0.0,2.0
rc204C5,1,2,depot,1,mp_eavns,0.001459699999941222,2000370.1887826144,170.18878261444482,0.0,2.0,0.0,2.0
rc204C5,1,2,phased,2,edd,2.599999788799323e-06,370.438656542808,170.43865654280802,0.0,2.0,2.0,0.0
rc204C5,1,2,phased,2,sweep,2.399999175395351e-06,370.438656542808,170.43865654280802,0.0,2.0,2.0,0.0
rc204C5,1,2,phased,2,nearest,4.800000169780105e-06,370.43865654280796,170.438656542808,0.0,2.0,2.0,0.0
rc204C5,1,2,phased,2,grasp,0.0002297000000908156,370.43865654280796,170.438656542808,0.0,2.0,2.0,0.0
rc204C5,1,2,phased,2,mp_eavns,0.0023022000004857546,370.43865654280796,170.438656542808,0.0,2.0,2.0,0.0
rc204C5,1,2,all,4,edd,3.600000127335079e-06,370.438656542808,170.43865654280802,0.0,2.0,2.0,0.0
rc204C5,1,2,all,4,sweep,2.9000002541579306e-06,370.438656542808,170.43865654280802,0.0,2.0,2.0,0.0
rc204C5,1,2,all,4,nearest,7.0000005507608876e-06,370.43865654280796,170.438656542808,0.0,2.0,2.0,0.0
rc204C5,1,2,all,4,grasp,0.00030359999982465524,370.43865654280796,170.438656542808,0.0,2.0,2.0,0.0
rc204C5,1,2,all,4,mp_eavns,0.004746800000248186,370.43865654280796,170.438656542808,0.0,2.0,2.0,0.0
rc204C5,2,3,depot,1,edd,7.100000402715523e-06,2000370.1914090062,170.19140900632414,0.0,2.0,0.0,2.0
rc204C5,2,3,depot,1,sweep,5.500000042957254e-06,2000370.1914090062,170.19140900632414,0.0,2.0,0.0,2.0
rc204C5,2,3,depot,1,nearest,1.6700000742275734e-05,2000370.1914090062,170.19140900632414,0.0,2.0,0.0,2.0
rc204C5,2,3,depot,1,grasp,0.0004241999995429069,2000370.1914090062,170.19140900632414,0.0,2.0,0.0,2.0
rc204C5,2,3,depot,1,mp_eavns,0.007851100000152655,2000370.1914090062,170.19140900632414,0.0,2.0,0.0,2.0
rc204C5,2,3,phased,3,edd,7.599999662488699e-06,370.4776570099847,170.47765700998465,0.0,2.0,2.0,0.0
rc204C5,2,3,phased,3,sweep,6.799999937356915e-06,370.4776570099847,170.47765700998465,0.0,2.0,2.0,0.0
rc204C5,2,3,phased,3,nearest,1.610000072105322e-05,370.4412829346873,170.4412829346873,0.0,2.0,2.0,0.0
rc204C5,2,3,phased,3,grasp,0.000565199999982724,370.4412829346873,170.4412829346873,0.0,2.0,2.0,0.0
rc204C5,2,3,phased,3,mp_eavns,0.011055799999667215,370.4412829346873,170.4412829346873,0.0,2.0,2.0,0.0
rc204C5,2,3,all,4,edd,4.900000021734741e-06,370.4776570099847,170.47765700998465,0.0,2.0,2.0,0.0
rc204C5,2,3,all,4,sweep,4.5000006139162e-06,370.4776570099847,170.47765700998465,0.0,2.0,2.0,0.0
rc204C5,2,3,all,4,nearest,9.700000191514846e-06,370.4412829346873,170.4412829346873,0.0,2.0,2.0,0.0
rc204C5,2,3,all,4,grasp,0.000309699999888835,370.4412829346873,170.4412829346873,0.0,2.0,2.0,0.0
rc204C5,2,3,all,4,mp_eavns,0.0062218000002758345,370.4412829346873,170.4412829346873,0.0,2.0,2.0,0.0
rc204C5,3,4,depot,1,edd,4.100000296602957e-06,2000494.274598164,194.2745981639087,0.0,3.0,0.0,2.0
rc204C5,3,4,depot,1,sweep,2.599999788799323e-06,2000494.274598164,194.2745981639087,0.0,3.0,0.0,2.0
rc204C5,3,4,depot,1,nearest,1.0099999599333387e-05,2000391.7777729197,191.77777291984222,0.0,2.0,0.0,2.0
rc204C5,3,4,depot,1,grasp,0.00026369999977760017,2000391.3180554777,191.31805547779302,0.0,2.0,0.0,2.0
rc204C5,3,4,depot,1,mp_eavns,0.009729200000037963,2000391.3180554777,191.31805547779302,0.0,2.0,0.0,2.0
rc204C5,3,4,phased,4,edd,7.499999810534064e-06,494.56084616756925,194.56084616756922,0.0,3.0,2.0,0.0
rc204C5,3,4,phased,4,sweep,5.800000508315861e-06,494.56084616756925,194.56084616756922,0.0,3.0,2.0,0.0
rc204C5,3,4,phased,4,nearest,1.1900000572495628e-05,1000392.0274490259,192.02744902586898,0.0,2.0,1.0,1.0
rc204C5,3,4,phased,4,grasp,0.00043199999981879955,391.9881624430314,191.9881624430314,0.0,2.0,2.0,0.0
rc204C5,3,4,phased,4,mp_eavns,0.014099200000600831,391.9881624430314,191.9881624430314,0.0,2.0,2.0,0.0
rc204C5,3,4,all,4,edd,5.500000042957254e-06,494.56084616756925,194.56084616756922,0.0,3.0,2.0,0.0
rc204C5,3,4,all,4,sweep,4.900000021734741e-06,494.56084616756925,194.56084616756922,0.0,3.0,2.0,0.0
rc204C5,3,4,all,4,nearest,1.8400000044493936e-05,1000392.0274490259,192.02744902586898,0.0,2.0,1.0,1.0
rc204C5,3,4,all,4,grasp,0.00044379999962984584,391.9881624430314,191.9881624430314,0.0,2.0,2.0,0.0
rc204C5,3,4,all,4,mp_eavns,0.015080099999977392,391.9881624430314,191.9881624430314,0.0,2.0,2.0,0.0
rc204C5,4,5,depot,1,edd,4.699999408330768e-06,2000666.3856236732,266.38562367318855,0.0,4.0,0.0,2.0
rc204C5,4,5,depot,1,sweep,3.499999365885742e-06,3000554.689065786,254.6890657861589,0.0,3.0,0.0,3.0
rc204C5,4,5,depot,1,nearest,1.4199999895936344e-05,3000554.689065786,254.68906578615895,0.0,3.0,0.0,3.0
rc204C5,4,5,depot,1,grasp,0.00037960000008752104,2000563.429080987,263.4290809870728,0.0,3.0,0.0,2.0
rc204C5,4,5,depot,1,mp_eavns,0.017225800000232994,2000563.429080987,263.4290809870728,0.0,3.0,0.0,2.0
rc204C5,4,5,phased,4,edd,7.699999514443334e-06,666.671871676849,266.67187167684904,0.0,4.0,2.0,0.0
rc204C5,4,5,phased,4,sweep,7.900000127847306e-06,568.2737636874162,268.2737636874163,0.0,3.0,3.0,0.0
rc204C5,4,5,phased,4,nearest,2.0899999981338624e-05,568.2373896121189,268.237389612119,0.0,3.0,3.0,0.0
rc204C5,4,5,phased,4,grasp,0.0008585000005041366,565.1669919713905,265.16699197139053,0.0,3.0,2.0,0.0
rc204C5,4,5,phased,4,mp_eavns,0.020033499999954074,564.0991879523112,264.0991879523112,0.0,3.0,2.0,0.0
rc204C5,4,5,all,4,edd,5.800000508315861e-06,666.671871676849,266.67187167684904,0.0,4.0,2.0,0.0
rc204C5,4,5,all,4,sweep,4.800000169780105e-06,568.2737636874162,268.2737636874163,0.0,3.0,3.0,0.0
rc204C5,4,5,all,4,nearest,1.4000000192027073e-05,568.2373896121189,268.237389612119,0.0,3.0,3.0,0.0
rc204C5,4,5,all,4,grasp,0.0004394999996293336,564.0991879523112,264.0991879523112,0.0,3.0,2.0,0.0
rc204C5,4,5,all,4,mp_eavns,0.016482799999721465,564.0991879523112,264.0991879523112,0.0,3.0,2.0,0.0
rc205C10,1,3,depot,1,edd,4.19999923906289e-06,255.76973710069342,155.76973710069342,0.0,1.0,1.0,0.0
rc205C10,1,3,depot,1,sweep,3.1999998100218363e-06,2996.0560157642417,155.65783779120994,274.03981779730316,1.0,1.0,0.0
rc205C10,1,3,depot,1,nearest,9.699999282020144e-06,1000959.2083563452,97.133987606944,76.20743687382037,1.0,0.0,1.0
rc205C10,1,3,depot,1,grasp,0.00019280000014987309,255.76973710069342,155.76973710069342,0.0,1.0,1.0,0.0
rc205C10,1,3,depot,1,mp_eavns,0.003200299999662093,255.76973710069342,155.76973710069342,0.0,1.0,1.0,0.0
rc205C10,1,3,phased,2,edd,3.7999998312443495e-06,255.76973710069342,155.76973710069342,0.0,1.0,1.0,0.0
rc205C10,1,3,phased,2,sweep,4.100000296602957e-06,2996.0560157642417,155.65783779120994,274.03981779730316,1.0,1.0,0.0
rc205C10,1,3,phased,2,nearest,7.699999514443334e-06,971.5389465137032,109.46457777549952,76.20743687382037,1.0,1.0,0.0
rc205C10,1,3,phased,2,grasp,0.00021130000004632166,255.76973710069342,155.76973710069342,0.0,1.0,1.0,0.0
rc205C10,1,3,phased,2,mp_eavns,0.0050473999999667285,255.76973710069342,155.76973710069342,0.0,1.0,1.0,0.0
rc205C10,1,3,all,4,edd,3.9000005926936865e-06,255.76973710069342,155.76973710069342,0.0,1.0,1.0,0.0
rc205C10,1,3,all,4,sweep,4.200000148557592e-06,2996.0560157642417,155.65783779120994,274.03981779730316,1.0,1.0,0.0
rc205C10,1,3,all,4,nearest,8.100000741251279e-06,971.5389465137032,109.46457777549952,76.20743687382037,1.0,1.0,0.0
rc205C10,1,3,all,4,grasp,0.00020479999966482865,255.76973710069342,155.76973710069342,0.0,1.0,1.0,0.0
rc205C10,1,3,all,4,mp_eavns,0.006376600000294275,255.76973710069342,155.76973710069342,0.0,1.0,1.0,0.0
rc205C10,2,5,depot,1,edd,6.399999620043673e-06,4000476.1881421264,276.1881421262379,0.0,2.0,0.0,4.0
rc205C10,2,5,depot,1,sweep,5.700000656361226e-06,2003270.6772521627,330.2790741896553,274.03981779730316,2.0,1.0,2.0
rc205C10,2,5,depot,1,nearest,2.0200000108161476e-05,2002870.663382011,279.62584516060843,239.10375368504776,2.0,1.0,2.0
rc205C10,2,5,depot,1,grasp,0.0005913999993936159,2002559.5190614779,350.68787610670074,200.88311853711798,2.0,2.0,2.0
rc205C10,2,5,depot,1,mp_eavns,0.01518579999992653,2000496.9197704862,296.9197704861843,0.0,2.0,1.0,2.0
rc205C10,2,5,phased,3,edd,5.200000487093348e-06,1000489.1815732261,289.1815732261488,0.0,2.0,2.0,1.0
rc205C10,2,5,phased,3,sweep,4.499999704421498e-06,1003290.510099619,350.11192164604523,274.03981779730316,2.0,2.0,1.0
rc205C10,2,5,phased,3,nearest,1.2099999366910197e-05,2886.3904760344426,295.35293918396513,239.10375368504776,2.0,3.0,0.0
rc205C10,2,5,phased,3,grasp,0.0004310000003897585,871.1819463577913,289.9915934484093,38.1190352909382,2.0,3.0,0.0
rc205C10,2,5,phased,3,mp_eavns,0.021259599999211787,548.312923772818,348.31292377281795,0.0,2.0,4.0,0.0
rc205C10,2,5,all,4,edd,5.800000508315861e-06,1000489.1815732261,289.1815732261488,0.0,2.0,2.0,1.0
rc205C10,2,5,all,4,sweep,5.2999994295532815e-06,1003290.510099619,350.11192164604523,274.03981779730316,2.0,2.0,1.0
rc205C10,2,5,all,4,nearest,1.2999999853491317e-05,2886.3904760344426,295.35293918396513,239.10375368504776,2.0,3.0,0.0
rc205C10,2,5,all,4,grasp,0.0004484999999476713,1361.7136656553332,294.82486628126304,86.68887993740702,2.0,3.0,0.0
rc205C10,2,5,all,4,mp_eavns,0.01758750000044529,548.312923772818,348.31292377281795,0.0,2.0,4.0,0.0
rc205C10,3,8,depot,1,edd,5.500000042957254e-06,3001629.7018650137,495.1189897927938,83.45828752209161,3.0,3.0,3.0
rc205C10,3,8,depot,1,sweep,3.5000002753804438e-06,4003457.9922639225,417.59408594933086,274.03981779730316,3.0,1.0,4.0
rc205C10,3,8,depot,1,nearest,1.83000001925393e-05,4003091.4811856956,400.4436488452238,239.10375368504776,3.0,1.0,4.0
rc205C10,3,8,depot,1,grasp,0.0006457999998019659,2002726.5762027693,359.2492546602113,206.7326948109171,3.0,1.0,2.0
rc205C10,3,8,depot,1,mp_eavns,0.03777379999974073,2000659.1373553507,359.13735535072783,0.0,3.0,1.0,2.0
rc205C10,3,8,phased,4,edd,1.0799999472510535e-05,1001648.4383365288,513.8554613079604,83.45828752209161,3.0,5.0,1.0
rc205C10,3,8,phased,4,sweep,9.899999895424116e-06,2003479.5871389888,439.1889610158521,274.03981779730316,3.0,3.0,2.0
rc205C10,3,8,phased,4,nearest,3.3799999982875306e-05,5426.6875563583135,421.97576233809633,470.4711794020217,3.0,4.0,0.0
rc205C10,3,8,phased,4,grasp,0.0017244999999093125,1617.1089273582866,396.3151072635592,92.07938200947274,3.0,4.0,0.0
rc205C10,3,8,phased,4,mp_eavns,0.051137000000380795,725.9456173613887,425.9456173613887,0.0,3.0,4.0,0.0
rc205C10,3,8,all,4,edd,9.800000043469481e-06,1001648.4383365288,513.8554613079604,83.45828752209161,3.0,5.0,1.0
rc205C10,3,8,all,4,sweep,9.999999747378752e-06,2003479.5871389888,439.1889610158521,274.03981779730316,3.0,3.0,2.0
rc205C10,3,8,all,4,nearest,3.090000063821208e-05,5426.6875563583135,421.97576233809633,470.4711794020217,3.0,4.0,0.0
rc205C10,3,8,all,4,grasp,0.001771500000359083,1301.034148951684,514.0780070070101,38.695614194467396,4.0,4.0,0.0
rc205C10,3,8,all,4,mp_eavns,0.04800459999933082,725.9456173613887,425.9456173613887,0.0,3.0,4.0,0.0
rc205C10,4,10,depot,1,edd,5.500000042957254e-06,4001787.834081208,553.2512059869204,83.45828752209161,4.0,2.0,4.0
rc205C10,4,10,depot,1,sweep,4.70000031782547e-06,4003635.752085676,495.35390770306947,274.03981779730316,4.0,1.0,4.0
rc205C10,4,10,depot,1,nearest,2.1999999262334313e-05,6002930.716660081,463.38971197229773,206.7326948109171,4.0,0.0,6.0
rc205C10,4,10,depot,1,grasp,0.0016771000000517233,2007023.6144666274,547.5884733645945,607.6025993262704,4.0,3.0,2.0
rc205C10,4,10,depot,1,mp_eavns,0.07519179999962944,2000826.9387285456,426.93872854556633,0.0,4.0,1.0,2.0
rc205C10,4,10,phased,4,edd,1.0400000064691994e-05,2001806.6050316365,572.0221564156057,83.45828752209161,4.0,4.0,2.0
rc205C10,4,10,phased,4,sweep,1.0300000212737359e-05,3003655.5849331324,515.1867551594594,274.03981779730316,4.0,2.0,3.0
rc205C10,4,10,phased,4,nearest,3.689999994094251e-05,2006474.615406513,475.9380175088297,559.8677389004265,4.0,3.0,2.0
rc205C10,4,10,phased,4,grasp,0.004112099999474594,4133.136795641803,485.7400495528035,324.7396746088999,4.0,4.0,0.0
rc205C10,4,10,phased,4,mp_eavns,0.10915179999938118,822.5008431026803,422.5008431026803,0.0,4.0,3.0,0.0
rc205C10,4,10,all,4,edd,1.1699999959091656e-05,2001806.6050316365,572.0221564156057,83.45828752209161,4.0,4.0,2.0
rc205C10,4,10,all,4,sweep,1.2100000276404899e-05,3003655.5849331324,515.1867551594594,274.03981779730316,4.0,2.0,3.0
rc205C10,4,10,all,4,nearest,4.979999994247919e-05,2006474.615406513,475.9380175088297,559.8677389004265,4.0,3.0,2.0
rc205C10,4,10,all,4,grasp,0.004331499999352673,2989.582603886312,579.4810104262889,201.0101593460023,4.0,5.0,0.0
rc205C10,4,10,all,4,mp_eavns,0.09971889999997074,817.5278830770642,417.52788307706413,0.0,4.0,3.0,0.0
rc208C5,1,2,depot,1,edd,4.600000465870835e-06,2000210.6463364635,110.64633646342119,0.0,1.0,0.0,2.0
rc208C5,1,2,depot,1,sweep,3.7999998312443495e-06,1000210.6463364634,110.64633646342119,0.0,1.0,0.0,1.0
rc208C5,1,2,depot,1,nearest,1.1899999663000926e-05,1000210.6463364634,110.64633646342119,0.0,1.0,0.0,1.0
rc208C5,1,2,depot,1,grasp,0.00031799999942450086,1000210.6463364634,110.64633646342119,0.0,1.0,0.0,1.0
rc208C5,1,2,depot,1,mp_eavns,0.001494000000093365,1000210.6463364634,110.64633646342119,0.0,1.0,0.0,1.0
rc208C5,1,2,phased,2,edd,2.4000000848900527e-06,210.79101760867832,110.79101760867833,0.0,1.0,1.0,0.0
rc208C5,1,2,phased,2,sweep,2.099999619531445e-06,211.62744699655883,111.62744699655885,0.0,1.0,1.0,0.0
rc208C5,1,2,phased,2,nearest,4.300000000512227e-06,211.62744699655883,111.62744699655885,0.0,1.0,1.0,0.0
rc208C5,1,2,phased,2,grasp,0.00015890000031504314,210.79101760867832,110.79101760867833,0.0,1.0,1.0,0.0
rc208C5,1,2,phased,2,mp_eavns,0.0019969999993918464,210.79101760867832,110.79101760867833,0.0,1.0,1.0,0.0
rc208C5,1,2,all,3,edd,2.1999994714860804e-06,210.79101760867832,110.79101760867833,0.0,1.0,1.0,0.0
rc208C5,1,2,all,3,sweep,1.7000002117129043e-06,211.62744699655883,111.62744699655885,0.0,1.0,1.0,0.0
rc208C5,1,2,all,3,nearest,3.6999999792897142e-06,211.62744699655883,111.62744699655885,0.0,1.0,1.0,0.0
rc208C5,1,2,all,3,grasp,0.0001596000001882203,210.79101760867832,110.79101760867833,0.0,1.0,1.0,0.0
rc208C5,1,2,all,3,mp_eavns,0.0019206999995731167,210.79101760867832,110.79101760867833,0.0,1.0,1.0,0.0
rc208C5,2,3,depot,1,edd,2.600000698294025e-06,1000332.6793554736,132.67935547355916,0.0,2.0,0.0,1.0
rc208C5,2,3,depot,1,sweep,2.3000002329354174e-06,1000341.694685856,141.69468585594123,0.0,2.0,0.0,1.0
rc208C5,2,3,depot,1,nearest,6.199999916134402e-06,1000352.7420373652,152.74203736518763,0.0,2.0,0.0,1.0
rc208C5,2,3,depot,1,grasp,0.0001818999999159132,1000332.6793554736,132.67935547355916,0.0,2.0,0.0,1.0
rc208C5,2,3,depot,1,mp_eavns,0.0039022000000841217,1000332.6793554736,132.67935547355916,0.0,2.0,0.0,1.0
rc208C5,2,3,phased,2,edd,3.6999999792897142e-06,333.66046600669677,133.6604660066968,0.0,2.0,1.0,0.0
rc208C5,2,3,phased,2,sweep,2.7999994927085936e-06,342.67579638907887,142.6757963890789,0.0,2.0,1.0,0.0
rc208C5,2,3,phased,2,nearest,7.099999493220821e-06,353.7231478983253,153.7231478983253,0.0,2.0,1.0,0.0
rc208C5,2,3,phased,2,grasp,0.00022509999962494476,333.66046600669677,133.6604660066968,0.0,2.0,1.0,0.0
rc208C5,2,3,phased,2,mp_eavns,0.007835399999748915,333.66046600669677,133.6604660066968,0.0,2.0,1.0,0.0
rc208C5,2,3,all,3,edd,5.199999577598646e-06,333.66046600669677,133.6604660066968,0.0,2.0,1.0,0.0
rc208C5,2,3,all,3,sweep,6.000000212225132e-06,342.67579638907887,142.6757963890789,0.0,2.0,1.0,0.0
rc208C5,2,3,all,3,nearest,1.2099999366910197e-05,353.7231478983253,153.7231478983253,0.0,2.0,1.0,0.0
rc208C5,2,3,all,3,grasp,0.00044320000051811803,333.66046600669677,133.6604660066968,0.0,2.0,1.0,0.0
rc208C5,2,3,all,3,mp_eavns,0.009457799999836425,333.66046600669677,133.6604660066968,0.0,2.0,1.0,0.0
rc208C5,3,4,depot,1,edd,4.200000148557592e-06,2000378.6712421796,178.67124217953693,0.0,2.0,0.0,2.0
rc208C5,3,4,depot,1,sweep,4.200000148557592e-06,2000396.5105296627,196.51052966281213,0.0,2.0,0.0,2.0
rc208C5,3,4,depot,1,nearest,1.2999999853491317e-05,2000398.733924071,198.73392407116543,0.0,2.0,0.0,2.0
rc208C5,3,4,depot,1,grasp,0.00044100000013713725,2000378.6712421796,178.67124217953693,0.0,2.0,0.0,2.0
rc208C5,3,4,depot,1,mp_eavns,0.008769099999881291,2000378.6712421796,178.67124217953693,0.0,2.0,0.0,2.0
rc208C5,3,4,phased,3,edd,4.600000465870835e-06,389.2029824375628,189.2029824375628,0.0,2.0,2.0,0.0
rc208C5,3,4,phased,3,sweep,4.499999704421498e-06,401.1191010514427,201.11910105144273,0.0,2.0,2.0,0.0
rc208C5,3,4,phased,3,nearest,1.0400000064691994e-05,411.2859818295452,211.2859818295452,0.0,2.0,2.0,0.0
rc208C5,3,4,phased,3,grasp,0.0003222999994250131,389.2029824375628,189.2029824375628,0.0,2.0,2.0,0.0
rc208C5,3,4,phased,3,mp_eavns,0.009817300000577234,389.2029824375628,189.2029824375628,0.0,2.0,2.0,0.0
rc208C5,3,4,all,3,edd,3.600000127335079e-06,389.2029824375628,189.2029824375628,0.0,2.0,2.0,0.0
rc208C5,3,4,all,3,sweep,3.200000719516538e-06,401.1191010514427,201.11910105144273,0.0,2.0,2.0,0.0
rc208C5,3,4,all,3,nearest,1.3699999726668466e-05,411.2859818295452,211.2859818295452,0.0,2.0,2.0,0.0
rc208C5,3,4,all,3,grasp,0.000330299999404815,389.2029824375628,189.2029824375628,0.0,2.0,2.0,0.0
rc208C5,3,4,all,3,mp_eavns,0.00993430000016815,389.2029824375628,189.2029824375628,0.0,2.0,2.0,0.0
rc208C5,4,5,depot,1,edd,3.899999683198985e-06,3000411.346289201,211.34628920126426,0.0,2.0,0.0,3.0
rc208C5,4,5,depot,1,sweep,3.099999958067201e-06,2000558.122216866,258.1222168658096,0.0,3.0,0.0,2.0
rc208C5,4,5,depot,1,nearest,1.2700000297627412e-05,2000398.8313816008,198.8313816007819,0.0,2.0,0.0,2.0
rc208C5,4,5,depot,1,grasp,0.00030330000026879134,2000398.8313816008,198.8313816007819,0.0,2.0,0.0,2.0
rc208C5,4,5,depot,1,mp_eavns,0.010446499999488879,2000398.8313816008,198.8313816007819,0.0,2.0,0.0,2.0
rc208C5,4,5,phased,3,edd,7.699999514443334e-06,417.08721547944015,217.08721547944012,0.0,2.0,2.0,0.0
rc208C5,4,5,phased,3,sweep,7.2999991971300915e-06,562.7307882544402,262.7307882544402,0.0,3.0,2.0,0.0
rc208C5,4,5,phased,3,nearest,2.1400000150606502e-05,411.3834393591617,211.38343935916168,0.0,2.0,2.0,0.0
rc208C5,4,5,phased,3,grasp,0.0008290999994642334,411.3834393591617,211.38343935916166,0.0,2.0,2.0,0.0
rc208C5,4,5,phased,3,mp_eavns,0.02013970000007248,411.3834393591617,211.38343935916168,0.0,2.0,2.0,0.0
rc208C5,4,5,all,3,edd,7.900000127847306e-06,417.08721547944015,217.08721547944012,0.0,2.0,2.0,0.0
rc208C5,4,5,all,3,sweep,8.099999831756577e-06,562.7307882544402,262.7307882544402,0.0,3.0,2.0,0.0
rc208C5,4,5,all,3,nearest,1.97000008483883e-05,411.3834393591617,211.38343935916168,0.0,2.0,2.0,0.0
rc208C5,4,5,all,3,grasp,0.000680300000567513,411.3834393591617,211.38343935916166,0.0,2.0,2.0,0.0
rc208C5,4,5,all,3,mp_eavns,0.014877100000376231,411.3834393591617,211.38343935916168,0.0,2.0,2.0,0.0
