instance,period,customers,station_policy,active_stations,algorithm,runtime_seconds,objective,distance,tardiness,routes,recharges,infeasible_legs
c101C10,1,3,depot,1,edd,5.699999746866524e-06,2000417.372635388,217.3726353879336,0.0,2.0,0.0,2.0
c101C10,1,3,depot,1,sweep,4.200000148557592e-06,1000388.7112682475,188.71126824742169,0.0,2.0,0.0,1.0
c101C10,1,3,depot,1,nearest,1.1300000551273115e-05,1002758.4170232767,188.71126824742169,236.97057550292607,2.0,0.0,1.0
c101C10,1,3,depot,1,grasp,0.00019330000031914096,1000388.7112682475,188.71126824742169,0.0,2.0,0.0,1.0
c101C10,1,3,depot,1,mp_eavns,0.003033099999811384,1000388.7112682475,188.71126824742169,0.0,2.0,0.0,1.0
c101C10,1,3,phased,2,edd,2.8000004022032954e-06,1000429.9777182958,229.97771829576425,0.0,2.0,1.0,1.0
c101C10,1,3,phased,2,sweep,2.1999994714860804e-06,1000388.7112682475,188.71126824742169,0.0,2.0,0.0,1.0
c101C10,1,3,phased,2,nearest,5.9000003602704965e-06,2771.022106184513,201.3163511552523,236.97057550292607,2.0,1.0,0.0
c101C10,1,3,phased,2,grasp,0.0002179000002797693,2771.022106184513,201.3163511552523,236.97057550292607,2.0,1.0,0.0
c101C10,1,3,phased,2,mp_eavns,0.007862999999815656,541.9865308188187,241.98653081881872,0.0,3.0,1.0,0.0
c101C10,1,3,all,5,edd,3.5999992178403772e-06,1000424.3859429038,224.3859429038274,0.0,2.0,1.0,1.0
c101C10,1,3,all,5,sweep,2.499999936844688e-06,416.6452377626755,216.6452377626755,0.0,2.0,1.0,0.0
c101C10,1,3,all,5,nearest,6.8999997893115506e-06,2765.430330792576,195.72457576331547,236.97057550292607,2.0,1.0,0.0
c101C10,1,3,all,5,grasp,0.0003206000001227949,416.6452377626755,216.6452377626755,0.0,2.0,1.0,0.0
c101C10,1,3,all,5,mp_eavns,0.005343700000594254,416.6452377626755,216.6452377626755,0.0,2.0,1.0,0.0
c101C10,2,5,depot,1,edd,3.600000127335079e-06,2000591.7837537024,291.78375370234176,0.0,3.0,0.0,2.0
c101C10,2,5,depot,1,sweep,3.099999958067201e-06,1000947.1536289362,263.1223865618298,38.40312423743285,3.0,0.0,1.0
c101C10,2,5,depot,1,nearest,1.140000040322775e-05,1010401.2659417755,296.86503884211805,980.4400902933387,3.0,0.0,1.0
c101C10,2,5,depot,1,grasp,0.0003281999997852836,1000563.1223865618,263.12238656182984,0.0,3.0,0.0,1.0
c101C10,2,5,depot,1,mp_eavns,0.009056199999577075,1000563.1223865618,263.12238656182984,0.0,3.0,0.0,1.0
c101C10,2,5,phased,3,edd,3.200000719516538e-06,1000604.3888366101,304.3888366101724,0.0,3.0,1.0,1.0
c101C10,2,5,phased,3,sweep,2.8000004022032954e-06,1000947.1536289362,263.1223865618298,38.40312423743285,3.0,0.0,1.0
c101C10,2,5,phased,3,nearest,9.999999747378752e-06,1010401.2659417755,296.86503884211805,980.4400902933387,3.0,0.0,1.0
c101C10,2,5,phased,3,grasp,0.000361499999598891,607.3764852748468,307.37648527484674,0.0,3.0,1.0,0.0
c101C10,2,5,phased,3,mp_eavns,0.009712500000205182,602.6366742487803,302.63667424878025,0.0,3.0,1.0,0.0
c101C10,2,5,all,5,edd,4.100000296602957e-06,1000598.7970612182,298.79706121823557,0.0,3.0,1.0,1.0
c101C10,2,5,all,5,sweep,3.5000002753804438e-06,975.0875984514121,291.0563560770836,38.40312423743285,3.0,1.0,0.0
c101C10,2,5,all,5,nearest,1.1500000255182385e-05,1010401.2659417755,296.86503884211805,980.4400902933387,3.0,0.0,1.0
c101C10,2,5,all,5,grasp,0.00038439999934780644,591.0563560770836,291.0563560770836,0.0,3.0,1.0,0.0
c101C10,2,5,all,5,mp_eavns,0.01701409999986936,591.0563560770836,291.05635607708365,0.0,3.0,1.0,0.0
c101C10,3,8,depot,1,edd,5.9000003602704965e-06,3000815.953849772,415.9538497719389,0.0,4.0,0.0,3.0
c101C10,3,8,depot,1,sweep,5.800000508315861e-06,1002273.8012599283,345.76067196364266,152.8040587964656,4.0,0.0,1.0
c101C10,3,8,depot,1,nearest,2.9300000278453808e-05,1008085.213617453,352.07698545021185,733.3136632002804,4.0,0.0,1.0
c101C10,3,8,depot,1,grasp,0.0016722000000299886,1000815.0797083041,415.0797083041676,0.0,4.0,1.0,1.0
c101C10,3,8,depot,1,mp_eavns,0.02557009999964066,1000747.5263744975,347.5263744974465,0.0,4.0,0.0,1.0
c101C10,3,8,phased,4,edd,5.300000339047983e-06,1000822.118776735,422.11877673502005,0.0,4.0,1.0,1.0
c101C10,3,8,phased,4,sweep,4.999999873689376e-06,1002273.8012599283,345.76067196364266,152.8040587964656,4.0,0.0,1.0
c101C10,3,8,phased,4,nearest,1.7500000467407517e-05,8097.818700360847,364.68206835804244,733.3136632002804,4.0,1.0,0.0
c101C10,3,8,phased,4,grasp,0.0011017000006177113,799.4799978050814,399.4799978050815,0.0,4.0,2.0,0.0
c101C10,3,8,phased,4,mp_eavns,0.039119200000641285,776.7326982613213,376.7326982613212,0.0,4.0,1.0,0.0
c101C10,3,8,all,5,edd,5.4000001910026185e-06,1000815.9551073303,415.9551073303587,0.0,4.0,1.0,1.0
c101C10,3,8,all,5,sweep,5.200000487093348e-06,2301.7352294435523,373.6946414788965,152.8040587964656,4.0,1.0,0.0
c101C10,3,8,all,5,nearest,1.7899999875226058e-05,8092.226924968911,359.0902929661056,733.3136632002804,4.0,1.0,0.0
c101C10,3,8,all,5,grasp,0.001016400000480644,793.8882224131446,393.88822241314466,0.0,4.0,2.0,0.0
c101C10,3,8,all,5,mp_eavns,0.033479699999588775,760.9396605044727,360.9396605044727,0.0,4.0,1.0,0.0
c101C10,4,10,depot,1,edd,6.199999916134402e-06,4001005.757719325,505.75771932480524,0.0,5.0,0.0,4.0
c101C10,4,10,depot,1,sweep,4.200000148557592e-06,1010034.9633638293,416.70548720020776,911.8257876629082,5.0,0.0,1.0
c101C10,4,10,depot,1,nearest,2.5800000003073364e-05,1019287.6620345882,427.51328257925707,1836.0148752008904,5.0,0.0,1.0
c101C10,4,10,depot,1,grasp,0.0009482999994361307,1007778.2668165098,515.5431478262069,686.272366868356,4.0,2.0,1.0
c101C10,4,10,depot,1,mp_eavns,0.049486600000818726,1000918.4711897341,418.4711897340116,0.0,5.0,0.0,1.0
c101C10,4,10,phased,5,edd,6.8999997893115506e-06,2001005.7589768833,505.75897688322505,0.0,5.0,1.0,2.0
c101C10,4,10,phased,5,sweep,6.50000038149301e-06,10062.897333344545,444.63945671546156,911.8257876629082,5.0,1.0,0.0
c101C10,4,10,phased,5,nearest,2.609999955893727e-05,19294.675342104056,434.5265900951508,1836.0148752008904,5.0,1.0,0.0
c101C10,4,10,phased,5,grasp,0.001150699999925564,3875.0187288081806,540.1999358168463,283.4818792991334,5.0,3.0,0.0
c101C10,4,10,phased,5,mp_eavns,0.07348070000080043,940.1825156463773,440.1825156463773,0.0,5.0,1.0,0.0
c101C10,4,10,all,5,edd,6.499999471998308e-06,2001005.7589768833,505.75897688322505,0.0,5.0,1.0,2.0
c101C10,4,10,all,5,sweep,6.100000064179767e-06,10062.897333344545,444.63945671546156,911.8257876629082,5.0,1.0,0.0
c101C10,4,10,all,5,nearest,2.429999949526973e-05,19294.675342104056,434.5265900951508,1836.0148752008904,5.0,1.0,0.0
c101C10,4,10,all,5,grasp,0.0013126000003467198,1988.8989113521152,529.7806075136065,95.91183038385088,5.0,3.0,0.0
c101C10,4,10,all,5,mp_eavns,0.03799780000008468,846.5016231721147,446.50162317211476,0.0,4.0,2.0,0.0
c101C5,1,2,depot,1,edd,3.099999958067201e-06,187.3283094778149,87.32830947781493,0.0,1.0,0.0,0.0
c101C5,1,2,depot,1,sweep,2.0000006770715117e-06,187.3283094778149,87.32830947781493,0.0,1.0,0.0,0.0
c101C5,1,2,depot,1,nearest,7.599999662488699e-06,187.3283094778149,87.32830947781493,0.0,1.0,0.0,0.0
c101C5,1,2,depot,1,grasp,0.00011829999948531622,187.3283094778149,87.32830947781493,0.0,1.0,0.0,0.0
c101C5,1,2,depot,1,mp_eavns,0.0012867000004916918,187.3283094778149,87.32830947781493,0.0,1.0,0.0,0.0
c101C5,1,2,phased,2,edd,1.8999999156221747e-06,187.3283094778149,87.32830947781493,0.0,1.0,0.0,0.0
c101C5,1,2,phased,2,sweep,3.2999996619764715e-06,187.3283094778149,87.32830947781493,0.0,1.0,0.0,0.0
c101C5,1,2,phased,2,nearest,4.100000296602957e-06,187.3283094778149,87.32830947781493,0.0,1.0,0.0,0.0
c101C5,1,2,phased,2,grasp,0.00011499999982333975,187.3283094778149,87.32830947781493,0.0,1.0,0.0,0.0
c101C5,1,2,phased,2,mp_eavns,0.001315499999691383,187.3283094778149,87.32830947781493,0.0,1.0,0.0,0.0
c101C5,1,2,all,3,edd,1.8999999156221747e-06,187.3283094778149,87.32830947781493,0.0,1.0,0.0,0.0
c101C5,1,2,all,3,sweep,1.2999998943996616e-06,187.3283094778149,87.32830947781493,0.0,1.0,0.0,0.0
c101C5,1,2,all,3,nearest,3.5000002753804438e-06,187.3283094778149,87.32830947781493,0.0,1.0,0.0,0.0
c101C5,1,2,all,3,grasp,0.00011309999990771757,187.3283094778149,87.32830947781493,0.0,1.0,0.0,0.0
c101C5,1,2,all,3,mp_eavns,0.0014201999993019854,187.3283094778149,87.32830947781493,0.0,1.0,0.0,0.0
c101C5,2,3,depot,1,edd,3.700000888784416e-06,1000374.5274648496,174.52746484964803,0.0,2.0,0.0,1.0
c101C5,2,3,depot,1,sweep,2.70000055024866e-06,363.486040536454,163.48604053645403,0.0,2.0,0.0,0.0
c101C5,2,3,depot,1,nearest,8.900000466383062e-06,363.486040536454,163.48604053645403,0.0,2.0,0.0,0.0
c101C5,2,3,depot,1,grasp,0.00018509999972593505,339.0703270882433,139.07032708824332,0.0,2.0,0.0,0.0
c101C5,2,3,depot,1,mp_eavns,0.0038918000000194297,339.0703270882433,139.07032708824332,0.0,2.0,0.0,0.0
c101C5,2,3,phased,2,edd,2.4000000848900527e-06,1000374.5274648496,174.52746484964803,0.0,2.0,0.0,1.0
c101C5,2,3,phased,2,sweep,1.8000000636675395e-06,363.486040536454,163.48604053645403,0.0,2.0,0.0,0.0
c101C5,2,3,phased,2,nearest,5.600000804406591e-06,363.486040536454,163.48604053645403,0.0,2.0,0.0,0.0
c101C5,2,3,phased,2,grasp,0.00017190000016853446,339.0703270882433,139.07032708824332,0.0,2.0,0.0,0.0
c101C5,2,3,phased,2,mp_eavns,0.003846499999781372,339.0703270882433,139.07032708824332,0.0,2.0,0.0,0.0
c101C5,2,3,all,3,edd,3.499999365885742e-06,1000374.5274648496,174.52746484964803,0.0,2.0,0.0,1.0
c101C5,2,3,all,3,sweep,3.000000106112566e-06,363.486040536454,163.48604053645403,0.0,2.0,0.0,0.0
c101C5,2,3,all,3,nearest,8.800000614428427e-06,363.486040536454,163.48604053645403,0.0,2.0,0.0,0.0
c101C5,2,3,all,3,grasp,0.00017839999964053277,339.0703270882433,139.07032708824332,0.0,2.0,0.0,0.0
c101C5,2,3,all,3,mp_eavns,0.003925899999558169,339.0703270882433,139.07032708824332,0.0,2.0,0.0,0.0
c101C5,3,4,depot,1,edd,2.6999996407539584e-06,2000450.6811053937,250.68110539358509,0.0,2.0,0.0,2.0
c101C5,3,4,depot,1,sweep,2.3000002329354174e-06,1005903.4860405364,193.48604053645403,551.0,2.0,0.0,1.0
c101C5,3,4,depot,1,nearest,7.699999514443334e-06,1005903.4860405364,193.48604053645403,551.0,2.0,0.0,1.0
c101C5,3,4,depot,1,grasp,0.0002345000002605957,1000393.4860405364,193.48604053645403,0.0,2.0,0.0,1.0
c101C5,3,4,depot,1,mp_eavns,0.010439399999995658,515.2280581468824,215.2280581468824,0.0,3.0,0.0,0.0
c101C5,3,4,phased,3,edd,4.100000296602957e-06,2000450.6811053937,250.68110539358509,0.0,2.0,0.0,2.0
c101C5,3,4,phased,3,sweep,3.1999998100218363e-06,5906.660948327571,196.66094832757065,551.0,2.0,1.0,0.0
c101C5,3,4,phased,3,nearest,8.499999239575118e-06,5906.660948327571,196.66094832757065,551.0,2.0,1.0,0.0
c101C5,3,4,phased,3,grasp,0.00024839999969117343,414.599010096201,214.59901009620106,0.0,2.0,1.0,0.0
c101C5,3,4,phased,3,mp_eavns,0.007121999999981199,414.599010096201,214.59901009620106,0.0,2.0,1.0,0.0
c101C5,3,4,all,3,edd,3.5000002753804438e-06,2000450.6811053937,250.68110539358509,0.0,2.0,0.0,2.0
c101C5,3,4,all,3,sweep,3.200000719516538e-06,5906.660948327571,196.66094832757065,551.0,2.0,1.0,0.0
c101C5,3,4,all,3,nearest,8.69999985297909e-06,5906.660948327571,196.66094832757065,551.0,2.0,1.0,0.0
c101C5,3,4,all,3,grasp,0.00027800000043498585,414.599010096201,214.59901009620106,0.0,2.0,1.0,0.0
c101C5,3,4,all,3,mp_eavns,0.007298999999875377,414.599010096201,214.59901009620106,0.0,2.0,1.0,0.0
c101C5,4,5,depot,1,edd,3.000000106112566e-06,2000451.83548529,251.83548528997758,0.0,2.0,0.0,2.0
c101C5,4,5,depot,1,sweep,2.599999788799323e-06,1009990.5746423017,206.43651578671387,958.4138126514911,2.0,0.0,1.0
c101C5,4,5,depot,1,nearest,1.0000000656873453e-05,1002030.5746423017,206.43651578671387,162.41381265149107,2.0,0.0,1.0
c101C5,4,5,depot,1,grasp,0.0003118999993603211,3566.312343468888,228.17853339714225,313.81338100717454,2.0,1.0,0.0
c101C5,4,5,depot,1,mp_eavns,0.014450900000156253,452.594246845353,252.59424684535298,0.0,2.0,1.0,0.0
c101C5,4,5,phased,3,edd,5.199999577598646e-06,2000451.83548529,251.83548528997758,0.0,2.0,0.0,2.0
c101C5,4,5,phased,3,sweep,5.099999725644011e-06,1009990.5746423017,206.43651578671387,958.4138126514911,2.0,0.0,1.0
c101C5,4,5,phased,3,nearest,1.8200000340584666e-05,1002030.5746423017,206.43651578671387,162.41381265149107,2.0,0.0,1.0
c101C5,4,5,phased,3,grasp,0.000720500000170432,1413.402716426754,228.17853339714225,98.52241830296117,2.0,1.0,0.0
c101C5,4,5,phased,3,mp_eavns,0.01277360000040062,448.9368023254154,248.93680232541539,0.0,2.0,1.0,0.0
c101C5,4,5,all,3,edd,4.200000148557592e-06,2000451.83548529,251.83548528997758,0.0,2.0,0.0,2.0
c101C5,4,5,all,3,sweep,3.99999953515362e-06,1009990.5746423017,206.43651578671387,958.4138126514911,2.0,0.0,1.0
c101C5,4,5,all,3,nearest,1.1900000572495628e-05,1002030.5746423017,206.43651578671387,162.41381265149107,2.0,0.0,1.0
c101C5,4,5,all,3,grasp,0.00035149999985151226,2050.8720291047903,226.7339025898795,162.41381265149107,2.0,1.0,0.0
c101C5,4,5,all,3,mp_eavns,0.008897400000023481,448.9368023254154,248.93680232541539,0.0,2.0,1.0,0.0
c103C15,1,4,depot,1,edd,3.3000005714711733e-06,328.1046497035028,128.1046497035028,0.0,2.0,0.0,0.0
c103C15,1,4,depot,1,sweep,5.100000635138713e-06,328.1046497035028,128.1046497035028,0.0,2.0,0.0,0.0
c103C15,1,4,depot,1,nearest,8.69999985297909e-06,354.2095019707516,154.2095019707516,0.0,2.0,0.0,0.0
c103C15,1,4,depot,1,grasp,0.00020840000070165843,328.1046497035028,128.1046497035028,0.0,2.0,0.0,0.0
c103C15,1,4,depot,1,mp_eavns,0.005198599999857834,328.1046497035028,128.1046497035028,0.0,2.0,0.0,0.0
c103C15,1,4,phased,2,edd,2.9000002541579306e-06,328.1046497035028,128.1046497035028,0.0,2.0,0.0,0.0
c103C15,1,4,phased,2,sweep,2.499999936844688e-06,328.1046497035028,128.1046497035028,0.0,2.0,0.0,0.0
c103C15,1,4,phased,2,nearest,8.199999683711212e-06,354.2095019707516,154.2095019707516,0.0,2.0,0.0,0.0
c103C15,1,4,phased,2,grasp,0.00023070000042935135,328.1046497035028,128.1046497035028,0.0,2.0,0.0,0.0
c103C15,1,4,phased,2,mp_eavns,0.00544739999986632,328.1046497035028,128.1046497035028,0.0,2.0,0.0,0.0
c103C15,1,4,all,5,edd,2.200000380980782e-06,328.1046497035028,128.1046497035028,0.0,2.0,0.0,0.0
c103C15,1,4,all,5,sweep,2.200000380980782e-06,328.1046497035028,128.1046497035028,0.0,2.0,0.0,0.0
c103C15,1,4,all,5,nearest,8.900000466383062e-06,354.2095019707516,154.2095019707516,0.0,2.0,0.0,0.0
c103C15,1,4,all,5,grasp,0.00021180000021558953,328.1046497035028,128.1046497035028,0.0,2.0,0.0,0.0
c103C15,1,4,all,5,mp_eavns,0.005475899999510148,328.1046497035028,128.1046497035028,0.0,2.0,0.0,0.0
c103C15,2,8,depot,1,edd,3.700000888784416e-06,724.1724737071763,324.1724737071764,0.0,4.0,1.0,0.0
c103C15,2,8,depot,1,sweep,3.1999998100218363e-06,918.8659619000971,225.8953764923136,39.29705854077835,3.0,0.0,0.0
c103C15,2,8,depot,1,nearest,1.649999921937706e-05,1001236.2931359449,294.96106227464594,64.13320736702158,3.0,0.0,1.0
c103C15,2,8,depot,1,grasp,0.0018255000004501198,534.8414982014185,234.84149820141857,0.0,3.0,0.0,0.0
c103C15,2,8,depot,1,mp_eavns,0.03471860000081506,534.8414982014185,234.84149820141857,0.0,3.0,0.0,0.0
c103C15,2,8,phased,3,edd,6.999999641266186e-06,724.1724737071763,324.1724737071764,0.0,4.0,1.0,0.0
c103C15,2,8,phased,3,sweep,5.9000003602704965e-06,918.8659619000971,225.8953764923136,39.29705854077835,3.0,0.0,0.0
c103C15,2,8,phased,3,nearest,2.069999936793465e-05,1001236.2931359449,294.96106227464594,64.13320736702158,3.0,0.0,1.0
c103C15,2,8,phased,3,grasp,0.0024479000003339024,561.8647069710476,261.86470697104755,0.0,3.0,1.0,0.0
c103C15,2,8,phased,3,mp_eavns,0.05058010000084323,534.8414982014185,234.84149820141857,0.0,3.0,0.0,0.0
c103C15,2,8,all,5,edd,5.700000656361226e-06,724.1724737071763,324.1724737071764,0.0,4.0,1.0,0.0
c103C15,2,8,all,5,sweep,5.300000339047983e-06,918.8659619000971,225.8953764923136,39.29705854077835,3.0,0.0,0.0
c103C15,2,8,all,5,nearest,1.849999989644857e-05,1001236.2931359449,294.96106227464594,64.13320736702158,3.0,0.0,1.0
c103C15,2,8,all,5,grasp,0.0027520000003278255,534.8414982014185,234.84149820141857,0.0,3.0,0.0,0.0
c103C15,2,8,all,5,mp_eavns,0.041130199999315664,534.8414982014185,234.84149820141857,0.0,3.0,0.0,0.0
c103C15,3,12,depot,1,edd,6.70000008540228e-06,1000970.6272194141,470.6272194140795,0.0,5.0,1.0,1.0
c103C15,3,12,depot,1,sweep,5.199999577598646e-06,1256.657366731086,363.68678132330257,39.29705854077835,5.0,0.0,0.0
c103C15,3,12,depot,1,nearest,3.110000034212135e-05,4864.0466699696335,476.08466015724025,388.7962009812393,5.0,1.0,0.0
c103C15,3,12,depot,1,grasp,0.0027162000005773734,3136.8879293052373,530.1197474642798,200.67681818409574,6.0,2.0,0.0
c103C15,3,12,depot,1,mp_eavns,0.07409509999979491,872.6329030324075,372.63290303240757,0.0,5.0,0.0,0.0
c103C15,3,12,phased,4,edd,7.999999979801942e-06,981.1696422327686,481.1696422327687,0.0,5.0,2.0,0.0
c103C15,3,12,phased,4,sweep,7.499999810534064e-06,1256.657366731086,363.68678132330257,39.29705854077835,5.0,0.0,0.0
c103C15,3,12,phased,4,nearest,3.329999981360743e-05,4706.54729257811,460.9587724663112,374.55885201117985,5.0,1.0,0.0
c103C15,3,12,phased,4,grasp,0.0032988000002660556,947.978761591659,447.978761591659,0.0,5.0,1.0,0.0
c103C15,3,12,phased,4,mp_eavns,0.08674919999975828,872.6329030324075,372.63290303240757,0.0,5.0,0.0,0.0
c103C15,3,12,all,5,edd,7.800000275892671e-06,981.1696422327686,481.1696422327687,0.0,5.0,2.0,0.0
c103C15,3,12,all,5,sweep,7.100000402715523e-06,1256.657366731086,363.68678132330257,39.29705854077835,5.0,0.0,0.0
c103C15,3,12,all,5,nearest,3.569999989849748e-05,4706.54729257811,460.9587724663112,374.55885201117985,5.0,1.0,0.0
c103C15,3,12,all,5,grasp,0.003285699999651115,967.0734067123857,467.0734067123857,0.0,5.0,1.0,0.0
c103C15,3,12,all,5,mp_eavns,0.07773040000029141,872.6329030324075,372.63290303240757,0.0,5.0,0.0,0.0
c103C15,4,15,depot,1,edd,6.999999641266186e-06,2001364.332075087,664.3320750868669,0.0,7.0,1.0,2.0
c103C15,4,15,depot,1,sweep,5.99999930273043e-06,6876.114744762095,457.12090668388373,581.8993838078211,6.0,0.0,0.0
c103C15,4,15,depot,1,nearest,4.019999960291898e-05,1007180.8884402228,513.5331138821639,606.7355326340643,6.0,0.0,1.0
c103C15,4,15,depot,1,grasp,0.004155700000410434,6779.806124422597,630.1560049287095,554.9650119493888,6.0,2.0,0.0
c103C15,4,15,depot,1,mp_eavns,0.14997289999973873,1057.9152076681175,457.9152076681175,0.0,6.0,0.0,0.0
c103C15,4,15,phased,5,edd,1.2900000001536682e-05,1382.7914226391447,682.7914226391447,0.0,7.0,3.0,0.0
c103C15,4,15,phased,5,sweep,1.2399999832268804e-05,6876.114744762095,457.12090668388373,581.8993838078211,6.0,0.0,0.0
c103C15,4,15,phased,5,nearest,7.779999941703863e-05,7183.9221502169985,516.5668238763553,606.7355326340643,6.0,1.0,0.0
c103C15,4,15,phased,5,grasp,0.007827699999324977,1210.524224194974,610.524224194974,0.0,6.0,3.0,0.0
c103C15,4,15,phased,5,mp_eavns,0.16421540000010282,1057.9152076681175,457.91520766811743,0.0,6.0,0.0,0.0
c103C15,4,15,all,5,edd,8.69999985297909e-06,1382.7914226391447,682.7914226391447,0.0,7.0,3.0,0.0
c103C15,4,15,all,5,sweep,8.50000014906982e-06,6876.114744762095,457.12090668388373,581.8993838078211,6.0,0.0,0.0
c103C15,4,15,all,5,nearest,3.980000019510044e-05,7183.9221502169985,516.5668238763553,606.7355326340643,6.0,1.0,0.0
c103C15,4,15,all,5,grasp,0.006148299999949813,1228.039378372609,628.0393783726089,0.0,6.0,2.0,0.0
c103C15,4,15,all,5,mp_eavns,0.16832979999981035,1057.9152076681175,457.91520766811743,0.0,6.0,0.0,0.0
c103C5,1,2,depot,1,edd,4.200000148557592e-06,174.05505797167908,74.05505797167908,0.0,1.0,0.0,0.0
c103C5,1,2,depot,1,sweep,2.4000000848900527e-06,8986.543152939812,74.05505797167908,881.2488094968134,1.0,0.0,0.0
c103C5,1,2,depot,1,nearest,8.50000014906982e-06,174.05505797167908,74.05505797167908,0.0,1.0,0.0,0.0
c103C5,1,2,depot,1,grasp,0.0001253000000360771,174.05505797167908,74.05505797167908,0.0,1.0,0.0,0.0
c103C5,1,2,depot,1,mp_eavns,0.0013343000000531902,174.05505797167908,74.05505797167908,0.0,1.0,0.0,0.0
c103C5,1,2,phased,2,edd,2.1999994714860804e-06,174.05505797167908,74.05505797167908,0.0,1.0,0.0,0.0
c103C5,1,2,phased,2,sweep,1.99999976757681e-06,8986.543152939812,74.05505797167908,881.2488094968134,1.0,0.0,0.0
c103C5,1,2,phased,2,nearest,4.599999556376133e-06,174.05505797167908,74.05505797167908,0.0,1.0,0.0,0.0
c103C5,1,2,phased,2,grasp,0.00011820000054285629,174.05505797167908,74.05505797167908,0.0,1.0,0.0,0.0
c103C5,1,2,phased,2,mp_eavns,0.0023929999997562845,174.05505797167908,74.05505797167908,0.0,1.0,0.0,0.0
c103C5,1,2,all,2,edd,3.2999996619764715e-06,174.05505797167908,74.05505797167908,0.0,1.0,0.0,0.0
c103C5,1,2,all,2,sweep,3.2999996619764715e-06,8986.543152939812,74.05505797167908,881.2488094968134,1.0,0.0,0.0
c103C5,1,2,all,2,nearest,8.600000001024455e-06,174.05505797167908,74.05505797167908,0.0,1.0,0.0,0.0
c103C5,1,2,all,2,grasp,0.00022949999947741162,174.05505797167908,74.05505797167908,0.0,1.0,0.0,0.0
c103C5,1,2,all,2,mp_eavns,0.0027851999993799836,174.05505797167908,74.05505797167908,0.0,1.0,0.0,0.0
c103C5,2,3,depot,1,edd,4.399999852466863e-06,335.6667451746765,135.66674517467652,0.0,2.0,0.0,0.0
c103C5,2,3,depot,1,sweep,3.3000005714711733e-06,9148.15484014281,135.66674517467652,881.2488094968134,2.0,0.0,0.0
c103C5,2,3,depot,1,nearest,1.1300000551273115e-05,335.6667451746765,135.66674517467652,0.0,2.0,0.0,0.0
c103C5,2,3,depot,1,grasp,0.0003492999994705315,335.6667451746765,135.66674517467652,0.0,2.0,0.0,0.0
c103C5,2,3,depot,1,mp_eavns,0.0058538000002954504,335.6667451746765,135.66674517467652,0.0,2.0,0.0,0.0
c103C5,2,3,phased,2,edd,3.7999998312443495e-06,335.6667451746765,135.66674517467652,0.0,2.0,0.0,0.0
c103C5,2,3,phased,2,sweep,3.6999999792897142e-06,9148.15484014281,135.66674517467652,881.2488094968134,2.0,0.0,0.0
c103C5,2,3,phased,2,nearest,1.0200000360782724e-05,335.6667451746765,135.66674517467652,0.0,2.0,0.0,0.0
c103C5,2,3,phased,2,grasp,0.0003377999992153491,335.6667451746765,135.66674517467652,0.0,2.0,0.0,0.0
c103C5,2,3,phased,2,mp_eavns,0.005331800000021758,335.6667451746765,135.66674517467652,0.0,2.0,0.0,0.0
c103C5,2,3,all,2,edd,4.200000148557592e-06,335.6667451746765,135.66674517467652,0.0,2.0,0.0,0.0
c103C5,2,3,all,2,sweep,9.200000022246968e-06,9148.15484014281,135.66674517467652,881.2488094968134,2.0,0.0,0.0
c103C5,2,3,all,2,nearest,9.200000022246968e-06,335.6667451746765,135.66674517467652,0.0,2.0,0.0,0.0
c103C5,2,3,all,2,grasp,0.00017359999947075266,335.6667451746765,135.66674517467652,0.0,2.0,0.0,0.0
c103C5,2,3,all,2,mp_eavns,0.0028307000002314453,335.6667451746765,135.66674517467652,0.0,2.0,0.0,0.0
c103C5,3,4,depot,1,edd,3.99999953515362e-06,352.3975503314247,152.39755033142472,0.0,2.0,0.0,0.0
c103C5,3,4,depot,1,sweep,2.9000002541579306e-06,9164.885645299559,152.39755033142472,881.2488094968134,2.0,0.0,0.0
c103C5,3,4,depot,1,nearest,1.1299999641778413e-05,367.7976533298753,167.79765332987532,0.0,2.0,0.0,0.0
c103C5,3,4,depot,1,grasp,0.00022979999994277023,352.3975503314247,152.39755033142472,0.0,2.0,0.0,0.0
c103C5,3,4,depot,1,mp_eavns,0.004735800000162271,352.3975503314247,152.39755033142472,0.0,2.0,0.0,0.0
c103C5,3,4,phased,2,edd,3.3999995139311068e-06,352.3975503314247,152.39755033142472,0.0,2.0,0.0,0.0
c103C5,3,4,phased,2,sweep,3.7999998312443495e-06,9164.885645299559,152.39755033142472,881.2488094968134,2.0,0.0,0.0
c103C5,3,4,phased,2,nearest,7.999999979801942e-06,367.7976533298753,167.79765332987532,0.0,2.0,0.0,0.0
c103C5,3,4,phased,2,grasp,0.0002148000003217021,352.3975503314247,152.39755033142472,0.0,2.0,0.0,0.0
c103C5,3,4,phased,2,mp_eavns,0.004973699999936798,352.3975503314247,152.39755033142472,0.0,2.0,0.0,0.0
c103C5,3,4,all,2,edd,4.200000148557592e-06,352.3975503314247,152.39755033142472,0.0,2.0,0.0,0.0
c103C5,3,4,all,2,sweep,3.899999683198985e-06,9164.885645299559,152.39755033142472,881.2488094968134,2.0,0.0,0.0
c103C5,3,4,all,2,nearest,1.0599999768601265e-05,367.7976533298753,167.79765332987532,0.0,2.0,0.0,0.0
c103C5,3,4,all,2,grasp,0.00021840000044903718,361.4131909691696,161.41319096916962,0.0,2.0,0.0,0.0
c103C5,3,4,all,2,mp_eavns,0.004936700000143901,352.3975503314247,152.39755033142472,0.0,2.0,0.0,0.0
c103C5,4,5,depot,1,edd,3.8000007407390513e-06,361.2613846621467,161.2613846621467,0.0,2.0,0.0,0.0
c103C5,4,5,depot,1,sweep,2.6999996407539584e-06,9174.885645299559,162.39755033142472,881.2488094968134,2.0,0.0,0.0
c103C5,4,5,depot,1,nearest,1.3299999409355223e-05,1000377.2862654559,177.28626545587022,0.0,2.0,0.0,1.0
c103C5,4,5,depot,1,grasp,0.0005385000004025642,361.2613846621467,161.26138466214672,0.0,2.0,0.0,0.0
c103C5,4,5,depot,1,mp_eavns,0.007830599999579135,361.2613846621467,161.26138466214672,0.0,2.0,0.0,0.0
c103C5,4,5,phased,2,edd,6.499999471998308e-06,361.2613846621467,161.2613846621467,0.0,2.0,0.0,0.0
c103C5,4,5,phased,2,sweep,6.400000529538374e-06,9174.885645299559,162.39755033142472,881.2488094968134,2.0,0.0,0.0
c103C5,4,5,phased,2,nearest,1.469999915570952e-05,1000377.2862654559,177.28626545587022,0.0,2.0,0.0,1.0
c103C5,4,5,phased,2,grasp,0.0005840000003445311,362.3975503314247,162.39755033142472,0.0,2.0,0.0,0.0
c103C5,4,5,phased,2,mp_eavns,0.007858300000407326,361.2613846621467,161.26138466214672,0.0,2.0,0.0,0.0
c103C5,4,5,all,2,edd,3.5000002753804438e-06,361.2613846621467,161.2613846621467,0.0,2.0,0.0,0.0
c103C5,4,5,all,2,sweep,3.3000005714711733e-06,9174.885645299559,162.39755033142472,881.2488094968134,2.0,0.0,0.0
c103C5,4,5,all,2,nearest,1.049999991664663e-05,1000377.2862654559,177.28626545587022,0.0,2.0,0.0,1.0
c103C5,4,5,all,2,grasp,0.0005605000005743932,361.2613846621467,161.26138466214672,0.0,2.0,0.0,0.0
c103C5,4,5,all,2,mp_eavns,0.008296400000290305,361.2613846621467,161.26138466214672,0.0,2.0,0.0,0.0
c104C10,1,3,depot,1,edd,3.7999998312443495e-06,182.08664220436577,82.08664220436576,0.0,1.0,0.0,0.0
c104C10,1,3,depot,1,sweep,2.599999788799323e-06,182.08664220436577,82.08664220436576,0.0,1.0,0.0,0.0
c104C10,1,3,depot,1,nearest,1.0100000508828089e-05,182.08664220436577,82.08664220436577,0.0,1.0,0.0,0.0
c104C10,1,3,depot,1,grasp,0.00017560000014782418,182.08664220436577,82.08664220436577,0.0,1.0,0.0,0.0
c104C10,1,3,depot,1,mp_eavns,0.0029047999996691942,182.08664220436577,82.08664220436577,0.0,1.0,0.0,0.0
c104C10,1,3,phased,2,edd,3.499999365885742e-06,182.08664220436577,82.08664220436576,0.0,1.0,0.0,0.0
c104C10,1,3,phased,2,sweep,3.5999992178403772e-06,182.08664220436577,82.08664220436576,0.0,1.0,0.0,0.0
c104C10,1,3,phased,2,nearest,7.599999662488699e-06,182.08664220436577,82.08664220436577,0.0,1.0,0.0,0.0
c104C10,1,3,phased,2,grasp,0.00017320000006293412,182.08664220436577,82.08664220436577,0.0,1.0,0.0,0.0
c104C10,1,3,phased,2,mp_eavns,0.00285139999959938,182.08664220436577,82.08664220436577,0.0,1.0,0.0,0.0
c104C10,1,3,all,4,edd,3.000000106112566e-06,182.08664220436577,82.08664220436576,0.0,1.0,0.0,0.0
c104C10,1,3,all,4,sweep,2.499999936844688e-06,182.08664220436577,82.08664220436576,0.0,1.0,0.0,0.0
c104C10,1,3,all,4,nearest,7.099999493220821e-06,182.08664220436577,82.08664220436577,0.0,1.0,0.0,0.0
c104C10,1,3,all,4,grasp,0.00016589999995630933,182.08664220436577,82.08664220436577,0.0,1.0,0.0,0.0
c104C10,1,3,all,4,mp_eavns,0.002804400000059104,182.08664220436577,82.08664220436577,0.0,1.0,0.0,0.0
c104C10,2,5,depot,1,edd,4.300000000512227e-06,1000514.8684061968,214.86840619681237,0.0,3.0,0.0,1.0
c104C10,2,5,depot,1,sweep,3.000000106112566e-06,360.7897963293981,160.7897963293981,0.0,2.0,0.0,0.0
c104C10,2,5,depot,1,nearest,1.2299999980314169e-05,508.32863256952214,208.32863256952217,0.0,3.0,0.0,0.0
c104C10,2,5,depot,1,grasp,0.0003077000001212582,360.7897963293981,160.78979632939811,0.0,2.0,0.0,0.0
c104C10,2,5,depot,1,mp_eavns,0.006893599999784783,360.7897963293981,160.78979632939811,0.0,2.0,0.0,0.0
c104C10,2,5,phased,3,edd,4.900000021734741e-06,1000514.8684061968,214.86840619681237,0.0,3.0,0.0,1.0
c104C10,2,5,phased,3,sweep,4.300000000512227e-06,360.7897963293981,160.7897963293981,0.0,2.0,0.0,0.0
c104C10,2,5,phased,3,nearest,1.2900000001536682e-05,508.32863256952214,208.32863256952217,0.0,3.0,0.0,0.0
c104C10,2,5,phased,3,grasp,0.000318699999297678,360.7897963293981,160.78979632939811,0.0,2.0,0.0,0.0
c104C10,2,5,phased,3,mp_eavns,0.00661489999947662,360.7897963293981,160.78979632939811,0.0,2.0,0.0,0.0
c104C10,2,5,all,4,edd,3.600000127335079e-06,1000514.8684061968,214.86840619681237,0.0,3.0,0.0,1.0
c104C10,2,5,all,4,sweep,3.6999999792897142e-06,360.7897963293981,160.7897963293981,0.0,2.0,0.0,0.0
c104C10,2,5,all,4,nearest,1.1199999789823778e-05,508.32863256952214,208.32863256952217,0.0,3.0,0.0,0.0
c104C10,2,5,all,4,grasp,0.00032890000056795543,367.97840160016204,167.97840160016204,0.0,2.0,0.0,0.0
c104C10,2,5,all,4,mp_eavns,0.006974900000386697,360.7897963293981,160.78979632939811,0.0,2.0,0.0,0.0
c104C10,3,8,depot,1,edd,4.300000000512227e-06,2000823.9404016952,423.94040169524,0.0,4.0,0.0,2.0
c104C10,3,8,depot,1,sweep,3.7999998312443495e-06,2000609.2502766585,309.250276658554,0.0,3.0,0.0,2.0
c104C10,3,8,depot,1,nearest,1.8500000805943273e-05,1000751.9381967905,351.9381967905081,0.0,4.0,0.0,1.0
c104C10,3,8,depot,1,grasp,0.0007978000003276975,1000677.4778379784,377.47783797838946,0.0,3.0,1.0,1.0
c104C10,3,8,depot,1,mp_eavns,0.017251600000236067,1000609.2502766586,309.250276658554,0.0,3.0,0.0,1.0
c104C10,3,8,phased,4,edd,4.800000169780105e-06,2000823.9404016952,423.94040169524,0.0,4.0,0.0,2.0
c104C10,3,8,phased,4,sweep,5.599999894911889e-06,2000609.2502766585,309.250276658554,0.0,3.0,0.0,2.0
c104C10,3,8,phased,4,nearest,1.8400000044493936e-05,756.536601212674,356.53660121267404,0.0,4.0,1.0,0.0
c104C10,3,8,phased,4,grasp,0.0011224999998376006,761.5685451171828,461.5685451171828,0.0,3.0,4.0,0.0
c104C10,3,8,phased,4,mp_eavns,0.02482159999999567,631.5191601329536,331.51916013295363,0.0,3.0,2.0,0.0
c104C10,3,8,all,4,edd,4.499999704421498e-06,2000823.9404016952,423.94040169524,0.0,4.0,0.0,2.0
c104C10,3,8,all,4,sweep,4.499999704421498e-06,2000609.2502766585,309.250276658554,0.0,3.0,0.0,2.0
c104C10,3,8,all,4,nearest,1.7100000150094274e-05,756.536601212674,356.53660121267404,0.0,4.0,1.0,0.0
c104C10,3,8,all,4,grasp,0.0011379999996279366,635.062286525311,335.06228652531104,0.0,3.0,1.0,0.0
c104C10,3,8,all,4,mp_eavns,0.022495299999718554,631.5191601329536,331.51916013295363,0.0,3.0,2.0,0.0
c104C10,4,10,depot,1,edd,6.000000212225132e-06,2000980.5204828095,480.5204828096271,0.0,5.0,1.0,2.0
c104C10,4,10,depot,1,sweep,4.399999852466863e-06,2000757.3393070889,357.3393070889709,0.0,4.0,0.0,2.0
c104C10,4,10,depot,1,nearest,2.4599999960628338e-05,1000809.3328836444,409.3328836444147,0.0,4.0,1.0,1.0
c104C10,4,10,depot,1,grasp,0.0008038999994823826,1000764.9838434849,364.98384348484734,0.0,4.0,0.0,1.0
c104C10,4,10,depot,1,mp_eavns,0.04287529999965045,1000753.0253504409,353.02535044084533,0.0,4.0,0.0,1.0
c104C10,4,10,phased,4,edd,1.049999991664663e-05,2000980.5204828095,480.5204828096271,0.0,5.0,1.0,2.0
c104C10,4,10,phased,4,sweep,9.899999895424116e-06,2000757.3393070889,357.3393070889709,0.0,4.0,0.0,2.0
c104C10,4,10,phased,4,nearest,4.0299999454873614e-05,809.7812249452728,409.7812249452728,0.0,4.0,2.0,0.0
c104C10,4,10,phased,4,grasp,0.0017314999995505787,769.5822479070133,369.5822479070133,0.0,4.0,1.0,0.0
c104C10,4,10,phased,4,mp_eavns,0.05171539999992092,757.6237548630113,357.62375486301124,0.0,4.0,1.0,0.0
c104C10,4,10,all,4,edd,8.099999831756577e-06,2000980.5204828095,480.5204828096271,0.0,5.0,1.0,2.0
c104C10,4,10,all,4,sweep,7.999999979801942e-06,2000757.3393070889,357.3393070889709,0.0,4.0,0.0,2.0
c104C10,4,10,all,4,nearest,2.6699999580159783e-05,809.7812249452728,409.7812249452728,0.0,4.0,2.0,0.0
c104C10,4,10,all,4,grasp,0.0016993999997794162,759.4863390420193,359.48633904201927,0.0,4.0,1.0,0.0
c104C10,4,10,all,4,mp_eavns,0.05766109999967739,774.9270004241068,374.9270004241068,0.0,4.0,1.0,0.0
c106C15,1,4,depot,1,edd,4.300000000512227e-06,160.61172704040348,60.611727040403494,0.0,1.0,0.0,0.0
c106C15,1,4,depot,1,sweep,2.7999994927085936e-06,6102.0330832777145,60.611727040403494,594.1421356237311,1.0,0.0,0.0
c106C15,1,4,depot,1,nearest,1.4299999747890979e-05,4197.02775637732,57.027756377319946,404.0,1.0,0.0,0.0
c106C15,1,4,depot,1,grasp,0.0005086999999548425,153.63948341772345,53.63948341772344,0.0,1.0,0.0,0.0
c106C15,1,4,depot,1,mp_eavns,0.008010900000044785,153.63948341772345,53.63948341772344,0.0,1.0,0.0,0.0
c106C15,1,4,phased,2,edd,4.900000021734741e-06,160.61172704040348,60.611727040403494,0.0,1.0,0.0,0.0
c106C15,1,4,phased,2,sweep,4.70000031782547e-06,6102.0330832777145,60.611727040403494,594.1421356237311,1.0,0.0,0.0
c106C15,1,4,phased,2,nearest,1.0200000360782724e-05,4197.02775637732,57.027756377319946,404.0,1.0,0.0,0.0
c106C15,1,4,phased,2,grasp,0.0004619999999704305,153.63948341772345,53.63948341772344,0.0,1.0,0.0,0.0
c106C15,1,4,phased,2,mp_eavns,0.0074903000004269416,153.63948341772345,53.63948341772344,0.0,1.0,0.0,0.0
c106C15,1,4,all,3,edd,8.799999704933725e-06,160.61172704040348,60.611727040403494,0.0,1.0,0.0,0.0
c106C15,1,4,all,3,sweep,5.599999894911889e-06,6102.0330832777145,60.611727040403494,594.1421356237311,1.0,0.0,0.0
c106C15,1,4,all,3,nearest,1.8600000657897908e-05,4197.02775637732,57.027756377319946,404.0,1.0,0.0,0.0
c106C15,1,4,all,3,grasp,0.000651800000014191,153.63948341772345,53.63948341772344,0.0,1.0,0.0,0.0
c106C15,1,4,all,3,mp_eavns,0.007477000000108092,153.63948341772345,53.63948341772344,0.0,1.0,0.0,0.0
c106C15,2,8,depot,1,edd,4.900000021734741e-06,3000441.1696543884,241.16965438848226,0.0,2.0,0.0,3.0
c106C15,2,8,depot,1,sweep,4.900000021734741e-06,1011322.7474728808,190.6154385248052,1093.2132034355966,2.0,0.0,1.0
c106C15,2,8,depot,1,nearest,1.9600000086938962e-05,1021576.5405268318,200.59873391504343,2117.594179291671,2.0,0.0,1.0
c106C15,2,8,depot,1,grasp,0.0018745999996099272,1004515.8818134845,212.7689260695485,410.3112887414927,2.0,0.0,1.0
c106C15,2,8,depot,1,mp_eavns,0.0397609999999986,1000383.38065311,183.38065310995202,0.0,2.0,0.0,1.0
c106C15,2,8,phased,2,edd,6.70000008540228e-06,3000441.1696543884,241.16965438848226,0.0,2.0,0.0,3.0
c106C15,2,8,phased,2,sweep,5.2999994295532815e-06,1011322.7474728808,190.6154385248052,1093.2132034355966,2.0,0.0,1.0
c106C15,2,8,phased,2,nearest,2.660000063769985e-05,1021576.5405268318,200.59873391504343,2117.594179291671,2.0,0.0,1.0
c106C15,2,8,phased,2,grasp,0.002351000000089698,2692.9849185016355,260.5346539221292,223.24502645795064,2.0,2.0,0.0
c106C15,2,8,phased,2,mp_eavns,0.042124300000068615,446.33979876843523,246.3397987684352,0.0,2.0,2.0,0.0
c106C15,2,8,all,3,edd,6.50000038149301e-06,442.054599124777,242.05459912477698,0.0,2.0,1.0,0.0
c106C15,2,8,all,3,sweep,6.199999916134402e-06,11326.600836701271,194.46880234530533,1093.2132034355966,2.0,1.0,0.0
c106C15,2,8,all,3,nearest,1.9300000531075057e-05,1021576.5405268318,200.59873391504343,2117.594179291671,2.0,0.0,1.0
c106C15,2,8,all,3,grasp,0.002422399999886693,386.616104269637,186.616104269637,0.0,2.0,1.0,0.0
c106C15,2,8,all,3,mp_eavns,0.04517779999969207,376.616104269637,176.616104269637,0.0,2.0,1.0,0.0
c106C15,3,12,depot,1,edd,7.3999999585794285e-06,3000750.229796658,450.2297966576571,0.0,3.0,2.0,3.0
c106C15,3,12,depot,1,sweep,4.999999873689376e-06,1018516.1384279956,267.9508808850586,1794.8187547110606,3.0,0.0,1.0
c106C15,3,12,depot,1,nearest,3.6100000215810724e-05,2027508.933101125,285.5541095096877,2692.337899161539,3.0,0.0,2.0
c106C15,3,12,depot,1,grasp,0.005517300000065006,1008481.2935732665,343.6459697811214,783.7647603485372,3.0,1.0,1.0
c106C15,3,12,depot,1,mp_eavns,0.08227889999943727,1000560.6118251532,260.6118251531788,0.0,3.0,0.0,1.0
c106C15,3,12,phased,3,edd,7.700000423938036e-06,750.3737975005231,450.37379750052315,0.0,3.0,4.0,0.0
c106C15,3,12,phased,3,sweep,7.3999999585794285e-06,18519.991791816166,271.80424470555874,1794.8187547110606,3.0,1.0,0.0
c106C15,3,12,phased,3,nearest,3.389999983482994e-05,1027512.7864649455,289.4074733301878,2692.337899161539,3.0,1.0,1.0
c106C15,3,12,phased,3,grasp,0.0066217999992659315,3790.6765771104,306.82029380342743,318.3856283306973,3.0,1.0,0.0
c106C15,3,12,phased,3,mp_eavns,0.09958649999953195,553.8472763128639,253.8472763128638,0.0,3.0,1.0,0.0
c106C15,3,12,all,3,edd,1.500000053056283e-05,750.3737975005231,450.37379750052315,0.0,3.0,4.0,0.0
c106C15,3,12,all,3,sweep,6.300000677583739e-06,18519.991791816166,271.80424470555874,1794.8187547110606,3.0,1.0,0.0
c106C15,3,12,all,3,nearest,2.970000059576705e-05,1027512.7864649455,289.4074733301878,2692.337899161539,3.0,1.0,1.0
c106C15,3,12,all,3,grasp,0.007038200000351935,826.0615540747237,330.4512706211544,19.56102834535693,3.0,2.0,0.0
c106C15,3,12,all,3,mp_eavns,0.09820109999964188,553.8472763128639,253.8472763128638,0.0,3.0,1.0,0.0
c106C15,4,15,depot,1,edd,1.0900000233959872e-05,8000939.533105447,539.5331054469827,0.0,4.0,0.0,8.0
c106C15,4,15,depot,1,sweep,9.299999874201603e-06,1029778.365117602,328.7614910443009,2904.960362655781,4.0,0.0,1.0
c106C15,4,15,depot,1,nearest,7.579999964946182e-05,2017031.9010986849,348.9305132770711,1628.2970585407784,4.0,0.0,2.0
c106C15,4,15,depot,1,grasp,0.013448300000163727,1003975.3342533481,391.6929436043619,318.3641309743747,4.0,0.0,1.0
c106C15,4,15,depot,1,mp_eavns,0.1642345000000205,1000710.0195987533,310.01959875330164,0.0,4.0,0.0,1.0
c106C15,4,15,phased,3,edd,8.199999683711212e-06,6000940.418050183,540.4180501832774,0.0,4.0,1.0,6.0
c106C15,4,15,phased,3,sweep,7.700000423938036e-06,29782.21848142261,332.61485486480103,2904.960362655781,4.0,1.0,0.0
c106C15,4,15,phased,3,nearest,4.0500000068277586e-05,1017035.7544625053,352.7838770975712,1628.2970585407784,4.0,1.0,1.0
c106C15,4,15,phased,3,grasp,0.013965799999823503,3475.0126652357076,429.17200050146107,264.5840664734246,4.0,2.0,0.0
c106C15,4,15,phased,3,mp_eavns,0.12625719999959983,714.6578864721062,314.6578864721061,0.0,4.0,1.0,0.0
c106C15,4,15,all,3,edd,7.999999979801942e-06,6000940.418050183,540.4180501832774,0.0,4.0,1.0,6.0
c106C15,4,15,all,3,sweep,7.599999662488699e-06,29782.21848142261,332.61485486480103,2904.960362655781,4.0,1.0,0.0
c106C15,4,15,all,3,nearest,4.040000021632295e-05,1017035.7544625053,352.7838770975712,1628.2970585407784,4.0,1.0,1.0
c106C15,4,15,all,3,grasp,0.01486899999963498,4226.761302762213,396.7613027622129,343.0,4.0,1.0,0.0
c106C15,4,15,all,3,mp_eavns,0.1686971999997695,714.6578864721062,314.6578864721061,0.0,4.0,1.0,0.0
c202C10,1,3,depot,1,edd,4.100000296602957e-06,365.62196353325396,165.62196353325396,0.0,2.0,0.0,0.0
c202C10,1,3,depot,1,sweep,3.000000106112566e-06,344.47507769812637,144.47507769812634,0.0,2.0,0.0,0.0
c202C10,1,3,depot,1,nearest,1.0199999451288022e-05,344.47507769812637,144.47507769812634,0.0,2.0,0.0,0.0
c202C10,1,3,depot,1,grasp,0.00018710000040300656,344.47507769812637,144.47507769812634,0.0,2.0,0.0,0.0
c202C10,1,3,depot,1,mp_eavns,0.0031882000002951827,344.47507769812637,144.47507769812634,0.0,2.0,0.0,0.0
c202C10,1,3,phased,2,edd,2.499999936844688e-06,365.62196353325396,165.62196353325396,0.0,2.0,0.0,0.0
c202C10,1,3,phased,2,sweep,2.4000000848900527e-06,344.47507769812637,144.47507769812634,0.0,2.0,0.0,0.0
c202C10,1,3,phased,2,nearest,6.799999937356915e-06,344.47507769812637,144.47507769812634,0.0,2.0,0.0,0.0
c202C10,1,3,phased,2,grasp,0.00018040000031760428,344.47507769812637,144.47507769812634,0.0,2.0,0.0,0.0
c202C10,1,3,phased,2,mp_eavns,0.0031577999998262385,344.47507769812637,144.47507769812634,0.0,2.0,0.0,0.0
c202C10,1,3,all,5,edd,2.3000002329354174e-06,365.62196353325396,165.62196353325396,0.0,2.0,0.0,0.0
c202C10,1,3,all,5,sweep,2.2999993234407157e-06,344.47507769812637,144.47507769812634,0.0,2.0,0.0,0.0
c202C10,1,3,all,5,nearest,6.599999323952943e-06,344.47507769812637,144.47507769812634,0.0,2.0,0.0,0.0
c202C10,1,3,all,5,grasp,0.00017720000050758244,344.47507769812637,144.47507769812634,0.0,2.0,0.0,0.0
c202C10,1,3,all,5,mp_eavns,0.0030043999995541526,344.47507769812637,144.47507769812634,0.0,2.0,0.0,0.0
c202C10,2,5,depot,1,edd,3.7999998312443495e-06,517.2401434415806,217.24014344158053,0.0,3.0,0.0,0.0
c202C10,2,5,depot,1,sweep,3.000000106112566e-06,2267.215589267244,228.18912784691906,173.9026461420325,3.0,0.0,0.0
c202C10,2,5,depot,1,nearest,1.1500000255182385e-05,1006820.2285287101,249.79395138121512,627.0434577328851,3.0,0.0,1.0
c202C10,2,5,depot,1,grasp,0.0003253999993830803,428.18912784691906,228.18912784691906,0.0,2.0,1.0,0.0
c202C10,2,5,depot,1,mp_eavns,0.00750160000006872,428.18912784691906,228.18912784691906,0.0,2.0,1.0,0.0
c202C10,2,5,phased,3,edd,3.3999995139311068e-06,517.2401434415806,217.24014344158053,0.0,3.0,0.0,0.0
c202C10,2,5,phased,3,sweep,3.1999998100218363e-06,2267.215589267244,228.18912784691906,173.9026461420325,3.0,0.0,0.0
c202C10,2,5,phased,3,nearest,1.0200000360782724e-05,1006820.2285287101,249.79395138121512,627.0434577328851,3.0,0.0,1.0
c202C10,2,5,phased,3,grasp,0.00034130000040022423,517.2401434415805,217.2401434415805,0.0,3.0,0.0,0.0
c202C10,2,5,phased,3,mp_eavns,0.009432799999558483,428.18912784691906,228.18912784691906,0.0,2.0,1.0,0.0
c202C10,2,5,all,5,edd,4.999999873689376e-06,517.2401434415806,217.24014344158053,0.0,3.0,0.0,0.0
c202C10,2,5,all,5,sweep,5.199999577598646e-06,2267.215589267244,228.18912784691906,173.9026461420325,3.0,0.0,0.0
c202C10,2,5,all,5,nearest,1.8600000657897908e-05,1006820.2285287101,249.79395138121512,627.0434577328851,3.0,0.0,1.0
c202C10,2,5,all,5,grasp,0.00037759999941044953,428.18912784691906,228.18912784691906,0.0,2.0,1.0,0.0
c202C10,2,5,all,5,mp_eavns,0.010306999999556865,428.18912784691906,228.18912784691906,0.0,2.0,1.0,0.0
c202C10,3,8,depot,1,edd,5.899999450775795e-06,881.9855973443333,381.9855973443333,0.0,5.0,0.0,0.0
c202C10,3,8,depot,1,sweep,4.800000169780105e-06,2719.32835264478,380.30189122445483,173.9026461420325,6.0,0.0,0.0
c202C10,3,8,depot,1,nearest,2.1500000002561137e-05,882.4435350435017,382.4435350435017,0.0,5.0,0.0,0.0
c202C10,3,8,depot,1,grasp,0.0007391999997707899,847.4151878618896,347.41518786188965,0.0,5.0,0.0,0.0
c202C10,3,8,depot,1,mp_eavns,0.02676340000016353,836.8904772536098,336.8904772536098,0.0,5.0,0.0,0.0
c202C10,3,8,phased,4,edd,6.50000038149301e-06,881.9855973443333,381.9855973443333,0.0,5.0,0.0,0.0
c202C10,3,8,phased,4,sweep,6.199999916134402e-06,2719.32835264478,380.30189122445483,173.9026461420325,6.0,0.0,0.0
c202C10,3,8,phased,4,nearest,1.900000006571645e-05,882.4435350435017,382.4435350435017,0.0,5.0,0.0,0.0
c202C10,3,8,phased,4,grasp,0.0005467000000862754,881.9855973443333,381.9855973443333,0.0,5.0,0.0,0.0
c202C10,3,8,phased,4,mp_eavns,0.03202490000057878,836.8904772536098,336.8904772536098,0.0,5.0,0.0,0.0
c202C10,3,8,all,5,edd,6.799999937356915e-06,881.9855973443333,381.9855973443333,0.0,5.0,0.0,0.0
c202C10,3,8,all,5,sweep,6.50000038149301e-06,2719.32835264478,380.30189122445483,173.9026461420325,6.0,0.0,0.0
c202C10,3,8,all,5,nearest,2.1299999389157165e-05,882.4435350435017,382.4435350435017,0.0,5.0,0.0,0.0
c202C10,3,8,all,5,grasp,0.0005343000002540066,847.4686486446523,347.46864864465226,0.0,5.0,0.0,0.0
c202C10,3,8,all,5,mp_eavns,0.035012400000596244,836.8904772536097,336.8904772536097,0.0,5.0,0.0,0.0
c202C10,4,10,depot,1,edd,6.100000064179767e-06,892.3599143835872,392.3599143835872,0.0,5.0,0.0,0.0
c202C10,4,10,depot,1,sweep,4.900000021734741e-06,2857.0410315027825,418.01457008245757,173.9026461420325,7.0,0.0,0.0
c202C10,4,10,depot,1,nearest,2.4900000425986946e-05,1022160.982497945,417.77738433187244,2124.320511361315,5.0,0.0,1.0
c202C10,4,10,depot,1,grasp,0.0014706000001751818,2785.0345330817054,384.47940553530646,190.0555127546399,5.0,0.0,0.0
c202C10,4,10,depot,1,mp_eavns,0.04639640000004874,846.3465294090577,346.34652940905767,0.0,5.0,0.0,0.0
c202C10,4,10,phased,5,edd,7.599999662488699e-06,892.3599143835872,392.3599143835872,0.0,5.0,0.0,0.0
c202C10,4,10,phased,5,sweep,6.70000008540228e-06,2857.0410315027825,418.01457008245757,173.9026461420325,7.0,0.0,0.0
c202C10,4,10,phased,5,nearest,2.4899999516492244e-05,22176.20770763709,433.00259402394306,2124.320511361315,5.0,1.0,0.0
c202C10,4,10,phased,5,grasp,0.0015886999999565887,926.5623522081099,426.5623522081099,0.0,5.0,1.0,0.0
c202C10,4,10,phased,5,mp_eavns,0.045910599999842816,846.3465294090577,346.34652940905767,0.0,5.0,0.0,0.0
c202C10,4,10,all,5,edd,1.2199999218864832e-05,892.3599143835872,392.3599143835872,0.0,5.0,0.0,0.0
c202C10,4,10,all,5,sweep,6.8999997893115506e-06,2857.0410315027825,418.01457008245757,173.9026461420325,7.0,0.0,0.0
c202C10,4,10,all,5,nearest,2.5800000003073364e-05,22176.20770763709,433.00259402394306,2124.320511361315,5.0,1.0,0.0
c202C10,4,10,all,5,grasp,0.0017005999998218613,905.0962959741516,405.0962959741517,0.0,5.0,1.0,0.0
c202C10,4,10,all,5,mp_eavns,0.038596899999902234,846.3465294090577,346.3465294090576,0.0,5.0,0.0,0.0
c202C15,1,4,depot,1,edd,4.599999556376133e-06,336.5724379992738,136.57243799927383,0.0,2.0,0.0,0.0
c202C15,1,4,depot,1,sweep,2.6999996407539584e-06,4491.149730456797,146.80991913623166,414.4339811320566,2.0,0.0,0.0
c202C15,1,4,depot,1,nearest,1.160000010713702e-05,345.4453806963381,145.44538069633808,0.0,2.0,0.0,0.0
c202C15,1,4,depot,1,grasp,0.00023220000002766028,332.13159342838605,132.13159342838608,0.0,2.0,0.0,0.0
c202C15,1,4,depot,1,mp_eavns,0.005897799999729614,332.13159342838605,132.13159342838608,0.0,2.0,0.0,0.0
c202C15,1,4,phased,2,edd,2.599999788799323e-06,336.5724379992738,136.57243799927383,0.0,2.0,0.0,0.0
c202C15,1,4,phased,2,sweep,2.70000055024866e-06,4491.149730456797,146.80991913623166,414.4339811320566,2.0,0.0,0.0
c202C15,1,4,phased,2,nearest,8.099999831756577e-06,345.4453806963381,145.44538069633808,0.0,2.0,0.0,0.0
c202C15,1,4,phased,2,grasp,0.00023210000017570565,332.13159342838605,132.13159342838608,0.0,2.0,0.0,0.0
c202C15,1,4,phased,2,mp_eavns,0.00757419999990816,332.13159342838605,132.13159342838608,0.0,2.0,0.0,0.0
c202C15,1,4,all,5,edd,2.599999788799323e-06,336.5724379992738,136.57243799927383,0.0,2.0,0.0,0.0
c202C15,1,4,all,5,sweep,2.499999936844688e-06,4491.149730456797,146.80991913623166,414.4339811320566,2.0,0.0,0.0
c202C15,1,4,all,5,nearest,7.800000275892671e-06,345.4453806963381,145.44538069633808,0.0,2.0,0.0,0.0
c202C15,1,4,all,5,grasp,0.0002483000007487135,332.13159342838605,132.13159342838608,0.0,2.0,0.0,0.0
c202C15,1,4,all,5,mp_eavns,0.00783800000044721,332.13159342838605,132.13159342838608,0.0,2.0,0.0,0.0
c202C15,2,8,depot,1,edd,5.599999894911889e-06,3000807.1441083374,407.1441083372207,0.0,4.0,0.0,3.0
c202C15,2,8,depot,1,sweep,4.300000000512227e-06,1004833.0949581683,288.7551468477437,414.4339811320566,4.0,0.0,1.0
c202C15,2,8,depot,1,nearest,2.0399999812070746e-05,1000628.5154303422,328.5154303421326,0.0,3.0,1.0,1.0
c202C15,2,8,depot,1,grasp,0.0011737000004359288,1000568.2133802755,268.21338027555703,0.0,3.0,0.0,1.0
c202C15,2,8,depot,1,mp_eavns,0.02452050000010786,1000566.0865940682,266.0865940682554,0.0,3.0,0.0,1.0
c202C15,2,8,phased,3,edd,6.50000038149301e-06,1000808.9627454376,408.9627454375752,0.0,4.0,1.0,1.0
c202C15,2,8,phased,3,sweep,5.699999746866524e-06,1004833.0949581683,288.7551468477437,414.4339811320566,4.0,0.0,1.0
c202C15,2,8,phased,3,nearest,2.3099999452824704e-05,589.0823940027772,289.08239400277716,0.0,3.0,1.0,0.0
c202C15,2,8,phased,3,grasp,0.0018580000005385955,561.1701629930371,261.1701629930372,0.0,3.0,1.0,0.0
c202C15,2,8,phased,3,mp_eavns,0.03297909999946569,566.1946623750168,266.19466237501683,0.0,3.0,1.0,0.0
c202C15,2,8,all,5,edd,6.600000233447645e-06,1000808.9627454376,408.9627454375752,0.0,4.0,1.0,1.0
c202C15,2,8,all,5,sweep,7.3999999585794285e-06,1004833.0949581683,288.7551468477437,414.4339811320566,4.0,0.0,1.0
c202C15,2,8,all,5,nearest,2.2399999579647556e-05,589.0823940027772,289.08239400277716,0.0,3.0,1.0,0.0
c202C15,2,8,all,5,grasp,0.0033192000000781263,566.5886680265637,266.58866802656365,0.0,3.0,1.0,0.0
c202C15,2,8,all,5,mp_eavns,0.0479961999999432,566.1946623750168,266.19466237501683,0.0,3.0,1.0,0.0
c202C15,3,12,depot,1,edd,6.999999641266186e-06,5001073.74930236,573.7493023603657,0.0,5.0,0.0,5.0
c202C15,3,12,depot,1,sweep,5.500000042957254e-06,2014776.9506851183,397.4300297377268,1387.9520655380668,5.0,0.0,2.0
c202C15,3,12,depot,1,nearest,3.550000019458821e-05,2007678.7452596803,444.0646940895116,683.4680565590817,4.0,1.0,2.0
c202C15,3,12,depot,1,grasp,0.005766599999333266,1008122.5571175535,408.4260052389201,731.4131112314674,4.0,1.0,1.0
c202C15,3,12,depot,1,mp_eavns,0.11908029999995051,1000820.0813766039,420.08137660391026,0.0,4.0,1.0,1.0
c202C15,3,12,phased,4,edd,1.160000010713702e-05,2001080.8721663042,580.8721663041547,0.0,5.0,2.0,2.0
c202C15,3,12,phased,4,sweep,1.249999968422344e-05,2014776.9506851183,397.4300297377268,1387.9520655380668,5.0,0.0,2.0
c202C15,3,12,phased,4,nearest,4.7900000026857015e-05,1007639.312223341,404.63165775015614,683.4680565590817,4.0,1.0,1.0
c202C15,3,12,phased,4,grasp,0.006771599999410682,948.23402743487,548.23402743487,0.0,4.0,4.0,0.0
c202C15,3,12,phased,4,mp_eavns,0.13898369999969873,890.9639648458392,490.96396484583914,0.0,4.0,2.0,0.0
c202C15,3,12,all,5,edd,7.5000007200287655e-06,2001080.8721663042,580.8721663041547,0.0,5.0,2.0,2.0
c202C15,3,12,all,5,sweep,7.499999810534064e-06,2014776.9506851183,397.4300297377268,1387.9520655380668,5.0,0.0,2.0
c202C15,3,12,all,5,nearest,3.060000017285347e-05,1007639.312223341,404.63165775015614,683.4680565590817,4.0,1.0,1.0
c202C15,3,12,all,5,grasp,0.004931600000418257,860.1228545726642,460.1228545726642,0.0,4.0,2.0,0.0
c202C15,3,12,all,5,mp_eavns,0.08872040000005654,845.1325257855647,445.1325257855647,0.0,4.0,2.0,0.0
c202C15,4,15,depot,1,edd,6.799999937356915e-06,8001211.236283668,711.2362836683627,0.0,5.0,0.0,8.0
c202C15,4,15,depot,1,sweep,5.199999577598646e-06,2014953.8617542766,474.34109889593327,1387.9520655380668,6.0,0.0,2.0
c202C15,4,15,depot,1,nearest,3.7200000406301115e-05,3022417.423979761,560.6067618859888,2135.681721787498,5.0,1.0,3.0
c202C15,4,15,depot,1,grasp,0.006036099999619182,2019724.474479407,633.8535276765413,1859.0620951730618,5.0,2.0,2.0
c202C15,4,15,depot,1,mp_eavns,0.20714409999982308,1000987.8018376768,487.8018376768172,0.0,5.0,1.0,1.0
c202C15,4,15,phased,5,edd,8.50000014906982e-06,7001216.540510512,716.5405105117972,0.0,5.0,1.0,7.0
c202C15,4,15,phased,5,sweep,7.999999979801942e-06,2014953.8617542766,474.34109889593327,1387.9520655380668,6.0,0.0,2.0
c202C15,4,15,phased,5,nearest,3.9399999877787195e-05,1022381.7772808438,524.9600629688908,2135.681721787498,5.0,2.0,1.0
c202C15,4,15,phased,5,grasp,0.011336000000483182,4767.001617630564,678.5190794672478,358.84825381633163,5.0,4.0,0.0
c202C15,4,15,phased,5,mp_eavns,0.1936201999997138,975.0259982720077,475.0259982720076,0.0,5.0,2.0,0.0
c202C15,4,15,all,5,edd,1.3099999705445953e-05,7001216.540510512,716.5405105117972,0.0,5.0,1.0,7.0
c202C15,4,15,all,5,sweep,1.4000000192027073e-05,2014953.8617542766,474.34109889593327,1387.9520655380668,6.0,0.0,2.0
c202C15,4,15,all,5,nearest,6.349999966914766e-05,1022381.7772808438,524.9600629688908,2135.681721787498,5.0,2.0,1.0
c202C15,4,15,all,5,grasp,0.00920849999965867,1062.6283642108776,562.6283642108776,0.0,5.0,3.0,0.0
c202C15,4,15,all,5,mp_eavns,0.17922189999990223,975.7405385534327,475.74053855343266,0.0,5.0,1.0,0.0
c205C10,1,3,depot,1,edd,5.599999894911889e-06,383.71849471949815,183.71849471949812,0.0,2.0,0.0,0.0
c205C10,1,3,depot,1,sweep,3.899999683198985e-06,383.71849471949815,183.71849471949812,0.0,2.0,0.0,0.0
c205C10,1,3,depot,1,nearest,1.3900000340072438e-05,383.71849471949815,183.71849471949812,0.0,2.0,0.0,0.0
c205C10,1,3,depot,1,grasp,0.0003485000006548944,331.33243844532694,131.33243844532697,0.0,2.0,0.0,0.0
c205C10,1,3,depot,1,mp_eavns,0.006975799999963783,331.33243844532694,131.33243844532697,0.0,2.0,0.0,0.0
c205C10,1,3,phased,2,edd,5.4000001910026185e-06,383.71849471949815,183.71849471949812,0.0,2.0,0.0,0.0
c205C10,1,3,phased,2,sweep,4.000000444648322e-06,383.71849471949815,183.71849471949812,0.0,2.0,0.0,0.0
c205C10,1,3,phased,2,nearest,1.4100000043981709e-05,383.71849471949815,183.71849471949812,0.0,2.0,0.0,0.0
c205C10,1,3,phased,2,grasp,0.00023520000013377285,331.33243844532694,131.33243844532697,0.0,2.0,0.0,0.0
c205C10,1,3,phased,2,mp_eavns,0.004029499999887776,331.33243844532694,131.33243844532697,0.0,2.0,0.0,0.0
c205C10,1,3,all,3,edd,3.4000004234258085e-06,383.71849471949815,183.71849471949812,0.0,2.0,0.0,0.0
c205C10,1,3,all,3,sweep,3.1999998100218363e-06,383.71849471949815,183.71849471949812,0.0,2.0,0.0,0.0
c205C10,1,3,all,3,nearest,8.69999985297909e-06,383.71849471949815,183.71849471949812,0.0,2.0,0.0,0.0
c205C10,1,3,all,3,grasp,0.00018790000012813834,331.33243844532694,131.33243844532697,0.0,2.0,0.0,0.0
c205C10,1,3,all,3,mp_eavns,0.00405860000046232,331.33243844532694,131.33243844532697,0.0,2.0,0.0,0.0
c205C10,2,5,depot,1,edd,4.100000296602957e-06,2000496.901576087,296.90157608720335,0.0,2.0,0.0,2.0
c205C10,2,5,depot,1,sweep,3.1999998100218363e-06,20147.439492790752,267.2930456952315,1968.0146447095522,2.0,1.0,0.0
c205C10,2,5,depot,1,nearest,1.2100000276404899e-05,2032141.3505292966,277.2124027817481,3166.4138126514913,2.0,0.0,2.0
c205C10,2,5,depot,1,grasp,0.0009607000001778943,7223.457779399981,268.7789353361113,675.4678844063869,2.0,1.0,0.0
c205C10,2,5,depot,1,mp_eavns,0.011683299999276642,467.2930456952315,267.2930456952315,0.0,2.0,1.0,0.0
c205C10,2,5,phased,2,edd,4.099999387108255e-06,2000496.901576087,296.90157608720335,0.0,2.0,0.0,2.0
c205C10,2,5,phased,2,sweep,4.000000444648322e-06,20147.439492790752,267.2930456952315,1968.0146447095522,2.0,1.0,0.0
c205C10,2,5,phased,2,nearest,1.1900000572495628e-05,1052645.1758659196,277.69359350539634,5216.748227241423,2.0,1.0,1.0
c205C10,2,5,phased,2,grasp,0.000679100000525068,20156.087783746563,268.52126524585276,1968.7566518500707,2.0,1.0,0.0
c205C10,2,5,phased,2,mp_eavns,0.015941200000270328,467.2930456952315,267.2930456952315,0.0,2.0,1.0,0.0
c205C10,2,5,all,3,edd,4.900000021734741e-06,1000502.3450211048,302.34502110477274,0.0,2.0,1.0,1.0
c205C10,2,5,all,3,sweep,1.089999932446517e-05,20147.439492790752,267.2930456952315,1968.0146447095522,2.0,1.0,0.0
c205C10,2,5,all,3,nearest,1.3199999557400588e-05,52648.803326775116,281.3210543608893,5216.748227241423,2.0,2.0,0.0
c205C10,2,5,all,3,grasp,0.0006075999999666237,468.7789353361113,268.7789353361113,0.0,2.0,1.0,0.0
c205C10,2,5,all,3,mp_eavns,0.015826300000298943,444.5100238281242,244.51002382812416,0.0,2.0,1.0,0.0
c205C10,3,8,depot,1,edd,9.200000022246968e-06,3000653.594009831,353.5940098309086,0.0,3.0,0.0,3.0
c205C10,3,8,depot,1,sweep,6.8999997893115506e-06,28163.583678329796,342.6067714983335,2752.0976906831465,3.0,1.0,0.0
c205C10,3,8,depot,1,nearest,3.060000017285347e-05,2032316.6642550998,352.5261285848501,3166.4138126514913,3.0,0.0,2.0
c205C10,3,8,depot,1,grasp,0.002576999999291729,10357.92470378898,338.42992229495223,971.9494781494027,3.0,1.0,0.0
c205C10,3,8,depot,1,mp_eavns,0.03990460000022722,550.4548173538101,250.45481735381014,0.0,3.0,0.0,0.0
c205C10,3,8,phased,3,edd,9.700000191514846e-06,2000653.7154667657,353.71546676558205,0.0,3.0,1.0,2.0
c205C10,3,8,phased,3,sweep,9.999999747378752e-06,28163.583678329796,342.6067714983335,2752.0976906831465,3.0,1.0,0.0
c205C10,3,8,phased,3,nearest,2.9400000130408444e-05,52824.11705257822,356.63478016399125,5216.748227241423,3.0,2.0,0.0
c205C10,3,8,phased,3,grasp,0.0020143000001553446,7317.585672240608,373.3881893621409,664.4197482878467,3.0,2.0,0.0
c205C10,3,8,phased,3,mp_eavns,0.03981110000040644,550.4548173538101,250.45481735381014,0.0,3.0,0.0,0.0
c205C10,3,8,all,3,edd,8.799999704933725e-06,2000653.7154667657,353.71546676558205,0.0,3.0,1.0,2.0
c205C10,3,8,all,3,sweep,8.900000466383062e-06,28163.583678329796,342.6067714983335,2752.0976906831465,3.0,1.0,0.0
c205C10,3,8,all,3,nearest,2.8500000553322025e-05,52824.11705257822,356.63478016399125,5216.748227241423,3.0,2.0,0.0
c205C10,3,8,all,3,grasp,0.0023569000004499685,1416.8004794161468,354.820089144291,76.19803902718559,3.0,1.0,0.0
c205C10,3,8,all,3,mp_eavns,0.04816439999922295,550.4548173538101,250.45481735381014,0.0,3.0,0.0,0.0
c205C10,4,10,depot,1,edd,9.299999874201603e-06,1000848.4092812048,448.40928120475047,0.0,4.0,1.0,1.0
c205C10,4,10,depot,1,sweep,7.3999999585794285e-06,28335.769247138684,414.7923403072203,2752.0976906831465,4.0,1.0,0.0
c205C10,4,10,depot,1,nearest,3.9000000469968654e-05,3032507.829834976,443.69170846078197,3166.4138126514913,4.0,0.0,3.0
c205C10,4,10,depot,1,grasp,0.002355500000703614,13211.728975206279,481.1824442231598,1233.054653098312,4.0,2.0,0.0
c205C10,4,10,depot,1,mp_eavns,0.06971969999995054,722.6403861626969,322.6403861626969,0.0,4.0,0.0,0.0
c205C10,4,10,phased,3,edd,6.8999997893115506e-06,851.7848257090441,451.7848257090441,0.0,4.0,2.0,0.0
c205C10,4,10,phased,3,sweep,6.50000038149301e-06,28335.769247138684,414.7923403072203,2752.0976906831465,4.0,1.0,0.0
c205C10,4,10,phased,3,nearest,2.4500000108673703e-05,49150.66978993278,447.3963655227216,4830.327342441005,4.0,2.0,0.0
c205C10,4,10,phased,3,grasp,0.0016009000000849483,812.7876074401004,412.7876074401004,0.0,4.0,2.0,0.0
c205C10,4,10,phased,3,mp_eavns,0.06558869999935268,722.6403861626969,322.6403861626969,0.0,4.0,0.0,0.0
c205C10,4,10,all,3,edd,1.0599999768601265e-05,851.7848257090441,451.7848257090441,0.0,4.0,2.0,0.0
c205C10,4,10,all,3,sweep,1.0700000530050602e-05,28335.769247138684,414.7923403072203,2752.0976906831465,4.0,1.0,0.0
c205C10,4,10,all,3,nearest,4.749999970954377e-05,49150.66978993278,447.3963655227216,4830.327342441005,4.0,2.0,0.0
c205C10,4,10,all,3,grasp,0.003008100000442937,908.7999762682587,508.7999762682586,0.0,4.0,3.0,0.0
c205C10,4,10,all,3,mp_eavns,0.06162609999955748,722.6403861626969,322.6403861626969,0.0,4.0,0.0,0.0
c206C5,1,2,depot,1,edd,3.600000127335079e-06,1000200.0141053448,100.0141053448006,0.0,1.0,0.0,1.0
c206C5,1,2,depot,1,sweep,2.100000529026147e-06,1007948.8830095744,100.0141053448006,774.886890422961,1.0,0.0,1.0
c206C5,1,2,depot,1,nearest,8.50000014906982e-06,1000200.0141053448,100.0141053448006,0.0,1.0,0.0,1.0
c206C5,1,2,depot,1,grasp,0.00013899999976274557,1000200.0141053448,100.0141053448006,0.0,1.0,0.0,1.0
c206C5,1,2,depot,1,mp_eavns,0.0039020000003802124,338.2544298436792,138.2544298436792,0.0,2.0,0.0,0.0
c206C5,1,2,phased,2,edd,3.4000004234258085e-06,207.73971555800023,107.73971555800023,0.0,1.0,1.0,0.0
c206C5,1,2,phased,2,sweep,3.6999999792897142e-06,7978.446210478806,129.57730624919634,774.886890422961,1.0,1.0,0.0
c206C5,1,2,phased,2,nearest,6.199999916134402e-06,207.73971555800023,107.73971555800023,0.0,1.0,1.0,0.0
c206C5,1,2,phased,2,grasp,0.00015439999970112694,207.73971555800023,107.73971555800023,0.0,1.0,1.0,0.0
c206C5,1,2,phased,2,mp_eavns,0.001974099999642931,207.73971555800023,107.73971555800023,0.0,1.0,1.0,0.0
c206C5,1,2,all,4,edd,3.099999958067201e-06,207.73971555800023,107.73971555800023,0.0,1.0,1.0,0.0
c206C5,1,2,all,4,sweep,3.000000106112566e-06,7951.075028938112,102.20612470850206,774.886890422961,1.0,1.0,0.0
c206C5,1,2,all,4,nearest,5.899999450775795e-06,207.73971555800023,107.73971555800023,0.0,1.0,1.0,0.0
c206C5,1,2,all,4,grasp,0.00019700000029843068,207.73971555800023,107.73971555800023,0.0,1.0,1.0,0.0
c206C5,1,2,all,4,mp_eavns,0.002225999999609485,207.73971555800023,107.73971555800023,0.0,1.0,1.0,0.0
c206C5,2,3,depot,1,edd,2.499999936844688e-06,1000237.5402460347,137.54024603470833,0.0,1.0,0.0,1.0
c206C5,2,3,depot,1,sweep,2.4000000848900527e-06,1007982.2214608865,133.35255665688516,774.886890422961,1.0,0.0,1.0
c206C5,2,3,depot,1,nearest,1.140000040322775e-05,1000237.5402460347,137.54024603470833,0.0,1.0,0.0,1.0
c206C5,2,3,depot,1,grasp,0.0001702999998087762,1000237.5402460347,137.54024603470833,0.0,1.0,0.0,1.0
c206C5,2,3,depot,1,mp_eavns,0.006095099999583908,371.5928811557638,171.5928811557638,0.0,2.0,0.0,0.0
c206C5,2,3,phased,3,edd,3.5000002753804438e-06,1000237.5402460347,137.54024603470833,0.0,1.0,0.0,1.0
c206C5,2,3,phased,3,sweep,3.2999996619764715e-06,1007982.2214608865,133.35255665688516,774.886890422961,1.0,0.0,1.0
c206C5,2,3,phased,3,nearest,6.799999937356915e-06,1000237.5402460347,137.54024603470833,0.0,1.0,0.0,1.0
c206C5,2,3,phased,3,grasp,0.0002040999997916515,256.7637445783773,156.76374457837733,0.0,1.0,1.0,0.0
c206C5,2,3,phased,3,mp_eavns,0.003143399999316898,256.7637445783773,156.76374457837733,0.0,1.0,1.0,0.0
c206C5,2,3,all,4,edd,2.200000380980782e-06,1000237.5402460347,137.54024603470833,0.0,1.0,0.0,1.0
c206C5,2,3,all,4,sweep,2.8000004022032954e-06,1007982.2214608865,133.35255665688516,774.886890422961,1.0,0.0,1.0
c206C5,2,3,all,4,nearest,6.000000212225132e-06,1000237.5402460347,137.54024603470833,0.0,1.0,0.0,1.0
c206C5,2,3,all,4,grasp,0.0002040999997916515,256.7637445783773,156.76374457837733,0.0,1.0,1.0,0.0
c206C5,2,3,all,4,mp_eavns,0.003601600000365579,256.7637445783773,156.76374457837733,0.0,1.0,1.0,0.0
c206C5,3,4,depot,1,edd,4.900000021734741e-06,3000314.3270014455,214.32700144562762,0.0,1.0,0.0,3.0
c206C5,3,4,depot,1,sweep,4.100000296602957e-06,2008018.2585248386,169.38962060891717,774.886890422961,1.0,0.0,2.0
c206C5,3,4,depot,1,nearest,1.2999999853491317e-05,2000304.9049683148,204.90496831483273,0.0,1.0,0.0,2.0
c206C5,3,4,depot,1,grasp,0.001122100000429782,2848.463147241556,236.36942011857036,251.20937271229855,1.0,2.0,0.0
c206C5,3,4,depot,1,mp_eavns,0.011653999999907683,436.36942011857036,236.36942011857036,0.0,2.0,1.0,0.0
c206C5,3,4,phased,4,edd,5.500000042957254e-06,3000314.3270014455,214.32700144562762,0.0,1.0,0.0,3.0
c206C5,3,4,phased,4,sweep,5.899999450775795e-06,2008018.2585248386,169.38962060891717,774.886890422961,1.0,0.0,2.0
c206C5,3,4,phased,4,nearest,1.3299999409355223e-05,2000304.9049683148,204.90496831483273,0.0,1.0,0.0,2.0
c206C5,3,4,phased,4,grasp,0.0014723000003868947,1848.6248078666897,232.13255818507986,151.64922496816098,1.0,2.0,0.0
c206C5,3,4,phased,4,mp_eavns,0.02096720000008645,421.5402835411839,221.5402835411839,0.0,2.0,1.0,0.0
c206C5,3,4,all,4,edd,5.399999281507917e-06,3000314.3270014455,214.32700144562762,0.0,1.0,0.0,3.0
c206C5,3,4,all,4,sweep,5.7999995988211595e-06,2008018.2585248386,169.38962060891717,774.886890422961,1.0,0.0,2.0
c206C5,3,4,all,4,nearest,1.3700000636163168e-05,2000304.9049683148,204.90496831483273,0.0,1.0,0.0,2.0
c206C5,3,4,all,4,grasp,0.0015158000005612848,1848.6248078666897,232.13255818507986,151.64922496816098,1.0,2.0,0.0
c206C5,3,4,all,4,mp_eavns,0.01890850000017963,421.5402835411839,221.5402835411839,0.0,2.0,1.0,0.0
c206C5,4,5,depot,1,edd,6.70000008540228e-06,1000490.9363822929,290.9363822928858,0.0,2.0,1.0,1.0
c206C5,4,5,depot,1,sweep,6.100000064179767e-06,2008149.8813014403,201.01239721060094,774.886890422961,2.0,0.0,2.0
c206C5,4,5,depot,1,nearest,1.880000036180718e-05,2003017.6015577337,255.90250113084048,256.1699056602831,2.0,0.0,2.0
c206C5,4,5,depot,1,grasp,0.001466699999582488,524.9890174139413,324.98901741394127,0.0,2.0,2.0,0.0
c206C5,4,5,depot,1,mp_eavns,0.024081599999590253,453.39313417083184,253.39313417083184,0.0,2.0,1.0,0.0
c206C5,4,5,phased,4,edd,5.99999930273043e-06,1000490.9363822929,290.9363822928858,0.0,2.0,1.0,1.0
c206C5,4,5,phased,4,sweep,6.800000846851617e-06,2008149.8813014403,201.01239721060094,774.886890422961,2.0,0.0,2.0
c206C5,4,5,phased,4,nearest,1.7300000763498247e-05,2003017.6015577337,255.90250113084048,256.1699056602831,2.0,0.0,2.0
c206C5,4,5,phased,4,grasp,0.0014596000000892673,508.8508085266304,308.8508085266304,0.0,2.0,2.0,0.0
c206C5,4,5,phased,4,mp_eavns,0.029568400000243855,438.5639975934454,238.56399759344538,0.0,2.0,1.0,0.0
c206C5,4,5,all,4,edd,4.5000006139162e-06,1000490.9363822929,290.9363822928858,0.0,2.0,1.0,1.0
c206C5,4,5,all,4,sweep,6.300000677583739e-06,2008149.8813014403,201.01239721060094,774.886890422961,2.0,0.0,2.0
c206C5,4,5,all,4,nearest,1.1699999959091656e-05,2003017.6015577337,255.90250113084048,256.1699056602831,2.0,0.0,2.0
c206C5,4,5,all,4,grasp,0.0008810999997876934,524.9890174139412,324.9890174139412,0.0,2.0,2.0,0.0
c206C5,4,5,all,4,mp_eavns,0.01436690000082308,438.5639975934454,238.56399759344538,0.0,2.0,1.0,0.0
c208C15,1,4,depot,1,edd,3.899999683198985e-06,1000223.8086193852,123.80861938520135,0.0,1.0,0.0,1.0
c208C15,1,4,depot,1,sweep,2.8000004022032954e-06,1030437.0370616991,122.08608601946236,3021.495097567964,1.0,0.0,1.0
c208C15,1,4,depot,1,nearest,9.100000170292333e-06,1003882.5060504869,117.13956290449534,366.5366487582469,1.0,0.0,1.0
c208C15,1,4,depot,1,grasp,0.0005395999996835599,1000223.8086193852,123.80861938520135,0.0,1.0,0.0,1.0
c208C15,1,4,depot,1,mp_eavns,0.011825999999928172,351.8522348123056,151.85223481230562,0.0,2.0,0.0,0.0
c208C15,1,4,phased,2,edd,5.7999995988211595e-06,1000223.8086193852,123.80861938520135,0.0,1.0,0.0,1.0
c208C15,1,4,phased,2,sweep,5.500000042957254e-06,30450.046574599728,135.09559892008696,3021.495097567964,1.0,1.0,0.0
c208C15,1,4,phased,2,nearest,1.609999981155852e-05,3895.515563387589,130.14907580511994,366.5366487582469,1.0,1.0,0.0
c208C15,1,4,phased,2,grasp,0.0013992999993206467,3895.515563387589,130.14907580511994,366.5366487582469,1.0,1.0,0.0
c208C15,1,4,phased,2,mp_eavns,0.01674650000040856,351.8522348123056,151.8522348123056,0.0,2.0,0.0,0.0
c208C15,1,4,all,4,edd,4.200000148557592e-06,1000223.8086193852,123.80861938520135,0.0,1.0,0.0,1.0
c208C15,1,4,all,4,sweep,4.100000296602957e-06,30450.046574599728,135.09559892008696,3021.495097567964,1.0,1.0,0.0
c208C15,1,4,all,4,nearest,1.3700000636163168e-05,3895.515563387589,130.14907580511994,366.5366487582469,1.0,1.0,0.0
c208C15,1,4,all,4,grasp,0.00111170000036509,3895.515563387589,130.14907580511994,366.5366487582469,1.0,1.0,0.0
c208C15,1,4,all,4,mp_eavns,0.012448800000129268,351.8522348123056,151.8522348123056,0.0,2.0,0.0,0.0
c208C15,2,8,depot,1,edd,4.800000169780105e-06,5000736.4377722,436.43777219999566,0.0,3.0,0.0,5.0
c208C15,2,8,depot,1,sweep,3.7999998312443495e-06,2030827.0877039873,312.1367283077015,3021.495097567964,3.0,0.0,2.0
c208C15,2,8,depot,1,nearest,1.9999999494757503e-05,2004290.0395697376,324.67308215506034,366.5366487582469,3.0,0.0,2.0
c208C15,2,8,depot,1,grasp,0.0031633999997211504,1000667.396478329,367.39647832901795,0.0,3.0,1.0,1.0
c208C15,2,8,depot,1,mp_eavns,0.04242840000006254,1000621.181888607,321.18188860697757,0.0,3.0,0.0,1.0
c208C15,2,8,phased,3,edd,6.799999937356915e-06,822.9771509125758,522.9771509125758,0.0,3.0,4.0,0.0
c208C15,2,8,phased,3,sweep,6.199999916134402e-06,30841.794299819194,326.8433241395551,3021.495097567964,3.0,2.0,0.0
c208C15,2,8,phased,3,nearest,2.1299999389157165e-05,4311.016598068104,345.650110485635,366.5366487582469,3.0,2.0,0.0
c208C15,2,8,phased,3,grasp,0.0015458999996553757,658.4812070168455,358.4812070168455,0.0,3.0,2.0,0.0
c208C15,2,8,phased,3,mp_eavns,0.05806549999942945,648.905873385591,348.905873385591,0.0,3.0,1.0,0.0
c208C15,2,8,all,4,edd,1.1500000255182385e-05,781.7615290258134,481.76152902581333,0.0,3.0,4.0,0.0
c208C15,2,8,all,4,sweep,1.2100000276404899e-05,30841.794299819194,326.8433241395551,3021.495097567964,3.0,2.0,0.0
c208C15,2,8,all,4,nearest,4.329999956098618e-05,4304.395011219043,339.0285236365747,366.5366487582469,3.0,2.0,0.0
c208C15,2,8,all,4,grasp,0.0030704999999215943,630.0973523851501,330.0973523851501,0.0,3.0,1.0,0.0
c208C15,2,8,all,4,mp_eavns,0.07330929999989166,623.428295904444,323.42829590444404,0.0,3.0,1.0,0.0
c208C15,3,12,depot,1,edd,1.1599999197642319e-05,4001232.4917078437,632.4917078435642,0.0,6.0,0.0,4.0
c208C15,3,12,depot,1,sweep,8.300000445160549e-06,2031124.1743971484,409.22342146887553,3021.495097567964,5.0,0.0,2.0
c208C15,3,12,depot,1,nearest,4.650000028050272e-05,4011133.286889654,569.2363731758389,1006.4050516478283,5.0,0.0,4.0
c208C15,3,12,depot,1,grasp,0.001992600000448874,2001107.5308739995,607.5308739994314,0.0,5.0,2.0,2.0
c208C15,3,12,depot,1,mp_eavns,0.12400999999954365,1000943.745608851,443.74560885099174,0.0,5.0,0.0,1.0
c208C15,3,12,phased,4,edd,1.3300000318849925e-05,1261.4440525147966,661.4440525147966,0.0,6.0,4.0,0.0
c208C15,3,12,phased,4,sweep,1.2400000741763506e-05,31138.88099298037,423.9300173007291,3021.495097567964,5.0,2.0,0.0
c208C15,3,12,phased,4,nearest,4.6999999540275894e-05,15563.578888320058,594.5815739348659,1446.8997314385192,5.0,4.0,0.0
c208C15,3,12,phased,4,grasp,0.003877000000102271,5187.77497968096,621.9401239614925,406.58348557194677,5.0,5.0,0.0
c208C15,3,12,phased,4,mp_eavns,0.16409419999945385,949.494128064693,449.494128064693,0.0,5.0,1.0,0.0
c208C15,3,12,all,4,edd,8.800000614428427e-06,1261.4440525147966,661.4440525147966,0.0,6.0,4.0,0.0
c208C15,3,12,all,4,sweep,7.79999936639797e-06,31138.88099298037,423.9300173007291,3021.495097567964,5.0,2.0,0.0
c208C15,3,12,all,4,nearest,3.9399999877787195e-05,15563.578888320058,594.5815739348659,1446.8997314385192,5.0,4.0,0.0
c208C15,3,12,all,4,grasp,0.0018451000005370588,1047.9278124922118,547.9278124922118,0.0,5.0,3.0,0.0
c208C15,3,12,all,4,mp_eavns,0.13683779999973922,949.4941280646929,449.4941280646929,0.0,5.0,1.0,0.0
c208C15,4,15,depot,1,edd,1.0400000064691994e-05,4001355.934967953,655.9349679527242,0.0,7.0,0.0,4.0
c208C15,4,15,depot,1,sweep,8.600000001024455e-06,2031272.5923705315,457.64139485181255,3021.495097567964,6.0,0.0,2.0
c208C15,4,15,depot,1,nearest,6.70000008540228e-05,4029925.809747454,517.419446973321,2890.8390300480382,5.0,0.0,4.0
c208C15,4,15,depot,1,grasp,0.005851200000506651,1029529.4133663423,597.3858830924773,2833.202748324989,6.0,1.0,1.0
c208C15,4,15,depot,1,mp_eavns,0.21477090000007593,1001056.9513765962,456.951376596259,0.0,6.0,0.0,1.0
c208C15,4,15,phased,4,edd,7.999999979801942e-06,1384.8873126239564,684.8873126239565,0.0,7.0,4.0,0.0
c208C15,4,15,phased,4,sweep,7.3999999585794285e-06,31287.298966363305,472.3479906836661,3021.495097567964,6.0,2.0,0.0
c208C15,4,15,phased,4,nearest,3.5799999750452116e-05,40792.05088217412,541.7835371992103,3975.0267344974905,5.0,3.0,0.0
c208C15,4,15,phased,4,grasp,0.004410199999256292,7247.07670901498,527.3532630750165,621.9723445939964,5.0,1.0,0.0
c208C15,4,15,phased,4,mp_eavns,0.1389483000002656,984.1867395559814,484.18673955598143,0.0,5.0,1.0,0.0
c208C15,4,15,all,4,edd,9.000000318337698e-06,1384.8873126239564,684.8873126239565,0.0,7.0,4.0,0.0
c208C15,4,15,all,4,sweep,8.69999985297909e-06,31287.298966363305,472.3479906836661,3021.495097567964,6.0,2.0,0.0
c208C15,4,15,all,4,nearest,3.930000002583256e-05,40792.05088217412,541.7835371992103,3975.0267344974905,5.0,3.0,0.0
c208C15,4,15,all,4,grasp,0.004999100000532053,1126.1897923865718,618.5032806775554,0.7686511709016486,5.0,3.0,0.0
c208C15,4,15,all,4,mp_eavns,0.16059860000041226,984.1867395559814,484.1867395559814,0.0,5.0,1.0,0.0
c208C5,1,2,depot,1,edd,3.99999953515362e-06,192.18368095097276,92.18368095097277,0.0,1.0,0.0,0.0
c208C5,1,2,depot,1,sweep,2.099999619531445e-06,8002.872518025945,92.18368095097277,781.0688837074972,1.0,0.0,0.0
c208C5,1,2,depot,1,nearest,8.099999831756577e-06,192.18368095097276,92.18368095097277,0.0,1.0,0.0,0.0
c208C5,1,2,depot,1,grasp,0.0004133000002184417,192.18368095097276,92.18368095097277,0.0,1.0,0.0,0.0
c208C5,1,2,depot,1,mp_eavns,0.0023764999996274128,192.18368095097276,92.18368095097277,0.0,1.0,0.0,0.0
c208C5,1,2,phased,2,edd,2.4599999960628338e-05,192.18368095097276,92.18368095097277,0.0,1.0,0.0,0.0
c208C5,1,2,phased,2,sweep,5.199999577598646e-06,8002.872518025945,92.18368095097277,781.0688837074972,1.0,0.0,0.0
c208C5,1,2,phased,2,nearest,1.2299999980314169e-05,192.18368095097276,92.18368095097277,0.0,1.0,0.0,0.0
c208C5,1,2,phased,2,grasp,0.00024450000000797445,192.18368095097276,92.18368095097277,0.0,1.0,0.0,0.0
c208C5,1,2,phased,2,mp_eavns,0.0025006999994729995,192.18368095097276,92.18368095097277,0.0,1.0,0.0,0.0
c208C5,1,2,all,3,edd,4.19999923906289e-06,192.18368095097276,92.18368095097277,0.0,1.0,0.0,0.0
c208C5,1,2,all,3,sweep,3.600000127335079e-06,8002.872518025945,92.18368095097277,781.0688837074972,1.0,0.0,0.0
c208C5,1,2,all,3,nearest,8.600000001024455e-06,192.18368095097276,92.18368095097277,0.0,1.0,0.0,0.0
c208C5,1,2,all,3,grasp,0.00021800000013172394,192.18368095097276,92.18368095097277,0.0,1.0,0.0,0.0
c208C5,1,2,all,3,mp_eavns,0.0017213999999512453,192.18368095097276,92.18368095097277,0.0,1.0,0.0,0.0
c208C5,2,3,depot,1,edd,3.4000004234258085e-06,277.16351061717074,177.16351061717074,0.0,1.0,1.0,0.0
c208C5,2,3,depot,1,sweep,2.4000000848900527e-06,1008053.8064341561,143.1175970811925,781.0688837074972,1.0,0.0,1.0
c208C5,2,3,depot,1,nearest,8.099999831756577e-06,277.16351061717074,177.16351061717074,0.0,1.0,1.0,0.0
c208C5,2,3,depot,1,grasp,0.0001874999998108251,277.16351061717074,177.16351061717074,0.0,1.0,1.0,0.0
c208C5,2,3,depot,1,mp_eavns,0.006121999999777472,277.16351061717074,177.16351061717074,0.0,1.0,1.0,0.0
c208C5,2,3,phased,2,edd,6.999999641266186e-06,245.268954611233,145.268954611233,0.0,1.0,1.0,0.0
c208C5,2,3,phased,2,sweep,6.400000529538374e-06,1008053.8064341561,143.1175970811925,781.0688837074972,1.0,0.0,1.0
c208C5,2,3,phased,2,nearest,1.4000000192027073e-05,245.268954611233,145.268954611233,0.0,1.0,1.0,0.0
c208C5,2,3,phased,2,grasp,0.00042359999952168437,245.268954611233,145.268954611233,0.0,1.0,1.0,0.0
c208C5,2,3,phased,2,mp_eavns,0.0062772000001132255,245.268954611233,145.268954611233,0.0,1.0,1.0,0.0
c208C5,2,3,all,3,edd,6.8999997893115506e-06,245.2133495276482,145.2133495276482,0.0,1.0,1.0,0.0
c208C5,2,3,all,3,sweep,5.699999746866524e-06,1008053.8064341561,143.1175970811925,781.0688837074972,1.0,0.0,1.0
c208C5,2,3,all,3,nearest,1.4200000805431046e-05,245.2133495276482,145.2133495276482,0.0,1.0,1.0,0.0
c208C5,2,3,all,3,grasp,0.0004330000001573353,245.2133495276482,145.2133495276482,0.0,1.0,1.0,0.0
c208C5,2,3,all,3,mp_eavns,0.008243899999797577,245.2133495276482,145.2133495276482,0.0,1.0,1.0,0.0
c208C5,3,4,depot,1,edd,5.2999994295532815e-06,467.2523556536124,267.2523556536124,0.0,2.0,1.0,0.0
c208C5,3,4,depot,1,sweep,4.000000444648322e-06,1008243.8952791926,233.2064421176342,781.0688837074972,2.0,0.0,1.0
c208C5,3,4,depot,1,nearest,1.6400000276917126e-05,467.2523556536124,267.2523556536124,0.0,2.0,1.0,0.0
c208C5,3,4,depot,1,grasp,0.0005194000004848931,467.2523556536124,267.2523556536124,0.0,2.0,1.0,0.0
c208C5,3,4,depot,1,mp_eavns,0.010277200000018638,385.5050291598807,185.5050291598807,0.0,2.0,0.0,0.0
c208C5,3,4,phased,3,edd,4.900000021734741e-06,437.8550691812017,237.8550691812017,0.0,2.0,1.0,0.0
c208C5,3,4,phased,3,sweep,5.9000003602704965e-06,1008243.8952791926,233.2064421176342,781.0688837074972,2.0,0.0,1.0
c208C5,3,4,phased,3,nearest,1.8400000044493936e-05,435.30219456408986,235.3021945640899,0.0,2.0,1.0,0.0
c208C5,3,4,phased,3,grasp,0.0003583999996408238,435.30219456408986,235.3021945640899,0.0,2.0,1.0,0.0
c208C5,3,4,phased,3,mp_eavns,0.009421700000530109,385.5050291598807,185.5050291598807,0.0,2.0,0.0,0.0
c208C5,3,4,all,3,edd,5.099999725644011e-06,437.8550691812017,237.8550691812017,0.0,2.0,1.0,0.0
c208C5,3,4,all,3,sweep,4.70000031782547e-06,1008243.8952791926,233.2064421176342,781.0688837074972,2.0,0.0,1.0
c208C5,3,4,all,3,nearest,1.1300000551273115e-05,435.30219456408986,235.3021945640899,0.0,2.0,1.0,0.0
c208C5,3,4,all,3,grasp,0.00027719999980035936,385.5050291598807,185.5050291598807,0.0,2.0,0.0,0.0
c208C5,3,4,all,3,mp_eavns,0.009713500000543718,385.5050291598807,185.5050291598807,0.0,2.0,0.0,0.0
c208C5,4,5,depot,1,edd,7.999999979801942e-06,573.3853611276977,273.38536112769765,0.0,3.0,0.0,0.0
c208C5,4,5,depot,1,sweep,5.99999930273043e-06,1008250.0282846667,239.33944759171942,781.0688837074972,2.0,0.0,1.0
c208C5,4,5,depot,1,nearest,2.249999943160219e-05,2000445.969603592,245.96960359205272,0.0,2.0,0.0,2.0
c208C5,4,5,depot,1,grasp,0.0005854000000908854,473.38536112769765,273.38536112769765,0.0,2.0,1.0,0.0
c208C5,4,5,depot,1,mp_eavns,0.011450500000137254,473.38536112769765,273.38536112769765,0.0,2.0,1.0,0.0
c208C5,4,5,phased,3,edd,7.999999979801942e-06,573.3853611276977,273.38536112769765,0.0,3.0,0.0,0.0
c208C5,4,5,phased,3,sweep,9.399999726156238e-06,1008250.0282846667,239.33944759171942,781.0688837074972,2.0,0.0,1.0
c208C5,4,5,phased,3,nearest,2.170000061596511e-05,1000460.5717024361,260.5717024360422,0.0,2.0,1.0,1.0
c208C5,4,5,phased,3,grasp,0.0006806999999753316,441.43520003817514,241.4352000381751,0.0,2.0,1.0,0.0
c208C5,4,5,phased,3,mp_eavns,0.018521499999224034,441.43520003817514,241.4352000381751,0.0,2.0,1.0,0.0
c208C5,4,5,all,3,edd,9.599999430065509e-06,573.3853611276977,273.38536112769765,0.0,3.0,0.0,0.0
c208C5,4,5,all,3,sweep,9.500000487605575e-06,1008250.0282846667,239.33944759171942,781.0688837074972,2.0,0.0,1.0
c208C5,4,5,all,3,nearest,2.320000021427404e-05,1000460.5717024361,260.5717024360422,0.0,2.0,1.0,1.0
c208C5,4,5,all,3,grasp,0.0006591000001208158,441.43520003817514,241.4352000381751,0.0,2.0,1.0,0.0
c208C5,4,5,all,3,mp_eavns,0.017143800000667397,441.43520003817514,241.4352000381751,0.0,2.0,1.0,0.0
r102C10,1,3,depot,1,edd,9.299999874201603e-06,232.68420350483726,92.53548401121779,4.014871949361947,1.0,0.0,0.0
r102C10,1,3,depot,1,sweep,4.400000761961564e-06,170.3094367643223,70.3094367643223,0.0,1.0,0.0,0.0
r102C10,1,3,depot,1,nearest,1.4299999747890979e-05,175.36956749217043,75.36956749217043,0.0,1.0,0.0,0.0
r102C10,1,3,depot,1,grasp,0.0003119999992122757,170.3094367643223,70.3094367643223,0.0,1.0,0.0,0.0
r102C10,1,3,depot,1,mp_eavns,0.0039956999999049,170.3094367643223,70.3094367643223,0.0,1.0,0.0,0.0
r102C10,1,3,phased,2,edd,3.700000888784416e-06,232.68420350483726,92.53548401121779,4.014871949361947,1.0,0.0,0.0
r102C10,1,3,phased,2,sweep,2.9000002541579306e-06,170.3094367643223,70.3094367643223,0.0,1.0,0.0,0.0
r102C10,1,3,phased,2,nearest,8.100000741251279e-06,175.36956749217043,75.36956749217043,0.0,1.0,0.0,0.0
r102C10,1,3,phased,2,grasp,0.00017560000014782418,170.3094367643223,70.3094367643223,0.0,1.0,0.0,0.0
r102C10,1,3,phased,2,mp_eavns,0.003392600000552193,170.3094367643223,70.3094367643223,0.0,1.0,0.0,0.0
r102C10,1,3,all,4,edd,4.800000169780105e-06,232.68420350483726,92.53548401121779,4.014871949361947,1.0,0.0,0.0
r102C10,1,3,all,4,sweep,4.300000000512227e-06,170.3094367643223,70.3094367643223,0.0,1.0,0.0,0.0
r102C10,1,3,all,4,nearest,1.249999968422344e-05,175.36956749217043,75.36956749217043,0.0,1.0,0.0,0.0
r102C10,1,3,all,4,grasp,0.0002716999997574021,170.3094367643223,70.3094367643223,0.0,1.0,0.0,0.0
r102C10,1,3,all,4,mp_eavns,0.004395199999635224,170.3094367643223,70.3094367643223,0.0,1.0,0.0,0.0
r102C10,2,5,depot,1,edd,6.799999937356915e-06,418.93877914536404,218.93877914536404,0.0,2.0,1.0,0.0
r102C10,2,5,depot,1,sweep,6.299999768089037e-06,530.1473110714473,230.14731107144735,0.0,3.0,0.0,0.0
r102C10,2,5,depot,1,nearest,1.9899999642802868e-05,1000834.7034083515,199.9433149344416,43.476009341703275,2.0,0.0,1.0
r102C10,2,5,depot,1,grasp,0.000781499999902735,438.37117613821863,204.69387600408442,3.3677300134134214,2.0,1.0,0.0
r102C10,2,5,depot,1,mp_eavns,0.018647199999577424,403.9024901142984,203.9024901142984,0.0,2.0,1.0,0.0
r102C10,2,5,phased,3,edd,8.300000445160549e-06,418.93877914536404,218.93877914536404,0.0,2.0,1.0,0.0
r102C10,2,5,phased,3,sweep,1.609999981155852e-05,530.1473110714473,230.14731107144735,0.0,3.0,0.0,0.0
r102C10,2,5,phased,3,nearest,2.1300000298651867e-05,835.1375835648371,200.3774901478044,43.476009341703275,2.0,1.0,0.0
r102C10,2,5,phased,3,grasp,0.0009248999995179474,401.85514811206826,201.85514811206826,0.0,2.0,1.0,0.0
r102C10,2,5,phased,3,mp_eavns,0.023123599999962607,401.0637622222822,201.06376222228224,0.0,2.0,1.0,0.0
r102C10,2,5,all,4,edd,9.099999260797631e-06,418.93877914536404,218.93877914536404,0.0,2.0,1.0,0.0
r102C10,2,5,all,4,sweep,8.89999955688836e-06,530.1473110714473,230.14731107144735,0.0,3.0,0.0,0.0
r102C10,2,5,all,4,nearest,2.119999953720253e-05,835.1375835648371,200.3774901478044,43.476009341703275,2.0,1.0,0.0
r102C10,2,5,all,4,grasp,0.0009516999998595566,414.49177175917197,214.49177175917197,0.0,2.0,1.0,0.0
r102C10,2,5,all,4,mp_eavns,0.023368199999822536,401.0637622222822,201.06376222228224,0.0,2.0,1.0,0.0
r102C10,3,8,depot,1,edd,9.499999578110874e-06,3001519.370858196,334.96207068142587,88.44087875145433,3.0,0.0,3.0
r102C10,3,8,depot,1,sweep,7.3999999585794285e-06,1624.589656212766,310.4956579983733,91.40939982143925,4.0,0.0,0.0
r102C10,3,8,depot,1,nearest,3.1399999897985253e-05,1003711.3840976604,291.76725097119345,311.96168466892675,3.0,0.0,1.0
r102C10,3,8,depot,1,grasp,0.0016181999999389518,1068.318311445876,352.8128427319024,41.55054687139736,3.0,2.0,0.0
r102C10,3,8,depot,1,mp_eavns,0.053312199999709264,582.4786702827389,282.47867028273896,0.0,3.0,1.0,0.0
r102C10,3,8,phased,4,edd,9.399999726156238e-06,2151.794422649083,335.41103651126684,151.63833861378163,3.0,2.0,0.0
r102C10,3,8,phased,4,sweep,1.0300000212737359e-05,1624.589656212766,310.4956579983733,91.40939982143925,4.0,0.0,0.0
r102C10,3,8,phased,4,nearest,2.919999951700447e-05,1003711.3840976604,291.76725097119345,311.96168466892675,3.0,0.0,1.0
r102C10,3,8,phased,4,grasp,0.0021526999998968677,1804.4927524222398,319.67834335503017,118.48144090672096,3.0,1.0,0.0
r102C10,3,8,phased,4,mp_eavns,0.05023970000002009,579.6399423907228,279.6399423907228,0.0,3.0,1.0,0.0
r102C10,3,8,all,4,edd,6.000000212225132e-06,2151.794422649083,335.41103651126684,151.63833861378163,3.0,2.0,0.0
r102C10,3,8,all,4,sweep,5.899999450775795e-06,1624.589656212766,310.4956579983733,91.40939982143925,4.0,0.0,0.0
r102C10,3,8,all,4,nearest,1.8900000213761814e-05,1003711.3840976604,291.76725097119345,311.96168466892675,3.0,0.0,1.0
r102C10,3,8,all,4,grasp,0.0014859999992040684,937.5433431270931,307.59438611627314,32.99489570108199,3.0,1.0,0.0
r102C10,3,8,all,4,mp_eavns,0.058213599999362486,579.6399423907228,279.6399423907228,0.0,3.0,1.0,0.0
r102C10,4,10,depot,1,edd,5.9000003602704965e-06,2001310.6335391698,384.50100468499875,52.613253448472136,4.0,0.0,2.0
r102C10,4,10,depot,1,sweep,1.6999999388644937e-05,3443.150600065361,353.91287189114803,258.9237728174213,5.0,0.0,0.0
r102C10,4,10,depot,1,nearest,2.4699999812582973e-05,1003502.306025964,333.23266440897413,276.9073361554946,4.0,0.0,1.0
r102C10,4,10,depot,1,grasp,0.001699400000688911,1486.9575938818982,377.4938291128072,70.94637647690911,4.0,0.0,0.0
r102C10,4,10,depot,1,mp_eavns,0.08147699999972247,724.1783035409833,324.17830354098334,0.0,4.0,1.0,0.0
r102C10,4,10,phased,4,edd,1.1399999493733048e-05,2363.6768146673835,384.6819288185477,157.89948858488358,4.0,1.0,0.0
r102C10,4,10,phased,4,sweep,1.1500000255182385e-05,3443.150600065361,353.91287189114803,258.9237728174213,5.0,0.0,0.0
r102C10,4,10,phased,4,nearest,3.8099999983387534e-05,1003502.306025964,333.23266440897413,276.9073361554946,4.0,0.0,1.0
r102C10,4,10,phased,4,grasp,0.0034840999996959,893.5468983288512,385.23424953582406,10.831264879302708,4.0,1.0,0.0
r102C10,4,10,phased,4,mp_eavns,0.09886410000035539,721.3395756489672,321.3395756489671,0.0,4.0,1.0,0.0
r102C10,4,10,all,4,edd,1.1000000085914508e-05,2363.6768146673835,384.6819288185477,157.89948858488358,4.0,1.0,0.0
r102C10,4,10,all,4,sweep,1.1799999811046291e-05,3443.150600065361,353.91287189114803,258.9237728174213,5.0,0.0,0.0
r102C10,4,10,all,4,nearest,3.819999983534217e-05,1003502.306025964,333.23266440897413,276.9073361554946,4.0,0.0,1.0
r102C10,4,10,all,4,grasp,0.002638699999806704,921.569714420312,326.6005797939802,19.496913462633188,4.0,1.0,0.0
r102C10,4,10,all,4,mp_eavns,0.06911300000047049,721.2846780407698,321.2846780407698,0.0,4.0,0.0,0.0
r102C15,1,4,depot,1,edd,6.600000233447645e-06,1000670.9379255478,120.35602264265756,45.058190290517274,1.0,0.0,1.0
r102C15,1,4,depot,1,sweep,4.300000000512227e-06,1000674.954775895,114.94312722331092,46.00116486716871,1.0,0.0,1.0
r102C15,1,4,depot,1,nearest,1.539999993838137e-05,1001149.5360843327,107.90721910918288,94.16288652235696,1.0,0.0,1.0
r102C15,1,4,depot,1,grasp,0.0009812999996938743,1030.4287141170196,98.23320667624786,83.21955074407717,1.0,0.0,0.0
r102C15,1,4,depot,1,mp_eavns,0.013369299999794748,349.0674599630869,149.06745996308686,0.0,2.0,0.0,0.0
r102C15,1,4,phased,3,edd,6.600000233447645e-06,672.2402220796193,121.65831917444655,45.058190290517274,1.0,1.0,0.0
r102C15,1,4,phased,3,sweep,5.9000003602704965e-06,676.257072426787,116.2454237550999,46.00116486716871,1.0,1.0,0.0
r102C15,1,4,phased,3,nearest,1.9999999494757503e-05,1150.8383808645415,109.20951564097186,94.16288652235696,1.0,1.0,0.0
r102C15,1,4,phased,3,grasp,0.0013853000000381144,672.2402220796193,121.65831917444655,45.058190290517274,1.0,1.0,0.0
r102C15,1,4,phased,3,mp_eavns,0.01365189999978611,349.0674599630869,149.06745996308686,0.0,2.0,0.0,0.0
r102C15,1,4,all,8,edd,6.000000212225132e-06,672.2402220796193,121.65831917444655,45.058190290517274,1.0,1.0,0.0
r102C15,1,4,all,8,sweep,5.700000656361226e-06,676.257072426787,116.2454237550999,46.00116486716871,1.0,1.0,0.0
r102C15,1,4,all,8,nearest,1.300000076298602e-05,1150.8383808645415,109.20951564097186,94.16288652235696,1.0,1.0,0.0
r102C15,1,4,all,8,grasp,0.0014029999992999365,672.2402220796193,121.65831917444655,45.058190290517274,1.0,1.0,0.0
r102C15,1,4,all,8,mp_eavns,0.01588660000015807,349.0674599630869,149.06745996308686,0.0,2.0,0.0,0.0
r102C15,2,8,depot,1,edd,4.70000031782547e-06,1001182.9667518366,257.4166018470404,62.55501499895777,3.0,0.0,1.0
r102C15,2,8,depot,1,sweep,3.6999999792897142e-06,1000987.2338806682,227.22223199644853,46.00116486716871,3.0,0.0,1.0
r102C15,2,8,depot,1,nearest,1.82999992830446e-05,3253.417820307626,231.38142825276984,282.2036392054856,2.0,1.0,0.0
r102C15,2,8,depot,1,grasp,0.00186900000062451,2249.994477527078,249.2845240093088,170.07099535177693,3.0,0.0,0.0
r102C15,2,8,depot,1,mp_eavns,0.03142959999968298,530.3457436446093,230.3457436446093,0.0,3.0,0.0,0.0
r102C15,2,8,phased,5,edd,6.400000529538374e-06,1198.9406124343864,273.3904624448087,62.55501499895777,3.0,1.0,0.0
r102C15,2,8,phased,5,sweep,5.800000508315861e-06,988.5361771999246,228.5245285282375,46.00116486716871,3.0,1.0,0.0
r102C15,2,8,phased,5,nearest,1.8900000213761814e-05,3253.417820307626,231.38142825276984,282.2036392054856,2.0,1.0,0.0
r102C15,2,8,phased,5,grasp,0.004010599999674014,1533.5558002667844,292.2154415910743,94.13403586757101,3.0,1.0,0.0
r102C15,2,8,phased,5,mp_eavns,0.05177029999958904,530.3457436446092,230.34574364460929,0.0,3.0,0.0,0.0
r102C15,2,8,all,8,edd,6.300000677583739e-06,1198.9406124343864,273.3904624448087,62.55501499895777,3.0,1.0,0.0
r102C15,2,8,all,8,sweep,6.200000825629104e-06,988.5361771999246,228.5245285282375,46.00116486716871,3.0,1.0,0.0
r102C15,2,8,all,8,nearest,1.9800000700342935e-05,3253.417820307626,231.38142825276984,282.2036392054856,2.0,1.0,0.0
r102C15,2,8,all,8,grasp,0.002876999999898544,1446.1116742149352,288.1648825025078,85.79467917124273,3.0,1.0,0.0
r102C15,2,8,all,8,mp_eavns,0.04651099999955477,530.3457436446092,230.34574364460929,0.0,3.0,0.0,0.0
r102C15,3,12,depot,1,edd,6.70000008540228e-06,2002690.0303855953,384.5689058291746,200.5461479766194,3.0,1.0,2.0
r102C15,3,12,depot,1,sweep,4.600000465870835e-06,2004733.8093976907,288.8474268445844,414.4961970846012,3.0,0.0,2.0
r102C15,3,12,depot,1,nearest,3.6299999919719994e-05,2002594.2591935203,295.3680414679446,199.8891152052262,3.0,0.0,2.0
r102C15,3,12,depot,1,grasp,0.008593300000029558,2459.2538685001696,361.4052893145065,179.7848579185663,3.0,2.0,0.0
r102C15,3,12,depot,1,mp_eavns,0.1471401999997397,741.9152027366626,340.82776025305935,0.10874424836032404,4.0,0.0,0.0
r102C15,3,12,phased,7,edd,1.2200000128359534e-05,3731.4624563420402,390.5329147957664,304.09295415462736,3.0,2.0,0.0
r102C15,3,12,phased,7,sweep,1.1199999789823778e-05,4754.9151528263965,309.9531819803842,414.4961970846012,3.0,2.0,0.0
r102C15,3,12,phased,7,nearest,4.3200000618526246e-05,2002594.2591935203,295.3680414679446,199.8891152052262,3.0,0.0,2.0
r102C15,3,12,phased,7,grasp,0.011620499999480671,2223.885257325053,304.1484713592061,161.97367859658468,3.0,1.0,0.0
r102C15,3,12,phased,7,mp_eavns,0.14503739999963727,741.9152027366626,340.82776025305935,0.10874424836032404,4.0,0.0,0.0
r102C15,3,12,all,8,edd,6.799999937356915e-06,3731.4624563420402,390.5329147957664,304.09295415462736,3.0,2.0,0.0
r102C15,3,12,all,8,sweep,7.3999999585794285e-06,4744.522092019263,299.56012117325065,414.4961970846012,3.0,2.0,0.0
r102C15,3,12,all,8,nearest,2.8000000384054147e-05,2002594.2591935203,295.3680414679446,199.8891152052262,3.0,0.0,2.0
r102C15,3,12,all,8,grasp,0.009195699999509088,2588.2395502270297,381.4797172457191,190.67598329813106,3.0,3.0,0.0
r102C15,3,12,all,8,mp_eavns,0.12931029999981547,741.9152027366626,340.82776025305935,0.10874424836032404,4.0,0.0,0.0
r102C15,4,15,depot,1,edd,7.600000571983401e-06,3002747.294080092,495.1073013459612,165.21867787460522,6.0,0.0,3.0
r102C15,4,15,depot,1,sweep,6.100000064179767e-06,2005881.7897663256,402.7627008908688,497.90270654348126,5.0,0.0,2.0
r102C15,4,15,depot,1,nearest,3.9599999581696466e-05,1003323.898615972,386.10928441924267,253.778933155278,4.0,1.0,1.0
r102C15,4,15,depot,1,grasp,0.006548500000462809,4476.0174781814585,507.98855682441325,346.8028921357046,5.0,2.0,0.0
r102C15,4,15,depot,1,mp_eavns,0.21072210000056657,900.8577778773429,400.85777787734287,0.0,5.0,0.0,0.0
r102C15,4,15,phased,8,edd,1.340000017080456e-05,3790.609869266671,502.95502874053966,268.76548405261315,6.0,2.0,0.0
r102C15,4,15,phased,8,sweep,1.2399999832268804e-05,1005883.0920628575,404.0649974226578,497.90270654348126,5.0,1.0,1.0
r102C15,4,15,phased,8,nearest,6.260000009206124e-05,3330.2949227727618,392.50559121998197,253.778933155278,4.0,2.0,0.0
r102C15,4,15,phased,8,grasp,0.018841299999621697,3221.7500533385805,470.4590178739562,225.12910354646243,5.0,1.0,0.0
r102C15,4,15,phased,8,mp_eavns,0.19573380000019824,900.8577778773429,400.85777787734287,0.0,5.0,0.0,0.0
r102C15,4,15,all,8,edd,7.900000127847306e-06,3790.609869266671,502.95502874053966,268.76548405261315,6.0,2.0,0.0
r102C15,4,15,all,8,sweep,7.900000127847306e-06,1005883.0920628575,404.0649974226578,497.90270654348126,5.0,1.0,1.0
r102C15,4,15,all,8,nearest,3.790000027947826e-05,3330.2949227727618,392.50559121998197,253.778933155278,4.0,2.0,0.0
r102C15,4,15,all,8,grasp,0.009172400000352354,3806.1786938303558,501.41902961736815,280.4759664212987,5.0,2.0,0.0
r102C15,4,15,all,8,mp_eavns,0.21542680000038672,900.8577778773429,400.85777787734287,0.0,5.0,0.0,0.0
r103C10,1,3,depot,1,edd,5.200000487093348e-06,171.2339397496857,71.23393974968569,0.0,1.0,0.0,0.0
r103C10,1,3,depot,1,sweep,3.1999998100218363e-06,727.9853430813773,66.08792760170431,56.1897415479673,1.0,0.0,0.0
r103C10,1,3,depot,1,nearest,1.340000017080456e-05,727.9853430813773,66.08792760170431,56.1897415479673,1.0,0.0,0.0
r103C10,1,3,depot,1,grasp,0.00028049999946233584,171.2339397496857,71.23393974968569,0.0,1.0,0.0,0.0
r103C10,1,3,depot,1,mp_eavns,0.004094099999747414,171.2339397496857,71.23393974968569,0.0,1.0,0.0,0.0
r103C10,1,3,phased,2,edd,4.900000021734741e-06,171.2339397496857,71.23393974968569,0.0,1.0,0.0,0.0
r103C10,1,3,phased,2,sweep,3.6999999792897142e-06,727.9853430813773,66.08792760170431,56.1897415479673,1.0,0.0,0.0
r103C10,1,3,phased,2,nearest,8.800000614428427e-06,727.9853430813773,66.08792760170431,56.1897415479673,1.0,0.0,0.0
r103C10,1,3,phased,2,grasp,0.00016370000048482325,171.2339397496857,71.23393974968569,0.0,1.0,0.0,0.0
r103C10,1,3,phased,2,mp_eavns,0.003243500000280619,171.2339397496857,71.23393974968569,0.0,1.0,0.0,0.0
r103C10,1,3,all,3,edd,6.50000038149301e-06,171.2339397496857,71.23393974968569,0.0,1.0,0.0,0.0
r103C10,1,3,all,3,sweep,6.199999916134402e-06,727.9853430813773,66.08792760170431,56.1897415479673,1.0,0.0,0.0
r103C10,1,3,all,3,nearest,1.5300000086426735e-05,727.9853430813773,66.08792760170431,56.1897415479673,1.0,0.0,0.0
r103C10,1,3,all,3,grasp,0.00031069999931787606,171.2339397496857,71.23393974968569,0.0,1.0,0.0,0.0
r103C10,1,3,all,3,mp_eavns,0.004746399999930873,171.2339397496857,71.23393974968569,0.0,1.0,0.0,0.0
r103C10,2,5,depot,1,edd,6.799999937356915e-06,301.0422041293808,101.04220412938079,0.0,2.0,0.0,0.0
r103C10,2,5,depot,1,sweep,4.600000465870835e-06,854.2655900339267,92.36817455425373,56.1897415479673,2.0,0.0,0.0
r103C10,2,5,depot,1,nearest,2.3600000531587284e-05,339.77716403095843,139.77716403095843,0.0,2.0,0.0,0.0
r103C10,2,5,depot,1,grasp,0.0015156999997998355,298.06675547968314,98.06675547968315,0.0,2.0,0.0,0.0
r103C10,2,5,depot,1,mp_eavns,0.02168489999985468,294.94867334048274,94.94867334048277,0.0,2.0,0.0,0.0
r103C10,2,5,phased,2,edd,9.900000804918818e-06,301.0422041293808,101.04220412938079,0.0,2.0,0.0,0.0
r103C10,2,5,phased,2,sweep,9.100000170292333e-06,854.2655900339267,92.36817455425373,56.1897415479673,2.0,0.0,0.0
r103C10,2,5,phased,2,nearest,2.4399999347224366e-05,339.77716403095843,139.77716403095843,0.0,2.0,0.0,0.0
r103C10,2,5,phased,2,grasp,0.0014750999998796033,299.73570535849024,99.73570535849026,0.0,2.0,0.0,0.0
r103C10,2,5,phased,2,mp_eavns,0.020993299999645387,294.94867334048274,94.94867334048277,0.0,2.0,0.0,0.0
r103C10,2,5,all,3,edd,9.299999874201603e-06,301.0422041293808,101.04220412938079,0.0,2.0,0.0,0.0
r103C10,2,5,all,3,sweep,9.500000487605575e-06,854.2655900339267,92.36817455425373,56.1897415479673,2.0,0.0,0.0
r103C10,2,5,all,3,nearest,2.3599999622092582e-05,339.77716403095843,139.77716403095843,0.0,2.0,0.0,0.0
r103C10,2,5,all,3,grasp,0.0013106999995216029,298.06675547968314,98.06675547968315,0.0,2.0,0.0,0.0
r103C10,2,5,all,3,mp_eavns,0.01674549999916053,294.94867334048274,94.94867334048277,0.0,2.0,0.0,0.0
r103C10,3,8,depot,1,edd,5.700000656361226e-06,482.34340485429334,182.34340485429334,0.0,3.0,0.0,0.0
r103C10,3,8,depot,1,sweep,3.600000127335079e-06,1032.482866895537,170.5854514158641,56.1897415479673,3.0,0.0,0.0
r103C10,3,8,depot,1,nearest,2.0600000425474718e-05,1915.6545241987812,205.20091402690886,141.04536101718725,3.0,0.0,0.0
r103C10,3,8,depot,1,grasp,0.001187500000014552,512.4473110189027,212.44731101890275,0.0,3.0,0.0,0.0
r103C10,3,8,depot,1,mp_eavns,0.04468249999990803,456.15627326122444,156.15627326122447,0.0,3.0,0.0,0.0
r103C10,3,8,phased,3,edd,1.0400000064691994e-05,482.34340485429334,182.34340485429334,0.0,3.0,0.0,0.0
r103C10,3,8,phased,3,sweep,9.999999747378752e-06,1032.482866895537,170.5854514158641,56.1897415479673,3.0,0.0,0.0
r103C10,3,8,phased,3,nearest,3.199999991920777e-05,1915.6545241987812,205.20091402690886,141.04536101718725,3.0,0.0,0.0
r103C10,3,8,phased,3,grasp,0.0024004999995668186,554.0499121527531,254.0499121527531,0.0,3.0,1.0,0.0
r103C10,3,8,phased,3,mp_eavns,0.04848420000053011,456.15627326122444,156.15627326122447,0.0,3.0,0.0,0.0
r103C10,3,8,all,3,edd,6.000000212225132e-06,482.34340485429334,182.34340485429334,0.0,3.0,0.0,0.0
r103C10,3,8,all,3,sweep,5.599999894911889e-06,1032.482866895537,170.5854514158641,56.1897415479673,3.0,0.0,0.0
r103C10,3,8,all,3,nearest,1.790000078472076e-05,1915.6545241987812,205.20091402690886,141.04536101718725,3.0,0.0,0.0
r103C10,3,8,all,3,grasp,0.0015287999995052814,511.65176232243937,211.65176232243934,0.0,3.0,0.0,0.0
r103C10,3,8,all,3,mp_eavns,0.04250820000015665,456.15627326122444,156.15627326122447,0.0,3.0,0.0,0.0
r103C10,4,10,depot,1,edd,5.2999994295532815e-06,1000660.6756475378,260.6756475377779,0.0,4.0,0.0,1.0
r103C10,4,10,depot,1,sweep,4.399999852466863e-06,1423.57977614942,240.26100443243766,78.33187717169825,4.0,0.0,0.0
r103C10,4,10,depot,1,nearest,2.3100000362319406e-05,1001741.281080286,261.4152497151785,117.98658305708175,3.0,0.0,1.0
r103C10,4,10,depot,1,grasp,0.0015398000005006907,3579.31845553774,284.221017110335,289.5097438427405,4.0,0.0,0.0
r103C10,4,10,depot,1,mp_eavns,0.06400209999992512,513.3078797482337,213.30787974823372,0.0,3.0,0.0,0.0
r103C10,4,10,phased,3,edd,1.1199999789823778e-05,1000660.6756475378,260.6756475377779,0.0,4.0,0.0,1.0
r103C10,4,10,phased,3,sweep,1.1099999937869143e-05,1423.57977614942,240.26100443243766,78.33187717169825,4.0,0.0,0.0
r103C10,4,10,phased,3,nearest,3.7200000406301115e-05,1742.4116338738113,262.5458033029937,117.98658305708175,3.0,1.0,0.0
r103C10,4,10,phased,3,grasp,0.003243099999963306,637.5467159755633,292.1039921078771,4.544272386768625,3.0,1.0,0.0
r103C10,4,10,phased,3,mp_eavns,0.06070640000052663,513.3078797482337,213.30787974823372,0.0,3.0,0.0,0.0
r103C10,4,10,all,3,edd,7.900000127847306e-06,1000660.6756475378,260.6756475377779,0.0,4.0,0.0,1.0
r103C10,4,10,all,3,sweep,8.499999239575118e-06,1423.57977614942,240.26100443243766,78.33187717169825,4.0,0.0,0.0
r103C10,4,10,all,3,nearest,4.2300000131945126e-05,1742.4116338738113,262.5458033029937,117.98658305708175,3.0,1.0,0.0
r103C10,4,10,all,3,grasp,0.004559199999675911,579.7842683730894,279.7842683730894,0.0,3.0,1.0,0.0
r103C10,4,10,all,3,mp_eavns,0.058769199999915145,513.3078797482337,213.30787974823372,0.0,3.0,0.0,0.0
r104C5,1,2,depot,1,edd,3.6999999792897142e-06,144.51150805005705,44.51150805005705,0.0,1.0,0.0,0.0
r104C5,1,2,depot,1,sweep,1.8999999156221747e-06,144.51150805005705,44.51150805005705,0.0,1.0,0.0,0.0
r104C5,1,2,depot,1,nearest,7.999999979801942e-06,144.51150805005705,44.51150805005705,0.0,1.0,0.0,0.0
r104C5,1,2,depot,1,grasp,0.0001160000001618755,144.51150805005705,44.51150805005705,0.0,1.0,0.0,0.0
r104C5,1,2,depot,1,mp_eavns,0.0013988999999128282,144.51150805005705,44.51150805005705,0.0,1.0,0.0,0.0
r104C5,1,2,phased,2,edd,1.8999999156221747e-06,144.51150805005705,44.51150805005705,0.0,1.0,0.0,0.0
r104C5,1,2,phased,2,sweep,1.5999994502635673e-06,144.51150805005705,44.51150805005705,0.0,1.0,0.0,0.0
r104C5,1,2,phased,2,nearest,3.7999998312443495e-06,144.51150805005705,44.51150805005705,0.0,1.0,0.0,0.0
r104C5,1,2,phased,2,grasp,0.00010509999992791563,144.51150805005705,44.51150805005705,0.0,1.0,0.0,0.0
r104C5,1,2,phased,2,mp_eavns,0.0013179999996282277,144.51150805005705,44.51150805005705,0.0,1.0,0.0,0.0
r104C5,1,2,all,3,edd,1.600000359758269e-06,144.51150805005705,44.51150805005705,0.0,1.0,0.0,0.0
r104C5,1,2,all,3,sweep,1.4000006558489986e-06,144.51150805005705,44.51150805005705,0.0,1.0,0.0,0.0
r104C5,1,2,all,3,nearest,3.600000127335079e-06,144.51150805005705,44.51150805005705,0.0,1.0,0.0,0.0
r104C5,1,2,all,3,grasp,0.00018289999934495427,144.51150805005705,44.51150805005705,0.0,1.0,0.0,0.0
r104C5,1,2,all,3,mp_eavns,0.0022238000001379987,144.51150805005705,44.51150805005705,0.0,1.0,0.0,0.0
r104C5,2,3,depot,1,edd,5.099999725644011e-06,281.28106067175753,81.28106067175752,0.0,2.0,0.0,0.0
r104C5,2,3,depot,1,sweep,4.800000169780105e-06,281.28106067175753,81.28106067175753,0.0,2.0,0.0,0.0
r104C5,2,3,depot,1,nearest,1.3900000340072438e-05,281.28106067175753,81.28106067175753,0.0,2.0,0.0,0.0
r104C5,2,3,depot,1,grasp,0.00032390000069426605,281.28106067175753,81.28106067175753,0.0,2.0,0.0,0.0
r104C5,2,3,depot,1,mp_eavns,0.0037210999998933403,281.28106067175753,81.28106067175753,0.0,2.0,0.0,0.0
r104C5,2,3,phased,2,edd,4.200000148557592e-06,281.28106067175753,81.28106067175752,0.0,2.0,0.0,0.0
r104C5,2,3,phased,2,sweep,3.3999995139311068e-06,281.28106067175753,81.28106067175753,0.0,2.0,0.0,0.0
r104C5,2,3,phased,2,nearest,8.50000014906982e-06,281.28106067175753,81.28106067175753,0.0,2.0,0.0,0.0
r104C5,2,3,phased,2,grasp,0.00017179999940708512,281.28106067175753,81.28106067175753,0.0,2.0,0.0,0.0
r104C5,2,3,phased,2,mp_eavns,0.002965599999697588,281.28106067175753,81.28106067175753,0.0,2.0,0.0,0.0
r104C5,2,3,all,3,edd,2.599999788799323e-06,281.28106067175753,81.28106067175752,0.0,2.0,0.0,0.0
r104C5,2,3,all,3,sweep,2.099999619531445e-06,281.28106067175753,81.28106067175753,0.0,2.0,0.0,0.0
r104C5,2,3,all,3,nearest,5.7999995988211595e-06,281.28106067175753,81.28106067175753,0.0,2.0,0.0,0.0
r104C5,2,3,all,3,grasp,0.0001677999998719315,281.28106067175753,81.28106067175753,0.0,2.0,0.0,0.0
r104C5,2,3,all,3,mp_eavns,0.002886499999476655,281.28106067175753,81.28106067175753,0.0,2.0,0.0,0.0
r104C5,3,4,depot,1,edd,2.8000004022032954e-06,1000848.3725731223,160.35873245748488,48.8013840664737,2.0,0.0,1.0
r104C5,3,4,depot,1,sweep,2.200000380980782e-06,1000848.3725731223,160.35873245748488,48.8013840664737,2.0,0.0,1.0
r104C5,3,4,depot,1,nearest,7.599999662488699e-06,1000356.9658056078,156.9658056077983,0.0,2.0,0.0,1.0
r104C5,3,4,depot,1,grasp,0.0002266000001327484,1000356.9658056078,156.9658056077983,0.0,2.0,0.0,1.0
r104C5,3,4,depot,1,mp_eavns,0.014570000000276195,460.6031887319653,160.6031887319653,0.0,3.0,0.0,0.0
r104C5,3,4,phased,3,edd,8.600000001024455e-06,848.9311092781211,160.91726861338404,48.8013840664737,2.0,1.0,0.0
r104C5,3,4,phased,3,sweep,9.499999578110874e-06,848.9311092781211,160.917268613384,48.8013840664737,2.0,1.0,0.0
r104C5,3,4,phased,3,nearest,1.7500000467407517e-05,357.52434176369746,157.52434176369746,0.0,2.0,1.0,0.0
r104C5,3,4,phased,3,grasp,0.000588199999583594,357.52434176369746,157.52434176369746,0.0,2.0,1.0,0.0
r104C5,3,4,phased,3,mp_eavns,0.01253779999933613,357.52434176369746,157.52434176369746,0.0,2.0,1.0,0.0
r104C5,3,4,all,3,edd,8.399999387620483e-06,848.9311092781211,160.91726861338404,48.8013840664737,2.0,1.0,0.0
r104C5,3,4,all,3,sweep,8.800000614428427e-06,848.9311092781211,160.917268613384,48.8013840664737,2.0,1.0,0.0
r104C5,3,4,all,3,nearest,1.849999989644857e-05,357.52434176369746,157.52434176369746,0.0,2.0,1.0,0.0
r104C5,3,4,all,3,grasp,0.0005043999999543303,357.52434176369746,157.52434176369746,0.0,2.0,1.0,0.0
r104C5,3,4,all,3,mp_eavns,0.01282919999994192,357.52434176369746,157.52434176369746,0.0,2.0,1.0,0.0
r104C5,4,5,depot,1,edd,7.3999999585794285e-06,2000387.4280481366,187.42804813661908,0.0,2.0,0.0,2.0
r104C5,4,5,depot,1,sweep,6.50000038149301e-06,1000978.8356655457,190.8218248809405,48.8013840664737,3.0,0.0,1.0
r104C5,4,5,depot,1,nearest,2.2700000045006163e-05,1000491.5377033475,191.53770334751536,0.0,3.0,0.0,1.0
r104C5,4,5,depot,1,grasp,0.0005385000004025642,1000387.1772349173,187.17723491733364,0.0,2.0,0.0,1.0
r104C5,4,5,depot,1,mp_eavns,0.01893370000016148,461.01315561033766,161.01315561033766,0.0,3.0,0.0,0.0
r104C5,4,5,phased,3,edd,6.299999768089037e-06,2000387.4280481366,187.42804813661908,0.0,2.0,0.0,2.0
r104C5,4,5,phased,3,sweep,4.900000021734741e-06,979.3942017015767,191.38036103683964,48.8013840664737,3.0,1.0,0.0
r104C5,4,5,phased,3,nearest,1.4299999747890979e-05,1000491.5377033475,191.53770334751536,0.0,3.0,0.0,1.0
r104C5,4,5,phased,3,grasp,0.000837399999909394,387.9865842925183,187.98658429251824,0.0,2.0,1.0,0.0
r104C5,4,5,phased,3,mp_eavns,0.012520600000243576,387.9865842925183,187.98658429251824,0.0,2.0,1.0,0.0
r104C5,4,5,all,3,edd,2.100000074278796e-05,2000387.4280481366,187.42804813661908,0.0,2.0,0.0,2.0
r104C5,4,5,all,3,sweep,1.0299999303242657e-05,979.3942017015767,191.38036103683964,48.8013840664737,3.0,1.0,0.0
r104C5,4,5,all,3,nearest,1.8900000213761814e-05,1000491.5377033475,191.53770334751536,0.0,3.0,0.0,1.0
r104C5,4,5,all,3,grasp,0.0006920000005266047,387.9865842925183,187.98658429251824,0.0,2.0,1.0,0.0
r104C5,4,5,all,3,mp_eavns,0.013412799999969138,387.9865842925183,187.98658429251824,0.0,2.0,1.0,0.0
r105C15,1,4,depot,1,edd,6.999999641266186e-06,314.18051269176664,114.18051269176662,0.0,2.0,0.0,0.0
r105C15,1,4,depot,1,sweep,5.500000042957254e-06,436.8049360071018,136.80493600710176,0.0,3.0,0.0,0.0
r105C15,1,4,depot,1,nearest,3.1800000215298496e-05,922.9852429213855,112.98524292138555,61.0,2.0,0.0,0.0
r105C15,1,4,depot,1,grasp,0.00045339999996940605,314.18051269176664,114.18051269176662,0.0,2.0,0.0,0.0
r105C15,1,4,depot,1,mp_eavns,0.006032999999661115,314.18051269176664,114.18051269176662,0.0,2.0,0.0,0.0
r105C15,1,4,phased,3,edd,7.999999979801942e-06,314.18051269176664,114.18051269176662,0.0,2.0,0.0,0.0
r105C15,1,4,phased,3,sweep,8.50000014906982e-06,436.8049360071018,136.80493600710176,0.0,3.0,0.0,0.0
r105C15,1,4,phased,3,nearest,1.8200000340584666e-05,922.9852429213855,112.98524292138555,61.0,2.0,0.0,0.0
r105C15,1,4,phased,3,grasp,0.0004014999994979007,314.18051269176664,114.18051269176662,0.0,2.0,0.0,0.0
r105C15,1,4,phased,3,mp_eavns,0.007267400000273483,314.18051269176664,114.18051269176662,0.0,2.0,0.0,0.0
r105C15,1,4,all,6,edd,5.599999894911889e-06,314.18051269176664,114.18051269176662,0.0,2.0,0.0,0.0
r105C15,1,4,all,6,sweep,5.2999994295532815e-06,436.8049360071018,136.80493600710176,0.0,3.0,0.0,0.0
r105C15,1,4,all,6,nearest,1.3099999705445953e-05,922.9852429213855,112.98524292138555,61.0,2.0,0.0,0.0
r105C15,1,4,all,6,grasp,0.00022420000004785834,314.18051269176664,114.18051269176662,0.0,2.0,0.0,0.0
r105C15,1,4,all,6,mp_eavns,0.006882000000587141,314.18051269176664,114.18051269176662,0.0,2.0,0.0,0.0
r105C15,2,8,depot,1,edd,8.89999955688836e-06,3000960.838814023,332.2819328573934,32.85568811656847,3.0,0.0,3.0
r105C15,2,8,depot,1,sweep,7.300000106624793e-06,863.1260845597978,250.32498566699266,21.280109889280524,4.0,0.0,0.0
r105C15,2,8,depot,1,nearest,3.169999945384916e-05,1130.0813529906602,220.08135299066026,61.0,3.0,0.0,0.0
r105C15,2,8,depot,1,grasp,0.001775600000655686,1157.4006902689737,237.1231264957741,62.027756377319946,3.0,0.0,0.0
r105C15,2,8,depot,1,mp_eavns,0.029814100000294275,521.2766227610414,221.27662276104132,0.0,3.0,0.0,0.0
r105C15,2,8,phased,4,edd,9.000000318337698e-06,1673.277876214948,333.5802157434858,103.96976604714624,3.0,2.0,0.0
r105C15,2,8,phased,4,sweep,9.299999874201603e-06,863.1260845597978,250.32498566699266,21.280109889280524,4.0,0.0,0.0
r105C15,2,8,phased,4,nearest,2.7799999770650174e-05,1130.0813529906602,220.08135299066026,61.0,3.0,0.0,0.0
r105C15,2,8,phased,4,grasp,0.001687800000581774,527.4665381910556,227.4665381910556,0.0,3.0,0.0,0.0
r105C15,2,8,phased,4,mp_eavns,0.020340699999906064,521.2766227610414,221.27662276104132,0.0,3.0,0.0,0.0
r105C15,2,8,all,6,edd,8.50000014906982e-06,1673.277876214948,333.5802157434858,103.96976604714624,3.0,2.0,0.0
r105C15,2,8,all,6,sweep,8.600000001024455e-06,863.1260845597978,250.32498566699266,21.280109889280524,4.0,0.0,0.0
r105C15,2,8,all,6,nearest,2.790000053209951e-05,1130.0813529906602,220.08135299066026,61.0,3.0,0.0,0.0
r105C15,2,8,all,6,grasp,0.002223700000286044,1005.8738171508189,343.60572282291133,26.22680943279076,4.0,1.0,0.0
r105C15,2,8,all,6,mp_eavns,0.03129649999937101,521.2766227610414,221.27662276104132,0.0,3.0,0.0,0.0
r105C15,3,12,depot,1,edd,9.399999726156238e-06,5001350.953606116,521.0516547563694,22.99019513592785,6.0,0.0,5.0
r105C15,3,12,depot,1,sweep,7.79999936639797e-06,1003302.8156725168,333.905967150059,246.8909705366807,5.0,0.0,1.0
r105C15,3,12,depot,1,nearest,4.3000000005122274e-05,2004759.0379694432,340.5717603631037,401.8466209080175,4.0,0.0,2.0
r105C15,3,12,depot,1,grasp,0.005355700000109209,3529.2304614775167,495.1733367984463,253.40571246790705,5.0,2.0,0.0
r105C15,3,12,depot,1,mp_eavns,0.08842590000040218,820.7565742815237,320.75657428152374,0.0,5.0,0.0,0.0
r105C15,3,12,phased,5,edd,1.160000010713702e-05,2876.9564125827033,544.8164082860247,173.21400042966786,6.0,3.0,0.0
r105C15,3,12,phased,5,sweep,1.1500000255182385e-05,1003302.8156725168,333.905967150059,246.8909705366807,5.0,0.0,1.0
r105C15,3,12,phased,5,nearest,4.470000021683518e-05,1004785.3260919863,366.8598829061095,401.8466209080175,4.0,1.0,1.0
r105C15,3,12,phased,5,grasp,0.0057188000000678585,1638.865868313254,493.9683896230033,64.48974786902505,5.0,2.0,0.0
r105C15,3,12,phased,5,mp_eavns,0.07112489999963145,729.6110495014861,329.61104950148615,0.0,4.0,1.0,0.0
r105C15,3,12,all,6,edd,9.100000170292333e-06,2858.7641015254053,526.6240972287267,173.21400042966786,6.0,3.0,0.0
r105C15,3,12,all,6,sweep,8.69999985297909e-06,3307.051688444011,338.14198307720363,246.8909705366807,5.0,1.0,0.0
r105C15,3,12,all,6,nearest,4.460000036488054e-05,1004763.2739853704,344.80777629024834,401.8466209080175,4.0,1.0,1.0
r105C15,3,12,all,6,grasp,0.00858810000045196,2374.2367794937754,525.0858786847481,144.91509008090276,4.0,4.0,0.0
r105C15,3,12,all,6,mp_eavns,0.07253450000007433,729.6110495014861,329.61104950148615,0.0,4.0,1.0,0.0
r105C15,4,15,depot,1,edd,1.2000000424450263e-05,5002966.90945897,621.6038353458789,174.53056236242128,6.0,1.0,5.0
r105C15,4,15,depot,1,sweep,9.499999578110874e-06,1005669.8631364773,411.2869498350122,465.8576186642241,6.0,0.0,1.0
r105C15,4,15,depot,1,nearest,5.7500000366417225e-05,3005377.5371561963,450.4510392176129,442.70861169789276,5.0,0.0,3.0
r105C15,4,15,depot,1,grasp,0.008935900000324182,5184.757625133796,476.33102294106567,420.84266021927306,5.0,2.0,0.0
r105C15,4,15,depot,1,mp_eavns,0.16250659999968775,881.912812327659,381.912812327659,0.0,5.0,0.0,0.0
r105C15,4,15,phased,6,edd,8.300000445160549e-06,5363.364025183906,627.1762778182361,413.61877473656693,6.0,4.0,0.0
r105C15,4,15,phased,6,sweep,7.900000127847306e-06,5674.0991524043975,415.52296576215684,465.8576186642241,6.0,1.0,0.0
r105C15,4,15,phased,6,nearest,3.529999958118424e-05,6352.255715395307,450.9475473978197,540.1308167997487,5.0,1.0,0.0
r105C15,4,15,phased,6,grasp,0.014638399999967078,2827.1850601541773,443.44834713017707,188.37367130240003,5.0,2.0,0.0
r105C15,4,15,phased,6,mp_eavns,0.148201699999845,881.9128123276589,381.91281232765897,0.0,5.0,0.0,0.0
r105C15,4,15,all,6,edd,8.700000762473792e-06,5363.364025183906,627.1762778182361,413.61877473656693,6.0,4.0,0.0
r105C15,4,15,all,6,sweep,9.100000170292333e-06,5674.0991524043975,415.52296576215684,465.8576186642241,6.0,1.0,0.0
r105C15,4,15,all,6,nearest,4.0299999454873614e-05,6352.255715395307,450.9475473978197,540.1308167997487,5.0,1.0,0.0
r105C15,4,15,all,6,grasp,0.013457800000651332,2392.3902452452176,556.3811354180312,133.60091098271863,5.0,4.0,0.0
r105C15,4,15,all,6,mp_eavns,0.18648790000042936,902.8385630239588,402.83856302395884,0.0,5.0,1.0,0.0
r105C5,1,2,depot,1,edd,5.199999577598646e-06,151.65890558454885,51.65890558454885,0.0,1.0,0.0,0.0
r105C5,1,2,depot,1,sweep,3.3999995139311068e-06,151.65890558454885,51.65890558454885,0.0,1.0,0.0,0.0
r105C5,1,2,depot,1,nearest,1.1900000572495628e-05,543.4623044595382,51.65890558454885,39.180339887498945,1.0,0.0,0.0
r105C5,1,2,depot,1,grasp,0.0002506000000721542,151.65890558454885,51.65890558454885,0.0,1.0,0.0,0.0
r105C5,1,2,depot,1,mp_eavns,0.0026942000004055444,151.65890558454885,51.65890558454885,0.0,1.0,0.0,0.0
r105C5,1,2,phased,2,edd,3.3000005714711733e-06,151.65890558454885,51.65890558454885,0.0,1.0,0.0,0.0
r105C5,1,2,phased,2,sweep,3.099999958067201e-06,151.65890558454885,51.65890558454885,0.0,1.0,0.0,0.0
r105C5,1,2,phased,2,nearest,1.1699999959091656e-05,543.4623044595382,51.65890558454885,39.180339887498945,1.0,0.0,0.0
r105C5,1,2,phased,2,grasp,0.00022809999973105732,151.65890558454885,51.65890558454885,0.0,1.0,0.0,0.0
r105C5,1,2,phased,2,mp_eavns,0.0029985999999553314,151.65890558454885,51.65890558454885,0.0,1.0,0.0,0.0
r105C5,1,2,all,3,edd,3.099999958067201e-06,151.65890558454885,51.65890558454885,0.0,1.0,0.0,0.0
r105C5,1,2,all,3,sweep,3.1999998100218363e-06,151.65890558454885,51.65890558454885,0.0,1.0,0.0,0.0
r105C5,1,2,all,3,nearest,7.900000127847306e-06,543.4623044595382,51.65890558454885,39.180339887498945,1.0,0.0,0.0
r105C5,1,2,all,3,grasp,0.000246099999458238,151.65890558454885,51.65890558454885,0.0,1.0,0.0,0.0
r105C5,1,2,all,3,mp_eavns,0.0029417000005196314,151.65890558454885,51.65890558454885,0.0,1.0,0.0,0.0
r105C5,2,3,depot,1,edd,4.300000000512227e-06,188.75979500686302,88.75979500686302,0.0,1.0,0.0,0.0
r105C5,2,3,depot,1,sweep,4.399999852466863e-06,1024.819294223166,91.87241294404231,83.29468812791237,1.0,0.0,0.0
r105C5,2,3,depot,1,nearest,1.720000000204891e-05,1651.6515766883015,88.75979500686302,146.28917816814385,1.0,0.0,0.0
r105C5,2,3,depot,1,grasp,0.00036670000008598436,188.75979500686302,88.75979500686302,0.0,1.0,0.0,0.0
r105C5,2,3,depot,1,mp_eavns,0.006190500000229804,188.75979500686302,88.75979500686302,0.0,1.0,0.0,0.0
r105C5,2,3,phased,2,edd,4.300000000512227e-06,188.75979500686302,88.75979500686302,0.0,1.0,0.0,0.0
r105C5,2,3,phased,2,sweep,4.100000296602957e-06,1024.819294223166,91.87241294404231,83.29468812791237,1.0,0.0,0.0
r105C5,2,3,phased,2,nearest,1.1199999789823778e-05,1651.6515766883015,88.75979500686302,146.28917816814385,1.0,0.0,0.0
r105C5,2,3,phased,2,grasp,0.00038189999941096175,583.6758118190318,91.87241294404231,39.180339887498945,1.0,0.0,0.0
r105C5,2,3,phased,2,mp_eavns,0.00708420000046317,188.75979500686302,88.75979500686302,0.0,1.0,0.0,0.0
r105C5,2,3,all,3,edd,3.600000127335079e-06,188.75979500686302,88.75979500686302,0.0,1.0,0.0,0.0
r105C5,2,3,all,3,sweep,3.6999999792897142e-06,1024.819294223166,91.87241294404231,83.29468812791237,1.0,0.0,0.0
r105C5,2,3,all,3,nearest,1.1199999789823778e-05,1651.6515766883015,88.75979500686302,146.28917816814385,1.0,0.0,0.0
r105C5,2,3,all,3,grasp,0.00037229999998089625,188.75979500686302,88.75979500686302,0.0,1.0,0.0,0.0
r105C5,2,3,all,3,mp_eavns,0.006379300000844523,188.75979500686302,88.75979500686302,0.0,1.0,0.0,0.0
r105C5,3,4,depot,1,edd,5.700000656361226e-06,301.4089056475365,101.40890564753653,0.0,2.0,0.0,0.0
r105C5,3,4,depot,1,sweep,4.900000021734741e-06,1137.4684048638396,104.52152358471582,83.29468812791237,2.0,0.0,0.0
r105C5,3,4,depot,1,nearest,1.5300000086426735e-05,1983.4166576802102,119.30269624345462,166.41139614367555,2.0,0.0,0.0
r105C5,3,4,depot,1,grasp,0.0004050999996252358,703.0856131067816,123.80062917532202,37.92849839314596,2.0,0.0,0.0
r105C5,3,4,depot,1,mp_eavns,0.009441399999559508,301.4089056475365,101.40890564753653,0.0,2.0,0.0,0.0
r105C5,3,4,phased,3,edd,5.2999994295532815e-06,301.4089056475365,101.40890564753653,0.0,2.0,0.0,0.0
r105C5,3,4,phased,3,sweep,5.599999894911889e-06,1137.4684048638396,104.52152358471582,83.29468812791237,2.0,0.0,0.0
r105C5,3,4,phased,3,nearest,1.4000000192027073e-05,1983.4166576802102,119.30269624345462,166.41139614367555,2.0,0.0,0.0
r105C5,3,4,phased,3,grasp,0.00041959999998653075,319.3026962434546,119.3026962434546,0.0,2.0,0.0,0.0
r105C5,3,4,phased,3,mp_eavns,0.00983150000047317,301.4089056475365,101.40890564753653,0.0,2.0,0.0,0.0
r105C5,3,4,all,3,edd,6.50000038149301e-06,301.4089056475365,101.40890564753653,0.0,2.0,0.0,0.0
r105C5,3,4,all,3,sweep,5.599999894911889e-06,1137.4684048638396,104.52152358471582,83.29468812791237,2.0,0.0,0.0
r105C5,3,4,all,3,nearest,1.5300000086426735e-05,1983.4166576802102,119.30269624345462,166.41139614367555,2.0,0.0,0.0
r105C5,3,4,all,3,grasp,0.0003675999996630708,703.0856131067816,123.80062917532202,37.92849839314596,2.0,0.0,0.0
r105C5,3,4,all,3,mp_eavns,0.010082200000397279,301.4089056475365,101.40890564753653,0.0,2.0,0.0,0.0
r105C5,4,5,depot,1,edd,4.800000169780105e-06,505.9826752392337,163.53780391557282,14.244487132366089,2.0,1.0,0.0
r105C5,4,5,depot,1,sweep,4.200000148557592e-06,1437.208298677521,154.2614173983972,108.29468812791237,2.0,0.0,0.0
r105C5,4,5,depot,1,nearest,1.7600000319362152e-05,1003029.567203628,181.367367846614,264.8199835781354,2.0,0.0,1.0
r105C5,4,5,depot,1,grasp,0.0013171000000511413,505.9826752392337,163.53780391557282,14.244487132366089,2.0,1.0,0.0
r105C5,4,5,depot,1,mp_eavns,0.019501300000229094,351.1487994612179,151.14879946121792,0.0,2.0,0.0,0.0
r105C5,4,5,phased,3,edd,7.600000571983401e-06,505.9826752392337,163.53780391557282,14.244487132366089,2.0,1.0,0.0
r105C5,4,5,phased,3,sweep,7.900000127847306e-06,1437.208298677521,154.2614173983972,108.29468812791237,2.0,0.0,0.0
r105C5,4,5,phased,3,nearest,1.8900000213761814e-05,1003029.567203628,181.367367846614,264.8199835781354,2.0,0.0,1.0
r105C5,4,5,phased,3,grasp,0.0016445999999632477,505.9826752392337,163.53780391557282,14.244487132366089,2.0,1.0,0.0
r105C5,4,5,phased,3,mp_eavns,0.022053499999856285,351.1487994612179,151.14879946121792,0.0,2.0,0.0,0.0
r105C5,4,5,all,3,edd,7.100000402715523e-06,505.9826752392337,163.53780391557282,14.244487132366089,2.0,1.0,0.0
r105C5,4,5,all,3,sweep,6.999999641266186e-06,1437.208298677521,154.2614173983972,108.29468812791237,2.0,0.0,0.0
r105C5,4,5,all,3,nearest,3.0499999411404133e-05,1003029.567203628,181.367367846614,264.8199835781354,2.0,0.0,1.0
r105C5,4,5,all,3,grasp,0.0015214000004561967,505.9826752392337,163.53780391557282,14.244487132366089,2.0,1.0,0.0
r105C5,4,5,all,3,mp_eavns,0.011913100000128907,351.1487994612179,151.14879946121792,0.0,2.0,0.0,0.0
r201C10,1,3,depot,1,edd,3.7999998312443495e-06,287.2206928993535,87.2206928993535,0.0,2.0,0.0,0.0
r201C10,1,3,depot,1,sweep,2.3000002329354174e-06,299.9800805169304,99.98008051693041,0.0,2.0,0.0,0.0
r201C10,1,3,depot,1,nearest,8.89999955688836e-06,4327.202865748236,96.78691996031296,403.04159457879234,2.0,0.0,0.0
r201C10,1,3,depot,1,grasp,0.00016620000042166794,287.2206928993535,87.2206928993535,0.0,2.0,0.0,0.0
r201C10,1,3,depot,1,mp_eavns,0.0038857999998072046,287.2206928993535,87.2206928993535,0.0,2.0,0.0,0.0
r201C10,1,3,phased,2,edd,1.0800000382005237e-05,287.2206928993535,87.2206928993535,0.0,2.0,0.0,0.0
r201C10,1,3,phased,2,sweep,1.1399999493733048e-05,299.9800805169304,99.98008051693041,0.0,2.0,0.0,0.0
r201C10,1,3,phased,2,nearest,2.2199999875738285e-05,4327.202865748236,96.78691996031296,403.04159457879234,2.0,0.0,0.0
r201C10,1,3,phased,2,grasp,0.0005571000001509674,287.2206928993535,87.2206928993535,0.0,2.0,0.0,0.0
r201C10,1,3,phased,2,mp_eavns,0.004001199999947858,287.2206928993535,87.2206928993535,0.0,2.0,0.0,0.0
r201C10,1,3,all,4,edd,4.399999852466863e-06,287.2206928993535,87.2206928993535,0.0,2.0,0.0,0.0
r201C10,1,3,all,4,sweep,4.100000296602957e-06,299.9800805169304,99.98008051693041,0.0,2.0,0.0,0.0
r201C10,1,3,all,4,nearest,9.60000033956021e-06,4327.202865748236,96.78691996031296,403.04159457879234,2.0,0.0,0.0
r201C10,1,3,all,4,grasp,0.00016979999963950831,287.2206928993535,87.2206928993535,0.0,2.0,0.0,0.0
r201C10,1,3,all,4,mp_eavns,0.0030518000003212364,287.2206928993535,87.2206928993535,0.0,2.0,0.0,0.0
r201C10,2,5,depot,1,edd,2.9000002541579306e-06,1000352.8354706655,152.83547066548175,0.0,2.0,0.0,1.0
r201C10,2,5,depot,1,sweep,2.999999196617864e-06,440.1286493590028,140.12864935900282,0.0,3.0,0.0,0.0
r201C10,2,5,depot,1,nearest,1.0100000508828089e-05,1405.032002799794,139.7902558371937,106.52417469626005,2.0,0.0,0.0
r201C10,2,5,depot,1,grasp,0.0002542000001994893,327.03086821961676,127.03086821961678,0.0,2.0,0.0,0.0
r201C10,2,5,depot,1,mp_eavns,0.006399300000339281,327.03086821961676,127.03086821961678,0.0,2.0,0.0,0.0
r201C10,2,5,phased,3,edd,4.100000296602957e-06,1000352.8354706655,152.83547066548175,0.0,2.0,0.0,1.0
r201C10,2,5,phased,3,sweep,3.6999999792897142e-06,440.1286493590028,140.12864935900282,0.0,3.0,0.0,0.0
r201C10,2,5,phased,3,nearest,1.0200000360782724e-05,1405.032002799794,139.7902558371937,106.52417469626005,2.0,0.0,0.0
r201C10,2,5,phased,3,grasp,0.00026230000003124587,327.03086821961676,127.03086821961678,0.0,2.0,0.0,0.0
r201C10,2,5,phased,3,mp_eavns,0.010943700000098033,327.03086821961676,127.03086821961678,0.0,2.0,0.0,0.0
r201C10,2,5,all,4,edd,6.300000677583739e-06,1000352.8354706655,152.83547066548175,0.0,2.0,0.0,1.0
r201C10,2,5,all,4,sweep,7.300000106624793e-06,440.1286493590028,140.12864935900282,0.0,3.0,0.0,0.0
r201C10,2,5,all,4,nearest,1.809999957913533e-05,1405.032002799794,139.7902558371937,106.52417469626005,2.0,0.0,0.0
r201C10,2,5,all,4,grasp,0.0004873000007137307,327.03086821961676,127.03086821961678,0.0,2.0,0.0,0.0
r201C10,2,5,all,4,mp_eavns,0.009379699999954028,327.03086821961676,127.03086821961678,0.0,2.0,0.0,0.0
r201C10,3,8,depot,1,edd,4.999999873689376e-06,685.2555300336307,285.2555300336307,0.0,4.0,0.0,0.0
r201C10,3,8,depot,1,sweep,3.6999999792897142e-06,2153.5662458530574,239.40216720306992,151.41640786499875,4.0,0.0,0.0
r201C10,3,8,depot,1,nearest,1.8599999748403206e-05,1008733.5923987301,252.14780856677686,818.1444590163314,3.0,0.0,1.0
r201C10,3,8,depot,1,grasp,0.0005836999998791725,1598.3829859258308,233.1412389632302,106.52417469626005,3.0,0.0,0.0
r201C10,3,8,depot,1,mp_eavns,0.01890919999914331,512.9996145464204,212.99961454642033,0.0,3.0,0.0,0.0
r201C10,3,8,phased,4,edd,9.800000043469481e-06,685.2555300336307,285.2555300336307,0.0,4.0,0.0,0.0
r201C10,3,8,phased,4,sweep,1.0299999303242657e-05,2153.5662458530574,239.40216720306992,151.41640786499875,4.0,0.0,0.0
r201C10,3,8,phased,4,nearest,2.9599999834317714e-05,8737.384545028666,255.93995486535124,818.1444590163314,3.0,1.0,0.0
r201C10,3,8,phased,4,grasp,0.0011499000002004323,1591.0007491265976,225.75900216399722,106.52417469626005,3.0,0.0,0.0
r201C10,3,8,phased,4,mp_eavns,0.026750500000161992,512.9996145464204,212.99961454642033,0.0,3.0,0.0,0.0
r201C10,3,8,all,4,edd,7.900000127847306e-06,685.2555300336307,285.2555300336307,0.0,4.0,0.0,0.0
r201C10,3,8,all,4,sweep,7.300000106624793e-06,2153.5662458530574,239.40216720306992,151.41640786499875,4.0,0.0,0.0
r201C10,3,8,all,4,nearest,2.4500000108673703e-05,8737.384545028666,255.93995486535124,818.1444590163314,3.0,1.0,0.0
r201C10,3,8,all,4,grasp,0.001426799999535433,1613.4150515064464,279.4607394346024,103.3954312071844,3.0,2.0,0.0
r201C10,3,8,all,4,mp_eavns,0.01829859999998007,512.9996145464204,212.99961454642033,0.0,3.0,0.0,0.0
r201C10,4,10,depot,1,edd,5.300000339047983e-06,1000846.9175053411,346.91750534110406,0.0,5.0,0.0,1.0
r201C10,4,10,depot,1,sweep,4.200000148557592e-06,2286.117520847887,271.9534421978997,151.41640786499875,5.0,0.0,0.0
r201C10,4,10,depot,1,nearest,2.210000002378365e-05,1008883.1468568236,301.70226666029146,818.1444590163314,4.0,0.0,1.0
r201C10,4,10,depot,1,grasp,0.000669999999445281,2079.3571574144817,280.17791080510096,139.91792466093807,4.0,0.0,0.0
r201C10,4,10,depot,1,mp_eavns,0.02875289999974484,659.4731061803694,259.4731061803694,0.0,4.0,0.0,0.0
r201C10,4,10,phased,4,edd,1.0000000656873453e-05,850.7096516396784,350.70965163967844,0.0,5.0,1.0,0.0
r201C10,4,10,phased,4,sweep,1.0200000360782724e-05,2286.117520847887,271.9534421978997,151.41640786499875,5.0,0.0,0.0
r201C10,4,10,phased,4,nearest,3.550000019458821e-05,8886.939003122181,305.49441295886584,818.1444590163314,4.0,1.0,0.0
r201C10,4,10,phased,4,grasp,0.0012686000000030617,1418.2728917581665,380.5263817286425,53.774651002952396,5.0,1.0,0.0
r201C10,4,10,phased,4,mp_eavns,0.034119799999643874,659.4731061803694,259.4731061803694,0.0,4.0,0.0,0.0
r201C10,4,10,all,4,edd,9.800000043469481e-06,850.7096516396784,350.70965163967844,0.0,5.0,1.0,0.0
r201C10,4,10,all,4,sweep,1.0400000064691994e-05,2286.117520847887,271.9534421978997,151.41640786499875,5.0,0.0,0.0
r201C10,4,10,all,4,nearest,3.5600000046542846e-05,8886.939003122181,305.49441295886584,818.1444590163314,4.0,1.0,0.0
r201C10,4,10,all,4,grasp,0.0015024000003904803,2103.70664357562,338.5743957227866,136.51322478528334,4.0,1.0,0.0
r201C10,4,10,all,4,mp_eavns,0.0416229000002204,659.4731061803694,259.4731061803694,0.0,4.0,0.0,0.0
r202C15,1,4,depot,1,edd,4.900000021734741e-06,498.3316821025598,198.3316821025598,0.0,3.0,0.0,0.0
r202C15,1,4,depot,1,sweep,3.1999998100218363e-06,482.1671510046019,182.16715100460195,0.0,3.0,0.0,0.0
r202C15,1,4,depot,1,nearest,1.2299999980314169e-05,1995.3302478307642,134.83149161955498,166.04987562112092,2.0,0.0,0.0
r202C15,1,4,depot,1,grasp,0.0002341999997952371,334.49410329676175,134.49410329676178,0.0,2.0,0.0,0.0
r202C15,1,4,depot,1,mp_eavns,0.004047000000355183,334.49410329676175,134.49410329676178,0.0,2.0,0.0,0.0
r202C15,1,4,phased,3,edd,2.9000002541579306e-06,498.3316821025598,198.3316821025598,0.0,3.0,0.0,0.0
r202C15,1,4,phased,3,sweep,3.3000005714711733e-06,482.1671510046019,182.16715100460195,0.0,3.0,0.0,0.0
r202C15,1,4,phased,3,nearest,7.800000275892671e-06,1995.3302478307642,134.83149161955498,166.04987562112092,2.0,0.0,0.0
r202C15,1,4,phased,3,grasp,0.00024120000034599798,334.49410329676175,134.49410329676178,0.0,2.0,0.0,0.0
r202C15,1,4,phased,3,mp_eavns,0.004384399999253219,334.49410329676175,134.49410329676178,0.0,2.0,0.0,0.0
r202C15,1,4,all,6,edd,3.000000106112566e-06,498.3316821025598,198.3316821025598,0.0,3.0,0.0,0.0
r202C15,1,4,all,6,sweep,2.9000002541579306e-06,482.1671510046019,182.16715100460195,0.0,3.0,0.0,0.0
r202C15,1,4,all,6,nearest,7.999999979801942e-06,1995.3302478307642,134.83149161955498,166.04987562112092,2.0,0.0,0.0
r202C15,1,4,all,6,grasp,0.0002854000003935653,334.49410329676175,134.49410329676178,0.0,2.0,0.0,0.0
r202C15,1,4,all,6,mp_eavns,0.004304500000216649,334.49410329676175,134.49410329676178,0.0,2.0,0.0,0.0
r202C15,2,8,depot,1,edd,3.7999998312443495e-06,721.4561280723842,321.4561280723842,0.0,4.0,0.0,0.0
r202C15,2,8,depot,1,sweep,3.7999998312443495e-06,795.4797180461169,295.47971804611683,0.0,5.0,0.0,0.0
r202C15,2,8,depot,1,nearest,1.759999940986745e-05,7222.739629155819,294.28034627554763,652.8459282880272,4.0,0.0,0.0
r202C15,2,8,depot,1,grasp,0.00083710000035353,717.2969600454043,317.29696004540426,0.0,4.0,0.0,0.0
r202C15,2,8,depot,1,mp_eavns,0.03832870000042021,647.2146543010588,247.21465430105877,0.0,4.0,0.0,0.0
r202C15,2,8,phased,4,edd,5.899999450775795e-06,721.4561280723842,321.4561280723842,0.0,4.0,0.0,0.0
r202C15,2,8,phased,4,sweep,5.800000508315861e-06,795.4797180461169,295.47971804611683,0.0,5.0,0.0,0.0
r202C15,2,8,phased,4,nearest,1.809999957913533e-05,7222.739629155819,294.28034627554763,652.8459282880272,4.0,0.0,0.0
r202C15,2,8,phased,4,grasp,0.0007705999996687751,672.46436203862,272.4643620386201,0.0,4.0,0.0,0.0
r202C15,2,8,phased,4,mp_eavns,0.02700710000044637,647.2146543010588,247.21465430105877,0.0,4.0,0.0,0.0
r202C15,2,8,all,6,edd,4.699999408330768e-06,721.4561280723842,321.4561280723842,0.0,4.0,0.0,0.0
r202C15,2,8,all,6,sweep,4.999999873689376e-06,795.4797180461169,295.47971804611683,0.0,5.0,0.0,0.0
r202C15,2,8,all,6,nearest,1.720000000204891e-05,7222.739629155819,294.28034627554763,652.8459282880272,4.0,0.0,0.0
r202C15,2,8,all,6,grasp,0.0006819000000177766,680.650321406237,280.65032140623697,0.0,4.0,0.0,0.0
r202C15,2,8,all,6,mp_eavns,0.025922800000444113,647.2146543010588,247.21465430105877,0.0,4.0,0.0,0.0
r202C15,3,12,depot,1,edd,5.500000042957254e-06,2001007.4432850333,507.44328503325795,0.0,5.0,1.0,2.0
r202C15,3,12,depot,1,sweep,4.699999408330768e-06,1151.293553857202,451.2935538572018,0.0,7.0,0.0,0.0
r202C15,3,12,depot,1,nearest,2.6199999410891905e-05,2004779.712629652,456.07213976286533,382.36404898889384,5.0,0.0,2.0
r202C15,3,12,depot,1,grasp,0.0015113999997993233,3093.0156885810475,512.7381248078475,208.02775637731997,5.0,2.0,0.0
r202C15,3,12,depot,1,mp_eavns,0.0992034999999305,1003.0284901121437,403.0284901121437,0.0,6.0,0.0,0.0
r202C15,3,12,phased,5,edd,1.2599999536178075e-05,1001020.2815679375,520.2815679374895,0.0,5.0,2.0,1.0
r202C15,3,12,phased,5,sweep,1.2200000128359534e-05,1151.293553857202,451.2935538572018,0.0,7.0,0.0,0.0
r202C15,3,12,phased,5,nearest,4.960000023856992e-05,2004779.712629652,456.07213976286533,382.36404898889384,5.0,0.0,2.0
r202C15,3,12,phased,5,grasp,0.004173399999672256,975.515600372373,475.51560037237294,0.0,5.0,2.0,0.0
r202C15,3,12,phased,5,mp_eavns,0.1268058999994537,950.8635437227189,450.8635437227189,0.0,5.0,2.0,0.0
r202C15,3,12,all,6,edd,1.1799999811046291e-05,1001020.2815679375,520.2815679374895,0.0,5.0,2.0,1.0
r202C15,3,12,all,6,sweep,1.1799999811046291e-05,1151.293553857202,451.2935538572018,0.0,7.0,0.0,0.0
r202C15,3,12,all,6,nearest,4.669999998441199e-05,2004779.712629652,456.07213976286533,382.36404898889384,5.0,0.0,2.0
r202C15,3,12,all,6,grasp,0.0031820999993215082,1043.2453576915545,543.2453576915544,0.0,5.0,2.0,0.0
r202C15,3,12,all,6,mp_eavns,0.1350337000003492,1003.0284901121437,403.0284901121437,0.0,6.0,0.0,0.0
r202C15,4,15,depot,1,edd,9.299999874201603e-06,4001430.4282687646,730.4282687645087,0.0,7.0,1.0,4.0
r202C15,4,15,depot,1,sweep,9.000000318337698e-06,3884.997806740409,557.9508076332128,252.70469991071963,8.0,0.0,0.0
r202C15,4,15,depot,1,nearest,5.63000003239722e-05,4011889.7843695153,575.9744888447204,1071.380988067059,6.0,0.0,4.0
r202C15,4,15,depot,1,grasp,0.0069152000005487935,9795.384586740129,678.7403811150939,841.6644205625034,7.0,2.0,0.0
r202C15,4,15,depot,1,mp_eavns,0.15875300000061543,1156.6708185581401,556.6708185581401,0.0,6.0,1.0,0.0
r202C15,4,15,phased,6,edd,1.340000017080456e-05,1001420.9325745752,720.9325745752329,0.0,7.0,3.0,1.0
r202C15,4,15,phased,6,sweep,1.2999999853491317e-05,3884.997806740409,557.9508076332128,252.70469991071963,8.0,0.0,0.0
r202C15,4,15,phased,6,nearest,7.379999988188501e-05,3011889.823514977,576.0136343064775,1071.380988067059,6.0,1.0,3.0
r202C15,4,15,phased,6,grasp,0.01533700000072713,1286.297157221991,686.297157221991,0.0,6.0,4.0,0.0
r202C15,4,15,phased,6,mp_eavns,0.17859260000022914,1146.3423820581052,546.3423820581052,0.0,6.0,2.0,0.0
r202C15,4,15,all,6,edd,7.499999810534064e-06,1001420.9325745752,720.9325745752329,0.0,7.0,3.0,1.0
r202C15,4,15,all,6,sweep,8.700000762473792e-06,3884.997806740409,557.9508076332128,252.70469991071963,8.0,0.0,0.0
r202C15,4,15,all,6,nearest,3.5799999750452116e-05,3011889.823514977,576.0136343064775,1071.380988067059,6.0,1.0,3.0
r202C15,4,15,all,6,grasp,0.009220700000696525,1260.1426890241753,660.1426890241753,0.0,6.0,4.0,0.0
r202C15,4,15,all,6,mp_eavns,0.1585112000002482,1110.3243459697246,510.32434596972456,0.0,6.0,0.0,0.0
r202C5,1,2,depot,1,edd,3.6999999792897142e-06,169.65477246440747,69.65477246440747,0.0,1.0,0.0,0.0
r202C5,1,2,depot,1,sweep,1.99999976757681e-06,169.65477246440747,69.65477246440747,0.0,1.0,0.0,0.0
r202C5,1,2,depot,1,nearest,7.300000106624793e-06,169.65477246440747,69.65477246440747,0.0,1.0,0.0,0.0
r202C5,1,2,depot,1,grasp,0.00011129999984405003,169.65477246440747,69.65477246440747,0.0,1.0,0.0,0.0
r202C5,1,2,depot,1,mp_eavns,0.0012422999998307205,169.65477246440747,69.65477246440747,0.0,1.0,0.0,0.0
r202C5,1,2,phased,2,edd,1.8999999156221747e-06,169.65477246440747,69.65477246440747,0.0,1.0,0.0,0.0
r202C5,1,2,phased,2,sweep,1.4000006558489986e-06,169.65477246440747,69.65477246440747,0.0,1.0,0.0,0.0
r202C5,1,2,phased,2,nearest,3.3999995139311068e-06,169.65477246440747,69.65477246440747,0.0,1.0,0.0,0.0
r202C5,1,2,phased,2,grasp,0.00010170000041398453,169.65477246440747,69.65477246440747,0.0,1.0,0.0,0.0
r202C5,1,2,phased,2,mp_eavns,0.001365599999189726,169.65477246440747,69.65477246440747,0.0,1.0,0.0,0.0
r202C5,1,2,all,3,edd,1.8999999156221747e-06,169.65477246440747,69.65477246440747,0.0,1.0,0.0,0.0
r202C5,1,2,all,3,sweep,1.8999999156221747e-06,169.65477246440747,69.65477246440747,0.0,1.0,0.0,0.0
r202C5,1,2,all,3,nearest,4.399999852466863e-06,169.65477246440747,69.65477246440747,0.0,1.0,0.0,0.0
r202C5,1,2,all,3,grasp,0.00011270000049989903,169.65477246440747,69.65477246440747,0.0,1.0,0.0,0.0
r202C5,1,2,all,3,mp_eavns,0.002480699999978242,169.65477246440747,69.65477246440747,0.0,1.0,0.0,0.0
r202C5,2,3,depot,1,edd,5.200000487093348e-06,1000205.9850521095,105.98505210951791,0.0,1.0,0.0,1.0
r202C5,2,3,depot,1,sweep,3.600000127335079e-06,198.20846221096764,98.20846221096764,0.0,1.0,0.0,0.0
r202C5,2,3,depot,1,nearest,1.3199999557400588e-05,1000205.9850521095,105.98505210951791,0.0,1.0,0.0,1.0
r202C5,2,3,depot,1,grasp,0.0003219999998691492,198.20846221096764,98.20846221096764,0.0,1.0,0.0,0.0
r202C5,2,3,depot,1,mp_eavns,0.004823399999622779,198.20846221096764,98.20846221096764,0.0,1.0,0.0,0.0
r202C5,2,3,phased,2,edd,8.69999985297909e-06,206.11288982596406,106.11288982596406,0.0,1.0,1.0,0.0
r202C5,2,3,phased,2,sweep,4.000000444648322e-06,198.20846221096764,98.20846221096764,0.0,1.0,0.0,0.0
r202C5,2,3,phased,2,nearest,9.699999282020144e-06,1000205.9850521095,105.98505210951791,0.0,1.0,0.0,1.0
r202C5,2,3,phased,2,grasp,0.00020039999981236178,198.20846221096764,98.20846221096764,0.0,1.0,0.0,0.0
r202C5,2,3,phased,2,mp_eavns,0.0033959000002141693,198.20846221096764,98.20846221096764,0.0,1.0,0.0,0.0
r202C5,2,3,all,3,edd,6.400000529538374e-06,206.11288982596406,106.11288982596406,0.0,1.0,1.0,0.0
r202C5,2,3,all,3,sweep,6.70000008540228e-06,198.20846221096764,98.20846221096764,0.0,1.0,0.0,0.0
r202C5,2,3,all,3,nearest,1.3900000340072438e-05,215.53914464571415,115.53914464571413,0.0,1.0,1.0,0.0
r202C5,2,3,all,3,grasp,0.0003577999996196013,198.20846221096764,98.20846221096764,0.0,1.0,0.0,0.0
r202C5,2,3,all,3,mp_eavns,0.005120599999827391,198.20846221096764,98.20846221096764,0.0,1.0,0.0,0.0
r202C5,3,4,depot,1,edd,4.099999387108255e-06,2000230.8691960308,130.86919603074455,0.0,1.0,0.0,2.0
r202C5,3,4,depot,1,sweep,2.4000000848900527e-06,237.60389341815204,137.60389341815204,0.0,1.0,1.0,0.0
r202C5,3,4,depot,1,nearest,9.300000783696305e-06,1000223.0926061322,123.09260613219428,0.0,1.0,0.0,1.0
r202C5,3,4,depot,1,grasp,0.0006123000002844492,237.60389341815204,137.60389341815204,0.0,1.0,1.0,0.0
r202C5,3,4,depot,1,mp_eavns,0.012238100000104168,237.60389341815204,137.60389341815204,0.0,1.0,1.0,0.0
r202C5,3,4,phased,3,edd,8.299999535665847e-06,2000230.8691960308,130.86919603074455,0.0,1.0,0.0,2.0
r202C5,3,4,phased,3,sweep,8.50000014906982e-06,237.60389341815204,137.60389341815204,0.0,1.0,1.0,0.0
r202C5,3,4,phased,3,nearest,1.7300000763498247e-05,1000223.0926061322,123.09260613219428,0.0,1.0,0.0,1.0
r202C5,3,4,phased,3,grasp,0.00145899999915855,237.60389341815204,137.60389341815204,0.0,1.0,1.0,0.0
r202C5,3,4,phased,3,mp_eavns,0.021150999999917985,237.60389341815204,137.60389341815204,0.0,1.0,1.0,0.0
r202C5,3,4,all,3,edd,6.600000233447645e-06,2000230.8691960308,130.86919603074455,0.0,1.0,0.0,2.0
r202C5,3,4,all,3,sweep,6.000000212225132e-06,237.60389341815204,137.60389341815204,0.0,1.0,1.0,0.0
r202C5,3,4,all,3,nearest,1.8200000340584666e-05,1000223.0926061322,123.09260613219428,0.0,1.0,0.0,1.0
r202C5,3,4,all,3,grasp,0.0013656000000992208,237.60389341815204,137.60389341815204,0.0,1.0,1.0,0.0
r202C5,3,4,all,3,mp_eavns,0.012030799999593,237.60389341815204,137.60389341815204,0.0,1.0,1.0,0.0
r202C5,4,5,depot,1,edd,4.499999704421498e-06,342.9086585207933,142.90865852079332,0.0,2.0,0.0,0.0
r202C5,4,5,depot,1,sweep,2.999999196617864e-06,369.2266700198358,169.2266700198358,0.0,2.0,1.0,0.0
r202C5,4,5,depot,1,nearest,1.269999938813271e-05,1002634.5312342703,141.0292254448228,229.35020088255231,2.0,0.0,1.0
r202C5,4,5,depot,1,grasp,0.0006877000005260925,388.31464244364565,188.31464244364562,0.0,2.0,1.0,0.0
r202C5,4,5,depot,1,mp_eavns,0.01708050000070216,342.9086585207933,142.90865852079332,0.0,2.0,0.0,0.0
r202C5,4,5,phased,3,edd,7.700000423938036e-06,342.9086585207933,142.90865852079332,0.0,2.0,0.0,0.0
r202C5,4,5,phased,3,sweep,8.099999831756577e-06,369.2266700198358,169.2266700198358,0.0,2.0,1.0,0.0
r202C5,4,5,phased,3,nearest,1.9799999790848233e-05,2644.085326806542,150.583317981019,229.35020088255231,2.0,1.0,0.0
r202C5,4,5,phased,3,grasp,0.0015833000006750808,355.1747626703249,155.17476267032492,0.0,2.0,1.0,0.0
r202C5,4,5,phased,3,mp_eavns,0.01641710000058083,342.9086585207933,142.90865852079332,0.0,2.0,0.0,0.0
r202C5,4,5,all,3,edd,8.69999985297909e-06,342.9086585207933,142.90865852079332,0.0,2.0,0.0,0.0
r202C5,4,5,all,3,sweep,9.200000022246968e-06,369.2266700198358,169.2266700198358,0.0,2.0,1.0,0.0
r202C5,4,5,all,3,nearest,2.1500000002561137e-05,2644.085326806542,150.583317981019,229.35020088255231,2.0,1.0,0.0
r202C5,4,5,all,3,grasp,0.0015567999998893356,355.1747626703249,155.17476267032492,0.0,2.0,1.0,0.0
r202C5,4,5,all,3,mp_eavns,0.024314700000104494,342.9086585207933,142.90865852079332,0.0,2.0,0.0,0.0
r203C10,1,3,depot,1,edd,5.199999577598646e-06,161.0293407795794,61.0293407795794,0.0,1.0,0.0,0.0
r203C10,1,3,depot,1,sweep,4.099999387108255e-06,161.23520893549528,61.23520893549528,0.0,1.0,0.0,0.0
r203C10,1,3,depot,1,nearest,1.849999989644857e-05,161.23520893549528,61.23520893549528,0.0,1.0,0.0,0.0
r203C10,1,3,depot,1,grasp,0.0003012999995917198,161.0293407795794,61.0293407795794,0.0,1.0,0.0,0.0
r203C10,1,3,depot,1,mp_eavns,0.00490910000007716,161.0293407795794,61.0293407795794,0.0,1.0,0.0,0.0
r203C10,1,3,phased,2,edd,5.99999930273043e-06,161.0293407795794,61.0293407795794,0.0,1.0,0.0,0.0
r203C10,1,3,phased,2,sweep,6.799999937356915e-06,161.23520893549528,61.23520893549528,0.0,1.0,0.0,0.0
r203C10,1,3,phased,2,nearest,1.4500000361294951e-05,161.23520893549528,61.23520893549528,0.0,1.0,0.0,0.0
r203C10,1,3,phased,2,grasp,0.00032139999984792667,161.0293407795794,61.0293407795794,0.0,1.0,0.0,0.0
r203C10,1,3,phased,2,mp_eavns,0.005841500000315136,161.0293407795794,61.0293407795794,0.0,1.0,0.0,0.0
r203C10,1,3,all,5,edd,6.8999997893115506e-06,161.0293407795794,61.0293407795794,0.0,1.0,0.0,0.0
r203C10,1,3,all,5,sweep,6.199999916134402e-06,161.23520893549528,61.23520893549528,0.0,1.0,0.0,0.0
r203C10,1,3,all,5,nearest,1.4900000678608194e-05,161.23520893549528,61.23520893549528,0.0,1.0,0.0,0.0
r203C10,1,3,all,5,grasp,0.0003360999999131309,161.0293407795794,61.0293407795794,0.0,1.0,0.0,0.0
r203C10,1,3,all,5,mp_eavns,0.005292199999530567,161.0293407795794,61.0293407795794,0.0,1.0,0.0,0.0
r203C10,2,5,depot,1,edd,4.100000296602957e-06,313.3467431883445,113.34674318834446,0.0,2.0,0.0,0.0
r203C10,2,5,depot,1,sweep,2.6999996407539584e-06,319.2126363268431,119.21263632684308,0.0,2.0,0.0,0.0
r203C10,2,5,depot,1,nearest,1.3100000614940654e-05,311.9256923282338,111.9256923282338,0.0,2.0,0.0,0.0
r203C10,2,5,depot,1,grasp,0.0008365000003323075,311.9256923282338,111.9256923282338,0.0,2.0,0.0,0.0
r203C10,2,5,depot,1,mp_eavns,0.016779500000666303,311.9256923282338,111.9256923282338,0.0,2.0,0.0,0.0
r203C10,2,5,phased,3,edd,7.800000275892671e-06,313.3467431883445,113.34674318834446,0.0,2.0,0.0,0.0
r203C10,2,5,phased,3,sweep,8.099999831756577e-06,319.2126363268431,119.21263632684308,0.0,2.0,0.0,0.0
r203C10,2,5,phased,3,nearest,2.0899999981338624e-05,311.9256923282338,111.9256923282338,0.0,2.0,0.0,0.0
r203C10,2,5,phased,3,grasp,0.0011639000003924593,317.2810290732153,117.28102907321528,0.0,2.0,0.0,0.0
r203C10,2,5,phased,3,mp_eavns,0.01991849999922124,311.9256923282338,111.9256923282338,0.0,2.0,0.0,0.0
r203C10,2,5,all,5,edd,9.500000487605575e-06,313.3467431883445,113.34674318834446,0.0,2.0,0.0,0.0
r203C10,2,5,all,5,sweep,1.0400000064691994e-05,319.2126363268431,119.21263632684308,0.0,2.0,0.0,0.0
r203C10,2,5,all,5,nearest,2.5600000299164094e-05,311.9256923282338,111.9256923282338,0.0,2.0,0.0,0.0
r203C10,2,5,all,5,grasp,0.001360499999464082,311.9256923282338,111.9256923282338,0.0,2.0,0.0,0.0
r203C10,2,5,all,5,mp_eavns,0.020909300000312214,311.9256923282338,111.9256923282338,0.0,2.0,0.0,0.0
r203C10,3,8,depot,1,edd,8.999999408842996e-06,4000566.943206643,366.9432066433483,0.0,2.0,1.0,4.0
r203C10,3,8,depot,1,sweep,6.999999641266186e-06,1000411.9207009424,211.92070094244528,0.0,2.0,0.0,1.0
r203C10,3,8,depot,1,nearest,3.310000010969816e-05,1000404.6337569439,204.63375694383598,0.0,2.0,0.0,1.0
r203C10,3,8,depot,1,grasp,0.004425699999956123,422.18412619027674,222.18412619027671,0.0,2.0,1.0,0.0
r203C10,3,8,depot,1,mp_eavns,0.061330000000452856,420.7630753301661,220.76307533016606,0.0,2.0,1.0,0.0
r203C10,3,8,phased,4,edd,1.06999996205559e-05,586.5485031237725,386.54850312377255,0.0,2.0,3.0,0.0
r203C10,3,8,phased,4,sweep,1.500000053056283e-05,1000411.9207009424,211.92070094244528,0.0,2.0,0.0,1.0
r203C10,3,8,phased,4,nearest,3.699999979289714e-05,1000404.6337569439,204.63375694383598,0.0,2.0,0.0,1.0
r203C10,3,8,phased,4,grasp,0.004758699999911187,420.7630753301661,220.76307533016606,0.0,2.0,1.0,0.0
r203C10,3,8,phased,4,mp_eavns,0.06065820000003441,412.43904191197396,212.43904191197393,0.0,2.0,1.0,0.0
r203C10,3,8,all,5,edd,1.0200000360782724e-05,586.5485031237725,386.54850312377255,0.0,2.0,3.0,0.0
r203C10,3,8,all,5,sweep,1.0799999472510535e-05,1000411.9207009424,211.92070094244528,0.0,2.0,0.0,1.0
r203C10,3,8,all,5,nearest,3.240000023652101e-05,1000404.6337569439,204.63375694383598,0.0,2.0,0.0,1.0
r203C10,3,8,all,5,grasp,0.005193699999836099,420.7630753301661,220.76307533016606,0.0,2.0,1.0,0.0
r203C10,3,8,all,5,mp_eavns,0.07252760000028502,412.43904191197396,212.43904191197393,0.0,2.0,1.0,0.0
r203C10,4,10,depot,1,edd,1.0799999472510535e-05,5000705.568771981,405.56877198097624,0.0,3.0,0.0,5.0
r203C10,4,10,depot,1,sweep,8.300000445160549e-06,2000580.507201298,280.50720129793154,0.0,3.0,0.0,2.0
r203C10,4,10,depot,1,nearest,4.340000032243552e-05,3000591.374399873,291.3743998730526,0.0,3.0,0.0,3.0
r203C10,4,10,depot,1,grasp,0.005891499999961525,633.5093592596488,333.50935925964876,0.0,3.0,1.0,0.0
r203C10,4,10,depot,1,mp_eavns,0.0862769000004846,589.3495756856523,289.3495756856523,0.0,3.0,1.0,0.0
r203C10,4,10,phased,5,edd,6.50000038149301e-06,2000729.9965539835,429.99655398350524,0.0,3.0,2.0,2.0
r203C10,4,10,phased,5,sweep,1.1699999959091656e-05,2000580.507201298,280.50720129793154,0.0,3.0,0.0,2.0
r203C10,4,10,phased,5,nearest,2.7300000510876998e-05,591.5243086096463,291.52430860964625,0.0,3.0,1.0,0.0
r203C10,4,10,phased,5,grasp,0.005372900000111258,616.943424114545,316.94342411454505,0.0,3.0,1.0,0.0
r203C10,4,10,phased,5,mp_eavns,0.11726760000055947,582.9044234413471,282.90442344134715,0.0,3.0,1.0,0.0
r203C10,4,10,all,5,edd,1.0299999303242657e-05,2000729.9965539835,429.99655398350524,0.0,3.0,2.0,2.0
r203C10,4,10,all,5,sweep,9.899999895424116e-06,2000580.507201298,280.50720129793154,0.0,3.0,0.0,2.0
r203C10,4,10,all,5,nearest,4.0100000660459045e-05,591.5243086096463,291.52430860964625,0.0,3.0,1.0,0.0
r203C10,4,10,all,5,grasp,0.010599999999612919,615.3165050985185,315.3165050985185,0.0,3.0,1.0,0.0
r203C10,4,10,all,5,mp_eavns,0.12840280000000348,556.411674292745,256.41167429274503,0.0,3.0,1.0,0.0
r203C5,1,2,depot,1,edd,3.7999998312443495e-06,192.37139900655453,92.37139900655453,0.0,1.0,0.0,0.0
r203C5,1,2,depot,1,sweep,2.200000380980782e-06,192.37139900655453,92.37139900655453,0.0,1.0,0.0,0.0
r203C5,1,2,depot,1,nearest,8.199999683711212e-06,192.37139900655453,92.37139900655453,0.0,1.0,0.0,0.0
r203C5,1,2,depot,1,grasp,0.00011470000026747584,192.37139900655453,92.37139900655453,0.0,1.0,0.0,0.0
r203C5,1,2,depot,1,mp_eavns,0.0018528999999034568,192.37139900655453,92.37139900655453,0.0,1.0,0.0,0.0
r203C5,1,2,phased,2,edd,5.099999725644011e-06,192.37139900655453,92.37139900655453,0.0,1.0,0.0,0.0
r203C5,1,2,phased,2,sweep,4.300000000512227e-06,192.37139900655453,92.37139900655453,0.0,1.0,0.0,0.0
r203C5,1,2,phased,2,nearest,9.100000170292333e-06,192.37139900655453,92.37139900655453,0.0,1.0,0.0,0.0
r203C5,1,2,phased,2,grasp,0.00019840000004478497,192.37139900655453,92.37139900655453,0.0,1.0,0.0,0.0
r203C5,1,2,phased,2,mp_eavns,0.0023119999996197294,192.37139900655453,92.37139900655453,0.0,1.0,0.0,0.0
r203C5,1,2,all,4,edd,5.4000001910026185e-06,192.37139900655453,92.37139900655453,0.0,1.0,0.0,0.0
r203C5,1,2,all,4,sweep,2.0200000108161476e-05,192.37139900655453,92.37139900655453,0.0,1.0,0.0,0.0
r203C5,1,2,all,4,nearest,1.1800000720540993e-05,192.37139900655453,92.37139900655453,0.0,1.0,0.0,0.0
r203C5,1,2,all,4,grasp,0.00023460000011255033,192.37139900655453,92.37139900655453,0.0,1.0,0.0,0.0
r203C5,1,2,all,4,mp_eavns,0.002635299999383278,192.37139900655453,92.37139900655453,0.0,1.0,0.0,0.0
r203C5,2,3,depot,1,edd,4.800000169780105e-06,218.7439989429277,118.7439989429277,0.0,1.0,1.0,0.0
r203C5,2,3,depot,1,sweep,4.499999704421498e-06,1000213.5046835796,113.50468357954102,0.0,1.0,0.0,1.0
r203C5,2,3,depot,1,nearest,1.1099999937869143e-05,1000218.742460006,118.74246000600976,0.0,1.0,0.0,1.0
r203C5,2,3,depot,1,grasp,0.00035659999957715627,218.7439989429277,118.7439989429277,0.0,1.0,1.0,0.0
r203C5,2,3,depot,1,mp_eavns,0.006117199999607692,218.7439989429277,118.7439989429277,0.0,1.0,1.0,0.0
r203C5,2,3,phased,3,edd,5.800000508315861e-06,218.7439989429277,118.7439989429277,0.0,1.0,1.0,0.0
r203C5,2,3,phased,3,sweep,5.399999281507917e-06,1000213.5046835796,113.50468357954102,0.0,1.0,0.0,1.0
r203C5,2,3,phased,3,nearest,1.1099999937869143e-05,1000218.742460006,118.74246000600976,0.0,1.0,0.0,1.0
r203C5,2,3,phased,3,grasp,0.00036290000025474,218.7439989429277,118.7439989429277,0.0,1.0,1.0,0.0
r203C5,2,3,phased,3,mp_eavns,0.006831599999713944,218.7439989429277,118.7439989429277,0.0,1.0,1.0,0.0
r203C5,2,3,all,4,edd,4.70000031782547e-06,218.7439989429277,118.7439989429277,0.0,1.0,1.0,0.0
r203C5,2,3,all,4,sweep,4.900000021734741e-06,1000213.5046835796,113.50468357954102,0.0,1.0,0.0,1.0
r203C5,2,3,all,4,nearest,1.160000010713702e-05,1000218.742460006,118.74246000600976,0.0,1.0,0.0,1.0
r203C5,2,3,all,4,grasp,0.00037369999972725054,218.7439989429277,118.7439989429277,0.0,1.0,1.0,0.0
r203C5,2,3,all,4,mp_eavns,0.007153700000344543,218.7439989429277,118.7439989429277,0.0,1.0,1.0,0.0
r203C5,3,4,depot,1,edd,5.399999281507917e-06,1000332.1233964862,132.12339648610242,0.0,2.0,0.0,1.0
r203C5,3,4,depot,1,sweep,1.9300000531075057e-05,1000347.4458090765,147.4458090764953,0.0,2.0,0.0,1.0
r203C5,3,4,depot,1,nearest,1.700000029813964e-05,349.96573833411384,149.96573833411384,0.0,2.0,0.0,0.0
r203C5,3,4,depot,1,grasp,0.00045899999986431794,349.96573833411384,149.96573833411384,0.0,2.0,0.0,0.0
r203C5,3,4,depot,1,mp_eavns,0.008744199999455304,320.21057263416446,120.21057263416445,0.0,2.0,0.0,0.0
r203C5,3,4,phased,4,edd,9.200000022246968e-06,348.6768203256437,148.6768203256437,0.0,2.0,1.0,0.0
r203C5,3,4,phased,4,sweep,9.100000170292333e-06,1000347.4458090765,147.4458090764953,0.0,2.0,0.0,1.0
r203C5,3,4,phased,4,nearest,1.8599999748403206e-05,349.96573833411384,149.96573833411384,0.0,2.0,0.0,0.0
r203C5,3,4,phased,4,grasp,0.0004997000005459995,350.18347848098256,150.18347848098256,0.0,2.0,0.0,0.0
r203C5,3,4,phased,4,mp_eavns,0.01304450000043289,320.21057263416446,120.21057263416445,0.0,2.0,0.0,0.0
r203C5,3,4,all,4,edd,8.400000297115184e-06,348.6768203256437,148.6768203256437,0.0,2.0,1.0,0.0
r203C5,3,4,all,4,sweep,7.199999345175456e-06,1000347.4458090765,147.4458090764953,0.0,2.0,0.0,1.0
r203C5,3,4,all,4,nearest,1.6999999388644937e-05,349.96573833411384,149.96573833411384,0.0,2.0,0.0,0.0
r203C5,3,4,all,4,grasp,0.0004696000005424139,349.96573833411384,149.96573833411384,0.0,2.0,0.0,0.0
r203C5,3,4,all,4,mp_eavns,0.009967699999833712,320.21057263416446,120.21057263416445,0.0,2.0,0.0,0.0
r203C5,4,5,depot,1,edd,1.810000048863003e-05,452.4599399008572,252.45993990085717,0.0,2.0,1.0,0.0
r203C5,4,5,depot,1,sweep,9.999999747378752e-06,2000420.4721828261,220.47218282611985,0.0,2.0,0.0,2.0
r203C5,4,5,depot,1,nearest,1.7800000023271423e-05,437.82926888006904,237.82926888006904,0.0,2.0,1.0,0.0
r203C5,4,5,depot,1,grasp,0.00046010000005480833,437.829268880069,237.829268880069,0.0,2.0,1.0,0.0
r203C5,4,5,depot,1,mp_eavns,0.016537200000129815,432.80923260046904,232.80923260046902,0.0,2.0,1.0,0.0
r203C5,4,5,phased,4,edd,6.50000038149301e-06,437.6239003733921,237.62390037339208,0.0,2.0,1.0,0.0
r203C5,4,5,phased,4,sweep,5.699999746866524e-06,1000422.2095554352,222.20955543524803,0.0,2.0,1.0,1.0
r203C5,4,5,phased,4,nearest,1.720000000204891e-05,436.8858848079908,236.8858848079908,0.0,2.0,1.0,0.0
r203C5,4,5,phased,4,grasp,0.0005711000003429945,432.80923260046904,232.80923260046902,0.0,2.0,1.0,0.0
r203C5,4,5,phased,4,mp_eavns,0.02183549999972456,394.62673516312725,194.62673516312725,0.0,2.0,1.0,0.0
r203C5,4,5,all,4,edd,8.69999985297909e-06,437.6239003733921,237.62390037339208,0.0,2.0,1.0,0.0
r203C5,4,5,all,4,sweep,9.700000191514846e-06,1000422.2095554352,222.20955543524803,0.0,2.0,1.0,1.0
r203C5,4,5,all,4,nearest,2.1699999706470408e-05,436.8858848079908,236.8858848079908,0.0,2.0,1.0,0.0
r203C5,4,5,all,4,grasp,0.0006590999992113211,436.8858848079908,236.8858848079908,0.0,2.0,1.0,0.0
r203C5,4,5,all,4,mp_eavns,0.018074200000228302,394.62673516312725,194.62673516312725,0.0,2.0,1.0,0.0
r209C15,1,4,depot,1,edd,6.600000233447645e-06,465.54145337973364,165.54145337973364,0.0,3.0,0.0,0.0
r209C15,1,4,depot,1,sweep,4.900000021734741e-06,455.3299508307553,155.3299508307553,0.0,3.0,0.0,0.0
r209C15,1,4,depot,1,nearest,1.700000029813964e-05,350.94547895884364,150.9454789588436,0.0,2.0,0.0,0.0
r209C15,1,4,depot,1,grasp,0.00039930000002641464,350.94547895884364,150.9454789588436,0.0,2.0,0.0,0.0
r209C15,1,4,depot,1,mp_eavns,0.0070490999996764,350.9454789588436,150.94547895884358,0.0,2.0,0.0,0.0
r209C15,1,4,phased,2,edd,6.399999620043673e-06,465.54145337973364,165.54145337973364,0.0,3.0,0.0,0.0
r209C15,1,4,phased,2,sweep,7.100000402715523e-06,455.3299508307553,155.3299508307553,0.0,3.0,0.0,0.0
r209C15,1,4,phased,2,nearest,1.5700000403739978e-05,350.94547895884364,150.9454789588436,0.0,2.0,0.0,0.0
r209C15,1,4,phased,2,grasp,0.00040640000042913016,350.9454789588436,150.94547895884358,0.0,2.0,0.0,0.0
r209C15,1,4,phased,2,mp_eavns,0.006994899999881454,350.9454789588436,150.94547895884358,0.0,2.0,0.0,0.0
r209C15,1,4,all,5,edd,5.699999746866524e-06,465.54145337973364,165.54145337973364,0.0,3.0,0.0,0.0
r209C15,1,4,all,5,sweep,4.999999873689376e-06,455.3299508307553,155.3299508307553,0.0,3.0,0.0,0.0
r209C15,1,4,all,5,nearest,1.3500000022759195e-05,350.94547895884364,150.9454789588436,0.0,2.0,0.0,0.0
r209C15,1,4,all,5,grasp,0.00038889999996172264,350.94547895884364,150.9454789588436,0.0,2.0,0.0,0.0
r209C15,1,4,all,5,mp_eavns,0.007124399999156594,350.94547895884364,150.9454789588436,0.0,2.0,0.0,0.0
r209C15,2,8,depot,1,edd,7.3999999585794285e-06,851.898381974919,351.898381974919,0.0,5.0,0.0,0.0
r209C15,2,8,depot,1,sweep,6.70000008540228e-06,4264.910199121947,314.19682216958387,345.07133769523637,5.0,0.0,0.0
r209C15,2,8,depot,1,nearest,3.0000000151630957e-05,4157.8508218054285,307.13744485306495,345.07133769523637,4.0,0.0,0.0
r209C15,2,8,depot,1,grasp,0.0008244000000559026,705.1647020929258,305.1647020929258,0.0,4.0,0.0,0.0
r209C15,2,8,depot,1,mp_eavns,0.03738549999980023,695.6957209597076,295.69572095970756,0.0,4.0,0.0,0.0
r209C15,2,8,phased,3,edd,8.100000741251279e-06,851.898381974919,351.898381974919,0.0,5.0,0.0,0.0
r209C15,2,8,phased,3,sweep,7.999999979801942e-06,4264.910199121947,314.19682216958387,345.07133769523637,5.0,0.0,0.0
r209C15,2,8,phased,3,nearest,3.1800000215298496e-05,4157.8508218054285,307.13744485306495,345.07133769523637,4.0,0.0,0.0
r209C15,2,8,phased,3,grasp,0.0010079000003315741,702.0545670811566,302.0545670811567,0.0,4.0,0.0,0.0
r209C15,2,8,phased,3,mp_eavns,0.028163199999653443,695.6957209597076,295.69572095970756,0.0,4.0,0.0,0.0
r209C15,2,8,all,5,edd,5.99999930273043e-06,851.898381974919,351.898381974919,0.0,5.0,0.0,0.0
r209C15,2,8,all,5,sweep,6.299999768089037e-06,4264.910199121947,314.19682216958387,345.07133769523637,5.0,0.0,0.0
r209C15,2,8,all,5,nearest,2.0600000425474718e-05,4157.8508218054285,307.13744485306495,345.07133769523637,4.0,0.0,0.0
r209C15,2,8,all,5,grasp,0.0005132000005687587,698.8058559714766,298.80585597147666,0.0,4.0,0.0,0.0
r209C15,2,8,all,5,mp_eavns,0.023258199999872886,695.6957209597076,295.69572095970756,0.0,4.0,0.0,0.0
r209C15,3,12,depot,1,edd,6.499999471998308e-06,1058.738427414628,458.73842741462784,0.0,6.0,1.0,0.0
r209C15,3,12,depot,1,sweep,4.999999873689376e-06,5895.450045992196,384.73666903983207,491.07133769523637,6.0,0.0,0.0
r209C15,3,12,depot,1,nearest,3.120000019407598e-05,1004343.3301052541,392.6167283017288,345.07133769523637,5.0,0.0,1.0
r209C15,3,12,depot,1,grasp,0.0008115999999063206,2573.147688003641,372.40796059002344,170.07397274136179,5.0,0.0,0.0
r209C15,3,12,depot,1,mp_eavns,0.06697929999972985,866.326506003212,366.32650600321205,0.0,5.0,0.0,0.0
r209C15,3,12,phased,4,edd,7.200000254670158e-06,1058.738427414628,458.73842741462784,0.0,6.0,1.0,0.0
r209C15,3,12,phased,4,sweep,7.3999999585794285e-06,5895.450045992196,384.73666903983207,491.07133769523637,6.0,0.0,0.0
r209C15,3,12,phased,4,nearest,3.130000004603062e-05,4349.048414713288,398.3350377609248,345.07133769523637,5.0,1.0,0.0
r209C15,3,12,phased,4,grasp,0.0012899000003017136,917.3814844781054,417.3814844781054,0.0,5.0,0.0,0.0
r209C15,3,12,phased,4,mp_eavns,0.10968120000052295,866.326506003212,366.32650600321205,0.0,5.0,0.0,0.0
r209C15,3,12,all,5,edd,1.249999968422344e-05,1058.738427414628,458.73842741462784,0.0,6.0,1.0,0.0
r209C15,3,12,all,5,sweep,1.1300000551273115e-05,5895.450045992196,384.73666903983207,491.07133769523637,6.0,0.0,0.0
r209C15,3,12,all,5,nearest,5.690000034519471e-05,4349.048414713288,398.3350377609248,345.07133769523637,5.0,1.0,0.0
r209C15,3,12,all,5,grasp,0.0017077000002245768,900.8036079800238,400.80360798002374,0.0,5.0,0.0,0.0
r209C15,3,12,all,5,mp_eavns,0.09903249999933905,866.3265060032121,366.3265060032121,0.0,5.0,0.0,0.0
r209C15,4,15,depot,1,edd,1.320000046689529e-05,2001363.8848122573,663.8848122572092,0.0,7.0,1.0,2.0
r209C15,4,15,depot,1,sweep,1.0000000656873453e-05,6076.459876481558,465.74649952919447,491.07133769523637,7.0,0.0,0.0
r209C15,4,15,depot,1,nearest,5.880000026081689e-05,2007564.280334301,523.2953409624191,644.0984993338659,6.0,0.0,2.0
r209C15,4,15,depot,1,grasp,0.004010700000435463,1505.9229569233119,574.1195580483227,33.18033988749892,6.0,1.0,0.0
r209C15,4,15,depot,1,mp_eavns,0.16738580000037473,1049.4692746814055,449.4692746814056,0.0,6.0,0.0,0.0
r209C15,4,15,phased,5,edd,1.4100000043981709e-05,2001363.8848122573,663.8848122572092,0.0,7.0,1.0,2.0
r209C15,4,15,phased,5,sweep,1.3099999705445953e-05,6076.459876481558,465.74649952919447,491.07133769523637,7.0,0.0,0.0
r209C15,4,15,phased,5,nearest,6.259999918256653e-05,7586.75061340912,545.7656200704605,644.0984993338659,6.0,2.0,0.0
r209C15,4,15,phased,5,grasp,0.005358700000215322,2267.673054416889,645.163682844896,102.2509371571993,6.0,4.0,0.0
r209C15,4,15,phased,5,mp_eavns,0.15427960000033636,1049.4692746814055,449.4692746814056,0.0,6.0,0.0,0.0
r209C15,4,15,all,5,edd,1.4700000065204222e-05,2001363.8848122573,663.8848122572092,0.0,7.0,1.0,2.0
r209C15,4,15,all,5,sweep,1.449999945180025e-05,6076.459876481558,465.74649952919447,491.07133769523637,7.0,0.0,0.0
r209C15,4,15,all,5,nearest,7.139999979699496e-05,7586.75061340912,545.7656200704605,644.0984993338659,6.0,2.0,0.0
r209C15,4,15,all,5,grasp,0.006996299999627809,2303.5829579034844,581.0735863314914,102.2509371571993,7.0,2.0,0.0
r209C15,4,15,all,5,mp_eavns,0.16671620000033727,1049.4692746814058,449.4692746814057,0.0,6.0,0.0,0.0
rc102C10,1,3,depot,1,edd,4.900000021734741e-06,349.7224436864684,149.72244368646838,0.0,2.0,0.0,0.0
rc102C10,1,3,depot,1,sweep,3.6999999792897142e-06,349.7224436864684,149.72244368646838,0.0,2.0,0.0,0.0
rc102C10,1,3,depot,1,nearest,1.3500000022759195e-05,349.7224436864684,149.72244368646838,0.0,2.0,0.0,0.0
rc102C10,1,3,depot,1,grasp,0.00034729999970295466,349.7224436864684,149.72244368646838,0.0,2.0,0.0,0.0
rc102C10,1,3,depot,1,mp_eavns,0.005839700000251469,349.7224436864684,149.72244368646838,0.0,2.0,0.0,0.0
rc102C10,1,3,phased,2,edd,3.899999683198985e-06,349.7224436864684,149.72244368646838,0.0,2.0,0.0,0.0
rc102C10,1,3,phased,2,sweep,4.100000296602957e-06,349.7224436864684,149.72244368646838,0.0,2.0,0.0,0.0
rc102C10,1,3,phased,2,nearest,1.1000000085914508e-05,349.7224436864684,149.72244368646838,0.0,2.0,0.0,0.0
rc102C10,1,3,phased,2,grasp,0.00040919999992183875,349.7224436864684,149.72244368646838,0.0,2.0,0.0,0.0
rc102C10,1,3,phased,2,mp_eavns,0.0052574000001186505,349.7224436864684,149.72244368646838,0.0,2.0,0.0,0.0
rc102C10,1,3,all,4,edd,4.19999923906289e-06,349.7224436864684,149.72244368646838,0.0,2.0,0.0,0.0
rc102C10,1,3,all,4,sweep,4.599999556376133e-06,349.7224436864684,149.72244368646838,0.0,2.0,0.0,0.0
rc102C10,1,3,all,4,nearest,1.1099999937869143e-05,349.7224436864684,149.72244368646838,0.0,2.0,0.0,0.0
rc102C10,1,3,all,4,grasp,0.0004228999996485072,349.7224436864684,149.72244368646838,0.0,2.0,0.0,0.0
rc102C10,1,3,all,4,mp_eavns,0.007225599999401311,349.7224436864684,149.72244368646838,0.0,2.0,0.0,0.0
rc102C10,2,5,depot,1,edd,5.599999894911889e-06,2000566.9766621743,266.97666217426115,0.0,3.0,0.0,2.0
rc102C10,2,5,depot,1,sweep,5.300000339047983e-06,1000576.3754390798,276.3754390798142,0.0,3.0,0.0,1.0
rc102C10,2,5,depot,1,nearest,1.9500000234984327e-05,1002574.8559403413,283.814605551246,199.10413347899507,3.0,0.0,1.0
rc102C10,2,5,depot,1,grasp,0.0006354999995892285,1000576.3754390798,276.3754390798142,0.0,3.0,0.0,1.0
rc102C10,2,5,depot,1,mp_eavns,0.015801500000634405,1000576.3754390798,276.3754390798142,0.0,3.0,0.0,1.0
rc102C10,2,5,phased,3,edd,5.699999746866524e-06,776.0375850377332,268.3054544282123,20.773213060952088,3.0,1.0,0.0
rc102C10,2,5,phased,3,sweep,5.4000001910026185e-06,577.9114212158422,277.9114212158422,0.0,3.0,1.0,0.0
rc102C10,2,5,phased,3,nearest,1.809999957913533e-05,2576.391922477225,285.35058768727407,199.10413347899507,3.0,1.0,0.0
rc102C10,2,5,phased,3,grasp,0.0008089000002655666,577.9114212158422,277.91142121584227,0.0,3.0,1.0,0.0
rc102C10,2,5,phased,3,mp_eavns,0.021076199999697565,577.9114212158422,277.91142121584227,0.0,3.0,1.0,0.0
rc102C10,2,5,all,4,edd,6.699999175907578e-06,776.0375850377332,268.3054544282123,20.773213060952088,3.0,1.0,0.0
rc102C10,2,5,all,4,sweep,6.299999768089037e-06,577.9114212158422,277.9114212158422,0.0,3.0,1.0,0.0
rc102C10,2,5,all,4,nearest,1.9800000700342935e-05,2576.391922477225,285.35058768727407,199.10413347899507,3.0,1.0,0.0
rc102C10,2,5,all,4,grasp,0.0008311999999932596,577.9114212158422,277.91142121584227,0.0,3.0,1.0,0.0
rc102C10,2,5,all,4,mp_eavns,0.022717300000294927,577.9114212158422,277.91142121584227,0.0,3.0,1.0,0.0
rc102C10,3,8,depot,1,edd,7.3999999585794285e-06,4001546.6949404525,459.9981270543067,58.66968133982665,5.0,0.0,4.0
rc102C10,3,8,depot,1,sweep,6.8999997893115506e-06,2000764.7214935857,364.7214935858222,0.0,4.0,0.0,2.0
rc102C10,3,8,depot,1,nearest,3.1599999601894524e-05,1004720.8881333844,440.2835542399507,388.0604579144448,4.0,1.0,1.0
rc102C10,3,8,depot,1,grasp,0.0015735000006316113,1002616.1525974254,427.2186317370072,178.89339656883593,4.0,1.0,1.0
rc102C10,3,8,depot,1,mp_eavns,0.0326018000005206,1000775.5298226345,375.52982263449314,0.0,4.0,0.0,1.0
rc102C10,3,8,phased,4,edd,5.500000042957254e-06,1001756.0419134974,461.61296948958193,79.44289440077874,5.0,2.0,1.0
rc102C10,3,8,phased,4,sweep,5.599999894911889e-06,766.5562342143653,366.55623421436525,0.0,4.0,1.0,0.0
rc102C10,3,8,phased,4,nearest,1.7300000763498247e-05,4722.424115520426,441.81953637597877,388.0604579144448,4.0,2.0,0.0
rc102C10,3,8,phased,4,grasp,0.0006665000000793952,2455.8146048168464,425.342654743686,163.04719500731602,4.0,2.0,0.0
rc102C10,3,8,phased,4,mp_eavns,0.028552900000249792,766.5562342143653,366.55623421436525,0.0,4.0,1.0,0.0
rc102C10,3,8,all,4,edd,5.4000001910026185e-06,1001756.0419134974,461.61296948958193,79.44289440077874,5.0,2.0,1.0
rc102C10,3,8,all,4,sweep,5.599999894911889e-06,766.5562342143653,366.55623421436525,0.0,4.0,1.0,0.0
rc102C10,3,8,all,4,nearest,1.6399999367422424e-05,4722.424115520426,441.81953637597877,388.0604579144448,4.0,2.0,0.0
rc102C10,3,8,all,4,grasp,0.0008875000003172318,2455.8146048168464,425.34265474368596,163.04719500731602,4.0,2.0,0.0
rc102C10,3,8,all,4,mp_eavns,0.0402790999996796,766.5562342143653,366.55623421436525,0.0,4.0,1.0,0.0
rc102C10,4,10,depot,1,edd,8.200000593205914e-06,5001636.46795842,535.7656505574712,60.07023078622923,5.0,0.0,5.0
rc102C10,4,10,depot,1,sweep,6.999999641266186e-06,4001065.4183765356,416.9240441227129,24.8494332412792,4.0,0.0,4.0
rc102C10,4,10,depot,1,nearest,4.069999977218686e-05,3004301.549104292,490.38476755187577,331.1164336740207,5.0,0.0,3.0
rc102C10,4,10,depot,1,grasp,0.0019115999994028243,1003001.6785561888,496.9263367771015,200.47522194117323,5.0,1.0,1.0
rc102C10,4,10,depot,1,mp_eavns,0.06371289999970031,1000871.3675624976,446.6970437377231,2.467051875986101,4.0,1.0,1.0
rc102C10,4,10,phased,4,edd,6.799999937356915e-06,2001845.8149314646,537.3804929927463,80.84344384718132,5.0,2.0,2.0
rc102C10,4,10,phased,4,sweep,6.799999937356915e-06,2001067.2531171641,418.758784751256,24.8494332412792,4.0,1.0,2.0
rc102C10,4,10,phased,4,nearest,2.3399999918183312e-05,2004303.085086428,491.9207496879038,331.1164336740207,5.0,1.0,2.0
rc102C10,4,10,phased,4,grasp,0.0014665000007880735,3066.753974240625,427.21830703788214,223.95356672027427,4.0,1.0,0.0
rc102C10,4,10,phased,4,mp_eavns,0.04720369999995455,818.4598413725607,418.45984137256073,0.0,4.0,1.0,0.0
rc102C10,4,10,all,4,edd,6.8999997893115506e-06,2001845.8149314646,537.3804929927463,80.84344384718132,5.0,2.0,2.0
rc102C10,4,10,all,4,sweep,6.399999620043673e-06,2001067.2531171641,418.758784751256,24.8494332412792,4.0,1.0,2.0
rc102C10,4,10,all,4,nearest,2.3300000066228677e-05,2004303.085086428,491.9207496879038,331.1164336740207,5.0,1.0,2.0
rc102C10,4,10,all,4,grasp,0.001404799999363604,3230.229179065123,523.1040308892308,220.71251481758924,5.0,3.0,0.0
rc102C10,4,10,all,4,mp_eavns,0.05310390000067855,818.4598413725607,418.45984137256073,0.0,4.0,1.0,0.0
rc103C15,1,4,depot,1,edd,5.699999746866524e-06,355.9989383473421,155.99893834734212,0.0,2.0,0.0,0.0
rc103C15,1,4,depot,1,sweep,3.600000127335079e-06,1755.8006239494582,118.73562363793346,143.70650003115247,2.0,0.0,0.0
rc103C15,1,4,depot,1,nearest,1.610000072105322e-05,2342.1187915033315,156.3380791952832,198.57807123080482,2.0,0.0,0.0
rc103C15,1,4,depot,1,grasp,0.00022590000025957124,305.8452003868715,105.84520038687154,0.0,2.0,0.0,0.0
rc103C15,1,4,depot,1,mp_eavns,0.006162700000459154,305.8452003868715,105.84520038687154,0.0,2.0,0.0,0.0
rc103C15,1,4,phased,2,edd,4.999999873689376e-06,355.9989383473421,155.99893834734212,0.0,2.0,0.0,0.0
rc103C15,1,4,phased,2,sweep,4.599999556376133e-06,1755.8006239494582,118.73562363793346,143.70650003115247,2.0,0.0,0.0
rc103C15,1,4,phased,2,nearest,1.1000000085914508e-05,2342.1187915033315,156.3380791952832,198.57807123080482,2.0,0.0,0.0
rc103C15,1,4,phased,2,grasp,0.0002505000002201996,355.9989383473421,155.99893834734212,0.0,2.0,0.0,0.0
rc103C15,1,4,phased,2,mp_eavns,0.008784200000263809,305.8452003868715,105.84520038687154,0.0,2.0,0.0,0.0
rc103C15,1,4,all,5,edd,6.600000233447645e-06,355.9989383473421,155.99893834734212,0.0,2.0,0.0,0.0
rc103C15,1,4,all,5,sweep,6.000000212225132e-06,1755.8006239494582,118.73562363793346,143.70650003115247,2.0,0.0,0.0
rc103C15,1,4,all,5,nearest,1.2100000276404899e-05,2342.1187915033315,156.3380791952832,198.57807123080482,2.0,0.0,0.0
rc103C15,1,4,all,5,grasp,0.0002539999995860853,305.8452003868715,105.84520038687154,0.0,2.0,0.0,0.0
rc103C15,1,4,all,5,mp_eavns,0.011004199999661068,305.8452003868715,105.84520038687154,0.0,2.0,0.0,0.0
rc103C15,2,8,depot,1,edd,7.499999810534064e-06,4001044.6688681175,383.70594539024535,36.09629227270722,3.0,0.0,4.0
rc103C15,2,8,depot,1,sweep,1.0900000233959872e-05,1002003.9516818878,266.8866815763412,143.70650003115247,3.0,0.0,1.0
rc103C15,2,8,depot,1,nearest,3.20999997711624e-05,1002681.7713668975,274.35862482397215,210.74127420734825,3.0,0.0,1.0
rc103C15,2,8,depot,1,grasp,0.0026100000004589674,1000888.6833816626,290.44565967803425,29.823772198453526,3.0,0.0,1.0
rc103C15,2,8,depot,1,mp_eavns,0.049246300000049814,1000524.9800461875,224.98004618747095,0.0,3.0,0.0,1.0
rc103C15,2,8,phased,3,edd,8.89999955688836e-06,1004333.2963518831,391.12689370564414,364.2169458177413,3.0,2.0,1.0
rc103C15,2,8,phased,3,sweep,8.600000001024455e-06,2003.9669940046138,266.9019936930889,143.70650003115247,3.0,1.0,0.0
rc103C15,2,8,phased,3,nearest,3.220000053261174e-05,2681.7866790142025,274.3739369407199,210.74127420734825,3.0,1.0,0.0
rc103C15,2,8,phased,3,grasp,0.0033387000003131106,595.8850862081841,295.88508620818413,0.0,3.0,1.0,0.0
rc103C15,2,8,phased,3,mp_eavns,0.05372469999929308,529.0344782874654,229.03447828746533,0.0,3.0,1.0,0.0
rc103C15,2,8,all,5,edd,1.049999991664663e-05,1004333.2963518831,391.12689370564414,364.2169458177413,3.0,2.0,1.0
rc103C15,2,8,all,5,sweep,1.1300000551273115e-05,2003.9669940046138,266.9019936930889,143.70650003115247,3.0,1.0,0.0
rc103C15,2,8,all,5,nearest,3.270000070187962e-05,2681.7866790142025,274.3739369407199,210.74127420734825,3.0,1.0,0.0
rc103C15,2,8,all,5,grasp,0.0021932999998171,632.3070264969424,332.30702649694246,0.0,3.0,2.0,0.0
rc103C15,2,8,all,5,mp_eavns,0.06689969999933965,529.0344782874654,229.03447828746533,0.0,3.0,1.0,0.0
rc103C15,3,12,depot,1,edd,6.299999768089037e-06,2001727.9203459672,607.7393263163154,72.01810196508055,4.0,3.0,2.0
rc103C15,3,12,depot,1,sweep,4.699999408330768e-06,1002199.6236983336,362.558698022086,143.70650003115247,4.0,0.0,1.0
rc103C15,3,12,depot,1,nearest,3.060000017285347e-05,3002987.6141976407,480.2014555672483,210.74127420734825,4.0,0.0,3.0
rc103C15,3,12,depot,1,grasp,0.0035717000000659027,1001742.5202816118,533.8438903332778,80.86763912785722,4.0,2.0,1.0
rc103C15,3,12,depot,1,mp_eavns,0.08992639999996754,1000763.3864295142,363.38642951411083,0.0,4.0,0.0,1.0
rc103C15,3,12,phased,4,edd,1.2599999536178075e-05,1001738.6360288253,618.4550091744804,72.01810196508055,4.0,5.0,1.0
rc103C15,3,12,phased,4,sweep,1.3199999557400588e-05,2203.6829962527677,366.61799594124307,143.70650003115247,4.0,1.0,0.0
rc103C15,3,12,phased,4,nearest,5.070000042906031e-05,1003241.6229353015,493.28522508413,234.83377102173418,4.0,2.0,1.0
rc103C15,3,12,phased,4,grasp,0.007553100000222912,1162.0076381327076,581.6517464424303,18.03558916902773,4.0,5.0,0.0
rc103C15,3,12,phased,4,mp_eavns,0.0948549999993702,806.5776269316867,406.5776269316867,0.0,4.0,2.0,0.0
rc103C15,3,12,all,5,edd,6.900000698806252e-06,1001738.6360288253,618.4550091744804,72.01810196508055,4.0,5.0,1.0
rc103C15,3,12,all,5,sweep,7.100000402715523e-06,2203.6829962527677,366.61799594124307,143.70650003115247,4.0,1.0,0.0
rc103C15,3,12,all,5,nearest,3.7999999221938197e-05,1003241.6229353015,493.28522508413,234.83377102173418,4.0,2.0,1.0
rc103C15,3,12,all,5,grasp,0.007254899999679765,1299.838665107334,452.7347145923787,44.71039505149554,4.0,2.0,0.0
rc103C15,3,12,all,5,mp_eavns,0.12482270000054996,806.5776269316867,406.5776269316867,0.0,4.0,2.0,0.0
rc103C15,4,15,depot,1,edd,1.2200000128359534e-05,5004340.654140133,753.9713810727615,308.6682759060268,5.0,3.0,5.0
rc103C15,4,15,depot,1,sweep,2.2899999748915434e-05,1002381.868187531,444.8031872194405,143.70650003115247,5.0,0.0,1.0
rc103C15,4,15,depot,1,nearest,7.679999998799758e-05,4003193.251969221,585.8392271475439,210.74127420734825,5.0,1.0,4.0
rc103C15,4,15,depot,1,grasp,0.007859100000132457,1002950.4901422473,660.1333588530384,179.03567833942364,5.0,3.0,1.0
rc103C15,4,15,depot,1,mp_eavns,0.15600220000033005,1000942.3699452094,442.3699452094093,0.0,5.0,0.0,1.0
rc103C15,4,15,phased,5,edd,1.2299999980314169e-05,5003759.538690575,747.6450093045584,251.1893681270693,5.0,3.0,5.0
rc103C15,4,15,phased,5,sweep,1.06999996205559e-05,2385.9274854501223,448.86248513859755,143.70650003115247,5.0,1.0,0.0
rc103C15,4,15,phased,5,nearest,6.859999939479167e-05,4272.530844981704,599.6491032560442,317.28817417256596,5.0,3.0,0.0
rc103C15,4,15,phased,5,grasp,0.013976000000184285,2000.4661738818877,641.2854871210058,85.91806867608821,5.0,4.0,0.0
rc103C15,4,15,phased,5,mp_eavns,0.18237979999958043,983.653500317683,483.6535003176829,0.0,5.0,2.0,0.0
rc103C15,4,15,all,5,edd,1.2000000424450263e-05,5003759.538690575,747.6450093045584,251.1893681270693,5.0,3.0,5.0
rc103C15,4,15,all,5,sweep,1.1000000085914508e-05,2385.9274854501223,448.86248513859755,143.70650003115247,5.0,1.0,0.0
rc103C15,4,15,all,5,nearest,7.000000005064066e-05,4272.530844981704,599.6491032560442,317.28817417256596,5.0,3.0,0.0
rc103C15,4,15,all,5,grasp,0.014889799999764364,2657.1004570771543,626.4760918667525,153.06243652104018,5.0,3.0,0.0
rc103C15,4,15,all,5,mp_eavns,0.2508085999998002,983.653500317683,483.6535003176829,0.0,5.0,2.0,0.0
rc105C5,1,2,depot,1,edd,3.600000127335079e-06,167.52631635038517,67.52631635038516,0.0,1.0,0.0,0.0
rc105C5,1,2,depot,1,sweep,2.5000008463393897e-06,167.52631635038517,67.52631635038516,0.0,1.0,0.0,0.0
rc105C5,1,2,depot,1,nearest,8.400000297115184e-06,259.88015696709857,67.52631635038517,9.23538406167134,1.0,0.0,0.0
rc105C5,1,2,depot,1,grasp,0.000130899999930989,167.52631635038517,67.52631635038516,0.0,1.0,0.0,0.0
rc105C5,1,2,depot,1,mp_eavns,0.0012592000002769055,167.52631635038517,67.52631635038516,0.0,1.0,0.0,0.0
rc105C5,1,2,phased,2,edd,1.8000000636675395e-06,167.52631635038517,67.52631635038516,0.0,1.0,0.0,0.0
rc105C5,1,2,phased,2,sweep,1.499999598308932e-06,167.52631635038517,67.52631635038516,0.0,1.0,0.0,0.0
rc105C5,1,2,phased,2,nearest,3.7999998312443495e-06,259.88015696709857,67.52631635038517,9.23538406167134,1.0,0.0,0.0
rc105C5,1,2,phased,2,grasp,0.00010939999992842786,167.52631635038517,67.52631635038516,0.0,1.0,0.0,0.0
rc105C5,1,2,phased,2,mp_eavns,0.0012689000004684203,167.52631635038517,67.52631635038516,0.0,1.0,0.0,0.0
rc105C5,1,2,all,4,edd,1.600000359758269e-06,167.52631635038517,67.52631635038516,0.0,1.0,0.0,0.0
rc105C5,1,2,all,4,sweep,1.499999598308932e-06,167.52631635038517,67.52631635038516,0.0,1.0,0.0,0.0
rc105C5,1,2,all,4,nearest,3.600000127335079e-06,259.88015696709857,67.52631635038517,9.23538406167134,1.0,0.0,0.0
rc105C5,1,2,all,4,grasp,0.00011029999950551428,167.52631635038517,67.52631635038516,0.0,1.0,0.0,0.0
rc105C5,1,2,all,4,mp_eavns,0.0012065000000802684,167.52631635038517,67.52631635038516,0.0,1.0,0.0,0.0
rc105C5,2,3,depot,1,edd,2.499999936844688e-06,347.6877395980605,147.68773959806052,0.0,2.0,0.0,0.0
rc105C5,2,3,depot,1,sweep,1.9000008251168765e-06,337.5263163503852,137.52631635038517,0.0,2.0,0.0,0.0
rc105C5,2,3,depot,1,nearest,5.699999746866524e-06,429.88015696709857,137.52631635038517,9.23538406167134,2.0,0.0,0.0
rc105C5,2,3,depot,1,grasp,0.00016109999978652922,337.5263163503852,137.52631635038517,0.0,2.0,0.0,0.0
rc105C5,2,3,depot,1,mp_eavns,0.0028408999996827333,337.5263163503852,137.52631635038517,0.0,2.0,0.0,0.0
rc105C5,2,3,phased,3,edd,2.499999936844688e-06,347.6877395980605,147.68773959806052,0.0,2.0,0.0,0.0
rc105C5,2,3,phased,3,sweep,2.099999619531445e-06,337.5263163503852,137.52631635038517,0.0,2.0,0.0,0.0
rc105C5,2,3,phased,3,nearest,5.800000508315861e-06,429.88015696709857,137.52631635038517,9.23538406167134,2.0,0.0,0.0
rc105C5,2,3,phased,3,grasp,0.00018519999957788968,337.5263163503852,137.52631635038517,0.0,2.0,0.0,0.0
rc105C5,2,3,phased,3,mp_eavns,0.0038598999999521766,337.5263163503852,137.52631635038517,0.0,2.0,0.0,0.0
rc105C5,2,3,all,4,edd,4.900000021734741e-06,347.6877395980605,147.68773959806052,0.0,2.0,0.0,0.0
rc105C5,2,3,all,4,sweep,9.399999726156238e-06,337.5263163503852,137.52631635038517,0.0,2.0,0.0,0.0
rc105C5,2,3,all,4,nearest,1.0400000064691994e-05,429.88015696709857,137.52631635038517,9.23538406167134,2.0,0.0,0.0
rc105C5,2,3,all,4,grasp,0.00021159999960218556,337.5263163503852,137.52631635038517,0.0,2.0,0.0,0.0
rc105C5,2,3,all,4,mp_eavns,0.0030858999998599757,337.5263163503852,137.52631635038517,0.0,2.0,0.0,0.0
rc105C5,3,4,depot,1,edd,3.3000005714711733e-06,533.7109922684867,233.71099226848676,0.0,3.0,0.0,0.0
rc105C5,3,4,depot,1,sweep,3.099999958067201e-06,523.5495690208114,223.54956902081142,0.0,3.0,0.0,0.0
rc105C5,3,4,depot,1,nearest,9.60000033956021e-06,615.9034096375249,223.54956902081142,9.23538406167134,3.0,0.0,0.0
rc105C5,3,4,depot,1,grasp,0.00025160000041068997,523.5495690208114,223.54956902081142,0.0,3.0,0.0,0.0
rc105C5,3,4,depot,1,mp_eavns,0.006143100000372215,523.5495690208114,223.54956902081142,0.0,3.0,0.0,0.0
rc105C5,3,4,phased,4,edd,6.600000233447645e-06,533.7109922684867,233.71099226848676,0.0,3.0,0.0,0.0
rc105C5,3,4,phased,4,sweep,6.800000846851617e-06,523.5495690208114,223.54956902081142,0.0,3.0,0.0,0.0
rc105C5,3,4,phased,4,nearest,1.700000029813964e-05,615.9034096375249,223.54956902081142,9.23538406167134,3.0,0.0,0.0
rc105C5,3,4,phased,4,grasp,0.00044830000024376204,523.5495690208114,223.54956902081142,0.0,3.0,0.0,0.0
rc105C5,3,4,phased,4,mp_eavns,0.006848600000012084,523.5495690208114,223.54956902081142,0.0,3.0,0.0,0.0
rc105C5,3,4,all,4,edd,5.099999725644011e-06,533.7109922684867,233.71099226848676,0.0,3.0,0.0,0.0
rc105C5,3,4,all,4,sweep,4.900000021734741e-06,523.5495690208114,223.54956902081142,0.0,3.0,0.0,0.0
rc105C5,3,4,all,4,nearest,1.1199999789823778e-05,615.9034096375249,223.54956902081142,9.23538406167134,3.0,0.0,0.0
rc105C5,3,4,all,4,grasp,0.00022759999956178945,523.5495690208114,223.54956902081142,0.0,3.0,0.0,0.0
rc105C5,3,4,all,4,mp_eavns,0.005965999999716587,523.5495690208114,223.54956902081142,0.0,3.0,0.0,0.0
rc105C5,4,5,depot,1,edd,4.999999873689376e-06,661.9952635159486,261.9952635159487,0.0,4.0,0.0,0.0
rc105C5,4,5,depot,1,sweep,3.5000002753804438e-06,651.8338402682733,251.83384026827332,0.0,4.0,0.0,0.0
rc105C5,4,5,depot,1,nearest,1.790000078472076e-05,669.2451063129836,269.2451063129835,0.0,4.0,0.0,0.0
rc105C5,4,5,depot,1,grasp,0.00030779999997321283,651.8338402682733,251.83384026827332,0.0,4.0,0.0,0.0
rc105C5,4,5,depot,1,mp_eavns,0.012876699999651464,651.8338402682733,251.83384026827332,0.0,4.0,0.0,0.0
rc105C5,4,5,phased,4,edd,9.499999578110874e-06,661.9952635159486,261.9952635159487,0.0,4.0,0.0,0.0
rc105C5,4,5,phased,4,sweep,9.399999726156238e-06,651.8338402682733,251.83384026827332,0.0,4.0,0.0,0.0
rc105C5,4,5,phased,4,nearest,2.1599999854515772e-05,669.2451063129836,269.2451063129835,0.0,4.0,0.0,0.0
rc105C5,4,5,phased,4,grasp,0.000559899999643676,651.8338402682733,251.83384026827332,0.0,4.0,0.0,0.0
rc105C5,4,5,phased,4,mp_eavns,0.014591299999665353,651.8338402682733,251.83384026827332,0.0,4.0,0.0,0.0
rc105C5,4,5,all,4,edd,6.000000212225132e-06,661.9952635159486,261.9952635159487,0.0,4.0,0.0,0.0
rc105C5,4,5,all,4,sweep,5.599999894911889e-06,651.8338402682733,251.83384026827332,0.0,4.0,0.0,0.0
rc105C5,4,5,all,4,nearest,1.4400000509340316e-05,669.2451063129836,269.2451063129835,0.0,4.0,0.0,0.0
rc105C5,4,5,all,4,grasp,0.0002883000006477232,651.8338402682733,251.83384026827332,0.0,4.0,0.0,0.0
rc105C5,4,5,all,4,mp_eavns,0.00980859999981476,651.8338402682733,251.83384026827332,0.0,4.0,0.0,0.0
rc108C10,1,3,depot,1,edd,5.9000003602704965e-06,304.04023715888167,104.04023715888167,0.0,2.0,0.0,0.0
rc108C10,1,3,depot,1,sweep,4.100000296602957e-06,725.7168002672132,103.11388401252016,42.26029162546931,2.0,0.0,0.0
rc108C10,1,3,depot,1,nearest,1.4899999769113492e-05,304.04023715888167,104.04023715888167,0.0,2.0,0.0,0.0
rc108C10,1,3,depot,1,grasp,0.0003452000000834232,291.2627974094514,91.26279740945145,0.0,2.0,0.0,0.0
rc108C10,1,3,depot,1,mp_eavns,0.006699800000205869,291.2627974094514,91.26279740945145,0.0,2.0,0.0,0.0
rc108C10,1,3,phased,2,edd,6.70000008540228e-06,304.04023715888167,104.04023715888167,0.0,2.0,0.0,0.0
rc108C10,1,3,phased,2,sweep,5.4000001910026185e-06,725.7168002672132,103.11388401252016,42.26029162546931,2.0,0.0,0.0
rc108C10,1,3,phased,2,nearest,1.2999999853491317e-05,304.04023715888167,104.04023715888167,0.0,2.0,0.0,0.0
rc108C10,1,3,phased,2,grasp,0.00032109999938256806,291.2627974094514,91.26279740945145,0.0,2.0,0.0,0.0
rc108C10,1,3,phased,2,mp_eavns,0.005979300000035437,291.2627974094514,91.26279740945145,0.0,2.0,0.0,0.0
rc108C10,1,3,all,4,edd,4.600000465870835e-06,304.04023715888167,104.04023715888167,0.0,2.0,0.0,0.0
rc108C10,1,3,all,4,sweep,4.000000444648322e-06,725.7168002672132,103.11388401252016,42.26029162546931,2.0,0.0,0.0
rc108C10,1,3,all,4,nearest,9.899999895424116e-06,304.04023715888167,104.04023715888167,0.0,2.0,0.0,0.0
rc108C10,1,3,all,4,grasp,0.00016709999999875436,291.2627974094514,91.26279740945145,0.0,2.0,0.0,0.0
rc108C10,1,3,all,4,mp_eavns,0.006958999999369553,291.2627974094514,91.26279740945145,0.0,2.0,0.0,0.0
rc108C10,2,5,depot,1,edd,6.600000233447645e-06,1000371.0169516129,171.01695161288774,0.0,2.0,0.0,1.0
rc108C10,2,5,depot,1,sweep,4.400000761961564e-06,770.1445405325886,147.54162427789555,42.26029162546931,2.0,0.0,0.0
rc108C10,2,5,depot,1,nearest,2.0899999981338624e-05,357.8039670244324,157.80396702443235,0.0,2.0,0.0,0.0
rc108C10,2,5,depot,1,grasp,0.0011092000004282454,348.467977424257,148.46797742425701,0.0,2.0,0.0,0.0
rc108C10,2,5,depot,1,mp_eavns,0.012920199999825854,347.54162427789555,147.54162427789555,0.0,2.0,0.0,0.0
rc108C10,2,5,phased,3,edd,4.900000021734741e-06,393.26061344307607,193.26061344307607,0.0,2.0,1.0,0.0
rc108C10,2,5,phased,3,sweep,4.599999556376133e-06,770.1445405325886,147.54162427789555,42.26029162546931,2.0,0.0,0.0
rc108C10,2,5,phased,3,nearest,1.2700000297627412e-05,357.8039670244324,157.80396702443235,0.0,2.0,0.0,0.0
rc108C10,2,5,phased,3,grasp,0.0005434000004242989,348.467977424257,148.46797742425701,0.0,2.0,0.0,0.0
rc108C10,2,5,phased,3,mp_eavns,0.009262399999897752,347.54162427789555,147.54162427789555,0.0,2.0,0.0,0.0
rc108C10,2,5,all,4,edd,3.6999999792897142e-06,393.26061344307607,193.26061344307607,0.0,2.0,1.0,0.0
rc108C10,2,5,all,4,sweep,3.99999953515362e-06,770.1445405325886,147.54162427789555,42.26029162546931,2.0,0.0,0.0
rc108C10,2,5,all,4,nearest,9.899999895424116e-06,357.8039670244324,157.80396702443235,0.0,2.0,0.0,0.0
rc108C10,2,5,all,4,grasp,0.0006509999993795645,348.467977424257,148.46797742425701,0.0,2.0,0.0,0.0
rc108C10,2,5,all,4,mp_eavns,0.010293799999999464,347.54162427789555,147.54162427789555,0.0,2.0,0.0,0.0
rc108C10,3,8,depot,1,edd,4.200000148557592e-06,1000717.3857225038,417.38572250376683,0.0,3.0,2.0,1.0
rc108C10,3,8,depot,1,sweep,4.200000148557592e-06,1003329.7350468466,350.77150053505875,267.8963546311475,3.0,1.0,1.0
rc108C10,3,8,depot,1,nearest,1.7800000023271423e-05,2001680.8209040063,372.3348287783965,100.84860752277663,3.0,1.0,2.0
rc108C10,3,8,depot,1,grasp,0.0020162999999229214,1000645.8380385179,345.83803851781613,0.0,3.0,1.0,1.0
rc108C10,3,8,depot,1,mp_eavns,0.03958409999995638,1000617.3181893867,317.3181893866893,0.0,3.0,1.0,1.0
rc108C10,3,8,phased,4,edd,8.999999408842996e-06,703.5382755882998,403.5382755882998,0.0,3.0,2.0,0.0
rc108C10,3,8,phased,4,sweep,9.499999578110874e-06,1003329.7350468466,350.77150053505875,267.8963546311475,3.0,1.0,1.0
rc108C10,3,8,phased,4,nearest,2.8499999643827323e-05,1001534.4471571238,355.73930265476565,87.87078544691167,3.0,1.0,1.0
rc108C10,3,8,phased,4,grasp,0.00398010000026261,638.4305063993995,338.43050639939946,0.0,3.0,1.0,0.0
rc108C10,3,8,phased,4,mp_eavns,0.05236659999991389,601.3830418418536,301.3830418418536,0.0,3.0,1.0,0.0
rc108C10,3,8,all,4,edd,6.70000008540228e-06,703.5382755882998,403.5382755882998,0.0,3.0,2.0,0.0
rc108C10,3,8,all,4,sweep,7.300000106624793e-06,1003329.7350468466,350.77150053505875,267.8963546311475,3.0,1.0,1.0
rc108C10,3,8,all,4,nearest,2.0399999812070746e-05,1001534.4471571238,355.73930265476565,87.87078544691167,3.0,1.0,1.0
rc108C10,3,8,all,4,grasp,0.0029548000002250774,636.8494205944894,336.84942059448946,0.0,3.0,2.0,0.0
rc108C10,3,8,all,4,mp_eavns,0.07185979999940173,600.6723003268752,300.6723003268752,0.0,3.0,2.0,0.0
rc108C10,4,10,depot,1,edd,5.200000487093348e-06,4000931.742170058,531.7421700583091,0.0,4.0,1.0,4.0
rc108C10,4,10,depot,1,sweep,4.100000296602957e-06,2003547.304082768,468.3405364566363,267.8963546311475,4.0,1.0,2.0
rc108C10,4,10,depot,1,nearest,2.229999972769292e-05,3001200.9016080834,508.18336083392694,39.271824724968155,3.0,1.0,3.0
rc108C10,4,10,depot,1,grasp,0.0038205000000743894,1000835.3645369054,435.364536905469,0.0,4.0,1.0,1.0
rc108C10,4,10,depot,1,mp_eavns,0.10172320000037871,1000813.3238719115,413.3238719114817,0.0,4.0,1.0,1.0
rc108C10,4,10,phased,4,edd,8.69999985297909e-06,3000933.088098639,533.0880986391987,0.0,4.0,2.0,3.0
rc108C10,4,10,phased,4,sweep,8.700000762473792e-06,2003547.304082768,468.3405364566363,267.8963546311475,4.0,1.0,2.0
rc108C10,4,10,phased,4,nearest,3.8500000300700776e-05,3001181.5537455473,488.83549829760364,39.271824724968155,3.0,1.0,3.0
rc108C10,4,10,phased,4,grasp,0.006848199999694771,874.0865861707049,515.4402912958743,5.864629487483057,3.0,4.0,0.0
rc108C10,4,10,phased,4,mp_eavns,0.10047189999932016,797.388724366646,397.388724366646,0.0,4.0,1.0,0.0
rc108C10,4,10,all,4,edd,6.199999916134402e-06,3000933.088098639,533.0880986391987,0.0,4.0,2.0,3.0
rc108C10,4,10,all,4,sweep,6.399999620043673e-06,2003547.304082768,468.3405364566363,267.8963546311475,4.0,1.0,2.0
rc108C10,4,10,all,4,nearest,2.2199999875738285e-05,3001181.5537455473,488.83549829760364,39.271824724968155,3.0,1.0,3.0
rc108C10,4,10,all,4,grasp,0.0030525000001944136,874.0865861707049,515.4402912958743,5.864629487483057,3.0,4.0,0.0
rc108C10,4,10,all,4,mp_eavns,0.1041904000003342,796.6779828516676,396.6779828516676,0.0,4.0,2.0,0.0
rc108C15,1,4,depot,1,edd,6.199999916134402e-06,495.0376695356182,195.0376695356182,0.0,3.0,0.0,0.0
rc108C15,1,4,depot,1,sweep,4.499999704421498e-06,372.6400078137785,172.64000781377848,0.0,2.0,0.0,0.0
rc108C15,1,4,depot,1,nearest,1.559999964229064e-05,1000410.21035887,210.21035886999155,0.0,2.0,0.0,1.0
rc108C15,1,4,depot,1,grasp,0.0004544000003079418,372.6400078137784,172.64000781377845,0.0,2.0,0.0,0.0
rc108C15,1,4,depot,1,mp_eavns,0.0041855999998006155,372.6400078137784,172.64000781377845,0.0,2.0,0.0,0.0
rc108C15,1,4,phased,2,edd,2.70000055024866e-06,495.0376695356182,195.0376695356182,0.0,3.0,0.0,0.0
rc108C15,1,4,phased,2,sweep,2.3000002329354174e-06,372.6400078137785,172.64000781377848,0.0,2.0,0.0,0.0
rc108C15,1,4,phased,2,nearest,6.70000008540228e-06,410.33181580466504,210.33181580466504,0.0,2.0,1.0,0.0
rc108C15,1,4,phased,2,grasp,0.00022640000042883912,372.6400078137784,172.64000781377845,0.0,2.0,0.0,0.0
rc108C15,1,4,phased,2,mp_eavns,0.004308300000047893,372.6400078137784,172.64000781377845,0.0,2.0,0.0,0.0
rc108C15,1,4,all,5,edd,2.2999993234407157e-06,495.0376695356182,195.0376695356182,0.0,3.0,0.0,0.0
rc108C15,1,4,all,5,sweep,2.099999619531445e-06,372.6400078137785,172.64000781377848,0.0,2.0,0.0,0.0
rc108C15,1,4,all,5,nearest,6.8999997893115506e-06,410.33181580466504,210.33181580466504,0.0,2.0,1.0,0.0
rc108C15,1,4,all,5,grasp,0.00022369999987859046,372.6400078137784,172.64000781377845,0.0,2.0,0.0,0.0
rc108C15,1,4,all,5,mp_eavns,0.004314499999964028,372.6400078137784,172.64000781377845,0.0,2.0,0.0,0.0
rc108C15,2,8,depot,1,edd,3.499999365885742e-06,1000794.5665126209,394.5665126208586,0.0,4.0,0.0,1.0
rc108C15,2,8,depot,1,sweep,3.100000867561903e-06,1000767.2829113749,367.2829113749158,0.0,4.0,0.0,1.0
rc108C15,2,8,depot,1,nearest,1.4899999769113492e-05,2000824.0319802756,424.03198027558096,0.0,4.0,0.0,2.0
rc108C15,2,8,depot,1,grasp,0.0007004999997661798,1000759.0932430977,359.09324309761786,0.0,4.0,0.0,1.0
rc108C15,2,8,depot,1,mp_eavns,0.02797000000009575,1000759.0932430977,359.09324309761786,0.0,4.0,0.0,1.0
rc108C15,2,8,phased,3,edd,5.099999725644011e-06,1000794.5665126209,394.5665126208586,0.0,4.0,0.0,1.0
rc108C15,2,8,phased,3,sweep,4.800000169780105e-06,783.8828502032184,383.88285020321837,0.0,4.0,1.0,0.0
rc108C15,2,8,phased,3,nearest,1.6900000446185004e-05,844.4179770167668,437.02831226330886,0.7389664753457907,4.0,1.0,0.0
rc108C15,2,8,phased,3,grasp,0.0008377999993172125,774.7938554887689,374.7938554887689,0.0,4.0,1.0,0.0
rc108C15,2,8,phased,3,mp_eavns,0.03307070000028034,771.7851578850427,371.7851578850427,0.0,4.0,1.0,0.0
rc108C15,2,8,all,5,edd,5.500000042957254e-06,1000794.5665126209,394.5665126208586,0.0,4.0,0.0,1.0
rc108C15,2,8,all,5,sweep,5.199999577598646e-06,767.2982234916635,367.2982234916636,0.0,4.0,1.0,0.0
rc108C15,2,8,all,5,nearest,1.739999970595818e-05,844.4179770167668,437.02831226330886,0.7389664753457907,4.0,1.0,0.0
rc108C15,2,8,all,5,grasp,0.0006757000001016422,759.1085552143657,359.1085552143656,0.0,4.0,1.0,0.0
rc108C15,2,8,all,5,mp_eavns,0.03432080000038695,759.1085552143657,359.10855521436565,0.0,4.0,1.0,0.0
rc108C15,3,12,depot,1,edd,8.400000297115184e-06,3001561.8348672194,757.5092693807895,30.432559783868044,5.0,3.0,3.0
rc108C15,3,12,depot,1,sweep,6.199999916134402e-06,2001136.7172597605,536.717259760395,0.0,6.0,0.0,2.0
rc108C15,3,12,depot,1,nearest,4.150000040681334e-05,3001214.3546553776,614.3546553776144,0.0,6.0,0.0,3.0
rc108C15,3,12,depot,1,grasp,0.0012672000002567074,1001225.8240143172,625.8240143172426,0.0,6.0,1.0,1.0
rc108C15,3,12,depot,1,mp_eavns,0.052639499999713735,1001051.5295323088,551.5295323088644,0.0,5.0,1.0,1.0
rc108C15,3,12,phased,4,edd,7.3999999585794285e-06,1002366.5219649149,786.3593650554725,108.01625998594412,5.0,5.0,1.0
rc108C15,3,12,phased,4,sweep,7.199999345175456e-06,1163.4099490577914,563.4099490577916,0.0,6.0,1.0,0.0
rc108C15,3,12,phased,4,nearest,2.919999951700447e-05,1243.3560782682107,635.9664135147528,0.7389664753457907,6.0,2.0,0.0
rc108C15,3,12,phased,4,grasp,0.0017294999997830018,1058.0447937548533,558.0447937548532,0.0,5.0,2.0,0.0
rc108C15,3,12,phased,4,mp_eavns,0.06398910000007163,1058.0447937548533,558.0447937548532,0.0,5.0,2.0,0.0
rc108C15,3,12,all,5,edd,6.399999620043673e-06,1002366.5219649149,786.3593650554725,108.01625998594412,5.0,5.0,1.0
rc108C15,3,12,all,5,sweep,7.200000254670158e-06,1137.2556690814638,537.2556690814638,0.0,6.0,1.0,0.0
rc108C15,3,12,all,5,nearest,3.04000004689442e-05,1243.3560782682107,635.9664135147528,0.7389664753457907,6.0,2.0,0.0
rc108C15,3,12,all,5,grasp,0.0017723999999361695,1117.1334552343023,617.1334552343025,0.0,5.0,4.0,0.0
rc108C15,3,12,all,5,mp_eavns,0.09686599999986356,1049.1732094723739,549.173209472374,0.0,5.0,2.0,0.0
rc108C15,4,15,depot,1,edd,1.2700000297627412e-05,3002893.1536708567,989.00972177124,120.41439490856726,7.0,5.0,3.0
rc108C15,4,15,depot,1,sweep,1.0099999599333387e-05,2001151.889634765,551.8896347648837,0.0,6.0,0.0,2.0
rc108C15,4,15,depot,1,nearest,6.98000003467314e-05,5001557.422467306,730.606456759671,22.681601054627635,6.0,1.0,5.0
rc108C15,4,15,depot,1,grasp,0.004396000000269851,1002454.4556551138,868.4471943916653,98.60084607221813,6.0,5.0,1.0
rc108C15,4,15,depot,1,mp_eavns,0.13090289999945526,1001166.7019073133,566.7019073133531,0.0,6.0,0.0,1.0
rc108C15,4,15,phased,5,edd,1.2800000149582047e-05,1002612.8867219085,979.3997868905275,93.34869350179684,7.0,5.0,1.0
rc108C15,4,15,phased,5,sweep,1.120000069931848e-05,1152.4280440859525,552.4280440859525,0.0,6.0,1.0,0.0
rc108C15,4,15,phased,5,nearest,7.100000038917642e-05,1595.3095362378976,768.4935256916214,22.681601054627635,6.0,5.0,0.0
rc108C15,4,15,phased,5,grasp,0.006968099999539845,1246.4816016472976,646.4816016472976,0.0,6.0,3.0,0.0
rc108C15,4,15,phased,5,mp_eavns,0.17876049999995303,1143.169182310724,543.1691823107241,0.0,6.0,1.0,0.0
rc108C15,4,15,all,5,edd,1.3500000022759195e-05,1002612.8867219085,979.3997868905275,93.34869350179684,7.0,5.0,1.0
rc108C15,4,15,all,5,sweep,1.3099999705445953e-05,1152.4280440859525,552.4280440859525,0.0,6.0,1.0,0.0
rc108C15,4,15,all,5,nearest,6.070000017643906e-05,1595.3095362378976,768.4935256916214,22.681601054627635,6.0,5.0,0.0
rc108C15,4,15,all,5,grasp,0.004512999999860767,1311.4142599161958,711.4142599161958,0.0,6.0,3.0,0.0
rc108C15,4,15,all,5,mp_eavns,0.17751959999986866,1143.169182310724,543.1691823107241,0.0,6.0,1.0,0.0
rc108C5,1,2,depot,1,edd,5.4000001910026185e-06,374.9202874478924,174.92028744789238,0.0,2.0,0.0,0.0
rc108C5,1,2,depot,1,sweep,3.899999683198985e-06,374.92028744789235,174.92028744789235,0.0,2.0,0.0,0.0
rc108C5,1,2,depot,1,nearest,1.4299999747890979e-05,374.92028744789235,174.92028744789235,0.0,2.0,0.0,0.0
rc108C5,1,2,depot,1,grasp,0.0002590000003692694,374.92028744789235,174.92028744789235,0.0,2.0,0.0,0.0
rc108C5,1,2,depot,1,mp_eavns,0.0023692000004302827,374.92028744789235,174.92028744789235,0.0,2.0,0.0,0.0
rc108C5,1,2,phased,2,edd,4.300000000512227e-06,374.9202874478924,174.92028744789238,0.0,2.0,0.0,0.0
rc108C5,1,2,phased,2,sweep,4.599999556376133e-06,374.92028744789235,174.92028744789235,0.0,2.0,0.0,0.0
rc108C5,1,2,phased,2,nearest,8.300000445160549e-06,374.92028744789235,174.92028744789235,0.0,2.0,0.0,0.0
rc108C5,1,2,phased,2,grasp,0.00025580000055924756,374.92028744789235,174.92028744789235,0.0,2.0,0.0,0.0
rc108C5,1,2,phased,2,mp_eavns,0.0020973000000594766,374.92028744789235,174.92028744789235,0.0,2.0,0.0,0.0
rc108C5,1,2,all,4,edd,3.5000002753804438e-06,374.9202874478924,174.92028744789238,0.0,2.0,0.0,0.0
rc108C5,1,2,all,4,sweep,2.899999344663229e-06,374.92028744789235,174.92028744789235,0.0,2.0,0.0,0.0
rc108C5,1,2,all,4,nearest,6.8999997893115506e-06,374.92028744789235,174.92028744789235,0.0,2.0,0.0,0.0
rc108C5,1,2,all,4,grasp,0.00012889999925391749,374.92028744789235,174.92028744789235,0.0,2.0,0.0,0.0
rc108C5,1,2,all,4,mp_eavns,0.0012381999995341175,374.92028744789235,174.92028744789235,0.0,2.0,0.0,0.0
rc108C5,2,3,depot,1,edd,3.000000106112566e-06,1000410.0292275507,210.02922755073246,0.0,2.0,0.0,1.0
rc108C5,2,3,depot,1,sweep,2.4000000848900527e-06,1000410.0292275507,210.02922755073246,0.0,2.0,0.0,1.0
rc108C5,2,3,depot,1,nearest,6.199999916134402e-06,1000432.2888874515,232.28888745147333,0.0,2.0,0.0,1.0
rc108C5,2,3,depot,1,grasp,0.00019500000053085387,1000410.0292275507,210.02922755073246,0.0,2.0,0.0,1.0
rc108C5,2,3,depot,1,mp_eavns,0.009701799999675131,564.9202874478924,264.92028744789235,0.0,3.0,0.0,0.0
rc108C5,2,3,phased,3,edd,6.999999641266186e-06,1000410.0292275507,210.02922755073246,0.0,2.0,0.0,1.0
rc108C5,2,3,phased,3,sweep,6.50000038149301e-06,1000410.0292275507,210.02922755073246,0.0,2.0,0.0,1.0
rc108C5,2,3,phased,3,nearest,1.3300000318849925e-05,1000432.2888874515,232.28888745147333,0.0,2.0,0.0,1.0
rc108C5,2,3,phased,3,grasp,0.00037770000017189886,410.72690350073043,210.72690350073043,0.0,2.0,1.0,0.0
rc108C5,2,3,phased,3,mp_eavns,0.006481299999904877,410.7269035007304,210.7269035007304,0.0,2.0,1.0,0.0
rc108C5,2,3,all,4,edd,7.200000254670158e-06,1000410.0292275507,210.02922755073246,0.0,2.0,0.0,1.0
rc108C5,2,3,all,4,sweep,8.50000014906982e-06,1000410.0292275507,210.02922755073246,0.0,2.0,0.0,1.0
rc108C5,2,3,all,4,nearest,1.5699999494245276e-05,1000432.2888874515,232.28888745147333,0.0,2.0,0.0,1.0
rc108C5,2,3,all,4,grasp,0.00040580000040790765,410.72690350073043,210.72690350073043,0.0,2.0,1.0,0.0
rc108C5,2,3,all,4,mp_eavns,0.007117399999515328,410.7269035007304,210.7269035007304,0.0,2.0,1.0,0.0
rc108C5,3,4,depot,1,edd,6.000000212225132e-06,686.4327609857776,359.7886172529437,2.6644143732833925,3.0,1.0,0.0
rc108C5,3,4,depot,1,sweep,5.4000001910026185e-06,1000604.8975573558,304.8975573557839,0.0,3.0,0.0,1.0
rc108C5,3,4,depot,1,nearest,1.7800000023271423e-05,1000627.1572172565,327.1572172565247,0.0,3.0,0.0,1.0
rc108C5,3,4,depot,1,grasp,0.0005244000003585825,686.4327609857777,359.78861725294377,2.6644143732833925,3.0,1.0,0.0
rc108C5,3,4,depot,1,mp_eavns,0.011457999999947788,659.7886172529438,359.78861725294377,0.0,3.0,1.0,0.0
rc108C5,3,4,phased,4,edd,5.300000339047983e-06,621.4426606060069,321.4426606060069,0.0,3.0,1.0,0.0
rc108C5,3,4,phased,4,sweep,5.7999995988211595e-06,1000604.8975573558,304.8975573557839,0.0,3.0,0.0,1.0
rc108C5,3,4,phased,4,nearest,1.1799999811046291e-05,1000627.1572172565,327.1572172565247,0.0,3.0,0.0,1.0
rc108C5,3,4,phased,4,grasp,0.0003392999997231527,516.295604047199,316.29560404719905,0.0,2.0,3.0,0.0
rc108C5,3,4,phased,4,mp_eavns,0.00749679999989894,516.295604047199,316.29560404719905,0.0,2.0,3.0,0.0
rc108C5,3,4,all,4,edd,3.2999996619764715e-06,621.4426606060069,321.4426606060069,0.0,3.0,1.0,0.0
rc108C5,3,4,all,4,sweep,2.8000004022032954e-06,1000604.8975573558,304.8975573557839,0.0,3.0,0.0,1.0
rc108C5,3,4,all,4,nearest,1.089999932446517e-05,1000627.1572172565,327.1572172565247,0.0,3.0,0.0,1.0
rc108C5,3,4,all,4,grasp,0.00032579999970039353,516.295604047199,316.29560404719905,0.0,2.0,3.0,0.0
rc108C5,3,4,all,4,mp_eavns,0.01327560000027006,516.295604047199,316.29560404719905,0.0,2.0,3.0,0.0
rc108C5,4,5,depot,1,edd,7.3999999585794285e-06,1000735.1057161655,408.46157243268635,2.6644143732833925,3.0,1.0,1.0
rc108C5,4,5,depot,1,sweep,4.900000021734741e-06,2000611.2427612687,311.242761268684,0.0,3.0,0.0,2.0
rc108C5,4,5,depot,1,nearest,2.1600000764010474e-05,2000633.5024211693,333.50242116942485,0.0,3.0,0.0,2.0
rc108C5,4,5,depot,1,grasp,0.0006637999995291466,1001153.5418103952,372.42791661830574,48.11138937768385,3.0,1.0,1.0
rc108C5,4,5,depot,1,mp_eavns,0.03731080000034126,810.7788123888715,410.7788123888716,0.0,4.0,1.0,0.0
rc108C5,4,5,phased,4,edd,5.699999746866524e-06,1000670.1156157857,370.11561578574947,0.0,3.0,1.0,1.0
rc108C5,4,5,phased,4,sweep,5.7999995988211595e-06,2000611.2427612687,311.242761268684,0.0,3.0,0.0,2.0
rc108C5,4,5,phased,4,nearest,2.3600000531587284e-05,1000637.5617190886,337.5617190885819,0.0,3.0,1.0,1.0
rc108C5,4,5,phased,4,grasp,0.00039650000053370604,615.999735137839,315.999735137839,0.0,3.0,2.0,0.0
rc108C5,4,5,phased,4,mp_eavns,0.017066599999452592,615.999735137839,315.999735137839,0.0,3.0,2.0,0.0
rc108C5,4,5,all,4,edd,5.7999995988211595e-06,1000670.1156157857,370.11561578574947,0.0,3.0,1.0,1.0
rc108C5,4,5,all,4,sweep,5.800000508315861e-06,2000611.2427612687,311.242761268684,0.0,3.0,0.0,2.0
rc108C5,4,5,all,4,nearest,1.3800000488117803e-05,1000637.5617190886,337.5617190885819,0.0,3.0,1.0,1.0
rc108C5,4,5,all,4,grasp,0.00037759999941044953,615.999735137839,315.999735137839,0.0,3.0,2.0,0.0
rc108C5,4,5,all,4,mp_eavns,0.014841800000795047,615.999735137839,315.999735137839,0.0,3.0,2.0,0.0
rc201C10,1,3,depot,1,edd,5.599999894911889e-06,1000395.3377238365,195.33772383653607,0.0,2.0,0.0,1.0
rc201C10,1,3,depot,1,sweep,5.2999994295532815e-06,1000374.7625802943,174.7625802942448,0.0,2.0,0.0,1.0
rc201C10,1,3,depot,1,nearest,1.4299999747890979e-05,366.88105878004546,166.8810587800455,0.0,2.0,0.0,0.0
rc201C10,1,3,depot,1,grasp,0.0003484999997453997,366.88105878004546,166.8810587800455,0.0,2.0,0.0,0.0
rc201C10,1,3,depot,1,mp_eavns,0.0037559000002147513,366.88105878004546,166.8810587800455,0.0,2.0,0.0,0.0
rc201C10,1,3,phased,2,edd,3.6999999792897142e-06,1000395.3377238365,195.33772383653607,0.0,2.0,0.0,1.0
rc201C10,1,3,phased,2,sweep,3.499999365885742e-06,374.82876561036073,174.8287656103607,0.0,2.0,1.0,0.0
rc201C10,1,3,phased,2,nearest,7.700000423938036e-06,366.88105878004546,166.8810587800455,0.0,2.0,0.0,0.0
rc201C10,1,3,phased,2,grasp,0.0001843999998527579,366.88105878004546,166.8810587800455,0.0,2.0,0.0,0.0
rc201C10,1,3,phased,2,mp_eavns,0.0037963999993735342,366.88105878004546,166.8810587800455,0.0,2.0,0.0,0.0
rc201C10,1,3,all,4,edd,2.599999788799323e-06,1000395.3377238365,195.33772383653607,0.0,2.0,0.0,1.0
rc201C10,1,3,all,4,sweep,2.499999936844688e-06,374.82876561036073,174.8287656103607,0.0,2.0,1.0,0.0
rc201C10,1,3,all,4,nearest,6.600000233447645e-06,366.88105878004546,166.8810587800455,0.0,2.0,0.0,0.0
rc201C10,1,3,all,4,grasp,0.0001925999995364691,366.88105878004546,166.8810587800455,0.0,2.0,0.0,0.0
rc201C10,1,3,all,4,mp_eavns,0.004018499999801861,366.88105878004546,166.8810587800455,0.0,2.0,0.0,0.0
rc201C10,2,5,depot,1,edd,4.100000296602957e-06,3000444.445945393,244.44594539261848,0.0,2.0,0.0,3.0
rc201C10,2,5,depot,1,sweep,3.000000106112566e-06,1000391.0998263939,191.09982639391123,0.0,2.0,0.0,1.0
rc201C10,2,5,depot,1,nearest,1.1999999514955562e-05,8781.713560005952,215.35744316677417,836.6356116839178,2.0,1.0,0.0
rc201C10,2,5,depot,1,grasp,0.000661000000036438,3581.158545105427,215.35744316677417,316.58011019386527,2.0,1.0,0.0
rc201C10,2,5,depot,1,mp_eavns,0.015012399999250192,515.3574431667741,215.35744316677417,0.0,3.0,0.0,0.0
rc201C10,2,5,phased,3,edd,6.999999641266186e-06,3000444.445945393,244.44594539261848,0.0,2.0,0.0,3.0
rc201C10,2,5,phased,3,sweep,6.50000038149301e-06,391.16601171002713,191.16601171002713,0.0,2.0,1.0,0.0
rc201C10,2,5,phased,3,nearest,2.010000025620684e-05,8781.713560005952,215.35744316677417,836.6356116839178,2.0,1.0,0.0
rc201C10,2,5,phased,3,grasp,0.0013537000004362199,3581.158545105427,215.35744316677417,316.58011019386527,2.0,1.0,0.0
rc201C10,2,5,phased,3,mp_eavns,0.015690799999902083,391.16601171002713,191.16601171002713,0.0,2.0,1.0,0.0
rc201C10,2,5,all,4,edd,4.499999704421498e-06,3000444.445945393,244.44594539261848,0.0,2.0,0.0,3.0
rc201C10,2,5,all,4,sweep,5.300000339047983e-06,391.16601171002713,191.16601171002713,0.0,2.0,1.0,0.0
rc201C10,2,5,all,4,nearest,1.2299999980314169e-05,8781.713560005952,215.35744316677417,836.6356116839178,2.0,1.0,0.0
rc201C10,2,5,all,4,grasp,0.0007627000004504225,3581.158545105427,215.35744316677417,316.58011019386527,2.0,1.0,0.0
rc201C10,2,5,all,4,mp_eavns,0.011396600000807666,391.16601171002713,191.16601171002713,0.0,2.0,1.0,0.0
rc201C10,3,8,depot,1,edd,6.799999937356915e-06,4000693.8341488168,393.83414881661037,0.0,3.0,0.0,4.0
rc201C10,3,8,depot,1,sweep,4.399999852466863e-06,2000619.853063488,319.8530634879423,0.0,3.0,0.0,2.0
rc201C10,3,8,depot,1,nearest,5.94000002820394e-05,1017343.9566001962,344.1106802608053,1669.9845919935362,3.0,1.0,1.0
rc201C10,3,8,depot,1,grasp,0.0036450999996304745,16970.250091438378,386.51406143973907,1628.373602999864,3.0,2.0,0.0
rc201C10,3,8,depot,1,mp_eavns,0.04599030000008497,717.9907256776803,317.99072567768036,0.0,4.0,0.0,0.0
rc201C10,3,8,phased,4,edd,5.200000487093348e-06,3000695.596176427,395.5961764267417,0.0,3.0,1.0,3.0
rc201C10,3,8,phased,4,sweep,5.500000042957254e-06,1000619.9192488041,319.9192488040582,0.0,3.0,1.0,1.0
rc201C10,3,8,phased,4,nearest,1.739999970595818e-05,1017343.9566001962,344.1106802608053,1669.9845919935362,3.0,1.0,1.0
rc201C10,3,8,phased,4,grasp,0.0021722999999838066,6022.319782107025,345.8727078709366,537.6447074236089,3.0,2.0,0.0
rc201C10,3,8,phased,4,mp_eavns,0.03885879999961617,621.6812764141896,321.68127641418954,0.0,3.0,2.0,0.0
rc201C10,3,8,all,4,edd,5.100000635138713e-06,3000695.596176427,395.5961764267417,0.0,3.0,1.0,3.0
rc201C10,3,8,all,4,sweep,5.599999894911889e-06,1000619.9192488041,319.9192488040582,0.0,3.0,1.0,1.0
rc201C10,3,8,all,4,nearest,3.120000019407598e-05,1017343.9566001962,344.1106802608053,1669.9845919935362,3.0,1.0,1.0
rc201C10,3,8,all,4,grasp,0.0025516999994579237,6022.319782107025,345.8727078709366,537.6447074236089,3.0,2.0,0.0
rc201C10,3,8,all,4,mp_eavns,0.040362099999583734,621.6812764141896,321.68127641418954,0.0,3.0,2.0,0.0
rc201C10,4,10,depot,1,edd,5.4000001910026185e-06,5000830.31137584,430.3113758396957,0.0,4.0,0.0,5.0
rc201C10,4,10,depot,1,sweep,4.300000000512227e-06,2003101.4538514554,358.2082982520083,234.3245553203368,4.0,0.0,2.0
rc201C10,4,10,depot,1,nearest,2.2199999875738285e-05,2024676.6759642744,372.07799412154424,2390.4597970152968,4.0,0.0,2.0
rc201C10,4,10,depot,1,grasp,0.0018447000002197456,6198.639664146584,418.4078994810976,538.0231764665486,4.0,1.0,0.0
rc201C10,4,10,depot,1,mp_eavns,0.05332319999979518,739.8327537361303,339.83275373613026,0.0,4.0,0.0,0.0
rc201C10,4,10,phased,4,edd,9.700000191514846e-06,4000832.0734034497,432.073403449827,0.0,4.0,1.0,4.0
rc201C10,4,10,phased,4,sweep,1.0099999599333387e-05,1003101.5200367715,358.27448356812425,234.3245553203368,4.0,1.0,1.0
rc201C10,4,10,phased,4,nearest,3.6299999919719994e-05,1024685.4775751766,380.8796050237053,2390.4597970152968,4.0,1.0,1.0
rc201C10,4,10,phased,4,grasp,0.005420100000264938,2178.451032392699,448.4510323926991,133.0,4.0,2.0,0.0
rc201C10,4,10,phased,4,mp_eavns,0.07030389999999898,752.3503816836325,352.35038168363246,0.0,4.0,1.0,0.0
rc201C10,4,10,all,4,edd,7.199999345175456e-06,4000832.0734034497,432.073403449827,0.0,4.0,1.0,4.0
rc201C10,4,10,all,4,sweep,7.600000571983401e-06,1003101.5200367715,358.27448356812425,234.3245553203368,4.0,1.0,1.0
rc201C10,4,10,all,4,nearest,2.6599999728205148e-05,1024685.4775751766,380.8796050237053,2390.4597970152968,4.0,1.0,1.0
rc201C10,4,10,all,4,grasp,0.0028451999996832456,2183.412277295511,453.41227729551105,133.0,4.0,2.0,0.0
rc201C10,4,10,all,4,mp_eavns,0.08629259999997885,752.3503816836325,352.35038168363246,0.0,4.0,1.0,0.0
rc202C15,1,4,depot,1,edd,5.2999994295532815e-06,355.4536629777351,155.45366297773512,0.0,2.0,0.0,0.0
rc202C15,1,4,depot,1,sweep,3.000000106112566e-06,329.7151874316648,129.7151874316648,0.0,2.0,0.0,0.0
rc202C15,1,4,depot,1,nearest,1.2900000001536682e-05,922.1863857057082,154.95555647254776,56.72308292331604,2.0,0.0,0.0
rc202C15,1,4,depot,1,grasp,0.0003197999994881684,355.4536629777351,155.45366297773512,0.0,2.0,0.0,0.0
rc202C15,1,4,depot,1,mp_eavns,0.012665100000049279,329.7151874316648,129.7151874316648,0.0,2.0,0.0,0.0
rc202C15,1,4,phased,2,edd,6.999999641266186e-06,355.4536629777351,155.45366297773512,0.0,2.0,0.0,0.0
rc202C15,1,4,phased,2,sweep,6.70000008540228e-06,329.7151874316648,129.7151874316648,0.0,2.0,0.0,0.0
rc202C15,1,4,phased,2,nearest,1.7800000023271423e-05,922.1863857057082,154.95555647254776,56.72308292331604,2.0,0.0,0.0
rc202C15,1,4,phased,2,grasp,0.00040469999930792255,329.7151874316648,129.7151874316648,0.0,2.0,0.0,0.0
rc202C15,1,4,phased,2,mp_eavns,0.011145099999339436,329.7151874316648,129.7151874316648,0.0,2.0,0.0,0.0
rc202C15,1,4,all,5,edd,6.799999937356915e-06,355.4536629777351,155.45366297773512,0.0,2.0,0.0,0.0
rc202C15,1,4,all,5,sweep,5.7999995988211595e-06,329.7151874316648,129.7151874316648,0.0,2.0,0.0,0.0
rc202C15,1,4,all,5,nearest,3.0500000320898835e-05,922.1863857057082,154.95555647254776,56.72308292331604,2.0,0.0,0.0
rc202C15,1,4,all,5,grasp,0.0005016999994040816,357.8901074197305,157.8901074197305,0.0,2.0,0.0,0.0
rc202C15,1,4,all,5,mp_eavns,0.008725499999854947,329.7151874316648,129.7151874316648,0.0,2.0,0.0,0.0
rc202C15,2,8,depot,1,edd,5.099999725644011e-06,2000660.123542216,360.12354221602345,0.0,3.0,1.0,2.0
rc202C15,2,8,depot,1,sweep,4.200000148557592e-06,1002733.274110335,242.56343221639605,219.07106781186553,3.0,0.0,1.0
rc202C15,2,8,depot,1,nearest,2.0599999515980016e-05,1000695.3940345806,297.20501483509435,9.818901974546634,3.0,0.0,1.0
rc202C15,2,8,depot,1,grasp,0.002196100000219303,567.7736875487167,267.77368754871674,0.0,3.0,0.0,0.0
rc202C15,2,8,depot,1,mp_eavns,0.041005699999914214,554.6488951878287,254.64889518782863,0.0,3.0,0.0,0.0
rc202C15,2,8,phased,3,edd,9.200000022246968e-06,2000635.8445522976,335.844552297673,0.0,3.0,1.0,2.0
rc202C15,2,8,phased,3,sweep,7.800000275892671e-06,1002733.274110335,242.56343221639605,219.07106781186553,3.0,0.0,1.0
rc202C15,2,8,phased,3,nearest,3.239999932702631e-05,1000695.3940345806,297.20501483509435,9.818901974546634,3.0,0.0,1.0
rc202C15,2,8,phased,3,grasp,0.0028223999997862848,554.6488951878287,254.64889518782863,0.0,3.0,0.0,0.0
rc202C15,2,8,phased,3,mp_eavns,0.03422690000024886,542.0935587447531,242.09355874475307,0.0,3.0,1.0,0.0
rc202C15,2,8,all,5,edd,6.70000008540228e-06,2000635.8445522976,335.844552297673,0.0,3.0,1.0,2.0
rc202C15,2,8,all,5,sweep,6.399999620043673e-06,1002733.274110335,242.56343221639605,219.07106781186553,3.0,0.0,1.0
rc202C15,2,8,all,5,nearest,2.0200000108161476e-05,1000695.3940345806,297.20501483509435,9.818901974546634,3.0,0.0,1.0
rc202C15,2,8,all,5,grasp,0.0017249000002266257,567.7736875487168,267.7736875487168,0.0,3.0,0.0,0.0
rc202C15,2,8,all,5,mp_eavns,0.04710670000076789,545.493437555827,245.49343755582694,0.0,3.0,1.0,0.0
rc202C15,3,12,depot,1,edd,1.0900000233959872e-05,2001112.230905831,612.230905831201,0.0,5.0,2.0,2.0
rc202C15,3,12,depot,1,sweep,8.299999535665847e-06,2010291.4098970126,443.10840067302894,934.8301496339526,5.0,0.0,2.0
rc202C15,3,12,depot,1,nearest,5.5700000302749686e-05,3011902.349649569,475.06450102776915,1102.728514854125,4.0,0.0,3.0
rc202C15,3,12,depot,1,grasp,0.005010300000321877,1169.2777634643044,571.0887437188379,9.818901974546634,5.0,2.0,0.0
rc202C15,3,12,depot,1,mp_eavns,0.1228185999998459,895.0540570460396,395.0540570460396,0.0,5.0,0.0,0.0
rc202C15,3,12,phased,4,edd,1.3799999578623101e-05,2001087.9519159128,587.9519159128506,0.0,5.0,2.0,2.0
rc202C15,3,12,phased,4,sweep,1.3699999726668466e-05,1010295.037357868,446.7358615285219,934.8301496339526,5.0,1.0,1.0
rc202C15,3,12,phased,4,nearest,4.830000034417026e-05,13153.384002694382,480.2790008603685,1227.3105001834015,4.0,2.0,0.0
rc202C15,3,12,phased,4,grasp,0.0093258999995669,842.3010016457042,442.3010016457042,0.0,4.0,2.0,0.0
rc202C15,3,12,phased,4,mp_eavns,0.12381120000009105,894.2318668955235,394.23186689552347,0.0,5.0,1.0,0.0
rc202C15,3,12,all,5,edd,1.7999999727180693e-05,2001087.9519159128,587.9519159128506,0.0,5.0,2.0,2.0
rc202C15,3,12,all,5,sweep,1.680000059423037e-05,1010295.037357868,446.7358615285219,934.8301496339526,5.0,1.0,1.0
rc202C15,3,12,all,5,nearest,4.8600000809528865e-05,13153.384002694382,480.2790008603685,1227.3105001834015,4.0,2.0,0.0
rc202C15,3,12,all,5,grasp,0.008065199999691686,958.8204709102066,458.8204709102066,0.0,5.0,2.0,0.0
rc202C15,3,12,all,5,mp_eavns,0.13231100000029983,894.2318668955235,394.23186689552347,0.0,5.0,1.0,0.0
rc202C15,4,15,depot,1,edd,7.3999999585794285e-06,7001379.359696006,779.3596960066002,0.0,6.0,1.0,7.0
rc202C15,4,15,depot,1,sweep,1.4700000065204222e-05,3010501.302208857,553.0007125177342,934.8301496339526,6.0,0.0,3.0
rc202C15,4,15,depot,1,nearest,3.97000003431458e-05,3016331.1681060367,559.0048960521567,1527.2163209984628,5.0,0.0,3.0
rc202C15,4,15,depot,1,grasp,0.005221400000664289,7327.929496862641,648.8295747966698,617.9099922065972,5.0,3.0,0.0
rc202C15,4,15,depot,1,mp_eavns,0.17658789999950386,1078.9944520704273,478.99445207042726,0.0,6.0,0.0,0.0
rc202C15,4,15,phased,5,edd,8.200000593205914e-06,2001396.0388484546,796.0388484546016,0.0,6.0,5.0,2.0
rc202C15,4,15,phased,5,sweep,7.499999810534064e-06,1010506.6868242762,558.3853279366934,934.8301496339526,6.0,2.0,1.0
rc202C15,4,15,phased,5,nearest,3.689999994094251e-05,17582.20245916215,564.2193958847561,1651.7983063277393,5.0,2.0,0.0
rc202C15,4,15,phased,5,grasp,0.005444899999929476,3212.1360098692103,731.2087880833758,198.09272217858347,5.0,5.0,0.0
rc202C15,4,15,phased,5,mp_eavns,0.23662309999963327,1113.6966054362256,613.6966054362257,0.0,5.0,4.0,0.0
rc202C15,4,15,all,5,edd,1.359999987471383e-05,2001396.0388484546,796.0388484546016,0.0,6.0,5.0,2.0
rc202C15,4,15,all,5,sweep,1.430000065738568e-05,1010506.6868242762,558.3853279366934,934.8301496339526,6.0,2.0,1.0
rc202C15,4,15,all,5,nearest,5.9500000133994035e-05,17582.20245916215,564.2193958847561,1651.7983063277393,5.0,2.0,0.0
rc202C15,4,15,all,5,grasp,0.011554899999282497,2379.688437312895,627.036345389036,115.2652091923859,6.0,3.0,0.0
rc202C15,4,15,all,5,mp_eavns,0.22773810000035155,1047.9883406379747,547.9883406379747,0.0,5.0,2.0,0.0
rc204C15,1,4,depot,1,edd,6.100000064179767e-06,1000541.928009401,241.92800940097928,0.0,3.0,0.0,1.0
rc204C15,1,4,depot,1,sweep,4.399999852466863e-06,1000396.3679896725,196.36798967243485,0.0,2.0,0.0,1.0
rc204C15,1,4,depot,1,nearest,1.7100000150094274e-05,1000404.0897094592,204.0897094592362,0.0,2.0,0.0,1.0
rc204C15,1,4,depot,1,grasp,0.00047339999946416356,1000396.3679896725,196.36798967243485,0.0,2.0,0.0,1.0
rc204C15,1,4,depot,1,mp_eavns,0.008227000000260887,1000396.3679896725,196.36798967243485,0.0,2.0,0.0,1.0
rc204C15,1,4,phased,3,edd,8.199999683711212e-06,544.0978214276549,244.09782142765494,0.0,3.0,1.0,0.0
rc204C15,1,4,phased,3,sweep,6.399999620043673e-06,400.09857348483416,200.09857348483416,0.0,2.0,1.0,0.0
rc204C15,1,4,phased,3,nearest,1.6199999663513154e-05,404.77959998980714,204.7795999898071,0.0,2.0,1.0,0.0
rc204C15,1,4,phased,3,grasp,0.0005186999997022212,400.0985734848341,200.09857348483413,0.0,2.0,1.0,0.0
rc204C15,1,4,phased,3,mp_eavns,0.0087586999998166,400.0985734848341,200.09857348483413,0.0,2.0,1.0,0.0
rc204C15,1,4,all,7,edd,5.4000001910026185e-06,544.0978214276549,244.09782142765494,0.0,3.0,1.0,0.0
rc204C15,1,4,all,7,sweep,4.999999873689376e-06,400.09857348483416,200.09857348483416,0.0,2.0,1.0,0.0
rc204C15,1,4,all,7,nearest,1.1300000551273115e-05,404.77959998980714,204.7795999898071,0.0,2.0,1.0,0.0
rc204C15,1,4,all,7,grasp,0.00031059999946592143,400.0985734848341,200.09857348483413,0.0,2.0,1.0,0.0
rc204C15,1,4,all,7,mp_eavns,0.011622900000475056,400.0985734848341,200.09857348483413,0.0,2.0,1.0,0.0
rc204C15,2,8,depot,1,edd,9.399999726156238e-06,3000774.7587900986,374.75879009878486,0.0,4.0,0.0,3.0
rc204C15,2,8,depot,1,sweep,7.999999979801942e-06,1000762.7201426846,362.7201426846383,0.0,4.0,0.0,1.0
rc204C15,2,8,depot,1,nearest,3.2500000088475645e-05,3000804.052803657,404.05280365719443,0.0,4.0,0.0,3.0
rc204C15,2,8,depot,1,grasp,0.0009894999993775855,1000783.9204132424,383.92041324247293,0.0,4.0,0.0,1.0
rc204C15,2,8,depot,1,mp_eavns,0.06814929999927699,1000750.8751367448,350.8751367448705,0.0,4.0,0.0,1.0
rc204C15,2,8,phased,4,edd,1.1000000085914508e-05,776.1312067449837,376.13120674498373,0.0,4.0,1.0,0.0
rc204C15,2,8,phased,4,sweep,9.699999282020144e-06,766.4507264970376,366.45072649703764,0.0,4.0,1.0,0.0
rc204C15,2,8,phased,4,nearest,3.079999987676274e-05,840.3829153645644,440.3829153645644,0.0,4.0,3.0,0.0
rc204C15,2,8,phased,4,grasp,0.0012865999997302424,764.5538054968183,364.5538054968183,0.0,4.0,2.0,0.0
rc204C15,2,8,phased,4,mp_eavns,0.057765099999414815,760.2000922889712,360.2000922889712,0.0,4.0,1.0,0.0
rc204C15,2,8,all,7,edd,6.999999641266186e-06,776.1312067449837,376.13120674498373,0.0,4.0,1.0,0.0
rc204C15,2,8,all,7,sweep,6.299999768089037e-06,766.4507264970376,366.45072649703764,0.0,4.0,1.0,0.0
rc204C15,2,8,all,7,nearest,2.080000012938399e-05,840.3829153645644,440.3829153645644,0.0,4.0,3.0,0.0
rc204C15,2,8,all,7,grasp,0.001070899999831454,765.1854972892022,365.1854972892022,0.0,4.0,1.0,0.0
rc204C15,2,8,all,7,mp_eavns,0.043504899999788904,760.2000922889712,360.2000922889712,0.0,4.0,1.0,0.0
rc204C15,3,12,depot,1,edd,6.400000529538374e-06,2001225.4434630051,625.4434630050248,0.0,6.0,1.0,2.0
rc204C15,3,12,depot,1,sweep,4.5000006139162e-06,1001161.9277009637,561.9277009637187,0.0,6.0,1.0,1.0
rc204C15,3,12,depot,1,nearest,2.879999919969123e-05,2007909.5999965395,593.6987176806629,681.5901278858836,5.0,1.0,2.0
rc204C15,3,12,depot,1,grasp,0.001351799999611103,1001130.8382570929,630.8382570928801,0.0,5.0,2.0,1.0
rc204C15,3,12,depot,1,mp_eavns,0.11909099999957107,1001032.1236793539,532.1236793538337,0.0,5.0,1.0,1.0
rc204C15,3,12,phased,6,edd,1.0300000212737359e-05,1001244.5830954642,644.5830954641916,0.0,6.0,2.0,1.0
rc204C15,3,12,phased,6,sweep,9.60000033956021e-06,1165.658284776118,565.6582847761181,0.0,6.0,2.0,0.0
rc204C15,3,12,phased,6,nearest,6.399999983841553e-05,7847.726048989894,601.3516654028602,674.6374383587033,5.0,3.0,0.0
rc204C15,3,12,phased,6,grasp,0.0029623000000356114,1103.4619451908284,603.4619451908284,0.0,5.0,3.0,0.0
rc204C15,3,12,phased,6,mp_eavns,0.17824530000052619,1034.6611072133628,534.6611072133627,0.0,5.0,4.0,0.0
rc204C15,3,12,all,7,edd,8.50000014906982e-06,1001244.5830954642,644.5830954641916,0.0,6.0,2.0,1.0
rc204C15,3,12,all,7,sweep,8.799999704933725e-06,1165.658284776118,565.6582847761181,0.0,6.0,2.0,0.0
rc204C15,3,12,all,7,nearest,3.200000082870247e-05,7847.726048989894,601.3516654028602,674.6374383587033,5.0,3.0,0.0
rc204C15,3,12,all,7,grasp,0.0015469999998458661,1086.063866730233,586.063866730233,0.0,5.0,4.0,0.0
rc204C15,3,12,all,7,mp_eavns,0.20833519999996497,1054.7608817353384,554.7608817353384,0.0,5.0,3.0,0.0
rc204C15,4,15,depot,1,edd,1.0900000233959872e-05,2001619.5519003496,819.5519003495268,0.0,8.0,2.0,2.0
rc204C15,4,15,depot,1,sweep,9.899999895424116e-06,1001343.3203862417,643.3203862416136,0.0,7.0,1.0,1.0
rc204C15,4,15,depot,1,nearest,7.199999981821747e-05,3007111.7133949064,699.7886398076008,581.1924755098942,6.0,1.0,3.0
rc204C15,4,15,depot,1,grasp,0.002709599999434431,3001294.587215625,694.587215625392,0.0,6.0,1.0,3.0
rc204C15,4,15,depot,1,mp_eavns,0.20074050000039279,1001316.3084383089,616.3084383088772,0.0,7.0,0.0,1.0
rc204C15,4,15,phased,7,edd,1.06999996205559e-05,1620.7463264309963,820.7463264309964,0.0,8.0,4.0,0.0
rc204C15,4,15,phased,7,sweep,1.1299999641778413e-05,1347.0509700540129,647.050970054013,0.0,7.0,2.0,0.0
rc204C15,4,15,phased,7,nearest,6.680000024061883e-05,1007125.6243018187,713.699546719693,581.1924755098942,6.0,3.0,1.0
rc204C15,4,15,phased,7,grasp,0.0035325999997439794,1282.8288683639803,682.8288683639803,0.0,6.0,3.0,0.0
rc204C15,4,15,phased,7,mp_eavns,0.1471172999999908,1247.8494564691111,647.8494564691111,0.0,6.0,2.0,0.0
rc204C15,4,15,all,7,edd,1.4399999599845614e-05,1620.7463264309963,820.7463264309964,0.0,8.0,4.0,0.0
rc204C15,4,15,all,7,sweep,1.359999987471383e-05,1347.0509700540129,647.050970054013,0.0,7.0,2.0,0.0
rc204C15,4,15,all,7,nearest,6.029999985912582e-05,1007125.6243018187,713.699546719693,581.1924755098942,6.0,3.0,1.0
rc204C15,4,15,all,7,grasp,0.002988100000038685,1239.9096463885637,639.9096463885637,0.0,6.0,4.0,0.0
rc204C15,4,15,all,7,mp_eavns,0.28028180000001157,1325.6333938529779,625.6333938529779,0.0,7.0,1.0,0.0
rc204C5,1,2,depot,1,edd,6.399999620043673e-06,370.1887826144448,170.18878261444482,0.0,2.0,0.0,0.0
rc204C5,1,2,depot,1,sweep,8.799999704933725e-06,370.1887826144448,170.18878261444482,0.0,2.0,0.0,0.0
rc204C5,1,2,depot,1,nearest,1.559999964229064e-05,370.1887826144448,170.18878261444482,0.0,2.0,0.0,0.0
rc204C5,1,2,depot,1,grasp,0.0002961000000141212,370.1887826144448,170.18878261444482,0.0,2.0,0.0,0.0
rc204C5,1,2,depot,1,mp_eavns,0.0024192999999286258,370.1887826144448,170.18878261444482,0.0,2.0,0.0,0.0
rc204C5,1,2,phased,2,edd,5.699999746866524e-06,370.1887826144448,170.18878261444482,0.0,2.0,0.0,0.0
rc204C5,1,2,phased,2,sweep,7.79999936639797e-06,370.1887826144448,170.18878261444482,0.0,2.0,0.0,0.0
rc204C5,1,2,phased,2,nearest,1.0700000530050602e-05,370.1887826144448,170.18878261444482,0.0,2.0,0.0,0.0
rc204C5,1,2,phased,2,grasp,0.00025969999933295185,370.1887826144448,170.18878261444482,0.0,2.0,0.0,0.0
rc204C5,1,2,phased,2,mp_eavns,0.002338199999940116,370.1887826144448,170.18878261444482,0.0,2.0,0.0,0.0
rc204C5,1,2,all,4,edd,4.900000021734741e-06,370.1887826144448,170.18878261444482,0.0,2.0,0.0,0.0
rc204C5,1,2,all,4,sweep,4.300000000512227e-06,370.1887826144448,170.18878261444482,0.0,2.0,0.0,0.0
rc204C5,1,2,all,4,nearest,1.049999991664663e-05,370.1887826144448,170.18878261444482,0.0,2.0,0.0,0.0
rc204C5,1,2,all,4,grasp,0.00025939999977708794,370.1887826144448,170.18878261444482,0.0,2.0,0.0,0.0
rc204C5,1,2,all,4,mp_eavns,0.0023080999999365304,370.1887826144448,170.18878261444482,0.0,2.0,0.0,0.0
rc204C5,2,3,depot,1,edd,5.199999577598646e-06,370.19140900632414,170.19140900632414,0.0,2.0,0.0,0.0
rc204C5,2,3,depot,1,sweep,4.300000000512227e-06,370.19140900632414,170.19140900632414,0.0,2.0,0.0,0.0
rc204C5,2,3,depot,1,nearest,1.2900000001536682e-05,370.19140900632414,170.19140900632414,0.0,2.0,0.0,0.0
rc204C5,2,3,depot,1,grasp,0.0003467999995336868,370.19140900632414,170.19140900632414,0.0,2.0,0.0,0.0
rc204C5,2,3,depot,1,mp_eavns,0.0056815000007190974,370.19140900632414,170.19140900632414,0.0,2.0,0.0,0.0
rc204C5,2,3,phased,3,edd,6.50000038149301e-06,370.19140900632414,170.19140900632414,0.0,2.0,0.0,0.0
rc204C5,2,3,phased,3,sweep,5.7999995988211595e-06,370.19140900632414,170.19140900632414,0.0,2.0,0.0,0.0
rc204C5,2,3,phased,3,nearest,1.2999999853491317e-05,370.19140900632414,170.19140900632414,0.0,2.0,0.0,0.0
rc204C5,2,3,phased,3,grasp,0.0003390000001672888,370.19140900632414,170.19140900632414,0.0,2.0,0.0,0.0
rc204C5,2,3,phased,3,mp_eavns,0.005542800000512216,370.19140900632414,170.19140900632414,0.0,2.0,0.0,0.0
rc204C5,2,3,all,4,edd,6.400000529538374e-06,370.19140900632414,170.19140900632414,0.0,2.0,0.0,0.0
rc204C5,2,3,all,4,sweep,7.5000007200287655e-06,370.19140900632414,170.19140900632414,0.0,2.0,0.0,0.0
rc204C5,2,3,all,4,nearest,1.449999945180025e-05,370.19140900632414,170.19140900632414,0.0,2.0,0.0,0.0
rc204C5,2,3,all,4,grasp,0.00037909999991825316,370.19140900632414,170.19140900632414,0.0,2.0,0.0,0.0
rc204C5,2,3,all,4,mp_eavns,0.005628599999909056,370.19140900632414,170.19140900632414,0.0,2.0,0.0,0.0
rc204C5,3,4,depot,1,edd,5.700000656361226e-06,494.2745981639087,194.2745981639087,0.0,3.0,0.0,0.0
rc204C5,3,4,depot,1,sweep,4.800000169780105e-06,494.2745981639087,194.2745981639087,0.0,3.0,0.0,0.0
rc204C5,3,4,depot,1,nearest,1.5900000107649248e-05,1000391.7777729199,191.77777291984222,0.0,2.0,0.0,1.0
rc204C5,3,4,depot,1,grasp,0.0004644999999072752,395.34240218298805,195.34240218298802,0.0,2.0,1.0,0.0
rc204C5,3,4,depot,1,mp_eavns,0.010580000000118162,395.34240218298805,195.34240218298802,0.0,2.0,1.0,0.0
rc204C5,3,4,phased,4,edd,8.300000445160549e-06,494.2745981639087,194.2745981639087,0.0,3.0,0.0,0.0
rc204C5,3,4,phased,4,sweep,6.999999641266186e-06,494.2745981639087,194.2745981639087,0.0,3.0,0.0,0.0
rc204C5,3,4,phased,4,nearest,1.680000059423037e-05,391.77797074217864,191.77797074217864,0.0,2.0,1.0,0.0
rc204C5,3,4,phased,4,grasp,0.0005529000000024098,391.3182533001294,191.31825330012944,0.0,2.0,1.0,0.0
rc204C5,3,4,phased,4,mp_eavns,0.01325399999950605,391.3182533001294,191.31825330012944,0.0,2.0,1.0,0.0
rc204C5,3,4,all,4,edd,7.0000005507608876e-06,494.2745981639087,194.2745981639087,0.0,3.0,0.0,0.0
rc204C5,3,4,all,4,sweep,6.999999641266186e-06,494.2745981639087,194.2745981639087,0.0,3.0,0.0,0.0
rc204C5,3,4,all,4,nearest,1.700000029813964e-05,391.77797074217864,191.77797074217864,0.0,2.0,1.0,0.0
rc204C5,3,4,all,4,grasp,0.0005328000006556977,391.3182533001294,191.31825330012944,0.0,2.0,1.0,0.0
rc204C5,3,4,all,4,mp_eavns,0.012879300000349758,391.3182533001294,191.31825330012944,0.0,2.0,1.0,0.0
rc204C5,4,5,depot,1,edd,7.199999345175456e-06,666.3856236731885,266.38562367318855,0.0,4.0,0.0,0.0
rc204C5,4,5,depot,1,sweep,5.300000339047983e-06,554.6890657861588,254.6890657861589,0.0,3.0,0.0,0.0
rc204C5,4,5,depot,1,nearest,2.100000074278796e-05,554.689065786159,254.68906578615895,0.0,3.0,0.0,0.0
rc204C5,4,5,depot,1,grasp,0.0005501000005097012,554.689065786159,254.68906578615895,0.0,3.0,0.0,0.0
rc204C5,4,5,depot,1,mp_eavns,0.00990879999972094,554.6890657861588,254.6890657861589,0.0,3.0,0.0,0.0
rc204C5,4,5,phased,4,edd,5.699999746866524e-06,666.3856236731885,266.38562367318855,0.0,4.0,0.0,0.0
rc204C5,4,5,phased,4,sweep,5.500000042957254e-06,554.6890657861588,254.6890657861589,0.0,3.0,0.0,0.0
rc204C5,4,5,phased,4,nearest,1.3999999282532372e-05,554.689065786159,254.68906578615895,0.0,3.0,0.0,0.0
rc204C5,4,5,phased,4,grasp,0.0003526999998939573,554.689065786159,254.68906578615895,0.0,3.0,0.0,0.0
rc204C5,4,5,phased,4,mp_eavns,0.00949780000064493,554.6890657861588,254.6890657861589,0.0,3.0,0.0,0.0
rc204C5,4,5,all,4,edd,4.399999852466863e-06,666.3856236731885,266.38562367318855,0.0,4.0,0.0,0.0
rc204C5,4,5,all,4,sweep,4.800000169780105e-06,554.6890657861588,254.6890657861589,0.0,3.0,0.0,0.0
rc204C5,4,5,all,4,nearest,1.359999987471383e-05,554.689065786159,254.68906578615895,0.0,3.0,0.0,0.0
rc204C5,4,5,all,4,grasp,0.0003504999995129765,554.689065786159,254.68906578615895,0.0,3.0,0.0,0.0
rc204C5,4,5,all,4,mp_eavns,0.016310300000441202,554.6890657861588,254.6890657861589,0.0,3.0,0.0,0.0
rc205C10,1,3,depot,1,edd,5.2999994295532815e-06,1000226.8905052557,126.89050525571136,0.0,1.0,0.0,1.0
rc205C10,1,3,depot,1,sweep,4.499999704421498e-06,1002480.7584402342,126.89050525571136,225.38679349784866,1.0,0.0,1.0
rc205C10,1,3,depot,1,nearest,1.2999999853491317e-05,959.2083563451476,97.133987606944,76.20743687382037,1.0,0.0,0.0
rc205C10,1,3,depot,1,grasp,0.0003268000000389293,197.02208829746053,97.02208829746054,0.0,1.0,0.0,0.0
rc205C10,1,3,depot,1,mp_eavns,0.004688099999839324,197.02208829746053,97.02208829746054,0.0,1.0,0.0,0.0
rc205C10,1,3,phased,2,edd,4.100000296602957e-06,1000226.8905052557,126.89050525571136,0.0,1.0,0.0,1.0
rc205C10,1,3,phased,2,sweep,4.599999556376133e-06,2484.2227803155884,130.3548453371019,225.38679349784866,1.0,1.0,0.0
rc205C10,1,3,phased,2,nearest,9.800000043469481e-06,959.2083563451476,97.133987606944,76.20743687382037,1.0,0.0,0.0
rc205C10,1,3,phased,2,grasp,0.00030440000045928173,197.02208829746053,97.02208829746054,0.0,1.0,0.0,0.0
rc205C10,1,3,phased,2,mp_eavns,0.004795900000317488,197.02208829746053,97.02208829746054,0.0,1.0,0.0,0.0
rc205C10,1,3,all,4,edd,3.6999999792897142e-06,1000226.8905052557,126.89050525571136,0.0,1.0,0.0,1.0
rc205C10,1,3,all,4,sweep,4.000000444648322e-06,2484.2227803155884,130.3548453371019,225.38679349784866,1.0,1.0,0.0
rc205C10,1,3,all,4,nearest,9.100000170292333e-06,959.2083563451476,97.133987606944,76.20743687382037,1.0,0.0,0.0
rc205C10,1,3,all,4,grasp,0.00035570000000006985,197.02208829746053,97.02208829746054,0.0,1.0,0.0,0.0
rc205C10,1,3,all,4,mp_eavns,0.005252500000096916,197.02208829746053,97.02208829746054,0.0,1.0,0.0,0.0
rc205C10,2,5,depot,1,edd,8.50000014906982e-06,3000476.1881421264,276.1881421262379,0.0,2.0,0.0,3.0
rc205C10,2,5,depot,1,sweep,5.599999894911889e-06,2002775.6765792402,321.8086442617187,225.38679349784866,2.0,1.0,2.0
rc205C10,2,5,depot,1,nearest,1.7800000023271423e-05,2002870.663382011,279.62584516060843,239.10375368504776,2.0,1.0,2.0
rc205C10,2,5,depot,1,grasp,0.0006526999995912774,1001254.1264953512,292.05212661295127,76.20743687382037,2.0,1.0,1.0
rc205C10,2,5,depot,1,mp_eavns,0.020779799999218085,1000491.9402273034,291.94022730346785,0.0,2.0,1.0,1.0
rc205C10,2,5,phased,3,edd,4.70000031782547e-06,1000498.575896216,298.57589621601596,0.0,2.0,2.0,1.0
rc205C10,2,5,phased,3,sweep,4.599999556376133e-06,2785.6901716863176,331.82223670783094,225.38679349784866,2.0,3.0,0.0
rc205C10,2,5,phased,3,nearest,1.2599999536178075e-05,2886.3904760344426,295.35293918396513,239.10375368504776,2.0,3.0,0.0
rc205C10,2,5,phased,3,grasp,0.0004329999992478406,498.32998194664,298.32998194664,0.0,2.0,2.0,0.0
rc205C10,2,5,phased,3,mp_eavns,0.01563480000004347,497.91380835342136,297.91380835342136,0.0,2.0,2.0,0.0
rc205C10,2,5,all,4,edd,7.3999999585794285e-06,1000498.575896216,298.57589621601596,0.0,2.0,2.0,1.0
rc205C10,2,5,all,4,sweep,7.900000127847306e-06,2785.6901716863176,331.82223670783094,225.38679349784866,2.0,3.0,0.0
rc205C10,2,5,all,4,nearest,1.9299999621580355e-05,2886.3904760344426,295.35293918396513,239.10375368504776,2.0,3.0,0.0
rc205C10,2,5,all,4,grasp,0.0007394000003841938,498.32998194664,298.32998194664,0.0,2.0,2.0,0.0
rc205C10,2,5,all,4,mp_eavns,0.01566839999941294,497.91380835342136,297.91380835342136,0.0,2.0,2.0,0.0
rc205C10,3,8,depot,1,edd,4.800000169780105e-06,4001417.1921542264,486.7777362993144,63.04144179272055,3.0,1.0,4.0
rc205C10,3,8,depot,1,sweep,4.000000444648322e-06,2002962.9915909998,409.12365602139425,225.38679349784866,3.0,1.0,2.0
rc205C10,3,8,depot,1,nearest,1.700000029813964e-05,3003091.4811856956,400.4436488452238,239.10375368504776,3.0,1.0,3.0
rc205C10,3,8,depot,1,grasp,0.0006135000003268942,1000810.7723417846,410.77234178455075,0.0,4.0,0.0,1.0
rc205C10,3,8,depot,1,mp_eavns,0.031832200000280864,1000659.1373553508,359.1373553507279,0.0,3.0,1.0,1.0
rc205C10,3,8,phased,4,edd,5.100000635138713e-06,2001439.5799083163,509.16549038909244,63.04144179272055,3.0,3.0,2.0
rc205C10,3,8,phased,4,sweep,4.999999873689376e-06,2970.3342203943284,416.4662854158417,225.38679349784866,3.0,3.0,0.0
rc205C10,3,8,phased,4,nearest,1.680000059423037e-05,5424.925528748182,420.213734727965,470.4711794020217,3.0,3.0,0.0
rc205C10,3,8,phased,4,grasp,0.0007562000000689295,1456.0428330054588,393.968464267255,76.20743687382037,3.0,3.0,0.0
rc205C10,3,8,phased,4,mp_eavns,0.04005680000045686,678.5769443189645,378.5769443189645,0.0,3.0,2.0,0.0
rc205C10,3,8,all,4,edd,5.099999725644011e-06,2001439.5799083163,509.16549038909244,63.04144179272055,3.0,3.0,2.0
rc205C10,3,8,all,4,sweep,5.199999577598646e-06,2970.3342203943284,416.4662854158417,225.38679349784866,3.0,3.0,0.0
rc205C10,3,8,all,4,nearest,1.8200000340584666e-05,5424.925528748182,420.213734727965,470.4711794020217,3.0,3.0,0.0
rc205C10,3,8,all,4,grasp,0.0007119000001694076,731.4491909326946,431.44919093269465,0.0,3.0,3.0,0.0
rc205C10,3,8,all,4,mp_eavns,0.045053400000142574,678.5769443189645,378.5769443189645,0.0,3.0,2.0,0.0
rc205C10,4,10,depot,1,edd,5.200000487093348e-06,3001577.6903411536,547.2759232264981,63.04144179272055,4.0,1.0,3.0
rc205C10,4,10,depot,1,sweep,4.399999852466863e-06,2003140.7514127537,486.88347777513286,225.38679349784866,4.0,1.0,2.0
rc205C10,4,10,depot,1,nearest,5.1699999858101364e-05,5002930.716660081,463.38971197229773,206.7326948109171,4.0,0.0,5.0
rc205C10,4,10,depot,1,grasp,0.004316800000196963,1002931.1152817155,624.0504698133234,190.70648119021632,4.0,4.0,1.0
rc205C10,4,10,depot,1,mp_eavns,0.07274469999993016,1000826.9387285456,426.93872854556645,0.0,4.0,1.0,1.0
rc205C10,4,10,phased,4,edd,1.1500000255182385e-05,1001600.0780952434,569.6636773162761,63.04144179272055,4.0,3.0,1.0
rc205C10,4,10,phased,4,sweep,1.0300000212737359e-05,3148.094042148067,494.22610716958036,225.38679349784866,4.0,3.0,0.0
rc205C10,4,10,phased,4,nearest,4.600000011123484e-05,6485.183969071519,486.50658006725394,559.8677389004265,4.0,3.0,0.0
rc205C10,4,10,phased,4,grasp,0.004322200000387966,2499.381208628019,607.3068398898153,149.20743687382037,4.0,5.0,0.0
rc205C10,4,10,phased,4,mp_eavns,0.07176119999985531,827.0871180584757,427.0871180584756,0.0,4.0,2.0,0.0
rc205C10,4,10,all,4,edd,5.4000001910026185e-06,1001600.0780952434,569.6636773162761,63.04144179272055,4.0,3.0,1.0
rc205C10,4,10,all,4,sweep,6.100000064179767e-06,3148.094042148067,494.22610716958036,225.38679349784866,4.0,3.0,0.0
rc205C10,4,10,all,4,nearest,2.2200000785232987e-05,6485.183969071519,486.50658006725394,559.8677389004265,4.0,3.0,0.0
rc205C10,4,10,all,4,grasp,0.002712000000428816,1515.0825624104245,572.4391871856872,54.26433752247374,4.0,5.0,0.0
rc205C10,4,10,all,4,mp_eavns,0.09781960000054823,814.4797165888922,414.4797165888922,0.0,4.0,2.0,0.0
rc208C5,1,2,depot,1,edd,9.499999578110874e-06,1000210.6463364634,110.64633646342119,0.0,1.0,0.0,1.0
rc208C5,1,2,depot,1,sweep,3.899999683198985e-06,1000210.6463364634,110.64633646342119,0.0,1.0,0.0,1.0
rc208C5,1,2,depot,1,nearest,1.3100000614940654e-05,1000210.6463364634,110.64633646342119,0.0,1.0,0.0,1.0
rc208C5,1,2,depot,1,grasp,0.00027850000060425373,1000210.6463364634,110.64633646342119,0.0,1.0,0.0,1.0
rc208C5,1,2,depot,1,mp_eavns,0.0032034999994721147,1000210.6463364634,110.64633646342119,0.0,1.0,0.0,1.0
rc208C5,1,2,phased,2,edd,5.2999994295532815e-06,1000210.6463364634,110.64633646342119,0.0,1.0,0.0,1.0
rc208C5,1,2,phased,2,sweep,5.9000003602704965e-06,211.62744699655883,111.62744699655885,0.0,1.0,1.0,0.0
rc208C5,1,2,phased,2,nearest,9.200000022246968e-06,211.62744699655883,111.62744699655885,0.0,1.0,1.0,0.0
rc208C5,1,2,phased,2,grasp,0.0002936999999292311,211.62744699655883,111.62744699655885,0.0,1.0,1.0,0.0
rc208C5,1,2,phased,2,mp_eavns,0.003592000000026019,211.62744699655883,111.62744699655885,0.0,1.0,1.0,0.0
rc208C5,1,2,all,3,edd,5.9000003602704965e-06,1000210.6463364634,110.64633646342119,0.0,1.0,0.0,1.0
rc208C5,1,2,all,3,sweep,4.499999704421498e-06,211.62744699655883,111.62744699655885,0.0,1.0,1.0,0.0
rc208C5,1,2,all,3,nearest,8.400000297115184e-06,211.62744699655883,111.62744699655885,0.0,1.0,1.0,0.0
rc208C5,1,2,all,3,grasp,0.00031149999995250255,211.62744699655883,111.62744699655885,0.0,1.0,1.0,0.0
rc208C5,1,2,all,3,mp_eavns,0.0035209999996368424,211.62744699655883,111.62744699655885,0.0,1.0,1.0,0.0
rc208C5,2,3,depot,1,edd,4.300000000512227e-06,1000332.6793554736,132.67935547355916,0.0,2.0,0.0,1.0
rc208C5,2,3,depot,1,sweep,1.0800000382005237e-05,1000341.694685856,141.69468585594123,0.0,2.0,0.0,1.0
rc208C5,2,3,depot,1,nearest,1.1299999641778413e-05,1000352.7420373652,152.74203736518763,0.0,2.0,0.0,1.0
rc208C5,2,3,depot,1,grasp,0.00035649999972520163,1000332.6793554736,132.67935547355916,0.0,2.0,0.0,1.0
rc208C5,2,3,depot,1,mp_eavns,0.007830700000340585,1000332.6793554736,132.67935547355916,0.0,2.0,0.0,1.0
rc208C5,2,3,phased,2,edd,6.300000677583739e-06,333.66046600669677,133.6604660066968,0.0,2.0,1.0,0.0
rc208C5,2,3,phased,2,sweep,5.200000487093348e-06,342.67579638907887,142.6757963890789,0.0,2.0,1.0,0.0
rc208C5,2,3,phased,2,nearest,1.2999999853491317e-05,353.7231478983253,153.7231478983253,0.0,2.0,1.0,0.0
rc208C5,2,3,phased,2,grasp,0.0004414000004544505,333.66046600669677,133.6604660066968,0.0,2.0,1.0,0.0
rc208C5,2,3,phased,2,mp_eavns,0.008846099999573198,333.66046600669677,133.6604660066968,0.0,2.0,1.0,0.0
rc208C5,2,3,all,3,edd,6.900000698806252e-06,333.66046600669677,133.6604660066968,0.0,2.0,1.0,0.0
rc208C5,2,3,all,3,sweep,7.999999979801942e-06,342.67579638907887,142.6757963890789,0.0,2.0,1.0,0.0
rc208C5,2,3,all,3,nearest,1.4000000192027073e-05,353.7231478983253,153.7231478983253,0.0,2.0,1.0,0.0
rc208C5,2,3,all,3,grasp,0.00045510000018111896,333.66046600669677,133.6604660066968,0.0,2.0,1.0,0.0
rc208C5,2,3,all,3,mp_eavns,0.008931700000175624,333.66046600669677,133.6604660066968,0.0,2.0,1.0,0.0
rc208C5,3,4,depot,1,edd,6.300000677583739e-06,2000378.6712421796,178.67124217953693,0.0,2.0,0.0,2.0
rc208C5,3,4,depot,1,sweep,4.499999704421498e-06,1000396.5105296628,196.51052966281213,0.0,2.0,0.0,1.0
rc208C5,3,4,depot,1,nearest,2.0899999981338624e-05,1000398.7339240712,198.73392407116543,0.0,2.0,0.0,1.0
rc208C5,3,4,depot,1,grasp,0.0005285000006551854,1000398.7339240712,198.73392407116543,0.0,2.0,0.0,1.0
rc208C5,3,4,depot,1,mp_eavns,0.012862200000199664,1000396.5105296628,196.51052966281213,0.0,2.0,0.0,1.0
rc208C5,3,4,phased,3,edd,5.199999577598646e-06,385.5755215820699,185.57552158206985,0.0,2.0,1.0,0.0
rc208C5,3,4,phased,3,sweep,4.399999852466863e-06,397.4916401959498,197.49164019594977,0.0,2.0,1.0,0.0
rc208C5,3,4,phased,3,nearest,1.0700000530050602e-05,1000398.7339240712,198.73392407116543,0.0,2.0,0.0,1.0
rc208C5,3,4,phased,3,grasp,0.00028810000003431924,385.5755215820699,185.57552158206985,0.0,2.0,1.0,0.0
rc208C5,3,4,phased,3,mp_eavns,0.015529300000707735,385.5755215820699,185.57552158206985,0.0,2.0,1.0,0.0
rc208C5,3,4,all,3,edd,5.4000001910026185e-06,385.5755215820699,185.57552158206985,0.0,2.0,1.0,0.0
rc208C5,3,4,all,3,sweep,5.100000635138713e-06,397.4916401959498,197.49164019594977,0.0,2.0,1.0,0.0
rc208C5,3,4,all,3,nearest,1.4999999621068127e-05,1000398.7339240712,198.73392407116543,0.0,2.0,0.0,1.0
rc208C5,3,4,all,3,grasp,0.0005452999994304264,385.5755215820699,185.57552158206985,0.0,2.0,1.0,0.0
rc208C5,3,4,all,3,mp_eavns,0.0165567000003648,385.5755215820699,185.57552158206985,0.0,2.0,1.0,0.0
rc208C5,4,5,depot,1,edd,7.100000402715523e-06,2000411.3462892012,211.34628920126426,0.0,2.0,0.0,2.0
rc208C5,4,5,depot,1,sweep,5.599999894911889e-06,1000558.1222168658,258.1222168658096,0.0,3.0,0.0,1.0
rc208C5,4,5,depot,1,nearest,2.2500000341096893e-05,1000398.8313816008,198.8313816007819,0.0,2.0,0.0,1.0
rc208C5,4,5,depot,1,grasp,0.0006766999995306833,1000398.8313816008,198.8313816007819,0.0,2.0,0.0,1.0
rc208C5,4,5,depot,1,mp_eavns,0.01609180000014021,1000398.8313816008,198.8313816007819,0.0,2.0,0.0,1.0
rc208C5,4,5,phased,3,edd,9.100000170292333e-06,1000412.3273997344,212.3273997344019,0.0,2.0,1.0,1.0
rc208C5,4,5,phased,3,sweep,9.299999874201603e-06,559.1033273989472,259.1033273989472,0.0,3.0,1.0,0.0
rc208C5,4,5,phased,3,nearest,2.210000002378365e-05,1000398.8313816008,198.8313816007819,0.0,2.0,0.0,1.0
rc208C5,4,5,phased,3,grasp,0.0006679999996777042,411.01774112108393,211.01774112108393,0.0,2.0,1.0,0.0
rc208C5,4,5,phased,3,mp_eavns,0.018131099999664002,405.7356610033148,205.73566100331485,0.0,2.0,1.0,0.0
rc208C5,4,5,all,3,edd,6.000000212225132e-06,1000412.3273997344,212.3273997344019,0.0,2.0,1.0,1.0
rc208C5,4,5,all,3,sweep,7.099999493220821e-06,559.1033273989472,259.1033273989472,0.0,3.0,1.0,0.0
rc208C5,4,5,all,3,nearest,1.5300000086426735e-05,1000398.8313816008,198.8313816007819,0.0,2.0,0.0,1.0
rc208C5,4,5,all,3,grasp,0.00033849999999802094,416.38621458988735,216.38621458988735,0.0,2.0,2.0,0.0
rc208C5,4,5,all,3,mp_eavns,0.010634500000378466,405.7356610033148,205.73566100331485,0.0,2.0,1.0,0.0
