instance,period,customers,station_policy,active_stations,algorithm,runtime_seconds,objective,distance,tardiness,routes,recharges,infeasible_legs
c101_21,1,25,depot,1,edd,1.6999998479150236e-05,20001904.93646505,904.9364650496559,0.0,10.0,0.0,20.0
c101_21,1,25,depot,1,sweep,8.899998647393659e-06,8014112.823635793,720.010014316152,1239.2813621477392,10.0,0.0,8.0
c101_21,1,25,depot,1,nearest,8.35999999253545e-05,8015195.086571444,725.2704977453757,1356.981607369829,9.0,0.0,8.0
c101_21,1,25,depot,1,grasp,0.0102270999996108,7011036.263815035,675.8684909602929,946.0395324075206,9.0,0.0,7.0
c101_21,1,25,depot,1,mp_eavns,0.2554148000017449,6001533.367804726,633.367804725831,0.0,9.0,0.0,6.0
c101_21,1,25,phased,6,edd,1.04000027931761e-05,1933.3760967738244,933.3760967738244,0.0,10.0,11.0,0.0
c101_21,1,25,phased,6,sweep,9.399998816661537e-06,3014136.4263732373,743.612751759915,1239.2813621477392,10.0,5.0,3.0
c101_21,1,25,phased,6,nearest,7.440000263159163e-05,1020387.2127858624,751.1295081689036,1873.6083277693485,9.0,7.0,1.0
c101_21,1,25,phased,6,grasp,0.022048200000426732,14212.165866036774,735.2746589362444,1257.689120710053,9.0,7.0,0.0
c101_21,1,25,phased,6,mp_eavns,0.3450412999991386,1580.2988627670732,680.2988627670732,0.0,9.0,7.0,0.0
c101_21,1,25,all,21,edd,1.089999932446517e-05,1933.1465098858848,933.1465098858848,0.0,10.0,11.0,0.0
c101_21,1,25,all,21,sweep,8.099999831756577e-06,3014136.196786349,743.3831648719753,1239.2813621477392,10.0,5.0,3.0
c101_21,1,25,all,21,nearest,7.389999882434495e-05,1020386.9831989744,750.8999212809639,1873.6083277693485,9.0,7.0,1.0
c101_21,1,25,all,21,grasp,0.04613389999940409,8593.079010474014,752.6634302318903,694.0415580242122,9.0,8.0,0.0
c101_21,1,25,all,21,mp_eavns,0.4282300999984727,1580.2988627670732,680.2988627670732,0.0,9.0,7.0,0.0
c101_21,2,50,depot,1,edd,1.4900000678608194e-05,36004637.64787519,2423.707435837861,11.394043935487048,21.0,2.0,36.0
c101_21,2,50,depot,1,sweep,1.1600001016631722e-05,20029159.237151545,1655.4821581307888,2530.3754993413895,22.0,0.0,20.0
c101_21,2,50,depot,1,nearest,0.0002238000015495345,18037552.226517703,1662.4104440057565,3398.9816073698285,19.0,0.0,18.0
c101_21,2,50,depot,1,grasp,0.06783819999691332,15034440.834261324,1495.1792143785617,3104.5655046946335,19.0,0.0,15.0
c101_21,2,50,depot,1,mp_eavns,1.7704180000000633,14003279.957696822,1379.9576968213428,0.0,19.0,0.0,14.0
c101_21,2,50,phased,11,edd,1.799999881768599e-05,17004623.98153147,2442.7879739562354,8.1193557514475,21.0,13.0,17.0
c101_21,2,50,phased,11,sweep,1.930000144056976e-05,7031654.566373747,1706.4065375023577,2774.815983624404,22.0,10.0,7.0
c101_21,2,50,phased,11,nearest,0.00022729999909643084,4046641.5024181507,1689.466416745244,4305.20360014056,19.0,13.0,4.0
c101_21,2,50,phased,11,grasp,0.14746419999937643,4034147.241668828,1741.5264256044609,3050.571524322342,19.0,16.0,4.0
c101_21,2,50,phased,11,mp_eavns,1.134713899999042,3570.1757363085517,1670.1757363085514,0.0,19.0,20.0,0.0
c101_21,2,50,all,21,edd,1.590000101714395e-05,17004623.98153147,2442.7879739562354,8.1193557514475,21.0,13.0,17.0
c101_21,2,50,all,21,sweep,1.3699998817173764e-05,7031654.566373747,1706.4065375023577,2774.815983624404,22.0,10.0,7.0
c101_21,2,50,all,21,nearest,0.00021230000129435211,4046659.349051813,1689.4112906535622,4306.993776115962,19.0,13.0,4.0
c101_21,2,50,all,21,grasp,0.23264149999886286,2040442.0187043333,1715.8452216234189,3682.617348270997,19.0,14.0,2.0
c101_21,2,50,all,21,mp_eavns,1.1412057999987155,3633.32461570707,1733.3246157070696,0.0,19.0,21.0,0.0
c101_21,3,75,depot,1,edd,2.4099997972371057e-05,53007168.35642209,3779.1564094729138,28.920001261258562,31.0,6.0,53.0
c101_21,3,75,depot,1,sweep,1.759999940986745e-05,31054513.92656088,2423.1399277743835,4879.078663310478,33.0,0.0,31.0
c101_21,3,75,depot,1,nearest,0.0004633999997167848,26073096.80973575,2432.0880916815727,6786.47216440673,28.0,0.0,26.0
c101_21,3,75,depot,1,grasp,0.13894240000081481,27042724.75762385,2551.4982283137015,3727.325939553889,29.0,0.0,27.0
c101_21,3,75,depot,1,mp_eavns,4.482466099998419,20004855.765360013,2055.765360014352,0.0,28.0,1.0,20.0
c101_21,3,75,phased,16,edd,3.130000186502002e-05,28007989.42594598,3810.822697417956,107.86032485595712,31.0,24.0,28.0
c101_21,3,75,phased,16,sweep,2.1100000594742596e-05,9070573.7510931,2532.2300098961246,6474.152108320459,33.0,17.0,9.0
c101_21,3,75,phased,16,nearest,0.0004683999977714848,6080783.997258131,2497.6641337625697,7548.633312436857,28.0,20.0,6.0
c101_21,3,75,phased,16,grasp,0.43506649999835645,6085735.200898966,2667.100034938066,8026.810086402751,28.0,26.0,6.0
c101_21,3,75,phased,16,mp_eavns,10.227514600002905,5080.8896858570315,2280.889685857031,0.0,28.0,25.0,0.0
c101_21,3,75,all,21,edd,2.5800000003073364e-05,27008384.13467765,3805.7856934094243,147.83489842392555,31.0,25.0,27.0
c101_21,3,75,all,21,sweep,5.2600000344682485e-05,9070573.7510931,2532.2300098961246,6474.152108320459,33.0,17.0,9.0
c101_21,3,75,all,21,nearest,0.00046490000022458844,6080801.843891794,2497.6090076708874,7550.423488412257,28.0,20.0,6.0
c101_21,3,75,all,21,grasp,0.5069837000010011,5072492.818892687,2725.1581091126077,6686.766078357405,29.0,26.0,5.0
c101_21,3,75,all,21,mp_eavns,13.448746400001255,5108.261724384087,2308.261724384087,0.0,28.0,25.0,0.0
c101_21,4,100,depot,1,edd,3.119999746559188e-05,64009546.686174385,4930.749500852425,51.593667353358825,41.0,8.0,64.0
c101_21,4,100,depot,1,sweep,2.3600001441081986e-05,37069926.17081278,2996.1153738004314,6263.005543897859,43.0,0.0,37.0
c101_21,4,100,depot,1,nearest,0.0009031999979924876,31090662.94602049,2918.5082006514326,8404.44378198402,37.0,0.0,31.0
c101_21,4,100,depot,1,grasp,0.2824324000030174,33059849.59589949,3113.12197951151,5303.647391997551,37.0,0.0,33.0
c101_21,4,100,depot,1,mp_eavns,10.416178599996783,24006290.23491673,2590.234916733372,0.0,37.0,1.0,24.0
c101_21,4,100,phased,21,edd,3.930000093532726e-05,37012075.8348698,4941.430219738603,303.4404650064497,41.0,30.0,37.0
c101_21,4,100,phased,21,sweep,2.7500002033775672e-05,9092192.303030822,3114.1368194699576,8477.81662113523,43.0,22.0,9.0
c101_21,4,100,phased,21,nearest,0.0007939999995869584,8105704.531700316,3007.134536940195,9899.739716337575,37.0,23.0,8.0
c101_21,4,100,phased,21,grasp,1.1289452000019082,4102773.708872713,3327.105627003868,9564.660324570932,38.0,33.0,4.0
c101_21,4,100,phased,21,mp_eavns,23.98439359999975,6537.391821130204,2837.3918211302043,0.0,37.0,30.0,0.0
c101_21,4,100,all,21,edd,3.3299998904112726e-05,37012075.8348698,4941.430219738603,303.4404650064497,41.0,30.0,37.0
c101_21,4,100,all,21,sweep,2.5299999833805487e-05,9092192.303030822,3114.1368194699576,8477.81662113523,43.0,22.0,9.0
c101_21,4,100,all,21,nearest,0.0008319000007759314,8105704.531700316,3007.134536940195,9899.739716337575,37.0,23.0,8.0
c101_21,4,100,all,21,grasp,1.029419999998936,6105365.154581222,3484.528565268436,9808.062601595342,38.0,36.0,6.0
c101_21,4,100,all,21,mp_eavns,29.93619039999976,6569.136155260668,2869.1361552606677,0.0,37.0,30.0,0.0
c101C10,1,3,depot,1,edd,5.300000339047983e-06,3000417.372635388,217.3726353879336,0.0,2.0,0.0,3.0
c101C10,1,3,depot,1,sweep,2.2999993234407157e-06,3000388.7112682476,188.71126824742169,0.0,2.0,0.0,3.0
c101C10,1,3,depot,1,nearest,9.499999578110874e-06,2002758.4170232767,188.71126824742169,236.97057550292607,2.0,0.0,2.0
c101C10,1,3,depot,1,grasp,0.0001961999987543095,2002758.4170232767,188.71126824742169,236.97057550292607,2.0,0.0,2.0
c101C10,1,3,depot,1,mp_eavns,0.005339200000889832,2000529.381447911,229.3814479109881,0.0,3.0,0.0,2.0
c101C10,1,3,phased,2,edd,2.6999987312592566e-06,2000429.9777182958,229.97771829576425,0.0,2.0,1.0,2.0
c101C10,1,3,phased,2,sweep,3.1000017770566046e-06,1000397.715693539,197.71569353904908,0.0,2.0,1.0,1.0
c101C10,1,3,phased,2,nearest,6.199999916134402e-06,2002758.4170232767,188.71126824742169,236.97057550292607,2.0,0.0,2.0
c101C10,1,3,phased,2,grasp,0.00023409999994328246,1000397.715693539,197.71569353904908,0.0,2.0,1.0,1.0
c101C10,1,3,phased,2,mp_eavns,0.0031103000001166947,1000397.715693539,197.71569353904908,0.0,2.0,1.0,1.0
c101C10,1,3,all,5,edd,2.1000014385208488e-06,1000436.1110585709,236.1110585709348,0.0,2.0,2.0,1.0
c101C10,1,3,all,5,sweep,1.6999983927235007e-06,406.7453967232481,206.74539672324812,0.0,2.0,2.0,0.0
c101C10,1,3,all,5,nearest,0.00011950000043725595,1002767.4467264608,197.74097143162078,236.97057550292607,2.0,1.0,1.0
c101C10,1,3,all,5,grasp,0.0004336000019975472,406.7453967232482,206.74539672324818,0.0,2.0,2.0,0.0
c101C10,1,3,all,5,mp_eavns,0.004196099998807767,406.7453967232481,206.74539672324812,0.0,2.0,2.0,0.0
c101C10,2,5,depot,1,edd,4.400000761961564e-06,4000591.7837537024,291.78375370234176,0.0,3.0,0.0,4.0
c101C10,2,5,depot,1,sweep,3.0999981390777975e-06,4000947.153628936,263.1223865618298,38.40312423743285,3.0,0.0,4.0
c101C10,2,5,depot,1,nearest,2.010000025620684e-05,4007644.0654903087,296.86503884211805,704.7200451466693,3.0,0.0,4.0
c101C10,2,5,depot,1,grasp,0.000340000002324814,4000587.289866623,287.289866622771,0.0,3.0,0.0,4.0
c101C10,2,5,depot,1,mp_eavns,0.01308239999707439,3000703.7925662254,303.79256622539623,0.0,4.0,0.0,3.0
c101C10,2,5,phased,3,edd,4.0000013541430235e-06,2000608.807192806,308.80719280581724,0.0,3.0,2.0,2.0
c101C10,2,5,phased,3,sweep,3.6000019463244826e-06,1000968.6586203021,284.6273779278108,38.40312423743285,3.0,2.0,1.0
c101C10,2,5,phased,3,nearest,9.300001693191007e-06,2010706.5103837766,314.6572158906654,1009.1853167885871,3.0,2.0,2.0
c101C10,2,5,phased,3,grasp,0.0003795000011450611,1000576.545168049,276.545168049102,0.0,3.0,2.0,1.0
c101C10,2,5,phased,3,mp_eavns,0.010128599999006838,1000576.545168049,276.5451680491021,0.0,3.0,2.0,1.0
c101C10,2,5,all,5,edd,3.9000005926936865e-06,1000614.940533081,314.9405330809878,0.0,3.0,3.0,1.0
c101C10,2,5,all,5,sweep,3.4000004234258085e-06,977.6883234863383,293.65708111200985,38.40312423743285,3.0,3.0,0.0
c101C10,2,5,all,5,nearest,9.799998224480078e-06,1010715.5400869608,323.6869190748644,1009.1853167885871,3.0,3.0,1.0
c101C10,2,5,all,5,grasp,0.0004380999998829793,585.5748712333011,285.5748712333011,0.0,3.0,3.0,0.0
c101C10,2,5,all,5,mp_eavns,0.012490199998865137,585.5748712333011,285.5748712333011,0.0,3.0,3.0,0.0
c101C10,3,8,depot,1,edd,3.7000027077738196e-06,7000815.953849772,415.9538497719389,0.0,4.0,0.0,7.0
c101C10,3,8,depot,1,sweep,2.9999973776284605e-06,6001129.791914338,345.76067196364266,38.40312423743285,4.0,0.0,6.0
c101C10,3,8,depot,1,nearest,1.5199999324977398e-05,5008085.213617453,352.07698545021185,733.3136632002804,4.0,0.0,5.0
c101C10,3,8,depot,1,grasp,0.000931700000364799,4019335.6685966323,347.19346531958416,1858.8475131312598,4.0,0.0,4.0
c101C10,3,8,depot,1,mp_eavns,0.023538000001281034,4000781.817204911,381.817204910606,0.0,4.0,1.0,4.0
c101C10,3,8,phased,4,edd,4.400000761961564e-06,2000843.332324841,443.3323248409807,0.0,4.0,4.0,2.0
c101C10,3,8,phased,4,sweep,4.5000015234109014e-06,2484.3860659376924,379.0182677589372,170.53677981787553,4.0,4.0,0.0
c101C10,3,8,phased,4,nearest,1.4900000678608194e-05,8114.751012873173,381.61438087036834,733.3136632002804,4.0,4.0,0.0
c101C10,3,8,phased,4,grasp,0.0012903999995614868,2096.8406203058403,378.32471018555765,131.85159101202828,4.0,4.0,0.0
c101C10,3,8,phased,4,mp_eavns,0.04557390000263695,769.9021723398407,369.90217233984066,0.0,4.0,4.0,0.0
c101C10,3,8,all,5,edd,4.799996531801298e-06,2000843.332324841,443.3323248409807,0.0,4.0,4.0,2.0
c101C10,3,8,all,5,sweep,4.300000000512227e-06,2484.3860659376924,379.0182677589372,170.53677981787553,4.0,4.0,0.0
c101C10,3,8,all,5,nearest,1.639999754843302e-05,8114.751012873173,381.61438087036834,733.3136632002804,4.0,4.0,0.0
c101C10,3,8,all,5,grasp,0.001084600000467617,2537.3879178318953,432.02011965314006,170.53677981787553,4.0,5.0,0.0
c101C10,3,8,all,5,mp_eavns,0.04535970000142697,769.9021723398407,369.9021723398407,0.0,4.0,4.0,0.0
c101C10,4,10,depot,1,edd,5.399997462518513e-06,9001005.757719325,505.75771932480524,0.0,5.0,0.0,9.0
c101C10,4,10,depot,1,sweep,4.19999923906289e-06,7008890.954018239,416.70548720020776,797.4248531038754,5.0,0.0,7.0
c101C10,4,10,depot,1,nearest,2.3200002033263445e-05,6015165.765833584,427.51328257925707,1423.8252551004732,5.0,0.0,6.0
c101C10,4,10,depot,1,grasp,0.0010618999986036215,6004651.637098204,475.30402167618655,367.63330765278397,5.0,1.0,6.0
c101C10,4,10,depot,1,mp_eavns,0.02870219999749679,5000928.28915648,473.7434957329304,5.454566074687364,4.0,2.0,5.0
c101C10,4,10,phased,5,edd,9.999999747378752e-06,4001031.169049144,531.1690491436335,0.0,5.0,4.0,4.0
c101C10,4,10,phased,5,sweep,9.2999980552122e-06,1010245.5481698387,449.9630829955023,929.5585086843181,5.0,4.0,1.0
c101C10,4,10,phased,5,nearest,2.4900000425986946e-05,2015192.9480276708,454.695476666229,1423.8252551004732,5.0,4.0,2.0
c101C10,4,10,phased,5,grasp,0.0014159000020299572,1018779.7199954235,529.6214055419936,1775.009858988148,5.0,7.0,1.0
c101C10,4,10,phased,5,mp_eavns,0.07428760000038892,1000940.8469875765,440.84698757640575,0.0,5.0,4.0,1.0
c101C10,4,10,all,5,edd,6.800000846851617e-06,4001031.169049144,531.1690491436335,0.0,5.0,4.0,4.0
c101C10,4,10,all,5,sweep,5.900001269765198e-06,1010245.5481698387,449.9630829955023,929.5585086843181,5.0,4.0,1.0
c101C10,4,10,all,5,nearest,2.2399999579647556e-05,2015192.9480276708,454.695476666229,1423.8252551004732,5.0,4.0,2.0
c101C10,4,10,all,5,grasp,0.0013163000003260095,1008506.1372127819,490.06993729590386,751.6067275486074,5.0,5.0,1.0
c101C10,4,10,all,5,mp_eavns,0.08710860000064713,1000940.8469875765,440.8469875764058,0.0,5.0,4.0,1.0
c101C5,1,2,depot,1,edd,4.0000013541430235e-06,1000187.3283094778,87.32830947781493,0.0,1.0,0.0,1.0
c101C5,1,2,depot,1,sweep,2.2999993234407157e-06,1000187.3283094778,87.32830947781493,0.0,1.0,0.0,1.0
c101C5,1,2,depot,1,nearest,7.800001185387373e-06,1000187.3283094778,87.32830947781493,0.0,1.0,0.0,1.0
c101C5,1,2,depot,1,grasp,0.00014069999815546907,5054.469973162011,102.54559344635005,485.19243797156616,1.0,1.0,0.0
c101C5,1,2,depot,1,mp_eavns,0.0023526000004494563,302.54559344635004,102.54559344635005,0.0,2.0,0.0,0.0
c101C5,1,2,phased,2,edd,2.0000006770715117e-06,1000187.3283094778,87.32830947781493,0.0,1.0,0.0,1.0
c101C5,1,2,phased,2,sweep,1.6999983927235007e-06,1000187.3283094778,87.32830947781493,0.0,1.0,0.0,1.0
c101C5,1,2,phased,2,nearest,4.099998477613553e-06,1000187.3283094778,87.32830947781493,0.0,1.0,0.0,1.0
c101C5,1,2,phased,2,grasp,0.00013589999798568897,5054.469973162011,102.54559344635005,485.19243797156616,1.0,1.0,0.0
c101C5,1,2,phased,2,mp_eavns,0.002442600001813844,302.54559344635004,102.54559344635005,0.0,2.0,0.0,0.0
c101C5,1,2,all,3,edd,1.7999991541728377e-06,1000187.3283094778,87.32830947781493,0.0,1.0,0.0,1.0
c101C5,1,2,all,3,sweep,1.7000020307023078e-06,1000187.3283094778,87.32830947781493,0.0,1.0,0.0,1.0
c101C5,1,2,all,3,nearest,5.899997631786391e-06,1000187.3283094778,87.32830947781493,0.0,1.0,0.0,1.0
c101C5,1,2,all,3,grasp,0.00015180000264081173,5054.469973162011,102.54559344635005,485.19243797156616,1.0,1.0,0.0
c101C5,1,2,all,3,mp_eavns,0.002478599999449216,302.54559344635004,102.54559344635005,0.0,2.0,0.0,0.0
c101C5,2,3,depot,1,edd,2.9000002541579306e-06,1000378.703324505,178.70332450498913,0.0,2.0,1.0,1.0
c101C5,2,3,depot,1,sweep,2.2000021999701858e-06,2000363.4860405365,163.48604053645403,0.0,2.0,0.0,2.0
c101C5,2,3,depot,1,nearest,6.200003554113209e-06,2000363.4860405365,163.48604053645403,0.0,2.0,0.0,2.0
c101C5,2,3,depot,1,grasp,0.0002080000012938399,1000339.0703270882,139.07032708824332,0.0,2.0,0.0,1.0
c101C5,2,3,depot,1,mp_eavns,0.00338729999930365,1000339.0703270882,139.07032708824332,0.0,2.0,0.0,1.0
c101C5,2,3,phased,2,edd,2.4000000848900527e-06,1000378.703324505,178.70332450498913,0.0,2.0,1.0,1.0
c101C5,2,3,phased,2,sweep,1.9999970390927047e-06,2000363.4860405365,163.48604053645403,0.0,2.0,0.0,2.0
c101C5,2,3,phased,2,nearest,5.300000339047983e-06,2000363.4860405365,163.48604053645403,0.0,2.0,0.0,2.0
c101C5,2,3,phased,2,grasp,0.00020310000036261044,1000339.0703270882,139.07032708824332,0.0,2.0,0.0,1.0
c101C5,2,3,phased,2,mp_eavns,0.0036661999984062277,1000339.0703270882,139.07032708824332,0.0,2.0,0.0,1.0
c101C5,2,3,all,3,edd,2.8000031306874007e-06,1000378.703324505,178.70332450498913,0.0,2.0,1.0,1.0
c101C5,2,3,all,3,sweep,2.2000021999701858e-06,2000363.4860405365,163.48604053645403,0.0,2.0,0.0,2.0
c101C5,2,3,all,3,nearest,1.590000101714395e-05,2000363.4860405365,163.48604053645403,0.0,2.0,0.0,2.0
c101C5,2,3,all,3,grasp,0.00025120000282186083,1000339.0703270882,139.07032708824332,0.0,2.0,0.0,1.0
c101C5,2,3,all,3,mp_eavns,0.0040380999998888,1000339.0703270882,139.07032708824332,0.0,2.0,0.0,1.0
c101C5,3,4,depot,1,edd,4.300000000512227e-06,3000450.6811053935,250.68110539358509,0.0,2.0,0.0,3.0
c101C5,3,4,depot,1,sweep,2.7999994927085936e-06,3000393.4860405363,193.48604053645403,0.0,2.0,0.0,3.0
c101C5,3,4,depot,1,nearest,1.0699997801566496e-05,3000393.4860405363,193.48604053645403,0.0,2.0,0.0,3.0
c101C5,3,4,depot,1,grasp,0.00027409999893279746,2000408.703324505,208.70332450498915,0.0,2.0,1.0,2.0
c101C5,3,4,depot,1,mp_eavns,0.005522399998881156,2000408.703324505,208.70332450498915,0.0,2.0,1.0,2.0
c101C5,3,4,phased,3,edd,3.7999998312443495e-06,2000453.7611530996,253.76115309960045,0.0,2.0,1.0,2.0
c101C5,3,4,phased,3,sweep,3.1999989005271345e-06,3000393.4860405363,193.48604053645403,0.0,2.0,0.0,3.0
c101C5,3,4,phased,3,nearest,8.000002708286047e-06,1000414.7025969254,214.7025969254279,0.0,2.0,2.0,1.0
c101C5,3,4,phased,3,grasp,0.00032250000003841706,5281.844260609624,229.91988089396304,485.19243797156616,2.0,3.0,0.0
c101C5,3,4,phased,3,mp_eavns,0.01251349999802187,529.9198808939631,229.91988089396304,0.0,3.0,2.0,0.0
c101C5,3,4,all,3,edd,5.40000110049732e-06,2000453.7611530996,253.76115309960045,0.0,2.0,1.0,2.0
c101C5,3,4,all,3,sweep,4.300000000512227e-06,3000393.4860405363,193.48604053645403,0.0,2.0,0.0,3.0
c101C5,3,4,all,3,nearest,1.1299998732283711e-05,1000414.7025969254,214.7025969254279,0.0,2.0,2.0,1.0
c101C5,3,4,all,3,grasp,0.0003358000030857511,1570.7371061581525,229.91988089396304,114.08172252641896,2.0,3.0,0.0
c101C5,3,4,all,3,mp_eavns,0.014150599999993574,529.9198808939631,229.91988089396304,0.0,3.0,2.0,0.0
c101C5,4,5,depot,1,edd,4.5000015234109014e-06,5000451.83548529,251.83548528997758,0.0,2.0,0.0,5.0
c101C5,4,5,depot,1,sweep,4.099998477613553e-06,4000406.4365157867,206.43651578671387,0.0,2.0,0.0,4.0
c101C5,4,5,depot,1,nearest,1.3299999409355223e-05,3002030.5746423015,206.43651578671387,162.41381265149107,2.0,0.0,3.0
c101C5,4,5,depot,1,grasp,0.00035620000198832713,2004472.6074494724,249.93438076116576,402.2673068711164,2.0,2.0,2.0
c101C5,4,5,depot,1,mp_eavns,0.008972800002084114,2000449.934380761,249.93438076116576,0.0,2.0,2.0,2.0
c101C5,4,5,phased,3,edd,3.6000019463244826e-06,4000454.915532996,254.9155329959929,0.0,2.0,1.0,4.0
c101C5,4,5,phased,3,sweep,3.4000004234258085e-06,4000406.4365157867,206.43651578671387,0.0,2.0,0.0,4.0
c101C5,4,5,phased,3,nearest,1.0700001439545304e-05,1002051.7911986907,227.65307217568773,162.41381265149107,2.0,2.0,1.0
c101C5,4,5,phased,3,grasp,0.00041149999742629007,6918.932862374795,242.87035614422285,647.6062506230572,2.0,3.0,0.0
c101C5,4,5,phased,3,mp_eavns,0.021018799998273607,571.1509371501396,271.1509371501396,0.0,3.0,3.0,0.0
c101C5,4,5,all,3,edd,4.800000169780105e-06,4000454.915532996,254.9155329959929,0.0,2.0,1.0,4.0
c101C5,4,5,all,3,sweep,5.199999577598646e-06,4000406.4365157867,206.43651578671387,0.0,2.0,0.0,4.0
c101C5,4,5,all,3,nearest,1.179999890155159e-05,1002051.7911986907,227.65307217568773,162.41381265149107,2.0,2.0,1.0
c101C5,4,5,all,3,grasp,0.0003893999964930117,1001575.6808333787,234.86360811449103,114.08172252641896,2.0,2.0,1.0
c101C5,4,5,all,3,mp_eavns,0.021435399998154026,571.1509371501396,271.1509371501396,0.0,3.0,3.0,0.0
c102_21,1,25,depot,1,edd,1.0299998393747956e-05,11001677.892141305,777.8921413051335,0.0,9.0,0.0,11.0
c102_21,1,25,depot,1,sweep,6.79999720887281e-06,8007841.495118731,720.010014316152,612.1485104414099,10.0,0.0,8.0
c102_21,1,25,depot,1,nearest,7.679999907850288e-05,8003825.270497746,725.2704977453757,220.0,9.0,0.0,8.0
c102_21,1,25,depot,1,grasp,0.010597700002108468,7005217.651174284,661.4388464372356,365.6212327846343,9.0,0.0,7.0
c102_21,1,25,depot,1,mp_eavns,0.2491931000004115,6001538.671063021,638.6710630210704,0.0,9.0,0.0,6.0
c102_21,1,25,phased,6,edd,1.170000177808106e-05,1001715.5171313542,815.5171313542278,0.0,9.0,8.0,1.0
c102_21,1,25,phased,6,sweep,9.50000321608968e-06,3007865.097856174,743.612751759915,612.1485104414099,10.0,5.0,3.0
c102_21,1,25,phased,6,nearest,7.339999865507707e-05,1009017.396712164,751.1295081689036,736.6267203995196,9.0,7.0,1.0
c102_21,1,25,phased,6,grasp,0.02098899999691639,2191.853826979774,751.853826979774,54.0,9.0,8.0,0.0
c102_21,1,25,phased,6,mp_eavns,0.40879339999810327,1625.7563315232546,725.7563315232547,0.0,9.0,8.0,0.0
c102_21,1,25,all,21,edd,1.0200001270277426e-05,1001715.2875444663,815.287544466288,0.0,9.0,8.0,1.0
c102_21,1,25,all,21,sweep,8.500002877553925e-06,3007864.868269286,743.3831648719753,612.1485104414099,10.0,5.0,3.0
c102_21,1,25,all,21,nearest,7.18000010238029e-05,1009017.1671252762,750.8999212809639,736.6267203995196,9.0,7.0,1.0
c102_21,1,25,all,21,grasp,0.03162570000131382,4867.291179853972,757.2911798539718,321.0,9.0,8.0,0.0
c102_21,1,25,all,21,mp_eavns,0.4819719000006444,1584.9842145488597,684.9842145488597,0.0,9.0,7.0,0.0
c102_21,2,50,depot,1,edd,1.8399998225504532e-05,31004234.618435707,2302.1505449917113,3.2467890715012118,19.0,2.0,31.0
c102_21,2,50,depot,1,sweep,1.809999957913533e-05,20021094.05698641,1655.4821581307888,1723.857482827926,22.0,0.0,20.0
c102_21,2,50,depot,1,nearest,0.00025800000003073364,18019182.410444006,1662.4104440057565,1562.0,19.0,0.0,18.0
c102_21,2,50,depot,1,grasp,0.050899899997602915,17031928.36796876,1765.8456663944532,2826.2522302367706,19.0,0.0,17.0
c102_21,2,50,depot,1,mp_eavns,1.8461079000007885,13003377.749052163,1477.7490521627283,0.0,19.0,0.0,13.0
c102_21,2,50,phased,11,edd,2.269999822601676e-05,16004314.619851826,2297.6287641733356,11.699108765170507,19.0,11.0,16.0
c102_21,2,50,phased,11,sweep,1.5699999494245276e-05,7021788.029027723,1706.4065375023577,1788.1622490220104,22.0,10.0,7.0
c102_21,2,50,phased,11,nearest,0.00022739999985788018,4028061.3611519192,1689.466416745244,2447.189473517418,19.0,13.0,4.0
c102_21,2,50,phased,11,grasp,0.15248570000039763,3041652.397919777,1754.3574928382734,3799.8040426938805,19.0,15.0,3.0
c102_21,2,50,phased,11,mp_eavns,0.9420410000020638,2003553.9289703232,1653.9289703230627,0.0,19.0,16.0,2.0
c102_21,2,50,all,21,edd,1.9000002794200554e-05,16004314.619851826,2297.6287641733356,11.699108765170507,19.0,11.0,16.0
c102_21,2,50,all,21,sweep,1.5699999494245276e-05,7021788.029027723,1706.4065375023577,1788.1622490220104,22.0,10.0,7.0
c102_21,2,50,all,21,nearest,0.000247199997829739,4028079.2077855817,1689.4112906535622,2448.9796494928187,19.0,13.0,4.0
c102_21,2,50,all,21,grasp,0.20437570000285632,4030787.3779179393,1766.525017529225,2712.0852900410255,19.0,16.0,4.0
c102_21,2,50,all,21,mp_eavns,1.6118621999994502,3511.9738987733117,1611.9738987733115,0.0,19.0,18.0,0.0
c102_21,3,75,depot,1,edd,2.7500002033775672e-05,51006824.41792767,3479.94872816991,24.446919950047345,31.0,4.0,51.0
c102_21,3,75,depot,1,sweep,1.80000024556648e-05,31034612.425434172,2423.1399277743835,2888.928550639792,33.0,0.0,31.0
c102_21,3,75,depot,1,nearest,0.000537899999471847,26046336.282983933,2432.0880916815727,4110.419489225036,28.0,0.0,26.0
c102_21,3,75,depot,1,grasp,0.16083480000088457,27048538.239137862,2507.791683462702,4323.044745439973,28.0,0.0,27.0
c102_21,3,75,depot,1,mp_eavns,5.96821170000112,18005031.19931091,2131.1993109099103,0.0,29.0,0.0,18.0
c102_21,3,75,phased,16,edd,4.0099999750964344e-05,15006917.912771948,3546.9162277212613,27.09965442260409,31.0,30.0,15.0
c102_21,3,75,phased,16,sweep,2.5499997718725353e-05,9041912.72798187,2532.2300098961246,3608.0497971973596,33.0,17.0,9.0
c102_21,3,75,phased,16,nearest,0.0005118000008224044,6053813.145313781,2497.6641337625697,4851.548118001848,28.0,20.0,6.0
c102_21,3,75,phased,16,grasp,0.5409022999992885,5046415.063883947,2779.8262744339286,4083.5237609513115,28.0,29.0,5.0
c102_21,3,75,phased,16,mp_eavns,2.990158699998574,5026.645229107031,2226.6452291070304,0.0,28.0,23.0,0.0
c102_21,3,75,all,21,edd,2.930000118794851e-05,15006915.115325186,3544.1187809594585,27.09965442260409,31.0,30.0,15.0
c102_21,3,75,all,21,sweep,1.9499999325489625e-05,9041912.72798187,2532.2300098961246,3608.0497971973596,33.0,17.0,9.0
c102_21,3,75,all,21,nearest,0.00046069999734754674,6053830.991947443,2497.6090076708874,4853.338293977248,28.0,20.0,6.0
c102_21,3,75,all,21,grasp,0.5361589999993157,6024767.81233912,2588.6038086087497,1937.9208530511073,28.0,24.0,6.0
c102_21,3,75,all,21,mp_eavns,12.677086300001974,5064.21008464897,2264.2100846489698,0.0,28.0,24.0,0.0
c102_21,4,100,depot,1,edd,3.369999831193127e-05,70008696.54939856,4664.081507841601,3.2467890715012118,40.0,4.0,70.0
c102_21,4,100,depot,1,sweep,2.2300002456177026e-05,37046824.66968607,2996.1153738004314,3952.8554312271717,43.0,0.0,37.0
c102_21,4,100,depot,1,nearest,0.0008474999995087273,31056032.258199107,2921.9076205996935,4941.035057850724,37.0,0.0,31.0
c102_21,4,100,depot,1,grasp,0.2868705000000773,34057471.32313466,3231.492523874329,5043.983061078468,38.0,1.0,34.0
c102_21,4,100,depot,1,mp_eavns,13.292351600000984,22006453.056598466,2653.0565984669906,0.0,38.0,0.0,22.0
c102_21,4,100,phased,21,edd,4.609999814420007e-05,32010738.46477952,4751.0453989490225,198.74193805706796,40.0,30.0,32.0
c102_21,4,100,phased,21,sweep,2.8500002372311428e-05,9060331.27991959,3114.1368194699576,5291.71431001213,43.0,22.0,9.0
c102_21,4,100,phased,21,nearest,0.0010527000013098586,8063920.368962645,3018.096442194704,5720.227252044959,37.0,23.0,8.0
c102_21,4,100,phased,21,grasp,0.9682307000002766,7051875.076954262,3163.6932392227213,4501.138371503959,37.0,30.0,7.0
c102_21,4,100,phased,21,mp_eavns,24.23700149999786,6459.675163068468,2759.6751630684676,0.0,37.0,28.0,0.0
c102_21,4,100,all,21,edd,3.7500001781154424e-05,32010738.46477952,4751.0453989490225,198.74193805706796,40.0,30.0,32.0
c102_21,4,100,all,21,sweep,2.5299999833805487e-05,9060331.27991959,3114.1368194699576,5291.71431001213,43.0,22.0,9.0
c102_21,4,100,all,21,nearest,0.0008412999995925929,8063920.368962645,3018.096442194704,5720.227252044959,37.0,23.0,8.0
c102_21,4,100,all,21,grasp,0.9807562000023609,3092148.752873654,3353.7981535740632,8509.495472007979,37.0,34.0,3.0
c102_21,4,100,all,21,mp_eavns,20.843398400000297,6430.765598835747,2730.7655988357474,0.0,37.0,27.0,0.0
c103_21,1,25,depot,1,edd,1.3100001524435356e-05,12001759.981578823,759.9815788234536,0.0,10.0,0.0,12.0
c103_21,1,25,depot,1,sweep,7.599999662488699e-06,8002304.413079405,720.010014316152,58.44030650891054,10.0,0.0,8.0
c103_21,1,25,depot,1,nearest,7.550000009359792e-05,8002495.270497746,725.2704977453757,87.0,9.0,0.0,8.0
c103_21,1,25,depot,1,grasp,0.007830200000171317,7002007.523561862,677.5235618619421,43.0,9.0,0.0,7.0
c103_21,1,25,depot,1,mp_eavns,0.2351581000002625,6001534.092048098,634.0920480980875,0.0,9.0,0.0,6.0
c103_21,1,25,phased,6,edd,1.2099997547920793e-05,1001792.7710557125,792.7710557125118,0.0,10.0,8.0,1.0
c103_21,1,25,phased,6,sweep,9.499999578110874e-06,3002328.015816849,743.612751759915,58.44030650891054,10.0,5.0,3.0
c103_21,1,25,phased,6,nearest,7.440000263159163e-05,1005426.6348602261,751.1295081689036,377.55053520571875,9.0,7.0,1.0
c103_21,1,25,phased,6,grasp,0.016335799999069422,1633.3052782290952,733.305278229095,0.0,9.0,7.0,0.0
c103_21,1,25,phased,6,mp_eavns,0.357221499998559,1584.4833200605706,684.4833200605706,0.0,9.0,7.0,0.0
c103_21,1,25,all,21,edd,1.21000011858996e-05,1001792.5414688246,792.541468824572,0.0,10.0,8.0,1.0
c103_21,1,25,all,21,sweep,9.899998985929415e-06,3002327.786229961,743.3831648719753,58.44030650891054,10.0,5.0,3.0
c103_21,1,25,all,21,nearest,7.93999970483128e-05,1005426.4052733382,750.8999212809639,377.55053520571875,9.0,7.0,1.0
c103_21,1,25,all,21,grasp,0.02163999999902444,2480.561609296309,710.5616092963091,87.0,9.0,8.0,0.0
c103_21,1,25,all,21,mp_eavns,0.7663202000003366,1595.7241158238635,695.7241158238635,0.0,9.0,7.0,0.0
c103_21,2,50,depot,1,edd,1.720000000204891e-05,28004762.94425143,2250.942942643246,21.200130878546133,23.0,1.0,28.0
c103_21,2,50,depot,1,sweep,1.21000011858996e-05,20006870.355909187,1655.4821581307888,301.48737510573585,22.0,0.0,20.0
c103_21,2,50,depot,1,nearest,0.00021680000281776302,18005612.410444006,1662.4104440057565,205.0,19.0,0.0,18.0
c103_21,2,50,depot,1,grasp,0.06132409999918309,17022814.99845182,1740.7898153600306,1917.4208636460412,19.0,1.0,17.0
c103_21,2,50,depot,1,mp_eavns,1.3853675999998813,14003329.002906833,1429.0029068324814,0.0,19.0,0.0,14.0
c103_21,2,50,phased,11,edd,2.170000152545981e-05,13004621.549699148,2287.0372406045713,3.4512458543963476,23.0,13.0,13.0
c103_21,2,50,phased,11,sweep,1.630000042496249e-05,7006921.280288559,1706.4065375023577,301.48737510573585,22.0,10.0,7.0
c103_21,2,50,phased,11,nearest,0.00023599999985890463,4012230.5992999813,1689.466416745244,864.1132883236169,19.0,13.0,4.0
c103_21,2,50,phased,11,grasp,0.11648410000270815,4013837.924167093,1632.0008128932727,1030.592335419964,19.0,13.0,4.0
c103_21,2,50,phased,11,mp_eavns,1.6296949000025052,3454.4557591953017,1554.4557591953017,0.0,19.0,17.0,0.0
c103_21,2,50,all,21,edd,2.0600000425474718e-05,13004621.549699148,2287.0372406045713,3.4512458543963476,23.0,13.0,13.0
c103_21,2,50,all,21,sweep,1.5400000847876072e-05,7006921.280288559,1706.4065375023577,301.48737510573585,22.0,10.0,7.0
c103_21,2,50,all,21,nearest,0.0002494000000297092,4012248.4459336437,1689.4112906535622,865.9034642990175,19.0,13.0,4.0
c103_21,2,50,all,21,grasp,0.13564509999923757,2019139.1235570286,1936.0778180127734,1530.304573901586,19.0,21.0,2.0
c103_21,2,50,all,21,mp_eavns,1.4706886999993003,3500.801111060613,1600.8011110606128,0.0,19.0,18.0,0.0
c103_21,3,75,depot,1,edd,3.0400002287933603e-05,48007419.45126577,3907.449956981648,21.200130878546133,33.0,7.0,48.0
c103_21,3,75,depot,1,sweep,1.720000000204891e-05,31008738.01367883,2423.1399277743835,301.48737510573585,33.0,0.0,31.0
c103_21,3,75,depot,1,nearest,0.00046149999980116263,26011358.2930852,2432.0880916815727,612.6204993518134,28.0,0.0,26.0
c103_21,3,75,depot,1,grasp,0.11795440000059898,25039140.873586606,2365.624088078536,3397.5249498526455,28.0,1.0,25.0
c103_21,3,75,depot,1,mp_eavns,3.6268127000003005,21004890.819661666,2090.819661667297,0.0,28.0,0.0,21.0
c103_21,3,75,phased,16,edd,3.360000118846074e-05,33007269.43270484,3934.920246296676,3.4512458543963476,33.0,19.0,33.0
c103_21,3,75,phased,16,sweep,2.0700001186924055e-05,9008847.103760954,2532.2300098961246,301.48737510573585,33.0,17.0,9.0
c103_21,3,75,phased,16,nearest,0.0004720999968412798,6016195.002010517,2497.6641337625697,1089.73378767543,28.0,20.0,6.0
c103_21,3,75,phased,16,grasp,0.4091757999995025,3014664.898450372,2381.858669396124,948.3039780975753,28.0,22.0,3.0
c103_21,3,75,phased,16,mp_eavns,8.776076900001499,5062.693691090908,2262.693691090908,0.0,28.0,25.0,0.0
c103_21,3,75,all,21,edd,2.9900002118665725e-05,33007269.43270484,3934.920246296676,3.4512458543963476,33.0,19.0,33.0
c103_21,3,75,all,21,sweep,1.9199997041141614e-05,9008847.103760954,2532.2300098961246,301.48737510573585,33.0,17.0,9.0
c103_21,3,75,all,21,nearest,0.00046999999904073775,6016212.848644179,2497.6090076708874,1091.5239636508309,28.0,20.0,6.0
c103_21,3,75,all,21,grasp,0.3029095000019879,2026647.7513310034,2843.287528593113,2090.4463802410382,29.0,32.0,2.0
c103_21,3,75,all,21,mp_eavns,11.827751900000294,5111.83392188886,2311.83392188886,0.0,28.0,26.0,0.0
c103_21,4,100,depot,1,edd,3.2800002372823656e-05,62009563.55692586,4822.018434592619,54.1538491272517,42.0,10.0,62.0
c103_21,4,100,depot,1,sweep,2.1200001356191933e-05,37020950.25793073,2996.1153738004314,1365.4142556931156,43.0,0.0,37.0
c103_21,4,100,depot,1,nearest,0.0007779999978083652,31025534.268300373,2921.9076205996935,1891.2360679774997,37.0,0.0,31.0
c103_21,4,100,depot,1,grasp,0.22973520000232384,34020248.802992545,3163.846998515327,1328.4955994032118,38.0,0.0,34.0
c103_21,4,100,depot,1,mp_eavns,8.150516199999402,26006315.93137386,2615.9313738591236,0.0,37.0,0.0,26.0
c103_21,4,100,phased,21,edd,4.439999975147657e-05,37010392.75350868,4894.798249185901,129.79552594957948,42.0,33.0,37.0
c103_21,4,100,phased,21,sweep,3.0499999411404133e-05,9021268.672214782,3114.1368194699576,1385.4535395312005,43.0,22.0,9.0
c103_21,4,100,phased,21,nearest,0.0008347999973921105,8033422.379063912,3018.096442194704,2670.4282621717357,37.0,23.0,8.0
c103_21,4,100,phased,21,grasp,0.7256008000003931,5025687.109280432,3288.5792696226385,1859.853001080923,38.0,33.0,5.0
c103_21,4,100,phased,21,mp_eavns,21.162094600000273,6431.411659901345,2731.411659901345,0.0,37.0,27.0,0.0
c103_21,4,100,all,21,edd,3.779999678954482e-05,37010392.75350868,4894.798249185901,129.79552594957948,42.0,33.0,37.0
c103_21,4,100,all,21,sweep,2.390000008745119e-05,9021268.672214782,3114.1368194699576,1385.4535395312005,43.0,22.0,9.0
c103_21,4,100,all,21,nearest,0.0008562999973946717,8033422.379063912,3018.096442194704,2670.4282621717357,37.0,23.0,8.0
c103_21,4,100,all,21,grasp,0.7263358000018343,5022966.276970017,3411.8060571589285,1575.4470912857519,38.0,33.0,5.0
c103_21,4,100,all,21,mp_eavns,20.60753840000325,6465.620786587731,2765.620786587732,0.0,37.0,27.0,0.0
c103C15,1,4,depot,1,edd,5.200003215577453e-06,1000328.1046497035,128.1046497035028,0.0,2.0,0.0,1.0
c103C15,1,4,depot,1,sweep,2.7999994927085936e-06,1000328.1046497035,128.1046497035028,0.0,2.0,0.0,1.0
c103C15,1,4,depot,1,nearest,1.0699997801566496e-05,2000354.2095019708,154.2095019707516,0.0,2.0,0.0,2.0
c103C15,1,4,depot,1,grasp,0.0002351000002818182,1000328.1046497035,128.1046497035028,0.0,2.0,0.0,1.0
c103C15,1,4,depot,1,mp_eavns,0.005219399998168228,1000328.1046497035,128.1046497035028,0.0,2.0,0.0,1.0
c103C15,1,4,phased,2,edd,4.0000013541430235e-06,331.1383596976942,131.13835969769423,0.0,2.0,1.0,0.0
c103C15,1,4,phased,2,sweep,3.7999998312443495e-06,331.1383596976942,131.13835969769423,0.0,2.0,1.0,0.0
c103C15,1,4,phased,2,nearest,9.700001101009548e-06,1000359.9981281116,159.99812811158358,0.0,2.0,1.0,1.0
c103C15,1,4,phased,2,grasp,0.0002822999995260034,331.1383596976942,131.13835969769423,0.0,2.0,1.0,0.0
c103C15,1,4,phased,2,mp_eavns,0.00603179999961867,331.1383596976942,131.13835969769423,0.0,2.0,1.0,0.0
c103C15,1,4,all,5,edd,6.999998731771484e-06,331.1383596976942,131.13835969769423,0.0,2.0,1.0,0.0
c103C15,1,4,all,5,sweep,3.0999981390777975e-06,331.1383596976942,131.13835969769423,0.0,2.0,1.0,0.0
c103C15,1,4,all,5,nearest,8.499999239575118e-06,1000359.9981281116,159.99812811158358,0.0,2.0,1.0,1.0
c103C15,1,4,all,5,grasp,0.00028949999978067353,331.1383596976942,131.13835969769423,0.0,2.0,1.0,0.0
c103C15,1,4,all,5,mp_eavns,0.006021600001986371,331.1383596976942,131.13835969769423,0.0,2.0,1.0,0.0
c103C15,2,8,depot,1,edd,5.100002454128116e-06,4000722.114545567,322.11454556705246,0.0,4.0,0.0,4.0
c103C15,2,8,depot,1,sweep,3.899996954714879e-06,3000918.8659619,225.8953764923136,39.29705854077835,3.0,0.0,3.0
c103C15,2,8,depot,1,nearest,1.6400001186411828e-05,4001236.3250861573,294.99301248728034,64.13320736702158,3.0,1.0,4.0
c103C15,2,8,depot,1,grasp,0.0017293999990215525,3000538.2947344626,238.29473446245356,0.0,3.0,0.0,3.0
c103C15,2,8,depot,1,mp_eavns,0.030837199999950826,2000564.103779841,264.1037798409292,0.0,3.0,1.0,2.0
c103C15,2,8,phased,3,edd,1.1299998732283711e-05,2000734.2104059816,334.2104059815766,0.0,4.0,2.0,2.0
c103C15,2,8,phased,3,sweep,6.199999916134402e-06,925.4403601098969,232.4697747021134,39.29705854077835,3.0,2.0,0.0
c103C15,2,8,phased,3,nearest,1.889999839477241e-05,2001245.1474222925,303.81534862230376,64.13320736702158,3.0,3.0,2.0
c103C15,2,8,phased,3,grasp,0.0020997999999963213,554.7776844453368,254.77768444533686,0.0,3.0,2.0,0.0
c103C15,2,8,phased,3,mp_eavns,0.037290299998858245,539.2803649215114,239.2803649215113,0.0,3.0,2.0,0.0
c103C15,2,8,all,5,edd,7.300001016119495e-06,2000734.2104059816,334.2104059815766,0.0,4.0,2.0,2.0
c103C15,2,8,all,5,sweep,7.300001016119495e-06,925.4403601098969,232.4697747021134,39.29705854077835,3.0,2.0,0.0
c103C15,2,8,all,5,nearest,2.7999998565064743e-05,2001245.1474222925,303.81534862230376,64.13320736702158,3.0,3.0,2.0
c103C15,2,8,all,5,grasp,0.0025214000015694182,572.7105125068322,272.7105125068322,0.0,3.0,3.0,0.0
c103C15,2,8,all,5,mp_eavns,0.047662500001024455,539.2803649215114,239.2803649215113,0.0,3.0,2.0,0.0
c103C15,3,12,depot,1,edd,7.400001777568832e-06,5000972.518624178,472.5186241777068,0.0,5.0,1.0,5.0
c103C15,3,12,depot,1,sweep,4.599998646881431e-06,5001256.657366731,363.68678132330257,39.29705854077835,5.0,0.0,5.0
c103C15,3,12,depot,1,nearest,2.7999998565064743e-05,7001442.476984758,460.9220405436099,48.15549442140352,5.0,0.0,7.0
c103C15,3,12,depot,1,grasp,0.002601299998786999,7000944.039290154,444.03929015477087,0.0,5.0,0.0,7.0
c103C15,3,12,depot,1,mp_eavns,0.07313579999754438,4000901.895184672,401.8951846719182,0.0,5.0,1.0,4.0
c103C15,3,12,phased,4,edd,8.800001523923129e-06,2000997.1150506665,497.1150506665846,0.0,5.0,4.0,2.0
c103C15,3,12,phased,4,sweep,8.099999831756577e-06,1001275.7323310153,382.761745607456,39.29705854077835,5.0,3.0,1.0
c103C15,3,12,phased,4,nearest,2.8599999495781958e-05,4001465.1845331686,483.62958895444035,48.15549442140352,5.0,3.0,4.0
c103C15,3,12,phased,4,grasp,0.0036307000009401236,2001053.5050360947,553.5050360947357,0.0,5.0,6.0,2.0
c103C15,3,12,phased,4,mp_eavns,0.11090680000052089,1000881.4901259481,381.49012594814513,0.0,5.0,3.0,1.0
c103C15,3,12,all,5,edd,1.3799999578623101e-05,2000997.1150506665,497.1150506665846,0.0,5.0,4.0,2.0
c103C15,3,12,all,5,sweep,1.3200002285884693e-05,1291.0676106913588,398.0970252835754,39.29705854077835,5.0,4.0,0.0
c103C15,3,12,all,5,nearest,5.1700000767596066e-05,2001487.0574736653,505.5025294512378,48.15549442140352,5.0,5.0,2.0
c103C15,3,12,all,5,grasp,0.008653500000946224,1064.6555467080045,564.6555467080045,0.0,5.0,8.0,0.0
c103C15,3,12,all,5,mp_eavns,0.11086029999933089,896.8254056242645,396.82540562426453,0.0,5.0,4.0,0.0
c103C15,4,15,depot,1,edd,8.300001354655251e-06,11001364.208340697,664.2083406976287,0.0,7.0,0.0,11.0
c103C15,4,15,depot,1,sweep,5.600002623395994e-06,6006876.114744762,457.12090668388373,581.8993838078211,6.0,0.0,6.0
c103C15,4,15,depot,1,nearest,4.070000068168156e-05,8007180.8884402225,513.5331138821639,606.7355326340643,6.0,0.0,8.0
c103C15,4,15,depot,1,grasp,0.00416169999880367,6006537.05859378,511.03534110976506,542.6023252670427,6.0,1.0,6.0
c103C15,4,15,depot,1,mp_eavns,0.13292100000035134,5001087.177489308,487.1774893076281,0.0,6.0,1.0,5.0
c103C15,4,15,phased,5,edd,8.899998647393659e-06,2001437.4712809862,737.4712809862157,0.0,7.0,8.0,2.0
c103C15,4,15,phased,5,sweep,7.400001777568832e-06,1006900.9255301285,481.93169205032285,581.8993838078211,6.0,4.0,1.0
c103C15,4,15,phased,5,nearest,3.7000001611886546e-05,3007228.6971960226,561.3418696817974,606.7355326340643,6.0,5.0,3.0
c103C15,4,15,phased,5,grasp,0.008189500000298722,1228.0979553589682,628.0979553589681,0.0,6.0,8.0,0.0
c103C15,4,15,phased,5,mp_eavns,0.1774632999986352,1086.7818366591425,486.7818366591426,0.0,6.0,5.0,0.0
c103C15,4,15,all,5,edd,8.499999239575118e-06,2001437.4712809862,737.4712809862157,0.0,7.0,8.0,2.0
c103C15,4,15,all,5,sweep,6.999998731771484e-06,1006900.9255301285,481.93169205032285,581.8993838078211,6.0,4.0,1.0
c103C15,4,15,all,5,nearest,3.730000025825575e-05,3007228.6971960226,561.3418696817974,606.7355326340643,6.0,5.0,3.0
c103C15,4,15,all,5,grasp,0.006440400000428781,2470.0896849819123,599.5536791034085,127.05360058785038,6.0,7.0,0.0
c103C15,4,15,all,5,mp_eavns,0.18828529999882448,1086.7818366591425,486.7818366591426,0.0,6.0,5.0,0.0
c103C5,1,2,depot,1,edd,3.6000019463244826e-06,1000174.0550579716,74.05505797167908,0.0,1.0,0.0,1.0
c103C5,1,2,depot,1,sweep,2.0000006770715117e-06,2000174.0550579717,74.05505797167908,0.0,1.0,0.0,2.0
c103C5,1,2,depot,1,nearest,7.599999662488699e-06,1000174.0550579716,74.05505797167908,0.0,1.0,0.0,1.0
c103C5,1,2,depot,1,grasp,0.0001315000008617062,1000174.0550579716,74.05505797167908,0.0,1.0,0.0,1.0
c103C5,1,2,depot,1,mp_eavns,0.0012834000008297153,1000174.0550579716,74.05505797167908,0.0,1.0,0.0,1.0
c103C5,1,2,phased,2,edd,1.7999991541728377e-06,174.12124328779498,74.12124328779497,0.0,1.0,1.0,0.0
c103C5,1,2,phased,2,sweep,1.6000012692529708e-06,9151.449747937731,75.4949264691462,897.5954821468586,1.0,1.0,0.0
c103C5,1,2,phased,2,nearest,3.7999998312443495e-06,174.12124328779498,74.12124328779497,0.0,1.0,1.0,0.0
c103C5,1,2,phased,2,grasp,0.00015300000086426735,174.12124328779498,74.12124328779497,0.0,1.0,1.0,0.0
c103C5,1,2,phased,2,mp_eavns,0.0016267999999399763,174.12124328779498,74.12124328779497,0.0,1.0,1.0,0.0
c103C5,1,2,all,2,edd,1.7999991541728377e-06,174.12124328779498,74.12124328779497,0.0,1.0,1.0,0.0
c103C5,1,2,all,2,sweep,1.8999999156221747e-06,9151.449747937731,75.4949264691462,897.5954821468586,1.0,1.0,0.0
c103C5,1,2,all,2,nearest,3.6999990697950125e-06,174.12124328779498,74.12124328779497,0.0,1.0,1.0,0.0
c103C5,1,2,all,2,grasp,0.00014970000120229088,174.12124328779498,74.12124328779497,0.0,1.0,1.0,0.0
c103C5,1,2,all,2,mp_eavns,0.0015472999984922353,174.12124328779498,74.12124328779497,0.0,1.0,1.0,0.0
c103C5,2,3,depot,1,edd,2.5999979698099196e-06,2000335.6667451747,135.66674517467652,0.0,2.0,0.0,2.0
c103C5,2,3,depot,1,sweep,2.2000021999701858e-06,3000335.6667451747,135.66674517467652,0.0,2.0,0.0,3.0
c103C5,2,3,depot,1,nearest,6.000002031214535e-06,2000335.6667451747,135.66674517467652,0.0,2.0,0.0,2.0
c103C5,2,3,depot,1,grasp,0.00018840000120690092,2000335.6667451747,135.66674517467652,0.0,2.0,0.0,2.0
c103C5,2,3,depot,1,mp_eavns,0.0028391999985615257,2000335.6667451747,135.66674517467652,0.0,2.0,0.0,2.0
c103C5,2,3,phased,2,edd,2.5999979698099196e-06,1000335.7329304907,135.73293049079243,0.0,2.0,1.0,1.0
c103C5,2,3,phased,2,sweep,2.2999993234407157e-06,1009313.0614351408,137.10661367214365,897.5954821468586,2.0,1.0,1.0
c103C5,2,3,phased,2,nearest,6.199999916134402e-06,1000335.7329304907,135.73293049079243,0.0,2.0,1.0,1.0
c103C5,2,3,phased,2,grasp,0.0002224000018031802,1000335.7329304907,135.73293049079243,0.0,2.0,1.0,1.0
c103C5,2,3,phased,2,mp_eavns,0.0031392999990202952,1000335.7329304907,135.73293049079243,0.0,2.0,1.0,1.0
c103C5,2,3,all,2,edd,2.1999985619913787e-06,1000335.7329304907,135.73293049079243,0.0,2.0,1.0,1.0
c103C5,2,3,all,2,sweep,2.2999993234407157e-06,1009313.0614351408,137.10661367214365,897.5954821468586,2.0,1.0,1.0
c103C5,2,3,all,2,nearest,5.599998985417187e-06,1000335.7329304907,135.73293049079243,0.0,2.0,1.0,1.0
c103C5,2,3,all,2,grasp,0.00023579999833600596,1000335.7329304907,135.73293049079243,0.0,2.0,1.0,1.0
c103C5,2,3,all,2,mp_eavns,0.003429399999731686,1000335.7329304907,135.73293049079243,0.0,2.0,1.0,1.0
c103C5,3,4,depot,1,edd,2.6000016077887267e-06,3000352.3975503314,152.39755033142472,0.0,2.0,0.0,3.0
c103C5,3,4,depot,1,sweep,2.4000000848900527e-06,4000352.3975503314,152.39755033142472,0.0,2.0,0.0,4.0
c103C5,3,4,depot,1,nearest,8.499999239575118e-06,2000375.00919596,175.00919595983714,0.0,2.0,1.0,2.0
c103C5,3,4,depot,1,grasp,0.0002927000023191795,2000352.3975503314,152.39755033142472,0.0,2.0,0.0,2.0
c103C5,3,4,depot,1,mp_eavns,0.005207700000028126,2000352.3975503314,152.39755033142472,0.0,2.0,0.0,2.0
c103C5,3,4,phased,2,edd,2.6999987312592566e-06,2000352.4637356475,152.4637356475406,0.0,2.0,1.0,2.0
c103C5,3,4,phased,2,sweep,2.5000008463393897e-06,2009329.7922402974,153.83741882889183,897.5954821468586,2.0,1.0,2.0
c103C5,3,4,phased,2,nearest,7.299997378140688e-06,1000375.075381276,175.07538127595302,0.0,2.0,2.0,1.0
c103C5,3,4,phased,2,grasp,0.00031859999944572337,1000352.4637356475,152.46373564754063,0.0,2.0,1.0,1.0
c103C5,3,4,phased,2,mp_eavns,0.006848500001069624,1000352.4637356475,152.46373564754063,0.0,2.0,1.0,1.0
c103C5,3,4,all,2,edd,4.5000015234109014e-06,2000352.4637356475,152.4637356475406,0.0,2.0,1.0,2.0
c103C5,3,4,all,2,sweep,4.6000022848602384e-06,2009329.7922402974,153.83741882889183,897.5954821468586,2.0,1.0,2.0
c103C5,3,4,all,2,nearest,9.999999747378752e-06,1000375.075381276,175.07538127595302,0.0,2.0,2.0,1.0
c103C5,3,4,all,2,grasp,0.00029490000088117085,1000352.4637356475,152.46373564754063,0.0,2.0,1.0,1.0
c103C5,3,4,all,2,mp_eavns,0.0055971000001591165,1000352.4637356475,152.46373564754063,0.0,2.0,1.0,1.0
c103C5,4,5,depot,1,edd,2.6999987312592566e-06,4000361.2613846622,161.2613846621467,0.0,2.0,0.0,4.0
c103C5,4,5,depot,1,sweep,2.4999972083605826e-06,5000362.397550331,162.39755033142472,0.0,2.0,0.0,5.0
c103C5,4,5,depot,1,nearest,9.800001862458885e-06,2000384.4978080858,184.49780808583205,0.0,2.0,1.0,2.0
c103C5,4,5,depot,1,grasp,0.0005287000021780841,2000362.3975503314,162.39755033142472,0.0,2.0,0.0,2.0
c103C5,4,5,depot,1,mp_eavns,0.007305800001631724,2000361.2613846622,161.26138466214672,0.0,2.0,0.0,2.0
c103C5,4,5,phased,2,edd,4.6000022848602384e-06,3000361.3275699783,161.3275699782626,0.0,2.0,1.0,3.0
c103C5,4,5,phased,2,sweep,4.1000021155923605e-06,3009339.7922402974,163.83741882889183,897.5954821468586,2.0,1.0,3.0
c103C5,4,5,phased,2,nearest,1.1399999493733048e-05,1000384.563993402,184.56399340194793,0.0,2.0,2.0,1.0
c103C5,4,5,phased,2,grasp,0.0006821999995736405,1000361.3275699783,161.3275699782626,0.0,2.0,1.0,1.0
c103C5,4,5,phased,2,mp_eavns,0.008384299999306677,1000361.3275699783,161.3275699782626,0.0,2.0,1.0,1.0
c103C5,4,5,all,2,edd,2.6999987312592566e-06,3000361.3275699783,161.3275699782626,0.0,2.0,1.0,3.0
c103C5,4,5,all,2,sweep,2.9000002541579306e-06,3009339.7922402974,163.83741882889183,897.5954821468586,2.0,1.0,3.0
c103C5,4,5,all,2,nearest,8.299997716676444e-06,1000384.563993402,184.56399340194793,0.0,2.0,2.0,1.0
c103C5,4,5,all,2,grasp,0.0006876999977976084,1000362.4637356475,162.46373564754063,0.0,2.0,1.0,1.0
c103C5,4,5,all,2,mp_eavns,0.009420999998837942,1000361.3275699783,161.3275699782626,0.0,2.0,1.0,1.0
c104_21,1,25,depot,1,edd,1.0299998393747956e-05,10001660.226561496,760.2265614951863,0.0,9.0,0.0,10.0
c104_21,1,25,depot,1,sweep,7.499998901039362e-06,8001720.010014316,720.010014316152,0.0,10.0,0.0,8.0
c104_21,1,25,depot,1,nearest,7.729999924777076e-05,8001625.270497746,725.2704977453757,0.0,9.0,0.0,8.0
c104_21,1,25,depot,1,grasp,0.009441400001378497,7001565.114462083,665.1144620830357,0.0,9.0,0.0,7.0
c104_21,1,25,depot,1,mp_eavns,0.2822347000001173,7001541.872627744,641.8726277447737,0.0,9.0,0.0,7.0
c104_21,1,25,phased,6,edd,1.3199998647905886e-05,2001693.3227328341,793.3227328340453,0.0,9.0,7.0,2.0
c104_21,1,25,phased,6,sweep,9.60000033956021e-06,3001743.61275176,743.612751759915,0.0,10.0,5.0,3.0
c104_21,1,25,phased,6,nearest,7.639999967068434e-05,1004556.6348602261,751.1295081689036,290.55053520571875,9.0,7.0,1.0
c104_21,1,25,phased,6,grasp,0.01673570000275504,3087.4213979960223,836.7107198773667,135.07106781186553,9.0,9.0,0.0
c104_21,1,25,phased,6,mp_eavns,0.5220048000010138,1584.113123522884,684.1131235228839,0.0,9.0,7.0,0.0
c104_21,1,25,all,21,edd,1.1100000847363845e-05,2001688.6520838093,788.6520838093076,0.0,9.0,7.0,2.0
c104_21,1,25,all,21,sweep,9.300001693191007e-06,3001743.383164872,743.3831648719753,0.0,10.0,5.0,3.0
c104_21,1,25,all,21,nearest,7.499999992433004e-05,1004556.4052733382,750.8999212809639,290.55053520571875,9.0,7.0,1.0
c104_21,1,25,all,21,grasp,0.02983909999966272,1641.9974514148844,741.9974514148845,0.0,9.0,7.0,0.0
c104_21,1,25,all,21,mp_eavns,0.6173459999990882,1587.5884091149107,687.5884091149107,0.0,9.0,7.0,0.0
c104_21,2,50,depot,1,edd,3.730000025825575e-05,23003937.278199997,1837.27819999797,0.0,21.0,0.0,23.0
c104_21,2,50,depot,1,sweep,2.5099998310906813e-05,20003855.482158132,1655.4821581307888,0.0,22.0,0.0,20.0
c104_21,2,50,depot,1,nearest,0.000427700000727782,18003562.410444006,1662.4104440057565,0.0,19.0,0.0,18.0
c104_21,2,50,depot,1,grasp,0.04451639999751933,19003646.695595402,1746.6955954037758,0.0,19.0,0.0,19.0
c104_21,2,50,depot,1,mp_eavns,1.0663703999998688,13003247.523531465,1347.5235314653441,0.0,19.0,0.0,13.0
c104_21,2,50,phased,11,edd,2.099999983329326e-05,13004101.372518364,1877.9591533066243,12.341336505853633,21.0,9.0,13.0
c104_21,2,50,phased,11,sweep,1.469999915570952e-05,7003906.406537502,1706.4065375023577,0.0,22.0,10.0,7.0
c104_21,2,50,phased,11,nearest,0.00023370000053546391,4006494.9717688025,1689.466416745244,290.55053520571875,19.0,13.0,4.0
c104_21,2,50,phased,11,grasp,0.08394510000289301,5003665.522287275,1765.5222872746174,0.0,19.0,15.0,5.0
c104_21,2,50,phased,11,mp_eavns,1.3061919000028865,3609.445095739715,1709.4450957397146,0.0,19.0,20.0,0.0
c104_21,2,50,all,21,edd,1.9999999494757503e-05,13004101.372518364,1877.9591533066243,12.341336505853633,21.0,9.0,13.0
c104_21,2,50,all,21,sweep,1.4199998986441642e-05,7003906.406537502,1706.4065375023577,0.0,22.0,10.0,7.0
c104_21,2,50,all,21,nearest,0.0002182000025641173,4006494.9166427106,1689.4112906535622,290.55053520571875,19.0,13.0,4.0
c104_21,2,50,all,21,grasp,0.1171959000021161,2003675.8900711364,1775.8900711363938,0.0,19.0,17.0,2.0
c104_21,2,50,all,21,mp_eavns,2.690003200001229,3529.949042586001,1629.9490425860008,0.0,19.0,19.0,0.0
c104_21,3,75,depot,1,edd,2.680000034160912e-05,50006759.910454266,3659.9104542682367,0.0,31.0,4.0,50.0
c104_21,3,75,depot,1,sweep,1.6699999832781032e-05,31005723.139927775,2423.1399277743835,0.0,33.0,0.0,31.0
c104_21,3,75,depot,1,nearest,0.00045309999768505804,26005702.088091683,2432.0880916815727,47.0,28.0,0.0,26.0
c104_21,3,75,depot,1,grasp,0.09040010000171605,27005768.694372866,2498.694372866277,47.0,28.0,0.0,27.0
c104_21,3,75,depot,1,mp_eavns,5.520221500002663,19004799.813719634,1999.8137196347245,0.0,28.0,1.0,19.0
c104_21,3,75,phased,16,edd,3.489999653538689e-05,30006890.03578132,3790.0357813215346,0.0,31.0,22.0,30.0
c104_21,3,75,phased,16,sweep,2.1500000002561137e-05,9005832.230009897,2532.2300098961246,0.0,33.0,17.0,9.0
c104_21,3,75,phased,16,nearest,0.00048579999929643236,6008673.1694858195,2497.6641337625697,337.55053520571875,28.0,20.0,6.0
c104_21,3,75,phased,16,grasp,0.29623569999967003,5014403.696874446,2578.1915223888923,902.5505352057187,28.0,24.0,5.0
c104_21,3,75,phased,16,mp_eavns,6.046980299997813,5084.7548454796615,2284.7548454796615,0.0,28.0,25.0,0.0
c104_21,3,75,all,21,edd,4.190000254311599e-05,30006890.03578132,3790.0357813215346,0.0,31.0,22.0,30.0
c104_21,3,75,all,21,sweep,3.199999991920777e-05,9005832.230009897,2532.2300098961246,0.0,33.0,17.0,9.0
c104_21,3,75,all,21,nearest,0.0008736000017961487,6008673.114359728,2497.6090076708874,337.55053520571875,28.0,20.0,6.0
c104_21,3,75,all,21,grasp,0.40595939999911934,4015214.830324771,2680.2129769954786,973.4617347775302,28.0,27.0,4.0
c104_21,3,75,all,21,mp_eavns,14.773305999999138,5067.736907836663,2267.7369078366632,0.0,28.0,26.0,0.0
c104_21,4,100,depot,1,edd,3.4100001357728615e-05,63008659.02911514,4459.029115138513,0.0,42.0,6.0,63.0
c104_21,4,100,depot,1,sweep,2.2000000171829015e-05,37009577.7381504,2996.1153738004314,228.16227766016846,43.0,0.0,37.0
c104_21,4,100,depot,1,nearest,0.0008479999996779952,33014222.49126626,3112.4912662623287,741.0,37.0,0.0,33.0
c104_21,4,100,depot,1,grasp,0.213419800002157,34008681.582635686,3131.582635684184,185.0,37.0,0.0,34.0
c104_21,4,100,depot,1,mp_eavns,12.404056600000331,23006214.047044564,2514.047044564311,0.0,37.0,1.0,23.0
c104_21,4,100,phased,21,edd,4.189999890513718e-05,34008759.87449848,4550.205744425911,0.9668754051251653,42.0,29.0,34.0
c104_21,4,100,phased,21,sweep,2.7500002033775672e-05,9009695.759596072,3114.1368194699576,228.16227766016846,43.0,22.0,9.0
c104_21,4,100,phased,21,nearest,0.0008694999996805564,7014310.267459782,3200.2674597814976,741.0,37.0,26.0,7.0
c104_21,4,100,phased,21,grasp,0.5019085000021732,4009584.806530777,3288.751018022335,259.605551275464,37.0,33.0,4.0
c104_21,4,100,phased,21,mp_eavns,14.534318699999858,6444.246049447836,2744.2460494478364,0.0,37.0,28.0,0.0
c104_21,4,100,all,21,edd,4.059999992023222e-05,34008759.87449848,4550.205744425911,0.9668754051251653,42.0,29.0,34.0
c104_21,4,100,all,21,sweep,2.5700002879602835e-05,9009695.759596072,3114.1368194699576,228.16227766016846,43.0,22.0,9.0
c104_21,4,100,all,21,nearest,0.0008349999989150092,7014310.267459782,3200.2674597814976,741.0,37.0,26.0,7.0
c104_21,4,100,all,21,grasp,0.49457410000104574,3014811.6542094043,3386.945103868391,762.4709105535838,38.0,34.0,3.0
c104_21,4,100,all,21,mp_eavns,21.34172799999942,6407.126854641492,2707.1268546414917,0.0,37.0,28.0,0.0
c104C10,1,3,depot,1,edd,5.899997631786391e-06,2000182.0866422043,82.08664220436576,0.0,1.0,0.0,2.0
c104C10,1,3,depot,1,sweep,2.4999972083605826e-06,2000182.0866422043,82.08664220436576,0.0,1.0,0.0,2.0
c104C10,1,3,depot,1,nearest,1.04000027931761e-05,1000182.0866422043,82.08664220436577,0.0,1.0,0.0,1.0
c104C10,1,3,depot,1,grasp,0.00018560000171419233,1000182.0866422043,82.08664220436577,0.0,1.0,0.0,1.0
c104C10,1,3,depot,1,mp_eavns,0.0025960000020859297,1000182.0866422043,82.08664220436577,0.0,1.0,0.0,1.0
c104C10,1,3,phased,2,edd,4.19999923906289e-06,2000182.0866422043,82.08664220436576,0.0,1.0,0.0,2.0
c104C10,1,3,phased,2,sweep,3.4999975468963385e-06,2000182.0866422043,82.08664220436576,0.0,1.0,0.0,2.0
c104C10,1,3,phased,2,nearest,7.800001185387373e-06,1000182.0866422043,82.08664220436577,0.0,1.0,0.0,1.0
c104C10,1,3,phased,2,grasp,0.00018840000120690092,190.0820755701828,90.08207557018281,0.0,1.0,1.0,0.0
c104C10,1,3,phased,2,mp_eavns,0.0026926999998977408,190.0820755701828,90.08207557018281,0.0,1.0,1.0,0.0
c104C10,1,3,all,4,edd,2.1999985619913787e-06,2000182.0866422043,82.08664220436576,0.0,1.0,0.0,2.0
c104C10,1,3,all,4,sweep,1.8999999156221747e-06,2000182.0866422043,82.08664220436576,0.0,1.0,0.0,2.0
c104C10,1,3,all,4,nearest,5.40000110049732e-06,1000182.0866422043,82.08664220436577,0.0,1.0,0.0,1.0
c104C10,1,3,all,4,grasp,0.0001894999986689072,190.0820755701828,90.08207557018281,0.0,1.0,1.0,0.0
c104C10,1,3,all,4,mp_eavns,0.0027196000010007992,190.0820755701828,90.08207557018281,0.0,1.0,1.0,0.0
c104C10,2,5,depot,1,edd,4.19999923906289e-06,3000514.8684061966,214.86840619681237,0.0,3.0,0.0,3.0
c104C10,2,5,depot,1,sweep,2.6000016077887267e-06,3000360.7897963296,160.7897963293981,0.0,2.0,0.0,3.0
c104C10,2,5,depot,1,nearest,9.69999746303074e-06,2000360.7897963293,160.78979632939811,0.0,2.0,0.0,2.0
c104C10,2,5,depot,1,grasp,0.0002918999998655636,2000360.7897963293,160.78979632939811,0.0,2.0,0.0,2.0
c104C10,2,5,depot,1,mp_eavns,0.00507859999925131,2000360.7897963293,160.78979632939811,0.0,2.0,0.0,2.0
c104C10,2,5,phased,3,edd,5.000001692678779e-06,3000514.8684061966,214.86840619681237,0.0,3.0,0.0,3.0
c104C10,2,5,phased,3,sweep,3.9000005926936865e-06,3000360.7897963296,160.7897963293981,0.0,2.0,0.0,3.0
c104C10,2,5,phased,3,nearest,1.1600001016631722e-05,2000360.7897963293,160.78979632939811,0.0,2.0,0.0,2.0
c104C10,2,5,phased,3,grasp,0.0003432000012253411,1000382.8597556014,182.85975560134176,0.0,2.0,1.0,1.0
c104C10,2,5,phased,3,mp_eavns,0.00688570000056643,1000368.7852296953,168.78522969521515,0.0,2.0,1.0,1.0
c104C10,2,5,all,4,edd,4.19999923906289e-06,3000514.8684061966,214.86840619681237,0.0,3.0,0.0,3.0
c104C10,2,5,all,4,sweep,3.899996954714879e-06,3000360.7897963296,160.7897963293981,0.0,2.0,0.0,3.0
c104C10,2,5,all,4,nearest,1.1200001608813182e-05,2000360.7897963293,160.78979632939811,0.0,2.0,0.0,2.0
c104C10,2,5,all,4,grasp,0.0003518999983498361,1000382.8597556014,182.85975560134176,0.0,2.0,1.0,1.0
c104C10,2,5,all,4,mp_eavns,0.0069227999993017875,1000368.7852296953,168.78522969521515,0.0,2.0,1.0,1.0
c104C10,3,8,depot,1,edd,5.699999746866524e-06,7000823.940401696,423.94040169524,0.0,4.0,0.0,7.0
c104C10,3,8,depot,1,sweep,3.6999990697950125e-06,6000609.250276659,309.250276658554,0.0,3.0,0.0,6.0
c104C10,3,8,depot,1,nearest,1.8599999748403206e-05,4000620.224529066,320.2245290660668,0.0,3.0,0.0,4.0
c104C10,3,8,depot,1,grasp,0.0008591000005253591,4000694.0801419574,394.08014195718164,0.0,3.0,1.0,4.0
c104C10,3,8,depot,1,mp_eavns,0.014812599998549558,4000609.2502766587,309.250276658554,0.0,3.0,0.0,4.0
c104C10,3,8,phased,4,edd,5.800000508315861e-06,6000833.053625503,433.0536255024438,0.0,4.0,1.0,6.0
c104C10,3,8,phased,4,sweep,5.49999822396785e-06,6000609.250276659,309.250276658554,0.0,3.0,0.0,6.0
c104C10,3,8,phased,4,nearest,1.8700000509852543e-05,4000620.224529066,320.2245290660668,0.0,3.0,0.0,4.0
c104C10,3,8,phased,4,grasp,0.0010309999997843988,3000740.754817342,440.75481734203726,0.0,3.0,3.0,3.0
c104C10,3,8,phased,4,mp_eavns,0.04363240000020596,1000775.6151949383,375.61519493824517,0.0,4.0,4.0,1.0
c104C10,3,8,all,4,edd,6.599999323952943e-06,6000833.053625503,433.0536255024438,0.0,4.0,1.0,6.0
c104C10,3,8,all,4,sweep,5.999998393235728e-06,6000609.250276659,309.250276658554,0.0,3.0,0.0,6.0
c104C10,3,8,all,4,nearest,1.9099999917671084e-05,4000620.224529066,320.2245290660668,0.0,3.0,0.0,4.0
c104C10,3,8,all,4,grasp,0.001133100002334686,2000671.932308763,371.93230876303556,0.0,3.0,3.0,2.0
c104C10,3,8,all,4,mp_eavns,0.03545429999940097,1000684.4162127419,384.416212741915,0.0,3.0,5.0,1.0
c104C10,4,10,depot,1,edd,7.099999493220821e-06,8000980.2537701875,480.25377018733997,0.0,5.0,0.0,8.0
c104C10,4,10,depot,1,sweep,4.2000028770416975e-06,6000757.339307089,357.3393070889709,0.0,4.0,0.0,6.0
c104C10,4,10,depot,1,nearest,2.3799999326001853e-05,5000838.00395825,438.0039582505938,0.0,4.0,1.0,5.0
c104C10,4,10,depot,1,grasp,0.001503499999671476,5000838.477377632,438.4773776314729,0.0,4.0,1.0,5.0
c104C10,4,10,depot,1,mp_eavns,0.042552999999315944,4000757.339307089,357.3393070889709,0.0,4.0,0.0,4.0
c104C10,4,10,phased,4,edd,7.399998139590025e-06,7000989.366993994,489.3669939945438,0.0,5.0,1.0,7.0
c104C10,4,10,phased,4,sweep,6.599999323952943e-06,6000757.339307089,357.3393070889709,0.0,4.0,0.0,6.0
c104C10,4,10,phased,4,nearest,2.390000008745119e-05,4000843.275506522,443.27550652222163,0.0,4.0,2.0,4.0
c104C10,4,10,phased,4,grasp,0.0015778999986650888,3000815.087740379,415.08774037891254,0.0,4.0,2.0,3.0
c104C10,4,10,phased,4,mp_eavns,0.05580770000233315,1000790.1403824305,390.1403824305399,0.0,4.0,4.0,1.0
c104C10,4,10,all,4,edd,7.600003300467506e-06,7000989.366993994,489.3669939945438,0.0,5.0,1.0,7.0
c104C10,4,10,all,4,sweep,1.9600000086938962e-05,6000757.339307089,357.3393070889709,0.0,4.0,0.0,6.0
c104C10,4,10,all,4,nearest,2.599999788799323e-05,4000843.275506522,443.27550652222163,0.0,4.0,2.0,4.0
c104C10,4,10,all,4,grasp,0.001475200002460042,2000868.0398393269,468.0398393267776,0.0,4.0,4.0,2.0
c104C10,4,10,all,4,mp_eavns,0.05153739999877871,1000790.1403824305,390.1403824305399,0.0,4.0,4.0,1.0
c105_21,1,25,depot,1,edd,1.3500000932253897e-05,13001864.550270775,864.5502707748367,0.0,10.0,0.0,13.0
c105_21,1,25,depot,1,sweep,7.400001777568832e-06,8008490.462956019,720.010014316152,677.0452941702396,10.0,0.0,8.0
c105_21,1,25,depot,1,nearest,7.990000085555948e-05,6026617.661796196,641.5004356718072,2507.6161360524766,9.0,0.0,6.0
c105_21,1,25,depot,1,grasp,0.008453000002191402,7006753.940366371,692.1369674954157,516.180339887499,9.0,0.0,7.0
c105_21,1,25,depot,1,mp_eavns,0.21494689999963157,6001516.81149062,616.8114906193669,0.0,9.0,0.0,6.0
c105_21,1,25,phased,6,edd,1.3699998817173764e-05,1001919.5824734009,919.5824734008525,0.0,10.0,9.0,1.0
c105_21,1,25,phased,6,sweep,9.899998985929415e-06,3008514.0656934623,743.612751759915,677.0452941702396,10.0,5.0,3.0
c105_21,1,25,phased,6,nearest,9.330000102636404e-05,1026646.8856529786,670.7242924537612,2507.6161360524766,9.0,5.0,1.0
c105_21,1,25,phased,6,grasp,0.027312600002915133,5177.224634256648,732.305873161569,354.49187610950787,9.0,8.0,0.0
c105_21,1,25,phased,6,mp_eavns,0.4096538000012515,1577.1434388339121,677.143438833912,0.0,9.0,7.0,0.0
c105_21,1,25,all,21,edd,1.2000000424450263e-05,1001917.736965631,917.7369656310163,0.0,10.0,9.0,1.0
c105_21,1,25,all,21,sweep,9.799998224480078e-06,3008513.836106574,743.3831648719753,677.0452941702396,10.0,5.0,3.0
c105_21,1,25,all,21,nearest,9.019999924930744e-05,1026645.2697320966,669.108371571865,2507.6161360524766,9.0,5.0,1.0
c105_21,1,25,all,21,grasp,0.033399800002371194,9194.516040174234,745.0094206376187,754.9506619536616,9.0,7.0,0.0
c105_21,1,25,all,21,mp_eavns,0.6459309999991092,1567.4675135584312,667.4675135584312,0.0,9.0,6.0,0.0
c105_21,2,50,depot,1,edd,2.8899998142151162e-05,33004924.765743405,2624.7657434034886,0.0,23.0,5.0,33.0
c105_21,2,50,depot,1,sweep,2.2899999748915434e-05,20019684.71530475,1655.4821581307888,1582.9233146619104,22.0,0.0,20.0
c105_21,2,50,depot,1,nearest,0.0004602999979397282,16047271.793268416,1583.9290813931734,4378.786418702342,19.0,0.0,16.0
c105_21,2,50,depot,1,grasp,0.07818870000119205,17030734.864110325,1622.2071837623203,2721.265692656333,19.0,0.0,17.0
c105_21,2,50,depot,1,mp_eavns,1.3599718000004941,13003234.888679752,1334.888679751501,0.0,19.0,0.0,13.0
c105_21,2,50,phased,11,edd,2.0600000425474718e-05,18004881.826059185,2581.8260591847734,0.0,23.0,14.0,18.0
c105_21,2,50,phased,11,sweep,1.4399996871361509e-05,7020846.996865011,1706.4065375023577,1694.05903275084,22.0,10.0,7.0
c105_21,2,50,phased,11,nearest,0.00022259999968810007,5054612.493552391,1619.8224679545822,5109.267108443707,19.0,10.0,5.0
c105_21,2,50,phased,11,grasp,0.14049539999905392,4036513.2555797156,1859.4971528585897,3275.375842685697,19.0,20.0,4.0
c105_21,2,50,phased,11,mp_eavns,2.980571100000816,3401.8711219077945,1501.8711219077945,0.0,19.0,16.0,0.0
c105_21,2,50,all,21,edd,2.2300002456177026e-05,18004881.826059185,2581.8260591847734,0.0,23.0,14.0,18.0
c105_21,2,50,all,21,sweep,1.5300000086426735e-05,7020846.996865011,1706.4065375023577,1694.05903275084,22.0,10.0,7.0
c105_21,2,50,all,21,nearest,0.00023440000222763047,5054619.724367553,1617.416717281342,5110.230765027231,19.0,10.0,5.0
c105_21,2,50,all,21,grasp,0.18960879999940516,4032817.225755183,1889.3594130084587,2902.786634217469,19.0,16.0,4.0
c105_21,2,50,all,21,mp_eavns,3.4503227999994124,3610.998306986635,1542.6887880381823,16.83095189484527,19.0,17.0,0.0
c105_21,3,75,depot,1,edd,2.7800000680144876e-05,58006918.9348292,3818.934829196526,0.0,31.0,2.0,58.0
c105_21,3,75,depot,1,sweep,1.720000000204891e-05,31040449.404714085,2423.1399277743835,3472.6264786309985,33.0,0.0,31.0
c105_21,3,75,depot,1,nearest,0.00046999999904073775,24077309.807943966,2353.60672906899,7215.620121489752,28.0,0.0,24.0
c105_21,3,75,depot,1,grasp,0.13573079999696347,28071524.63192237,2455.4260524889255,6626.920586988304,28.0,1.0,28.0
c105_21,3,75,depot,1,mp_eavns,3.920766100000037,18004787.10013012,1987.1001301192775,0.0,28.0,1.0,18.0
c105_21,3,75,phased,16,edd,4.0800001443130895e-05,29007350.723263983,3884.8993782037705,36.582388577712265,31.0,23.0,29.0
c105_21,3,75,phased,16,sweep,2.1899999410379678e-05,9053556.181584366,2532.2300098961246,4772.395157446894,33.0,17.0,9.0
c105_21,3,75,phased,16,nearest,0.000498699999297969,7083569.028297283,2428.0201849719074,7834.1008112311165,28.0,17.0,7.0
c105_21,3,75,phased,16,grasp,0.5364255999993475,3056828.7953261198,2736.639458852839,5119.215586726701,29.0,30.0,3.0
c105_21,3,75,phased,16,mp_eavns,12.320120700002008,4980.590796679391,2180.5907966793907,0.0,28.0,23.0,0.0
c105_21,3,75,all,21,edd,3.0399998649954796e-05,29007350.723263983,3884.8993782037705,36.582388577712265,31.0,23.0,29.0
c105_21,3,75,all,21,sweep,1.9899998733308166e-05,9053556.181584366,2532.2300098961246,4772.395157446894,33.0,17.0,9.0
c105_21,3,75,all,21,nearest,0.0005123000009916723,7083576.259112445,2425.6144342986677,7835.064467814641,28.0,17.0,7.0
c105_21,3,75,all,21,grasp,0.5502346000030229,4059680.8049415536,2671.9305648152636,5410.8874376738395,29.0,27.0,4.0
c105_21,3,75,all,21,mp_eavns,14.8091471000007,5169.1282119894,2200.8186930409474,16.83095189484527,28.0,23.0,0.0
c105_21,4,100,depot,1,edd,3.9999998989515007e-05,66009044.287547916,4844.287547919417,0.0,42.0,9.0,66.0
c105_21,4,100,depot,1,sweep,2.429999949526973e-05,37051281.648965985,2996.1153738004314,4398.553359218378,43.0,0.0,37.0
c105_21,4,100,depot,1,nearest,0.0009261999985028524,30072011.497096043,2988.337254908231,6532.315984113527,37.0,0.0,30.0
c105_21,4,100,depot,1,grasp,0.2475814999997965,35070477.52756034,3276.5514790758175,6340.0976081262115,38.0,1.0,35.0
c105_21,4,100,depot,1,mp_eavns,10.227545399997325,21007923.030430693,2513.030430694006,171.0,37.0,1.0,21.0
c105_21,4,100,phased,21,edd,6.320000102277845e-05,27009238.935568217,4907.508234582354,13.14273336336447,42.0,39.0,27.0
c105_21,4,100,phased,21,sweep,6.209999992279336e-05,9069634.733522087,3114.1368194699576,6222.059670261664,43.0,22.0,9.0
c105_21,4,100,phased,21,nearest,0.0014273999986471608,9080728.678002251,3095.4823361652243,7393.319566608605,37.0,21.0,9.0
c105_21,4,100,phased,21,grasp,0.9528543000014906,7087280.522671185,3329.1166853046784,8025.14059858811,37.0,30.0,7.0
c105_21,4,100,phased,21,mp_eavns,29.769852599998558,6417.553474590686,2717.553474590686,0.0,37.0,27.0,0.0
c105_21,4,100,all,21,edd,4.030000127386302e-05,27009238.935568217,4907.508234582354,13.14273336336447,42.0,39.0,27.0
c105_21,4,100,all,21,sweep,2.59000007645227e-05,9069634.733522087,3114.1368194699576,6222.059670261664,43.0,22.0,9.0
c105_21,4,100,all,21,nearest,0.000829099997645244,9080728.678002251,3095.4823361652243,7393.319566608605,37.0,21.0,9.0
c105_21,4,100,all,21,grasp,1.1243813000000955,6073352.871112687,3435.6125128675003,6621.725859981945,37.0,32.0,6.0
c105_21,4,100,all,21,mp_eavns,20.491721599999437,6645.68361032484,2777.3740913763872,16.83095189484527,37.0,29.0,0.0
c106_21,1,25,depot,1,edd,1.2500000593718141e-05,18001893.322708037,893.3227080367847,0.0,10.0,0.0,18.0
c106_21,1,25,depot,1,sweep,7.099999493220821e-06,8005839.293700056,720.010014316152,411.9283685739996,10.0,0.0,8.0
c106_21,1,25,depot,1,nearest,7.530000220867805e-05,6001541.551671744,641.5516717440227,0.0,9.0,0.0,6.0
c106_21,1,25,depot,1,grasp,0.010551600000326289,6009994.349214038,669.39823835858,842.495097567964,9.0,0.0,6.0
c106_21,1,25,depot,1,mp_eavns,0.2879849999990256,6001517.9750502305,617.9750502305502,0.0,9.0,0.0,6.0
c106_21,1,25,phased,6,edd,1.179999890155159e-05,2001929.515816212,929.5158162118605,0.0,10.0,9.0,2.0
c106_21,1,25,phased,6,sweep,9.599996701581404e-06,3005862.8964375,743.612751759915,411.9283685739996,10.0,5.0,3.0
c106_21,1,25,phased,6,nearest,7.999999797903001e-05,1577.434655160175,677.434655160175,0.0,9.0,6.0,0.0
c106_21,1,25,phased,6,grasp,0.023806199998944066,5921.018031136586,776.7650387983585,424.4252992338227,9.0,9.0,0.0
c106_21,1,25,phased,6,mp_eavns,0.3021590999996988,1567.0950110099739,667.0950110099739,0.0,9.0,6.0,0.0
c106_21,1,25,all,21,edd,1.1299998732283711e-05,2001929.2862293238,929.2862293239209,0.0,10.0,9.0,2.0
c106_21,1,25,all,21,sweep,8.999999408842996e-06,3005862.666850612,743.3831648719753,411.9283685739996,10.0,5.0,3.0
c106_21,1,25,all,21,nearest,7.100000220816582e-05,1575.589147390339,675.589147390339,0.0,9.0,6.0,0.0
c106_21,1,25,all,21,grasp,0.037217400000372436,10071.089573564892,761.312550907856,840.9777022657036,9.0,9.0,0.0
c106_21,1,25,all,21,mp_eavns,0.5035502999999153,1565.249503240138,665.2495032401379,0.0,9.0,6.0,0.0
c106_21,2,50,depot,1,edd,1.930000144056976e-05,32004276.104400825,2176.1044008247727,0.0,21.0,0.0,32.0
c106_21,2,50,depot,1,sweep,1.309999788645655e-05,20015793.546048786,1655.4821581307888,1193.80638906567,22.0,0.0,20.0
c106_21,2,50,depot,1,nearest,0.00023409999994328246,16018525.960707737,1583.980317465389,1504.1980390271856,19.0,0.0,16.0
c106_21,2,50,depot,1,grasp,0.054461499999888474,18029877.274709366,1768.5034588539665,2620.8771250514064,19.0,0.0,18.0
c106_21,2,50,depot,1,mp_eavns,1.8333684999997786,12003335.12947187,1435.129471870907,0.0,19.0,1.0,12.0
c106_21,2,50,phased,11,edd,2.2799998987466097e-05,20004307.38051685,2207.3805168502886,0.0,21.0,8.0,20.0
c106_21,2,50,phased,11,sweep,1.750000228639692e-05,7015955.827609048,1706.4065375023577,1204.9421071545999,22.0,10.0,7.0
c106_21,2,50,phased,11,nearest,0.0002404000006208662,4023118.5067247455,1621.719437060208,1959.6787287685504,19.0,11.0,4.0
c106_21,2,50,phased,11,grasp,0.1717869000021892,4030925.2683946,1845.764035558059,2717.9504359042094,19.0,17.0,4.0
c106_21,2,50,phased,11,mp_eavns,2.5834561999981815,3407.3946700618408,1507.394670061841,0.0,19.0,16.0,0.0
c106_21,2,50,all,21,edd,1.9800001609837636e-05,20004307.38051685,2207.3805168502886,0.0,21.0,8.0,20.0
c106_21,2,50,all,21,sweep,1.4900000678608194e-05,7015955.827609048,1706.4065375023577,1204.9421071545999,22.0,10.0,7.0
c106_21,2,50,all,21,nearest,0.00022680000256514177,4023125.737539908,1619.3136863869684,1960.642385352075,19.0,11.0,4.0
c106_21,2,50,all,21,grasp,0.2285327999998117,4026741.360278653,1879.1777573626807,2296.218252129011,19.0,17.0,4.0
c106_21,2,50,all,21,mp_eavns,2.1491886000003433,3405.4694957284464,1505.4694957284462,0.0,19.0,16.0,0.0
c106_21,3,75,depot,1,edd,2.7499998395796865e-05,49006628.548833914,3528.5488339170597,0.0,31.0,2.0,49.0
c106_21,3,75,depot,1,sweep,1.7799997294787318e-05,31031548.23545812,2423.1399277743835,2582.5095530347576,33.0,0.0,31.0
c106_21,3,75,depot,1,nearest,0.0004611000003933441,24038007.77038977,2353.6579651412053,3285.411242462783,28.0,0.0,24.0
c106_21,3,75,depot,1,grasp,0.11660449999908451,29029348.60709441,2569.363905871538,2397.9243188537816,28.0,0.0,29.0
c106_21,3,75,depot,1,mp_eavns,4.500760099999752,17005005.71241215,2095.7124121494876,11.0,28.0,2.0,17.0
c106_21,3,75,phased,16,edd,3.980000110459514e-05,29007323.298678145,3566.666851978828,65.66318261671563,31.0,16.0,29.0
c106_21,3,75,phased,16,sweep,2.2499996703118086e-05,9041835.012328403,2532.2300098961246,3600.278231850654,33.0,17.0,9.0
c106_21,3,75,phased,16,nearest,0.0004659000005631242,6042638.836476119,2429.9171540775337,3740.8919322041475,28.0,18.0,6.0
c106_21,3,75,phased,16,grasp,0.43800259999989066,3045707.2903737244,2697.7318734426035,4010.955850028185,29.0,28.0,3.0
c106_21,3,75,phased,16,mp_eavns,8.41076410000096,4987.086161948478,2187.0861619484776,0.0,28.0,23.0,0.0
c106_21,3,75,all,21,edd,3.199999991920777e-05,29007323.298678145,3566.666851978828,65.66318261671563,31.0,16.0,29.0
c106_21,3,75,all,21,sweep,2.0399998902576044e-05,9041835.012328403,2532.2300098961246,3600.278231850654,33.0,17.0,9.0
c106_21,3,75,all,21,nearest,0.0004597999977704603,6042646.067291281,2427.5114034042936,3741.8555887876723,28.0,18.0,6.0
c106_21,3,75,all,21,grasp,0.5758391999988817,3052351.130397837,2711.384538590051,4683.974585924714,28.0,28.0,3.0
c106_21,3,75,all,21,mp_eavns,11.251052799998433,5026.37029380089,2226.37029380089,0.0,28.0,24.0,0.0
c106_21,4,100,depot,1,edd,4.0099999750964344e-05,62009004.26408171,4634.627550983348,26.963653072463558,41.0,8.0,62.0
c106_21,4,100,depot,1,sweep,2.3399999918183312e-05,37038477.23415682,2996.1153738004314,3118.1118783018,43.0,0.0,37.0
c106_21,4,100,depot,1,nearest,0.0008665000023029279,33068084.091402188,3110.567768234196,6127.352363395395,37.0,0.0,33.0
c106_21,4,100,depot,1,grasp,0.28831179999906453,35063391.84269255,3328.432816604979,5636.340987593951,37.0,1.0,35.0
c106_21,4,100,depot,1,mp_eavns,10.370803700003307,21006426.4379468,2616.4379468016346,11.0,37.0,2.0,21.0
c106_21,4,100,phased,21,edd,4.7500001528533176e-05,28010131.653670635,4738.5521480645775,129.31015225687474,41.0,36.0,28.0
c106_21,4,100,phased,21,sweep,2.8300000849412754e-05,9053480.31871292,3114.1368194699576,4606.618189345088,43.0,22.0,9.0
c106_21,4,100,phased,21,nearest,0.0008625000009487849,7077164.28609855,3198.343961753366,7026.5942136796275,37.0,26.0,7.0
c106_21,4,100,phased,21,grasp,0.979049199999281,5058596.284222833,3453.5040823067457,5134.27801405263,38.0,36.0,5.0
c106_21,4,100,phased,21,mp_eavns,28.17461320000075,6426.998271355912,2726.998271355912,0.0,37.0,27.0,0.0
c106_21,4,100,all,21,edd,4.289999924367294e-05,28010131.653670635,4738.5521480645775,129.31015225687474,41.0,36.0,28.0
c106_21,4,100,all,21,sweep,2.710000262595713e-05,9053480.31871292,3114.1368194699576,4606.618189345088,43.0,22.0,9.0
c106_21,4,100,all,21,nearest,0.0009258000027330127,7077164.28609855,3198.343961753366,7026.5942136796275,37.0,26.0,7.0
c106_21,4,100,all,21,grasp,1.0124880000003031,6062604.983796513,3556.950718978562,5524.803307753388,38.0,34.0,6.0
c106_21,4,100,all,21,mp_eavns,28.88327019999997,6464.482096154903,2764.482096154903,0.0,37.0,28.0,0.0
c106C15,1,4,depot,1,edd,5.099998816149309e-06,1000160.6117270404,60.611727040403494,0.0,1.0,0.0,1.0
c106C15,1,4,depot,1,sweep,2.5000008463393897e-06,1006102.0330832778,60.611727040403494,594.1421356237311,1.0,0.0,1.0
c106C15,1,4,depot,1,nearest,1.049999991664663e-05,4197.02775637732,57.027756377319946,404.0,1.0,0.0,0.0
c106C15,1,4,depot,1,grasp,0.0004793999978573993,153.63948341772345,53.63948341772344,0.0,1.0,0.0,0.0
c106C15,1,4,depot,1,mp_eavns,0.0057780999995884486,153.63948341772345,53.63948341772344,0.0,1.0,0.0,0.0
c106C15,1,4,phased,2,edd,8.499999239575118e-06,174.19277111789316,74.19277111789316,0.0,1.0,1.0,0.0
c106C15,1,4,phased,2,sweep,3.5999983083456755e-06,6112.575506096403,71.15414985909266,594.1421356237311,1.0,1.0,0.0
c106C15,1,4,phased,2,nearest,9.20000093174167e-06,4197.02775637732,57.027756377319946,404.0,1.0,0.0,0.0
c106C15,1,4,phased,2,grasp,0.0005754000012530014,153.63948341772345,53.63948341772344,0.0,1.0,0.0,0.0
c106C15,1,4,phased,2,mp_eavns,0.006221599996933946,153.63948341772345,53.63948341772344,0.0,1.0,0.0,0.0
c106C15,1,4,all,3,edd,2.2999993234407157e-06,174.19277111789316,74.19277111789316,0.0,1.0,1.0,0.0
c106C15,1,4,all,3,sweep,1.8999999156221747e-06,6112.575506096403,71.15414985909266,594.1421356237311,1.0,1.0,0.0
c106C15,1,4,all,3,nearest,6.199999916134402e-06,4197.02775637732,57.027756377319946,404.0,1.0,0.0,0.0
c106C15,1,4,all,3,grasp,0.000534200000402052,153.63948341772345,53.63948341772344,0.0,1.0,0.0,0.0
c106C15,1,4,all,3,mp_eavns,0.00697280000167666,153.63948341772345,53.63948341772344,0.0,1.0,0.0,0.0
c106C15,2,8,depot,1,edd,5.099998816149309e-06,6000441.169654389,241.16965438848226,0.0,2.0,0.0,6.0
c106C15,2,8,depot,1,sweep,4.0000013541430235e-06,2011751.7996102294,216.45754772477267,1133.5342062504706,2.0,1.0,2.0
c106C15,2,8,depot,1,nearest,1.7400001524947584e-05,2021864.6904517752,212.6897965204642,2145.2000655254697,2.0,1.0,2.0
c106C15,2,8,depot,1,grasp,0.0015443000011146069,1003444.5029782272,252.55835266433962,299.1944625562852,2.0,2.0,1.0
c106C15,2,8,depot,1,mp_eavns,0.03376199999911478,1000499.4853041021,199.4853041020926,0.0,3.0,0.0,1.0
c106C15,2,8,phased,2,edd,1.1900003300979733e-05,3000443.229614741,243.22961474120632,0.0,2.0,1.0,3.0
c106C15,2,8,phased,2,sweep,7.099999493220821e-06,1011700.8597450622,222.0931066536904,1127.876663840852,2.0,2.0,1.0
c106C15,2,8,phased,2,nearest,2.779999704216607e-05,1021740.5378221745,213.28952961035606,2132.724829256419,2.0,2.0,1.0
c106C15,2,8,phased,2,grasp,0.0033380999993823934,1005855.4013788401,228.16459894339044,542.723677989666,2.0,2.0,1.0
c106C15,2,8,phased,2,mp_eavns,0.05099469999913708,1000499.4853041021,199.4853041020926,0.0,3.0,0.0,1.0
c106C15,2,8,all,3,edd,9.60000033956021e-06,3000443.229614741,243.22961474120632,0.0,2.0,1.0,3.0
c106C15,2,8,all,3,sweep,8.300001354655251e-06,11519.262917389413,206.5820596921593,1111.2680857697255,2.0,3.0,0.0
c106C15,2,8,all,3,nearest,3.189999915775843e-05,1021740.5378221745,213.28952961035606,2132.724829256419,2.0,2.0,1.0
c106C15,2,8,all,3,grasp,0.0031601000009686686,10056.004116845084,244.9766368406019,961.1027480004483,2.0,4.0,0.0
c106C15,2,8,all,3,mp_eavns,0.051620700000057695,2582.654544038326,178.99341734771096,220.36611266906152,2.0,2.0,0.0
c106C15,3,12,depot,1,edd,1.0199997632298619e-05,8000731.327153351,431.3271533515306,0.0,3.0,1.0,8.0
c106C15,3,12,depot,1,sweep,8.299997716676444e-06,3018945.1905653444,293.7929900850261,1835.1397575259346,3.0,1.0,3.0
c106C15,3,12,depot,1,nearest,5.060000330558978e-05,4027672.218263845,286.2938300947893,2708.5924433750183,3.0,1.0,4.0
c106C15,3,12,depot,1,grasp,0.00521149999985937,3011900.748111546,385.5673111652533,1121.5180800380608,3.0,3.0,3.0
c106C15,3,12,depot,1,mp_eavns,0.07703570000012405,2000674.3274920946,274.32749209456813,0.0,4.0,0.0,2.0
c106C15,3,12,phased,3,edd,7.300001016119495e-06,6000765.860610832,465.86061083268527,0.0,3.0,3.0,6.0
c106C15,3,12,phased,3,sweep,6.800000846851617e-06,1018712.6538725044,283.9175020524127,1812.8736370451895,3.0,3.0,1.0
c106C15,3,12,phased,3,nearest,2.8500002372311428e-05,1027699.3192516111,313.394817860914,2708.5924433750183,3.0,4.0,1.0
c106C15,3,12,phased,3,grasp,0.0064165999974648,7176.959536179327,386.7628918197885,649.0196644359538,3.0,6.0,0.0
c106C15,3,12,phased,3,mp_eavns,0.13862430000153836,731.7880429401214,331.78804294012133,0.0,4.0,3.0,0.0
c106C15,3,12,all,3,edd,7.399998139590025e-06,6000765.860610832,465.86061083268527,0.0,3.0,3.0,6.0
c106C15,3,12,all,3,sweep,6.500002200482413e-06,1018712.6538725044,283.9175020524127,1812.8736370451895,3.0,3.0,1.0
c106C15,3,12,all,3,nearest,2.7500002033775672e-05,1027699.3192516111,313.394817860914,2708.5924433750183,3.0,4.0,1.0
c106C15,3,12,all,3,grasp,0.006011600002238993,16408.539399669964,409.156584269043,1569.9382815400922,3.0,5.0,0.0
c106C15,3,12,all,3,mp_eavns,0.14700029999949038,731.7880429401214,331.78804294012133,0.0,4.0,3.0,0.0
c106C15,4,15,depot,1,edd,7.399998139590025e-06,9000952.711755594,552.7117555949881,0.0,4.0,2.0,9.0
c106C15,4,15,depot,1,sweep,4.900000931229442e-06,4030207.417254951,354.60360024426836,2945.281365470655,4.0,1.0,4.0
c106C15,4,15,depot,1,nearest,3.5799999750452116e-05,5017031.901098684,348.9305132770711,1628.2970585407784,4.0,0.0,5.0
c106C15,4,15,depot,1,grasp,0.01044499999989057,2020524.4359243067,482.53746356463006,1964.1898460742018,4.0,4.0,2.0
c106C15,4,15,depot,1,mp_eavns,0.13547710000057123,2000848.924347237,348.9243472369559,0.0,5.0,1.0,2.0
c106C15,4,15,phased,3,edd,8.600000001024455e-06,7001001.4186061695,601.4186061694269,0.0,4.0,4.0,7.0
c106C15,4,15,phased,3,sweep,7.400001777568832e-06,2029974.8805621108,344.728112211655,2923.0152449899097,4.0,3.0,2.0
c106C15,4,15,phased,3,nearest,3.559999822755344e-05,3017058.9556217617,375.9850363540259,1628.2970585407784,4.0,2.0,3.0
c106C15,4,15,phased,3,grasp,0.014893300001858734,1021055.2610209237,516.2806713035533,2013.8980349620151,4.0,5.0,1.0
c106C15,4,15,phased,3,mp_eavns,0.18899339999916265,807.1443737624215,407.1443737624215,0.0,4.0,5.0,0.0
c106C15,4,15,all,3,edd,8.600000001024455e-06,7001001.4186061695,601.4186061694269,0.0,4.0,4.0,7.0
c106C15,4,15,all,3,sweep,7.99999907030724e-06,2029974.8805621108,344.728112211655,2923.0152449899097,4.0,3.0,2.0
c106C15,4,15,all,3,nearest,3.6699999327538535e-05,3017058.9556217617,375.9850363540259,1628.2970585407784,4.0,2.0,3.0
c106C15,4,15,all,3,grasp,0.01358799999798066,1010255.9012697802,527.5273467766424,932.8373923003583,4.0,7.0,1.0
c106C15,4,15,all,3,mp_eavns,0.20786520000183373,813.1475412558007,413.1475412558006,0.0,4.0,5.0,0.0
c107_21,1,25,depot,1,edd,1.1000000085914508e-05,20001904.93646505,904.9364650496559,0.0,10.0,0.0,20.0
c107_21,1,25,depot,1,sweep,6.999998731771484e-06,8004759.293700056,720.010014316152,303.9283685739996,10.0,0.0,8.0
c107_21,1,25,depot,1,nearest,7.270000060088933e-05,6016785.166574307,639.6281737158907,1524.5538400590717,9.0,0.0,6.0
c107_21,1,25,depot,1,grasp,0.011779799999203533,7005852.244535782,693.4639808717398,425.8780554910912,9.0,0.0,7.0
c107_21,1,25,depot,1,mp_eavns,0.2276013000009698,6001516.81149062,616.8114906193669,0.0,9.0,0.0,6.0
c107_21,1,25,phased,6,edd,1.1500000255182385e-05,1933.3760967738244,933.3760967738244,0.0,10.0,11.0,0.0
c107_21,1,25,phased,6,sweep,8.999999408842996e-06,3004782.8964375,743.612751759915,303.9283685739996,10.0,5.0,3.0
c107_21,1,25,phased,6,nearest,7.239999831654131e-05,1016814.3904310885,668.8520304978448,1524.5538400590717,9.0,5.0,1.0
c107_21,1,25,phased,6,grasp,0.025630599997384707,7766.683544461928,813.9541343058827,605.2729410156046,9.0,10.0,0.0
c107_21,1,25,phased,6,mp_eavns,0.29002589999799966,1593.8169768888781,693.8169768888781,0.0,9.0,7.0,0.0
c107_21,1,25,all,21,edd,1.1600001016631722e-05,1933.1465098858848,933.1465098858848,0.0,10.0,11.0,0.0
c107_21,1,25,all,21,sweep,9.099996532313526e-06,3004782.666850612,743.3831648719753,303.9283685739996,10.0,5.0,3.0
c107_21,1,25,all,21,nearest,7.750000077066943e-05,16819.204049952925,673.6656493622071,1524.5538400590717,9.0,6.0,0.0
c107_21,1,25,all,21,grasp,0.026435899999341927,6212.7053585724525,783.9251536557498,452.8780204916703,9.0,8.0,0.0
c107_21,1,25,all,21,mp_eavns,0.6353584999997111,1594.369350947733,694.369350947733,0.0,9.0,7.0,0.0
c107_21,2,50,depot,1,edd,2.010000025620684e-05,32004654.23650097,2454.2365009716304,0.0,22.0,2.0,32.0
c107_21,2,50,depot,1,sweep,1.309999788645655e-05,20013965.23652984,1655.4821581307888,1010.9754371708246,22.0,0.0,20.0
c107_21,2,50,depot,1,nearest,0.0002418000003672205,16036059.5756103,1582.0568194372568,3257.7518790862573,19.0,0.0,16.0
c107_21,2,50,depot,1,grasp,0.054366799999115756,18015825.87932621,1662.7279640537224,1226.3151362155727,19.0,0.0,18.0
c107_21,2,50,depot,1,mp_eavns,1.488487200000236,14003350.125681786,1450.1256817856524,0.0,19.0,0.0,14.0
c107_21,2,50,phased,11,edd,2.8399997972883284e-05,16004660.187654091,2460.1876540911844,0.0,22.0,12.0,16.0
c107_21,2,50,phased,11,sweep,1.6199999663513154e-05,7014697.5180901,1706.4065375023577,1079.1111552597545,22.0,10.0,7.0
c107_21,2,50,phased,11,nearest,0.00024620000112918206,4041802.1216273084,1619.7959390320764,3828.2325688276223,19.0,11.0,4.0
c107_21,2,50,phased,11,grasp,0.20122560000163503,3027144.6790515003,1837.6262225612027,2340.705282893916,19.0,18.0,3.0
c107_21,2,50,phased,11,mp_eavns,2.0532191999991483,3446.6442688193624,1546.6442688193624,0.0,19.0,17.0,0.0
c107_21,2,50,all,21,edd,3.619999915827066e-05,16004660.187654091,2460.1876540911844,0.0,22.0,12.0,16.0
c107_21,2,50,all,21,sweep,1.5199999324977398e-05,7014697.5180901,1706.4065375023577,1079.1111552597545,22.0,10.0,7.0
c107_21,2,50,all,21,nearest,0.00024140000095940195,4041809.3524424704,1617.3901883588367,3829.1962254111468,19.0,11.0,4.0
c107_21,2,50,all,21,grasp,0.26794000000154483,4022894.055853022,1898.811204436466,1909.524464858528,19.0,16.0,4.0
c107_21,2,50,all,21,mp_eavns,3.275493600001937,3437.868598982688,1537.8685989826884,0.0,19.0,16.0,0.0
c107_21,3,75,depot,1,edd,3.409999771974981e-05,50006607.94888578,3607.948885780474,0.0,30.0,5.0,50.0
c107_21,3,75,depot,1,sweep,1.750000228639692e-05,31031329.925939173,2423.1399277743835,2560.678601139912,33.0,0.0,31.0
c107_21,3,75,depot,1,nearest,0.0004501000003074296,24064021.385292333,2351.7344671130736,5886.965082521855,28.0,0.0,24.0
c107_21,3,75,depot,1,grasp,0.14942299999893294,28049180.522628613,2459.290124266348,4392.123250434505,28.0,0.0,28.0
c107_21,3,75,depot,1,mp_eavns,4.955828300000576,19004901.688365076,2101.68836507388,0.0,28.0,1.0,19.0
c107_21,3,75,phased,16,edd,5.0099999498343095e-05,28006623.843968607,3623.8439686067695,0.0,30.0,20.0,28.0
c107_21,3,75,phased,16,sweep,3.440000000409782e-05,9042726.702809455,2532.2300098961246,3689.4472799558084,33.0,17.0,9.0
c107_21,3,75,phased,16,nearest,0.0009198000007017981,6069082.451378682,2427.9936560494016,6385.44577226322,28.0,18.0,6.0
c107_21,3,75,phased,16,grasp,0.46958509999967646,7040154.545425189,2636.020569482504,3471.8524855706655,28.0,23.0,7.0
c107_21,3,75,phased,16,mp_eavns,12.163204099997529,5057.158491119881,2257.15849111988,0.0,28.0,24.0,0.0
c107_21,3,75,all,21,edd,3.149999974993989e-05,28006623.843968607,3623.8439686067695,0.0,30.0,20.0,28.0
c107_21,3,75,all,21,sweep,1.9899998733308166e-05,9042726.702809455,2532.2300098961246,3689.4472799558084,33.0,17.0,9.0
c107_21,3,75,all,21,nearest,0.00048039999819593504,6069089.682193844,2425.587905376162,6386.409428846744,28.0,18.0,6.0
c107_21,3,75,all,21,grasp,0.6817819999996573,5063393.246204957,2712.4727687610257,5788.077343619632,28.0,27.0,5.0
c107_21,3,75,all,21,mp_eavns,12.04256439999881,5011.770683840821,2211.7706838408217,0.0,28.0,23.0,0.0
c107_21,4,100,depot,1,edd,3.810000271187164e-05,65008929.080123015,4829.080123017185,0.0,41.0,7.0,65.0
c107_21,4,100,depot,1,sweep,2.350000067963265e-05,37039490.547414474,2996.1153738004314,3219.443204067123,43.0,0.0,37.0
c107_21,4,100,depot,1,nearest,0.0008627000024716835,32077587.261047117,3135.9467828119573,7075.131426430363,37.0,0.0,32.0
c107_21,4,100,depot,1,grasp,0.29095869999946444,35068837.395381376,3192.397932146868,6194.499744923171,37.0,1.0,35.0
c107_21,4,100,depot,1,mp_eavns,11.250297499998851,22006359.051496923,2659.0514969216765,0.0,37.0,2.0,22.0
c107_21,4,100,phased,21,edd,4.0099999750964344e-05,31009017.424864635,4917.424864633815,0.0,41.0,37.0,31.0
c107_21,4,100,phased,21,sweep,2.5400000595254824e-05,9055353.631970573,3114.1368194699576,4793.949515110411,43.0,22.0,9.0
c107_21,4,100,phased,21,nearest,0.000845799997478025,10082783.346076528,3217.7285062043784,7586.561757032328,37.0,22.0,10.0
c107_21,4,100,phased,21,grasp,0.9160670000019309,5068220.1824377235,3277.3074886391487,6124.287494908394,37.0,31.0,5.0
c107_21,4,100,phased,21,mp_eavns,22.919305899999017,6442.043712448984,2742.043712448984,0.0,37.0,28.0,0.0
c107_21,4,100,all,21,edd,3.9200000173877925e-05,31009017.424864635,4917.424864633815,0.0,41.0,37.0,31.0
c107_21,4,100,all,21,sweep,2.5699999241624027e-05,9055353.631970573,3114.1368194699576,4793.949515110411,43.0,22.0,9.0
c107_21,4,100,all,21,nearest,0.0008352000004379079,10082783.346076528,3217.7285062043784,7586.561757032328,37.0,22.0,10.0
c107_21,4,100,all,21,grasp,0.9328281999987666,7065364.154461218,3394.014576664285,5817.013988455346,38.0,29.0,7.0
c107_21,4,100,all,21,mp_eavns,17.430357000001095,6442.073819368455,2742.0738193684547,0.0,37.0,27.0,0.0
c108_21,1,25,depot,1,edd,1.1100000847363845e-05,14001869.475772196,869.4757721956505,0.0,10.0,0.0,14.0
c108_21,1,25,depot,1,sweep,6.999998731771484e-06,8002624.572340506,720.010014316152,90.45623261900005,10.0,0.0,8.0
c108_21,1,25,depot,1,nearest,7.469999763998203e-05,6013859.628173715,639.6281737158907,1232.0,9.0,0.0,6.0
c108_21,1,25,depot,1,grasp,0.009580699999787612,6009748.53869649,654.8067776915026,819.3731918799075,9.0,0.0,6.0
c108_21,1,25,depot,1,mp_eavns,0.20782909999979893,6001516.420872618,616.4208726181287,0.0,9.0,0.0,6.0
c108_21,1,25,phased,6,edd,1.2299999070819467e-05,1930.381728202988,930.3817282029879,0.0,10.0,10.0,0.0
c108_21,1,25,phased,6,sweep,8.999999408842996e-06,3002648.17507795,743.612751759915,90.45623261900005,10.0,5.0,3.0
c108_21,1,25,phased,6,nearest,7.819999882485718e-05,1013888.8520304979,668.8520304978448,1232.0,9.0,5.0,1.0
c108_21,1,25,phased,6,grasp,0.03471770000032848,1601.2582346958952,701.2582346958952,0.0,9.0,7.0,0.0
c108_21,1,25,phased,6,mp_eavns,0.41396220000024186,1564.0790244013783,664.0790244013782,0.0,9.0,6.0,0.0
c108_21,1,25,all,21,edd,1.2000000424450263e-05,1930.1521413150483,930.1521413150483,0.0,10.0,10.0,0.0
c108_21,1,25,all,21,sweep,9.300001693191007e-06,3002647.945491062,743.3831648719753,90.45623261900005,10.0,5.0,3.0
c108_21,1,25,all,21,nearest,8.010000237845816e-05,13893.665649362207,673.6656493622071,1232.0,9.0,6.0,0.0
c108_21,1,25,all,21,grasp,0.03388510000149836,3519.2356281066586,766.4393684484719,185.27962596581864,9.0,8.0,0.0
c108_21,1,25,all,21,mp_eavns,0.45343660000071395,1562.463103519482,662.4631035194822,0.0,9.0,6.0,0.0
c108_21,2,50,depot,1,edd,1.920000067912042e-05,32004554.38737661,2354.3873766118772,0.0,22.0,3.0,32.0
c108_21,2,50,depot,1,sweep,1.4499997632810846e-05,20010706.663522217,1655.4821581307888,685.1181364086906,22.0,0.0,20.0
c108_21,2,50,depot,1,nearest,0.000238199998420896,16028134.037209708,1582.0568194372568,2465.1980390271856,19.0,0.0,16.0
c108_21,2,50,depot,1,grasp,0.0550677999999607,18026536.067341324,1657.4289440256146,2297.8638397300083,19.0,0.0,18.0
c108_21,2,50,depot,1,mp_eavns,2.0148637000020244,14003369.285602178,1469.2856021791033,0.0,19.0,1.0,14.0
c108_21,2,50,phased,11,edd,2.0699997548945248e-05,18004527.21713874,2327.2171387415856,0.0,22.0,12.0,18.0
c108_21,2,50,phased,11,sweep,1.4799999917158857e-05,7010757.587901589,1706.4065375023577,685.1181364086906,22.0,10.0,7.0
c108_21,2,50,phased,11,nearest,0.00023950000104377978,4031256.5832267175,1619.7959390320764,2773.67872876855,19.0,11.0,4.0
c108_21,2,50,phased,11,grasp,0.13503859999764245,4018384.098792583,1726.2821878412933,1475.7816604742095,19.0,15.0,4.0
c108_21,2,50,phased,11,mp_eavns,2.9408114999969257,3447.4074692729373,1547.4074692729373,0.0,19.0,17.0,0.0
c108_21,2,50,all,21,edd,2.4500001018168405e-05,18004527.21713874,2327.2171387415856,0.0,22.0,12.0,18.0
c108_21,2,50,all,21,sweep,1.68999977177009e-05,7010757.587901589,1706.4065375023577,685.1181364086906,22.0,10.0,7.0
c108_21,2,50,all,21,nearest,0.00022739999985788018,4031263.8140418795,1617.3901883588367,2774.642385352075,19.0,11.0,4.0
c108_21,2,50,all,21,grasp,0.16001970000070287,3035222.5741543984,1976.6278121028934,3134.594634229531,19.0,19.0,3.0
c108_21,2,50,all,21,mp_eavns,4.9770957000000635,3419.6530710372076,1519.6530710372076,0.0,19.0,16.0,0.0
c108_21,3,75,depot,1,edd,2.8899998142151162e-05,52007046.93080759,3846.9308075929703,0.0,32.0,5.0,52.0
c108_21,3,75,depot,1,sweep,1.7800000932766125e-05,31022300.642253432,2423.1399277743835,1657.7502325659132,33.0,0.0,31.0
c108_21,3,75,depot,1,nearest,0.00046040000233915634,24047105.846891742,2351.7344671130736,4195.411242462783,28.0,0.0,24.0
c108_21,3,75,depot,1,grasp,0.1283207999986189,26022558.690038454,2461.0455661367537,1729.7644472316301,28.0,0.0,26.0
c108_21,3,75,depot,1,mp_eavns,3.869443499999761,18004868.151803654,2068.1518036534244,0.0,28.0,1.0,18.0
c108_21,3,75,phased,16,edd,3.479999941191636e-05,26007077.12184956,3877.121849557805,0.0,32.0,25.0,26.0
c108_21,3,75,phased,16,sweep,2.0899999071843922e-05,9030706.061942825,2532.2300098961246,2487.3831932928797,33.0,17.0,9.0
c108_21,3,75,phased,16,nearest,0.00045400000090012327,6050266.912978091,2427.9936560494016,4503.891932204147,28.0,18.0,6.0
c108_21,3,75,phased,16,grasp,0.49758120000115014,5035285.106784716,2602.4806504693174,2978.26261342471,29.0,25.0,5.0
c108_21,3,75,phased,16,mp_eavns,9.306864099999075,5010.560306316473,2210.560306316473,0.0,28.0,23.0,0.0
c108_21,3,75,all,21,edd,3.8399997720262036e-05,26007077.12184956,3877.121849557805,0.0,32.0,25.0,26.0
c108_21,3,75,all,21,sweep,2.099999983329326e-05,9030706.061942825,2532.2300098961246,2487.3831932928797,33.0,17.0,9.0
c108_21,3,75,all,21,nearest,0.0004604999994626269,6050274.143793253,2425.587905376162,4504.855588787672,28.0,18.0,6.0
c108_21,3,75,all,21,grasp,0.620330699999613,4031740.770445573,2800.109088696676,2614.0661356876453,28.0,31.0,4.0
c108_21,3,75,all,21,mp_eavns,13.894662700000481,5003.417511440577,2203.417511440577,0.0,28.0,23.0,0.0
c108_21,4,100,depot,1,edd,3.710000237333588e-05,71009036.72013205,4936.720132047806,0.0,41.0,5.0,71.0
c108_21,4,100,depot,1,sweep,2.2100000933278352e-05,37027519.64095213,2996.1153738004314,2022.3525578329559,43.0,0.0,37.0
c108_21,4,100,depot,1,nearest,0.0008119000012811739,32053157.479359645,3134.5025240200534,4632.297683562621,37.0,0.0,32.0
c108_21,4,100,depot,1,grasp,0.24499510000168812,35038849.93675617,3288.0378292921587,3186.1898926875488,37.0,1.0,35.0
c108_21,4,100,depot,1,mp_eavns,9.076678500001435,22006287.774969768,2587.77496976839,0.0,37.0,1.0,22.0
c108_21,4,100,phased,21,edd,4.540000009001233e-05,34009110.45573323,5010.455733232726,0.0,41.0,34.0,34.0
c108_21,4,100,phased,21,sweep,2.5700002879602835e-05,9039251.368327344,3114.1368194699576,3183.723150787314,43.0,22.0,9.0
c108_21,4,100,phased,21,nearest,0.0007852999988244846,9055445.410122091,3218.129980445885,4852.728014164586,37.0,23.0,9.0
c108_21,4,100,phased,21,grasp,0.8282601999999315,4044021.258592734,3427.462617200739,3679.3795975533412,38.0,35.0,4.0
c108_21,4,100,phased,21,mp_eavns,18.487933399999747,6464.083201948331,2764.0832019483314,0.0,37.0,28.0,0.0
c108_21,4,100,all,21,edd,3.909999941242859e-05,34009110.45573323,5010.455733232726,0.0,41.0,34.0,34.0
c108_21,4,100,all,21,sweep,3.1600000511389226e-05,9039251.368327344,3114.1368194699576,3183.723150787314,43.0,22.0,9.0
c108_21,4,100,all,21,nearest,0.0008055999969656114,9055445.410122091,3218.129980445885,4852.728014164586,37.0,23.0,9.0
c108_21,4,100,all,21,grasp,0.9295638000003237,5046350.850125395,3458.344472968203,3909.25056524263,38.0,33.0,5.0
c108_21,4,100,all,21,mp_eavns,20.566565799999807,6403.446048121985,2703.4460481219853,0.0,37.0,26.0,0.0
c109_21,1,25,depot,1,edd,1.460000203223899e-05,20001932.632725313,932.6327253119521,0.0,10.0,0.0,20.0
c109_21,1,25,depot,1,sweep,7.90000194683671e-06,8001720.010014316,720.010014316152,0.0,10.0,0.0,8.0
c109_21,1,25,depot,1,nearest,8.299999899463728e-05,6001541.551671744,641.5516717440227,0.0,9.0,0.0,6.0
c109_21,1,25,depot,1,grasp,0.01018359999943641,7002211.556510536,695.5009977812823,61.605551275463995,9.0,0.0,7.0
c109_21,1,25,depot,1,mp_eavns,0.24902300000030664,6001515.901621564,615.9016215645365,0.0,9.0,0.0,6.0
c109_21,1,25,phased,6,edd,1.2000000424450263e-05,1967.7584690265687,967.7584690265687,0.0,10.0,12.0,0.0
c109_21,1,25,phased,6,sweep,9.60000033956021e-06,3001743.61275176,743.612751759915,0.0,10.0,5.0,3.0
c109_21,1,25,phased,6,nearest,8.040000102482736e-05,1577.434655160175,677.434655160175,0.0,9.0,6.0,0.0
c109_21,1,25,phased,6,grasp,0.019349300000612857,1746.9187052366608,846.9187052366608,0.0,9.0,10.0,0.0
c109_21,1,25,phased,6,mp_eavns,0.3440986999994493,1566.4420320588863,666.4420320588863,0.0,9.0,6.0,0.0
c109_21,1,25,all,21,edd,1.300000076298602e-05,1967.528882138629,967.5288821386289,0.0,10.0,12.0,0.0
c109_21,1,25,all,21,sweep,9.899998985929415e-06,3001743.383164872,743.3831648719753,0.0,10.0,5.0,3.0
c109_21,1,25,all,21,nearest,7.800000093993731e-05,1575.589147390339,675.589147390339,0.0,9.0,6.0,0.0
c109_21,1,25,all,21,grasp,0.032151399998838315,3183.9010903050385,818.3607421234256,146.5540348181613,9.0,8.0,0.0
c109_21,1,25,all,21,mp_eavns,0.5169268999998167,1564.82611117699,664.82611117699,0.0,9.0,6.0,0.0
c109_21,2,50,depot,1,edd,2.019999737967737e-05,34004605.60637414,2405.606374135268,0.0,22.0,1.0,34.0
c109_21,2,50,depot,1,sweep,1.3200002285884693e-05,20008052.10119603,1655.4821581307888,419.66190378969054,22.0,0.0,20.0
c109_21,2,50,depot,1,nearest,0.0002365000000281725,16010885.960707737,1583.980317465389,740.1980390271856,19.0,0.0,16.0
c109_21,2,50,depot,1,grasp,0.054217299999436364,18020705.38331103,1718.5964222913738,1708.6786888738525,19.0,0.0,18.0
c109_21,2,50,depot,1,mp_eavns,1.4986916000016208,13003349.431170069,1449.4311700683998,0.0,19.0,1.0,13.0
c109_21,2,50,phased,11,edd,3.4599997889017686e-05,15004643.17050433,2443.170504329082,0.0,22.0,14.0,15.0
c109_21,2,50,phased,11,sweep,2.769999991869554e-05,7008103.025575399,1706.4065375023577,419.66190378969054,22.0,10.0,7.0
c109_21,2,50,phased,11,nearest,0.00032220000139204785,4011647.546788884,1621.719437060208,812.5827351823464,19.0,11.0,4.0
c109_21,2,50,phased,11,grasp,0.14190890000099898,4006452.0997079364,1838.6351646461587,271.3464543290082,19.0,15.0,4.0
c109_21,2,50,phased,11,mp_eavns,2.0758854999985488,3487.6778217393726,1587.6778217393726,0.0,19.0,17.0,0.0
c109_21,2,50,all,21,edd,2.350000067963265e-05,15004643.17050433,2443.170504329082,0.0,22.0,14.0,15.0
c109_21,2,50,all,21,sweep,1.6000001778593287e-05,7008103.025575399,1706.4065375023577,419.66190378969054,22.0,10.0,7.0
c109_21,2,50,all,21,nearest,0.0002260999972349964,4011661.5009382255,1619.3136863869684,814.2187251838799,19.0,11.0,4.0
c109_21,2,50,all,21,grasp,0.17123979999814765,4011743.6970760804,1901.1400202725658,794.2557055807775,19.0,17.0,4.0
c109_21,2,50,all,21,mp_eavns,2.2789588999985426,3508.717413556991,1608.7174135569908,0.0,19.0,18.0,0.0
c109_21,3,75,depot,1,edd,2.890000178012997e-05,57006858.81444943,3658.8144494297653,0.0,32.0,3.0,57.0
c109_21,3,75,depot,1,sweep,1.720000000204891e-05,31013456.079927243,2423.1399277743835,773.2939999469129,33.0,0.0,31.0
c109_21,3,75,depot,1,nearest,0.0004604999994626269,24024757.77038977,2353.6579651412053,1960.4112424627822,28.0,0.0,24.0
c109_21,3,75,depot,1,grasp,0.1389573999986169,27027089.031476177,2361.2900318214283,2192.7741444356443,28.0,0.0,27.0
c109_21,3,75,depot,1,mp_eavns,4.390163799998845,17004963.295515142,2163.2955151431593,0.0,28.0,3.0,17.0
c109_21,3,75,phased,16,edd,4.0099999750964344e-05,27006918.526806302,3718.5268063009057,0.0,32.0,23.0,27.0
c109_21,3,75,phased,16,sweep,2.1400002879090607e-05,9018771.499616634,2532.2300098961246,1293.9269606738792,33.0,17.0,9.0
c109_21,3,75,phased,16,nearest,0.0004867999996349681,6025557.876540257,2429.9171540775337,2032.795938617943,28.0,18.0,6.0
c109_21,3,75,phased,16,grasp,0.35179449999850476,5017459.757509676,2710.809536891537,1184.8947972784433,29.0,25.0,5.0
c109_21,3,75,phased,16,mp_eavns,13.011809999999969,5071.442262142742,2271.442262142742,0.0,28.0,24.0,0.0
c109_21,3,75,all,21,edd,3.230000220355578e-05,27006918.526806302,3718.5268063009057,0.0,32.0,23.0,27.0
c109_21,3,75,all,21,sweep,2.6200003048870713e-05,9018771.499616634,2532.2300098961246,1293.9269606738792,33.0,17.0,9.0
c109_21,3,75,all,21,nearest,0.0004684999985329341,6025571.830689599,2427.5114034042936,2034.4319286194764,28.0,18.0,6.0
c109_21,3,75,all,21,grasp,0.4792151000001468,6024498.040833968,2820.223460675382,1877.7817373292057,29.0,26.0,6.0
c109_21,3,75,all,21,mp_eavns,7.322505000000092,5043.937080373968,2243.937080373967,0.0,28.0,24.0,0.0
c109_21,4,100,depot,1,edd,9.919999865815043e-05,68008929.80161802,4829.8016180226405,0.0,41.0,7.0,68.0
c109_21,4,100,depot,1,sweep,4.059999992023222e-05,37016075.07862594,2996.1153738004314,877.8963252139555,43.0,0.0,37.0
c109_21,4,100,depot,1,nearest,0.0015447000005224254,33035868.435899638,3144.3234750090073,2902.411242462782,37.0,0.0,33.0
c109_21,4,100,depot,1,grasp,0.25555160000294563,33015901.591053963,3044.478911261656,915.7112142699438,37.0,0.0,33.0
c109_21,4,100,depot,1,mp_eavns,9.192978300001414,21006370.368750364,2670.368750361968,0.0,37.0,3.0,21.0
c109_21,4,100,phased,21,edd,5.4699998145224527e-05,35009020.12250304,4920.122503042697,0.0,41.0,36.0,35.0
c109_21,4,100,phased,21,sweep,3.2100000680657104e-05,9023156.806001153,3114.1368194699576,1574.2669181683134,43.0,22.0,9.0
c109_21,4,100,phased,21,nearest,0.0008196999988285825,8036129.998490277,3236.3452632251106,2919.365322705162,37.0,25.0,8.0
c109_21,4,100,phased,21,grasp,0.8776835999997274,6025622.53531224,3266.424998774807,1855.6110313465176,38.0,28.0,6.0
c109_21,4,100,phased,21,mp_eavns,18.177182999999786,6515.763756902674,2815.7637569026742,0.0,37.0,29.0,0.0
c109_21,4,100,all,21,edd,3.65999985660892e-05,35009020.12250304,4920.122503042697,0.0,41.0,36.0,35.0
c109_21,4,100,all,21,sweep,2.8500002372311428e-05,9023156.806001153,3114.1368194699576,1574.2669181683134,43.0,22.0,9.0
c109_21,4,100,all,21,nearest,0.0007691999999224208,8036129.998490277,3236.3452632251106,2919.365322705162,37.0,25.0,8.0
c109_21,4,100,all,21,grasp,0.937279400000989,5024525.968290376,3213.5597728705193,1761.2408517504655,37.0,30.0,5.0
c109_21,4,100,all,21,mp_eavns,23.72946690000026,6526.33366090137,2826.3336609013704,0.0,37.0,30.0,0.0
c201_21,1,25,depot,1,edd,1.2399999832268804e-05,9001577.627972007,677.6279720071894,0.0,9.0,0.0,9.0
c201_21,1,25,depot,1,sweep,7.200000254670158e-06,10031083.340191208,737.7009562438066,2934.563923496401,10.0,0.0,10.0
c201_21,1,25,depot,1,nearest,7.540000297012739e-05,9004315.88812303,721.4353938861512,269.4452729144008,9.0,0.0,9.0
c201_21,1,25,depot,1,grasp,0.007720999998127809,7019076.7163342275,714.957282839893,1746.175905138783,9.0,1.0,7.0
c201_21,1,25,depot,1,mp_eavns,0.23446530000001076,8001569.862701345,669.8627013451357,0.0,9.0,0.0,8.0
c201_21,1,25,phased,6,edd,1.3799999578623101e-05,1624.94022616797,724.94022616797,0.0,9.0,8.0,0.0
c201_21,1,25,phased,6,sweep,3.529999958118424e-05,3031113.535855814,767.8966208496972,2934.563923496401,10.0,7.0,3.0
c201_21,1,25,phased,6,nearest,7.820000246283598e-05,18173.091892034558,745.6293092285405,1652.7462582806015,9.0,9.0,0.0
c201_21,1,25,phased,6,grasp,0.01621990000057849,5444.970415891365,730.5795267455036,381.43908891458614,9.0,9.0,0.0
c201_21,1,25,phased,6,mp_eavns,0.4172777000021597,1602.1313985659344,702.1313985659343,0.0,9.0,7.0,0.0
c201_21,1,25,all,21,edd,1.4199998986441642e-05,1617.594738765224,717.594738765224,0.0,9.0,8.0,0.0
c201_21,1,25,all,21,sweep,1.089999932446517e-05,3031113.535855814,767.8966208496972,2934.563923496401,10.0,7.0,3.0
c201_21,1,25,all,21,nearest,8.350000280188397e-05,18171.47597115266,744.0133883466442,1652.7462582806015,9.0,9.0,0.0
c201_21,1,25,all,21,grasp,0.028824900000472553,4616.751047543606,864.2774499451646,275.2473597598441,10.0,11.0,0.0
c201_21,1,25,all,21,mp_eavns,0.6842494999982591,1614.286365222576,714.2863652225759,0.0,9.0,8.0,0.0
c201_21,2,50,depot,1,edd,1.9499999325489625e-05,30004534.548061233,2334.5480612337574,0.0,22.0,3.0,30.0
c201_21,2,50,depot,1,sweep,1.300000076298602e-05,24052214.218805574,1776.742066647351,4823.747673892659,22.0,0.0,24.0
c201_21,2,50,depot,1,nearest,0.00023719999808236025,20021142.619638983,1779.7457621374188,1746.2873876844224,19.0,0.0,20.0
c201_21,2,50,depot,1,grasp,0.05462380000244593,19072913.171908617,1815.928771426637,6919.724313718938,19.0,0.0,19.0
c201_21,2,50,depot,1,mp_eavns,1.675848999999289,14003899.397062285,1491.6937661415427,50.77032961426903,19.0,1.0,14.0
c201_21,2,50,phased,11,edd,2.0600000425474718e-05,10004537.841068644,2337.841068644629,0.0,22.0,20.0,10.0
c201_21,2,50,phased,11,sweep,1.5300000086426735e-05,10052809.751731176,1834.392101803692,4877.535962937226,22.0,12.0,10.0
c201_21,2,50,phased,11,nearest,0.00023990000045159832,5049305.794763002,1827.8567002971904,4557.793806270467,19.0,15.0,5.0
c201_21,2,50,phased,11,grasp,0.162944100000459,4098341.935525993,2005.973694294717,9433.596183169824,20.0,20.0,4.0
c201_21,2,50,phased,11,mp_eavns,1.1042386999979499,12260.756965785695,1597.6539609372446,876.3103004848449,19.0,18.0,0.0
c201_21,2,50,all,21,edd,2.390000008745119e-05,10004528.463134864,2328.4631348651087,0.0,22.0,20.0,10.0
c201_21,2,50,all,21,sweep,1.6600002709310502e-05,10052809.751731176,1834.392101803692,4877.535962937226,22.0,12.0,10.0
c201_21,2,50,all,21,nearest,0.00022809999791206792,4049310.048262766,1821.7568863401966,4558.829137642608,19.0,16.0,4.0
c201_21,2,50,all,21,grasp,0.178077000000485,3086304.049691332,1837.8966622966673,8256.61530290355,19.0,17.0,3.0
c201_21,2,50,all,21,mp_eavns,4.729485799998656,3878.214084003549,1589.904565055095,38.830951894845384,19.0,18.0,0.0
c201_21,3,75,depot,1,edd,3.3399999665562063e-05,54007298.608343795,3998.6083437927978,0.0,33.0,5.0,54.0
c201_21,3,75,depot,1,sweep,1.8200000340584666e-05,34057636.09054238,2483.5000602466193,5205.259048213436,31.0,0.0,34.0
c201_21,3,75,depot,1,nearest,0.0004969000001437962,27059617.003969427,2422.377461104492,5439.462650832182,28.0,0.0,27.0
c201_21,3,75,depot,1,grasp,0.11973009999928763,29142651.11387326,2476.989014697986,13737.412485856084,28.0,0.0,29.0
c201_21,3,75,depot,1,mp_eavns,3.828820900002029,22015092.646925196,2154.943629054925,1023.770329614269,27.0,2.0,22.0
c201_21,3,75,phased,16,edd,3.470000228844583e-05,20007359.210466005,4059.2104660064933,0.0,33.0,36.0,20.0
c201_21,3,75,phased,16,sweep,2.2099997295299545e-05,13059459.131577563,2581.957510839694,5377.71740667236,31.0,18.0,13.0
c201_21,3,75,phased,16,nearest,0.00047879999692668207,4075819.812917747,2526.2101390712746,7049.360277867578,28.0,23.0,4.0
c201_21,3,75,phased,16,grasp,0.34573200000158977,4134042.212165367,2691.083910760836,12855.112825460612,28.0,28.0,4.0
c201_21,3,75,phased,16,mp_eavns,12.944021300001623,5114.151273260612,2314.151273260611,0.0,28.0,24.0,0.0
c201_21,3,75,all,21,edd,3.0899998819222674e-05,20007349.832532227,4049.832532226973,0.0,33.0,36.0,20.0
c201_21,3,75,all,21,sweep,2.010000025620684e-05,13059459.131577563,2581.957510839694,5377.71740667236,31.0,18.0,13.0
c201_21,3,75,all,21,nearest,0.00047369999811053276,3075835.2233891473,2524.734773628715,7051.0488615518625,28.0,24.0,3.0
c201_21,3,75,all,21,grasp,0.45232400000168127,3114990.0161077315,2879.35856429784,10921.065754343352,29.0,33.0,3.0
c201_21,3,75,all,21,mp_eavns,13.262662000001,5106.826529024443,2306.8265290244426,0.0,28.0,27.0,0.0
c201_21,4,100,depot,1,edd,3.909999941242859e-05,72009023.19594385,4923.1959438461445,0.0,41.0,6.0,72.0
c201_21,4,100,depot,1,sweep,2.260000110254623e-05,42097437.816345416,3194.1419478312123,9004.367439758313,42.0,0.0,42.0
c201_21,4,100,depot,1,nearest,0.000815100000181701,34155983.08561381,3095.447806894266,14918.76378069168,37.0,0.0,34.0
c201_21,4,100,depot,1,grasp,0.25628280000091763,36099532.321826644,3337.9439516082175,9239.43778750355,38.0,0.0,36.0
c201_21,4,100,depot,1,mp_eavns,6.244503900001291,27016677.661346477,2739.9580503322563,1023.770329614269,37.0,1.0,27.0
c201_21,4,100,phased,21,edd,3.989999822806567e-05,25009077.26519765,4977.265197650893,0.0,41.0,47.0,25.0
c201_21,4,100,phased,21,sweep,2.6300000172341242e-05,14099279.480638936,3311.2226567643324,9176.825798217236,42.0,25.0,14.0
c201_21,4,100,phased,21,nearest,0.0008474999995087273,8164720.749107767,3215.517274157741,15780.523183360918,37.0,25.0,8.0
c201_21,4,100,phased,21,grasp,0.9184361999978137,5259285.181592129,3439.120317318282,25214.606127481056,37.0,35.0,5.0
c201_21,4,100,phased,21,mp_eavns,15.90434539999842,6661.6184900982025,2961.618490098202,0.0,37.0,31.0,0.0
c201_21,4,100,all,21,edd,3.82999969588127e-05,25009077.26519765,4977.265197650893,0.0,41.0,47.0,25.0
c201_21,4,100,all,21,sweep,2.5699999241624027e-05,14099279.480638936,3311.2226567643324,9176.825798217236,42.0,25.0,14.0
c201_21,4,100,all,21,nearest,0.0008312999998452142,8164720.749107767,3215.517274157741,15780.523183360918,37.0,25.0,8.0
c201_21,4,100,all,21,grasp,0.8765932000023895,3170917.9747224934,3596.553793191006,16352.142092930264,38.0,41.0,3.0
c201_21,4,100,all,21,mp_eavns,21.035255899998447,6601.1493810630045,2901.1493810630045,0.0,37.0,33.0,0.0
c202_21,1,25,depot,1,edd,1.4500001270789653e-05,10001785.89731691,785.8973169111404,0.0,10.0,0.0,10.0
c202_21,1,25,depot,1,sweep,7.799997547408566e-06,10030623.340191208,737.7009562438066,2888.563923496401,10.0,0.0,10.0
c202_21,1,25,depot,1,nearest,7.650000043213367e-05,9003951.16676348,721.4353938861512,232.97313695940124,9.0,0.0,9.0
c202_21,1,25,depot,1,grasp,0.008148300003085751,8007659.30672393,671.4425310668132,608.786419286288,9.0,0.0,8.0
c202_21,1,25,depot,1,mp_eavns,0.22787349999998696,6001544.355295043,644.3552950437821,0.0,9.0,0.0,6.0
c202_21,1,25,phased,6,edd,1.1500000255182385e-05,1831.0094427540848,831.0094427540847,0.0,10.0,9.0,0.0
c202_21,1,25,phased,6,sweep,9.100000170292333e-06,3030653.535855814,767.8966208496972,2888.563923496401,10.0,7.0,3.0
c202_21,1,25,phased,6,nearest,7.790000017848797e-05,12844.105255322083,745.6293092285405,1119.8475946093542,9.0,9.0,0.0
c202_21,1,25,phased,6,grasp,0.017378100001224084,1693.3755742351345,793.3755742351345,0.0,9.0,9.0,0.0
c202_21,1,25,phased,6,mp_eavns,0.42510240000046906,1604.6991572367815,704.6991572367815,0.0,9.0,7.0,0.0
c202_21,1,25,all,21,edd,1.1600001016631722e-05,1823.6639553513387,823.6639553513388,0.0,10.0,9.0,0.0
c202_21,1,25,all,21,sweep,8.600000001024455e-06,3030653.535855814,767.8966208496972,2888.563923496401,10.0,7.0,3.0
c202_21,1,25,all,21,nearest,7.530000220867805e-05,12842.489334440186,744.0133883466442,1119.8475946093542,9.0,9.0,0.0
c202_21,1,25,all,21,grasp,0.030208600001060404,4193.490434537963,863.4904345379629,233.0,10.0,11.0,0.0
c202_21,1,25,all,21,mp_eavns,0.6511120000031951,1604.1654361866358,704.1654361866357,0.0,9.0,7.0,0.0
c202_21,2,50,depot,1,edd,1.9600000086938962e-05,28004308.84141249,2208.8414124888377,0.0,21.0,3.0,28.0
c202_21,2,50,depot,1,sweep,1.2599997717188671e-05,24042987.599767677,1776.742066647351,3901.085770102968,22.0,0.0,24.0
c202_21,2,50,depot,1,nearest,0.00023119999968912452,19021142.388145335,1737.8814415274098,1750.4506703805932,19.0,0.0,19.0
c202_21,2,50,depot,1,grasp,0.057461600001261104,19016922.57842115,1648.8568586864596,1337.3721562462724,19.0,0.0,19.0
c202_21,2,50,depot,1,mp_eavns,1.4027841999995871,12003862.236922204,1454.5336260614868,50.77032961426903,19.0,0.0,12.0
c202_21,2,50,phased,11,edd,2.260000110254623e-05,10004326.448380474,2226.448380474053,0.0,21.0,16.0,10.0
c202_21,2,50,phased,11,sweep,1.5300000086426735e-05,10043045.249802833,1834.392101803692,3901.085770102968,22.0,12.0,10.0
c202_21,2,50,phased,11,nearest,0.00024399999892921187,7023419.884273741,1777.1014536082212,1974.2782820132757,19.0,12.0,7.0
c202_21,2,50,phased,11,grasp,0.12802949999968405,3042475.829096373,1950.7447856860313,3862.508431068703,19.0,20.0,3.0
c202_21,2,50,phased,11,mp_eavns,2.3698039000009885,3473.6771735406714,1573.6771735406714,0.0,19.0,16.0,0.0
c202_21,2,50,all,21,edd,3.2500000088475645e-05,9004315.812328944,2215.812328943763,0.0,21.0,16.0,9.0
c202_21,2,50,all,21,sweep,2.59000007645227e-05,10043045.249802833,1834.392101803692,3901.085770102968,22.0,12.0,10.0
c202_21,2,50,all,21,nearest,0.0004642999992938712,6023418.408908298,1775.626088165662,1974.2782820132757,19.0,13.0,6.0
c202_21,2,50,all,21,grasp,0.18640569999843137,4037394.52059667,1839.730141541291,3365.479045512888,19.0,19.0,4.0
c202_21,2,50,all,21,mp_eavns,2.495441300001403,3445.4300670142725,1545.4300670142725,0.0,19.0,16.0,0.0
c202_21,3,75,depot,1,edd,2.800000220304355e-05,48006773.99506866,3573.9950686654124,0.0,32.0,4.0,48.0
c202_21,3,75,depot,1,sweep,1.6099998902063817e-05,34047554.35776128,2483.5000602466193,4197.085770102968,31.0,0.0,34.0
c202_21,3,75,depot,1,nearest,0.00044600000182981603,27028006.7038451,2456.3605184078956,2275.034332669225,28.0,0.0,27.0
c202_21,3,75,depot,1,grasp,0.10972140000012587,29094353.501949307,2446.2010054315833,8910.730094387607,28.0,0.0,29.0
c202_21,3,75,depot,1,mp_eavns,3.2897831999980554,19005366.352769386,2158.6494732437372,50.77032961426903,27.0,3.0,19.0
c202_21,3,75,phased,16,edd,3.7099998735357076e-05,23006835.25064134,3635.250641339235,0.0,32.0,25.0,23.0
c202_21,3,75,phased,16,sweep,2.2100000933278352e-05,13048839.515906014,2581.957510839694,4315.7558395173255,31.0,18.0,13.0
c202_21,3,75,phased,16,nearest,0.00047819999963394366,6030330.229946425,2541.61050340585,2498.8619443019074,28.0,21.0,6.0
c202_21,3,75,phased,16,grasp,0.3528788999974495,5051300.316153336,2867.8780053202613,4563.243814801564,28.0,30.0,5.0
c202_21,3,75,phased,16,mp_eavns,8.991180999997596,5032.143930670452,2232.1439306704524,0.0,28.0,24.0,0.0
c202_21,3,75,all,21,edd,3.279999873484485e-05,23006827.905153938,3627.9051539364887,0.0,32.0,25.0,23.0
c202_21,3,75,all,21,sweep,1.920000067912042e-05,13048839.515906014,2581.957510839694,4315.7558395173255,31.0,18.0,13.0
c202_21,3,75,all,21,nearest,0.0004880999986198731,5030328.754580982,2540.1351379632906,2498.8619443019074,28.0,22.0,5.0
c202_21,3,75,all,21,grasp,0.4284723999990092,5089207.266535894,2648.8079775706346,8375.845855832351,28.0,25.0,5.0
c202_21,3,75,all,21,mp_eavns,12.06109590000051,5028.526112683438,2228.5261126834384,0.0,28.0,23.0,0.0
c202_21,4,100,depot,1,edd,3.610000203480013e-05,65008919.00463307,4719.004633067104,0.0,42.0,8.0,65.0
c202_21,4,100,depot,1,sweep,2.3100001271814108e-05,42070138.04847929,3194.1419478312123,6274.390653145863,42.0,0.0,42.0
c202_21,4,100,depot,1,nearest,0.0009401999996043742,35105241.1343925,3126.9938324559257,9841.414056004156,37.0,0.0,35.0
c202_21,4,100,depot,1,grasp,0.20752530000027036,36148216.64376501,3245.826070443082,14117.08176945681,38.0,0.0,36.0
c202_21,4,100,depot,1,mp_eavns,8.4378953000014,26006930.61508424,2722.911788096489,50.77032961426903,37.0,1.0,26.0
c202_21,4,100,phased,21,edd,4.890000127488747e-05,25008977.650750123,4777.65075012428,0.0,42.0,43.0,25.0
c202_21,4,100,phased,21,sweep,2.8599999495781958e-05,14071441.829882367,3311.2226567643324,6393.060722560221,42.0,25.0,14.0
c202_21,4,100,phased,21,nearest,0.001285700000153156,9113957.488894518,3225.7543077851224,10703.173458673391,37.0,25.0,9.0
c202_21,4,100,phased,21,grasp,0.8506313999969279,5133338.900769399,3395.353521212081,12624.354724818662,37.0,32.0,5.0
c202_21,4,100,phased,21,mp_eavns,20.5970333999976,6521.835473245075,2821.8354732450753,0.0,37.0,30.0,0.0
c202_21,4,100,all,21,edd,3.899999865097925e-05,25008977.650750123,4777.65075012428,0.0,42.0,43.0,25.0
c202_21,4,100,all,21,sweep,2.59000007645227e-05,14071441.829882367,3311.2226567643324,6393.060722560221,42.0,25.0,14.0
c202_21,4,100,all,21,nearest,0.0008237000001827255,9113957.488894518,3225.7543077851224,10703.173458673391,37.0,25.0,9.0
c202_21,4,100,all,21,grasp,0.6326516999979503,4153693.999758863,3499.8460496621174,14629.415370920093,39.0,34.0,4.0
c202_21,4,100,all,21,mp_eavns,25.871398000002955,6563.037587637331,2863.0375876373305,0.0,37.0,31.0,0.0
c202C10,1,3,depot,1,edd,5.40000110049732e-06,1000369.042819029,169.04281902890477,0.0,2.0,1.0,1.0
c202C10,1,3,depot,1,sweep,2.8000031306874007e-06,2000344.4750776982,144.47507769812634,0.0,2.0,0.0,2.0
c202C10,1,3,depot,1,nearest,9.399998816661537e-06,1000344.4750776981,144.47507769812634,0.0,2.0,0.0,1.0
c202C10,1,3,depot,1,grasp,0.00020220000078552403,1000344.4750776981,144.47507769812634,0.0,2.0,0.0,1.0
c202C10,1,3,depot,1,mp_eavns,0.0027706000000762288,1000344.4750776981,144.47507769812634,0.0,2.0,0.0,1.0
c202C10,1,3,phased,2,edd,2.2999993234407157e-06,382.9083965973216,182.90839659732163,0.0,2.0,2.0,0.0
c202C10,1,3,phased,2,sweep,2.2999993234407157e-06,1000375.1066123248,175.10661232486126,0.0,2.0,1.0,1.0
c202C10,1,3,phased,2,nearest,5.699999746866524e-06,1000344.4750776981,144.47507769812634,0.0,2.0,0.0,1.0
c202C10,1,3,phased,2,grasp,0.0002418000003672205,382.9083965973216,182.90839659732163,0.0,2.0,2.0,0.0
c202C10,1,3,phased,2,mp_eavns,0.0033898000001499895,382.9083965973216,182.90839659732163,0.0,2.0,2.0,0.0
c202C10,1,3,all,5,edd,2.1999985619913787e-06,369.05190805910445,169.05190805910445,0.0,2.0,2.0,0.0
c202C10,1,3,all,5,sweep,2.1000014385208488e-06,347.79081584865924,147.7908158486592,0.0,2.0,1.0,0.0
c202C10,1,3,all,5,nearest,5.999998393235728e-06,1000344.4750776981,144.47507769812634,0.0,2.0,0.0,1.0
c202C10,1,3,all,5,grasp,0.0002576000006229151,347.79081584865924,147.7908158486592,0.0,2.0,1.0,0.0
c202C10,1,3,all,5,mp_eavns,0.0033789000008255243,347.79081584865924,147.7908158486592,0.0,2.0,1.0,0.0
c202C10,2,5,depot,1,edd,3.1000017770566046e-06,3000517.2401434416,217.24014344158053,0.0,3.0,0.0,3.0
c202C10,2,5,depot,1,sweep,2.7000023692380637e-06,4000528.189127847,228.18912784691906,0.0,3.0,0.0,4.0
c202C10,2,5,depot,1,nearest,9.999999747378752e-06,4000549.793951381,249.79395138121512,0.0,3.0,0.0,4.0
c202C10,2,5,depot,1,grasp,0.0003223999992769677,2028604.8467985077,229.1489013063083,2817.569789720135,2.0,2.0,2.0
c202C10,2,5,depot,1,mp_eavns,0.009917999999743188,2000528.1891278469,228.18912784691906,0.0,3.0,0.0,2.0
c202C10,2,5,phased,3,edd,2.8999966161791235e-06,2000531.10572101,231.10572100999738,0.0,3.0,1.0,2.0
c202C10,2,5,phased,3,sweep,2.6999987312592566e-06,1002663.8229011949,308.5067434236789,205.53161577712217,3.0,3.0,1.0
c202C10,2,5,phased,3,nearest,8.899998647393659e-06,7095.921306973075,315.3860731335379,648.0535233839537,3.0,4.0,0.0
c202C10,2,5,phased,3,grasp,0.0004267999975127168,7095.921306973075,315.3860731335379,648.0535233839537,3.0,4.0,0.0
c202C10,2,5,phased,3,mp_eavns,0.018381599998974707,587.450002609429,287.4500026094291,0.0,3.0,3.0,0.0
c202C10,2,5,all,5,edd,7.400001777568832e-06,2000517.2492324717,217.2492324717802,0.0,3.0,1.0,2.0
c202C10,2,5,all,5,sweep,6.100002792663872e-06,1002604.4098093263,249.09365155506967,205.53161577712217,3.0,2.0,1.0
c202C10,2,5,all,5,nearest,2.9099999665049836e-05,7082.064818434857,301.5295845953207,648.0535233839537,3.0,4.0,0.0
c202C10,2,5,all,5,grasp,0.0008820000002742745,7082.064818434857,301.5295845953207,648.0535233839537,3.0,4.0,0.0
c202C10,2,5,all,5,mp_eavns,0.01779499999975087,555.9729812649286,255.97298126492865,0.0,3.0,3.0,0.0
c202C10,3,8,depot,1,edd,5.800000508315861e-06,3000882.5274366816,382.5274366816008,0.0,5.0,1.0,3.0
c202C10,3,8,depot,1,sweep,4.19999923906289e-06,5000980.301891224,380.30189122445483,0.0,6.0,0.0,5.0
c202C10,3,8,depot,1,nearest,1.8399998225504532e-05,4000882.985374381,382.98537438076926,0.0,5.0,1.0,4.0
c202C10,3,8,depot,1,grasp,0.0005807999987155199,3037971.4681692068,353.4154209120194,3711.8052748294735,5.0,1.0,3.0
c202C10,3,8,depot,1,mp_eavns,0.020746499998494983,3000852.6890021795,352.6890021796994,0.0,5.0,0.0,3.0
c202C10,3,8,phased,4,edd,4.800000169780105e-06,1000896.3966590153,396.3966590153442,0.0,5.0,3.0,1.0
c202C10,3,8,phased,4,sweep,4.499997885432094e-06,1003115.9393093378,460.6231515665413,205.53161577712217,6.0,4.0,1.0
c202C10,3,8,phased,4,nearest,1.5100002201506868e-05,920.8647742828209,420.8647742828209,0.0,5.0,5.0,0.0
c202C10,3,8,phased,4,grasp,0.0006212000007508323,906.351175536292,406.3511755362919,0.0,5.0,4.0,0.0
c202C10,3,8,phased,4,mp_eavns,0.03096969999751309,864.3404416741034,364.3404416741035,0.0,5.0,3.0,0.0
c202C10,3,8,all,5,edd,6.900001608300954e-06,1000882.5401704771,382.54017047712705,0.0,5.0,3.0,1.0
c202C10,3,8,all,5,sweep,6.900001608300954e-06,1003056.5262174691,401.2100596979321,205.53161577712217,6.0,3.0,1.0
c202C10,3,8,all,5,nearest,1.9400002202019095e-05,907.0082857446038,407.00828574460377,0.0,5.0,5.0,0.0
c202C10,3,8,all,5,grasp,0.0007173000012699049,850.4839531358863,350.4839531358863,0.0,5.0,3.0,0.0
c202C10,3,8,all,5,mp_eavns,0.03202740000051563,850.4839531358864,350.48395313588634,0.0,5.0,3.0,0.0
c202C10,4,10,depot,1,edd,6.499998562503606e-06,4000892.901753721,392.9017537208547,0.0,5.0,1.0,4.0
c202C10,4,10,depot,1,sweep,4.499997885432094e-06,5001118.014570083,418.01457008245757,0.0,7.0,0.0,5.0
c202C10,4,10,depot,1,nearest,2.4400000256719068e-05,3022317.7056535645,418.3452829816921,2139.9360370582713,5.0,2.0,3.0
c202C10,4,10,depot,1,grasp,0.0013762000016868114,3022317.7056535645,418.3452829816921,2139.9360370582713,5.0,2.0,3.0
c202C10,4,10,depot,1,mp_eavns,0.03151419999994687,3000862.1450543352,362.1450543351474,0.0,5.0,0.0,3.0
c202C10,4,10,phased,5,edd,7.799997547408566e-06,2000892.9144875163,392.9144875163809,0.0,5.0,3.0,2.0
c202C10,4,10,phased,5,sweep,7.200000254670158e-06,1003194.2388963272,438.9227385559348,205.53161577712217,7.0,3.0,1.0
c202C10,4,10,phased,5,nearest,2.390000008745119e-05,22332.943597052,433.583226469289,2139.9360370582713,5.0,5.0,0.0
c202C10,4,10,phased,5,grasp,0.002275399998325156,26044.208269519684,449.69488168455746,2509.4513387835127,5.0,6.0,0.0
c202C10,4,10,phased,5,mp_eavns,0.05536260000008042,859.9400052913343,359.9400052913343,0.0,5.0,3.0,0.0
c202C10,4,10,all,5,edd,7.399998139590025e-06,2000892.9144875163,392.9144875163809,0.0,5.0,3.0,2.0
c202C10,4,10,all,5,sweep,6.800000846851617e-06,1003194.2388963272,438.9227385559348,205.53161577712217,7.0,3.0,1.0
c202C10,4,10,all,5,nearest,2.3799999326001853e-05,22332.943597052,433.583226469289,2139.9360370582713,5.0,5.0,0.0
c202C10,4,10,all,5,grasp,0.0017853999997896608,11231.019825238496,453.20610927083726,1017.7813715967659,6.0,5.0,0.0
c202C10,4,10,all,5,mp_eavns,0.049288299996987917,859.9400052913343,359.9400052913343,0.0,5.0,3.0,0.0
c202C15,1,4,depot,1,edd,5.099998816149309e-06,1000336.5724379993,136.57243799927383,0.0,2.0,0.0,1.0
c202C15,1,4,depot,1,sweep,2.9000002541579306e-06,1004491.1497304568,146.80991913623166,414.4339811320566,2.0,0.0,1.0
c202C15,1,4,depot,1,nearest,1.1500000255182385e-05,1000345.4453806963,145.44538069633808,0.0,2.0,0.0,1.0
c202C15,1,4,depot,1,grasp,0.00040169999920181,1000336.5724379993,136.57243799927383,0.0,2.0,0.0,1.0
c202C15,1,4,depot,1,mp_eavns,0.005732100002205698,1000335.2078995594,135.20789955938022,0.0,2.0,0.0,1.0
c202C15,1,4,phased,2,edd,4.699999408330768e-06,1000336.5724379993,136.57243799927383,0.0,2.0,0.0,1.0
c202C15,1,4,phased,2,sweep,3.5999983083456755e-06,1004491.1497304568,146.80991913623166,414.4339811320566,2.0,0.0,1.0
c202C15,1,4,phased,2,nearest,8.999999408842996e-06,1000345.4453806963,145.44538069633808,0.0,2.0,0.0,1.0
c202C15,1,4,phased,2,grasp,0.00023439999858965166,4493.021946045739,148.6821347251733,414.4339811320566,2.0,2.0,0.0
c202C15,1,4,phased,2,mp_eavns,0.005756999998993706,341.58344867479315,141.58344867479315,0.0,2.0,2.0,0.0
c202C15,1,4,all,5,edd,2.9000002541579306e-06,1000336.5724379993,136.57243799927383,0.0,2.0,0.0,1.0
c202C15,1,4,all,5,sweep,2.4000000848900527e-06,1004491.1497304568,146.80991913623166,414.4339811320566,2.0,0.0,1.0
c202C15,1,4,all,5,nearest,7.700000423938036e-06,1000345.4453806963,145.44538069633808,0.0,2.0,0.0,1.0
c202C15,1,4,all,5,grasp,0.0002679999997781124,341.58344867479315,141.58344867479315,0.0,2.0,2.0,0.0
c202C15,1,4,all,5,mp_eavns,0.005676799999491777,341.58344867479315,141.58344867479315,0.0,2.0,2.0,0.0
c202C15,2,8,depot,1,edd,4.800000169780105e-06,4000819.15361683,419.15361682974697,0.0,4.0,1.0,4.0
c202C15,2,8,depot,1,sweep,3.6999990697950125e-06,4004833.0949581685,288.7551468477437,414.4339811320566,4.0,0.0,4.0
c202C15,2,8,depot,1,nearest,1.7400001524947584e-05,3000594.440329207,294.4403292068995,0.0,3.0,1.0,3.0
c202C15,2,8,depot,1,grasp,0.0013662999990629032,2000635.2019741954,335.20197419547145,0.0,3.0,2.0,2.0
c202C15,2,8,depot,1,mp_eavns,0.018534300001192605,2000593.9503007557,293.9503007557615,0.0,3.0,1.0,2.0
c202C15,2,8,phased,3,edd,4.400000761961564e-06,4000808.300333569,408.30033356865147,0.0,4.0,1.0,4.0
c202C15,2,8,phased,3,sweep,3.999997716164216e-06,4004833.0949581685,288.7551468477437,414.4339811320566,4.0,0.0,4.0
c202C15,2,8,phased,3,nearest,1.5300000086426735e-05,3000591.6851200513,291.6851200514319,0.0,3.0,1.0,3.0
c202C15,2,8,phased,3,grasp,0.0015265000001818407,1000594.5940032527,294.59400325266563,0.0,3.0,3.0,1.0
c202C15,2,8,phased,3,mp_eavns,0.04987729999993462,1000604.8328534208,304.8328534207824,0.0,3.0,3.0,1.0
c202C15,2,8,all,5,edd,7.399998139590025e-06,4000808.300333569,408.30033356865147,0.0,4.0,1.0,4.0
c202C15,2,8,all,5,sweep,6.300000677583739e-06,4004833.0949581685,288.7551468477437,414.4339811320566,4.0,0.0,4.0
c202C15,2,8,all,5,nearest,2.010000025620684e-05,3000591.6851200513,291.6851200514319,0.0,3.0,1.0,3.0
c202C15,2,8,all,5,grasp,0.0015243999987433199,1000594.5940032527,294.59400325266563,0.0,3.0,3.0,1.0
c202C15,2,8,all,5,mp_eavns,0.047110999999858905,1000604.8328534208,304.83285342078244,0.0,3.0,3.0,1.0
c202C15,3,12,depot,1,edd,7.700000423938036e-06,8001085.758810853,585.758810852892,0.0,5.0,1.0,8.0
c202C15,3,12,depot,1,sweep,4.800000169780105e-06,7007462.819572804,397.4300297377268,656.5389543065994,5.0,0.0,7.0
c202C15,3,12,depot,1,nearest,2.9999999242136255e-05,5007848.928073257,407.2129918795031,704.1715081377674,4.0,1.0,5.0
c202C15,3,12,depot,1,grasp,0.00370679999832646,5005487.65651579,475.0259696474784,461.2630546142402,4.0,3.0,5.0
c202C15,3,12,depot,1,mp_eavns,0.054376699998101685,4000818.2888758415,418.28887584131087,0.0,4.0,1.0,4.0
c202C15,3,12,phased,4,edd,7.99999907030724e-06,8001074.905527592,574.9055275917965,0.0,5.0,1.0,8.0
c202C15,3,12,phased,4,sweep,7.399998139590025e-06,7007462.819572804,397.4300297377268,656.5389543065994,5.0,0.0,7.0
c202C15,3,12,phased,4,nearest,2.970000059576705e-05,5007848.928073257,407.2129918795031,704.1715081377674,4.0,1.0,5.0
c202C15,3,12,phased,4,grasp,0.0033633000020927284,2000899.0915691515,494.7188074789832,0.43727616724572727,4.0,5.0,2.0
c202C15,3,12,phased,4,mp_eavns,0.09879040000305395,1000852.5236800424,452.52368004232636,0.0,4.0,5.0,1.0
c202C15,3,12,all,5,edd,1.1300002370262519e-05,8001074.905527592,574.9055275917965,0.0,5.0,1.0,8.0
c202C15,3,12,all,5,sweep,7.099999493220821e-06,7007462.819572804,397.4300297377268,656.5389543065994,5.0,0.0,7.0
c202C15,3,12,all,5,nearest,2.9099999665049836e-05,5007848.928073257,407.2129918795031,704.1715081377674,4.0,1.0,5.0
c202C15,3,12,all,5,grasp,0.004541099999187281,2004177.4350542624,567.2420113741158,321.0193042888228,4.0,7.0,2.0
c202C15,3,12,all,5,mp_eavns,0.15426160000060918,1036.1241839629565,536.0904036357284,0.0033780327228214446,5.0,8.0,0.0
c202C15,4,15,depot,1,edd,7.700000423938036e-06,11001223.654215803,723.6542158042495,0.0,5.0,2.0,11.0
c202C15,4,15,depot,1,sweep,5.699999746866524e-06,8007639.730641962,474.34109889593327,656.5389543065994,6.0,0.0,8.0
c202C15,4,15,depot,1,nearest,3.7599998904624954e-05,9001019.355088446,519.3550884462788,0.0,5.0,0.0,9.0
c202C15,4,15,depot,1,grasp,0.004417500000272412,6001221.863544233,721.8635442333832,0.0,5.0,4.0,6.0
c202C15,4,15,depot,1,mp_eavns,0.1139437000019825,5000995.199944999,495.1999449995173,0.0,5.0,1.0,5.0
c202C15,4,15,phased,5,edd,8.300001354655251e-06,10001224.562934475,724.5629344753523,0.0,5.0,3.0,10.0
c202C15,4,15,phased,5,sweep,6.900001608300954e-06,8007639.730641962,474.34109889593327,656.5389543065994,6.0,0.0,8.0
c202C15,4,15,phased,5,nearest,3.640000068116933e-05,5007206.3380888235,525.9540407198789,618.0384048104053,5.0,3.0,5.0
c202C15,4,15,phased,5,grasp,0.005459899999550544,1046228.138631754,601.5734589454216,4512.656517280851,5.0,8.0,1.0
c202C15,4,15,phased,5,mp_eavns,0.18443820000175037,1002.1385272163798,502.1385272163798,0.0,5.0,6.0,0.0
c202C15,4,15,all,5,edd,1.1500000255182385e-05,10001224.562934475,724.5629344753523,0.0,5.0,3.0,10.0
c202C15,4,15,all,5,sweep,9.50000321608968e-06,8007639.730641962,474.34109889593327,656.5389543065994,6.0,0.0,8.0
c202C15,4,15,all,5,nearest,3.909999941242859e-05,5007206.3380888235,525.9540407198789,618.0384048104053,5.0,3.0,5.0
c202C15,4,15,all,5,grasp,0.007093299998814473,3031455.510065444,618.2409409262749,3033.726912451732,5.0,6.0,3.0
c202C15,4,15,all,5,mp_eavns,0.22691309999936493,1123.9255734059227,623.8917930786945,0.0033780327228214446,5.0,9.0,0.0
c203_21,1,25,depot,1,edd,1.3200002285884693e-05,12001815.340316508,815.3403165072934,0.0,10.0,0.0,12.0
c203_21,1,25,depot,1,sweep,7.499998901039362e-06,10018917.700956244,737.7009562438066,1718.0,10.0,0.0,10.0
c203_21,1,25,depot,1,nearest,7.589999950141646e-05,9002029.744912835,721.4353938861512,40.830951894845384,9.0,0.0,9.0
c203_21,1,25,depot,1,grasp,0.007672199997614371,9002107.940643013,799.6311240647657,40.830951894845384,9.0,1.0,9.0
c203_21,1,25,depot,1,mp_eavns,0.23832620000030147,6001547.792798101,647.7927981014201,0.0,9.0,0.0,6.0
c203_21,1,25,phased,6,edd,1.3699998817173764e-05,2001865.2002333123,865.2002333124288,0.0,10.0,9.0,2.0
c203_21,1,25,phased,6,sweep,9.999999747378752e-06,3018947.8966208496,767.8966208496972,1718.0,10.0,7.0,3.0
c203_21,1,25,phased,6,nearest,7.729999924777076e-05,2053.9388281769943,745.6293092285405,40.830951894845384,9.0,9.0,0.0
c203_21,1,25,phased,6,grasp,0.01494259999890346,1706.0234968475597,806.0234968475596,0.0,9.0,10.0,0.0
c203_21,1,25,phased,6,mp_eavns,0.42139490000045043,1620.276220796378,720.2762207963781,0.0,9.0,8.0,0.0
c203_21,1,25,all,21,edd,1.170000177808106e-05,2001857.8547459096,857.854745909683,0.0,10.0,9.0,2.0
c203_21,1,25,all,21,sweep,9.199997293762863e-06,3018947.8966208496,767.8966208496972,1718.0,10.0,7.0,3.0
c203_21,1,25,all,21,nearest,7.74000000092201e-05,2052.322907295098,744.0133883466442,40.830951894845384,9.0,9.0,0.0
c203_21,1,25,all,21,grasp,0.022636099998635473,1661.4956795681837,761.4956795681837,0.0,9.0,10.0,0.0
c203_21,1,25,all,21,mp_eavns,0.5064667000006011,1573.969125596711,673.9691255967108,0.0,9.0,7.0,0.0
c203_21,2,50,depot,1,edd,2.0300001779105514e-05,31004570.66557909,2270.6655790920095,0.0,23.0,2.0,31.0
c203_21,2,50,depot,1,sweep,1.2600001355167478e-05,24027904.35129968,1776.742066647351,2392.7609233032836,22.0,0.0,24.0
c203_21,2,50,depot,1,nearest,0.00023489999875891954,19015056.935052313,1737.8814415274098,1141.9053610786045,19.0,0.0,19.0
c203_21,2,50,depot,1,grasp,0.03849339999942458,18022503.589649253,1599.8978699447637,1900.3691779307455,19.0,0.0,18.0
c203_21,2,50,depot,1,mp_eavns,1.7531254999994417,12003915.641857991,1507.938561847434,50.77032961426903,19.0,2.0,12.0
c203_21,2,50,phased,11,edd,2.350000067963265e-05,9004607.26157455,2307.261574550158,0.0,23.0,21.0,9.0
c203_21,2,50,phased,11,sweep,1.5000001440057531e-05,10027962.001334837,1834.392101803692,2392.7609233032836,22.0,12.0,10.0
c203_21,2,50,phased,11,nearest,0.0002206999997724779,7017334.431180721,1777.1014536082212,1365.732972711287,19.0,12.0,7.0
c203_21,2,50,phased,11,grasp,0.1183121999965806,3022385.7711295346,1801.0923698088525,1868.4678759725589,19.0,17.0,3.0
c203_21,2,50,phased,11,mp_eavns,2.171532500000467,3418.0471891919888,1518.0471891919885,0.0,19.0,16.0,0.0
c203_21,2,50,all,21,edd,2.2899999748915434e-05,8004603.971010422,2303.9710104226137,0.0,23.0,21.0,8.0
c203_21,2,50,all,21,sweep,1.5799996617715806e-05,10027962.001334837,1834.392101803692,2392.7609233032836,22.0,12.0,10.0
c203_21,2,50,all,21,nearest,0.0002424000012979377,6017332.955815279,1775.626088165662,1365.732972711287,19.0,13.0,6.0
c203_21,2,50,all,21,grasp,0.16150570000172593,4025045.5149809374,1869.2305206208027,2127.6284460316783,19.0,19.0,4.0
c203_21,2,50,all,21,mp_eavns,0.9839797000022372,3630.687507720544,1730.6875077205443,0.0,19.0,19.0,0.0
c203_21,3,75,depot,1,edd,2.840000161086209e-05,51006643.047945015,3443.047945014282,0.0,32.0,2.0,51.0
c203_21,3,75,depot,1,sweep,1.759999940986745e-05,34029911.10929328,2483.5000602466193,2432.7609233032836,31.0,0.0,34.0
c203_21,3,75,depot,1,nearest,0.00046209999709390104,27018388.538168043,2456.3605184078956,1313.2177649634807,28.0,0.0,27.0
c203_21,3,75,depot,1,grasp,0.09825130000172067,27058712.62127362,2519.3783067148393,5339.324296690429,28.0,1.0,27.0
c203_21,3,75,depot,1,mp_eavns,4.524066600002698,19005381.90847535,2074.205179206382,50.77032961426903,28.0,0.0,19.0
c203_21,3,75,phased,16,edd,4.0199996874434873e-05,16006742.981779058,3542.981779057809,0.0,32.0,32.0,16.0
c203_21,3,75,phased,16,sweep,2.2799998987466097e-05,13030009.566743873,2581.957510839694,2432.7609233032836,31.0,18.0,13.0
c203_21,3,75,phased,16,nearest,0.0004931000003125519,6020712.064269368,2541.61050340585,1537.0453765961631,28.0,21.0,6.0
c203_21,3,75,phased,16,grasp,0.34644509999998263,3071968.019125116,2564.9883677673183,6660.303075734886,28.0,26.0,3.0
c203_21,3,75,phased,16,mp_eavns,10.431067400000757,5034.246593514032,2234.2465935140317,0.0,28.0,24.0,0.0
c203_21,3,75,all,21,edd,3.260000084992498e-05,16006735.636291655,3535.636291655063,0.0,32.0,32.0,16.0
c203_21,3,75,all,21,sweep,2.0399998902576044e-05,13030009.566743873,2581.957510839694,2432.7609233032836,31.0,18.0,13.0
c203_21,3,75,all,21,nearest,0.00048319999768864363,5020710.588903925,2540.1351379632906,1537.0453765961631,28.0,22.0,5.0
c203_21,3,75,all,21,grasp,0.3595320000022184,5045580.173831284,2577.977754408914,4020.2196076875425,28.0,25.0,5.0
c203_21,3,75,all,21,mp_eavns,6.934524699998292,4975.828544175822,2275.828544175821,0.0,27.0,26.0,0.0
c203_21,4,100,depot,1,edd,3.649999780463986e-05,65008465.82823454,4365.8282345389025,0.0,41.0,4.0,65.0
c203_21,4,100,depot,1,sweep,2.1899999410379678e-05,42034101.751180865,3194.1419478312123,2670.7609233032836,42.0,0.0,42.0
c203_21,4,100,depot,1,nearest,0.0008464999991701916,35082161.319683716,3126.9938324559257,7533.432585126107,37.0,0.0,35.0
c203_21,4,100,depot,1,grasp,0.18962639999881503,35053938.285674796,3221.613090166807,4691.667258462737,38.0,1.0,35.0
c203_21,4,100,depot,1,mp_eavns,9.109303299999738,26006873.847631432,2666.144335289232,50.77032961426903,37.0,0.0,26.0
c203_21,4,100,phased,21,edd,4.769999941345304e-05,28008596.72199975,4496.721999749928,0.0,41.0,37.0,28.0
c203_21,4,100,phased,21,sweep,2.609999864944257e-05,14034218.831889797,3311.2226567643324,2670.7609233032836,42.0,25.0,14.0
c203_21,4,100,phased,21,nearest,0.0008635000012873206,9090027.674185738,3225.7543077851224,8310.191987795344,37.0,25.0,9.0
c203_21,4,100,phased,21,grasp,0.7979473000013968,6054737.253594097,3557.4384759949226,4727.981511810149,39.0,34.0,6.0
c203_21,4,100,phased,21,mp_eavns,16.280911800000467,6516.295035294495,2816.295035294496,0.0,37.0,30.0,0.0
c203_21,4,100,all,21,edd,3.8399997720262036e-05,28008596.72199975,4496.721999749928,0.0,41.0,37.0,28.0
c203_21,4,100,all,21,sweep,2.890000178012997e-05,14034218.831889797,3311.2226567643324,2670.7609233032836,42.0,25.0,14.0
c203_21,4,100,all,21,nearest,0.0008522999996785074,9090027.674185738,3225.7543077851224,8310.191987795344,37.0,25.0,9.0
c203_21,4,100,all,21,grasp,0.7125683000012941,6059635.922762566,3444.766105311113,5239.115665725476,38.0,35.0,6.0
c203_21,4,100,all,21,mp_eavns,23.962744500000554,6547.727988513112,2847.7279885131125,0.0,37.0,31.0,0.0
c204_21,1,25,depot,1,edd,1.2399999832268804e-05,12001984.109414183,884.1094141822447,0.0,11.0,0.0,12.0
c204_21,1,25,depot,1,sweep,7.699996785959229e-06,10018917.700956244,737.7009562438066,1718.0,10.0,0.0,10.0
c204_21,1,25,depot,1,nearest,7.440000263159163e-05,9001621.435393887,721.4353938861512,0.0,9.0,0.0,9.0
c204_21,1,25,depot,1,grasp,0.007813299998815637,8001606.052486894,706.0524868940827,0.0,9.0,0.0,8.0
c204_21,1,25,depot,1,mp_eavns,0.26098259999707807,7001582.6351883365,682.6351883365055,0.0,9.0,1.0,7.0
c204_21,1,25,phased,6,edd,1.1399999493733048e-05,3002026.1880031126,926.1880031125039,0.0,11.0,8.0,3.0
c204_21,1,25,phased,6,sweep,9.800001862458885e-06,3018947.8966208496,767.8966208496972,1718.0,10.0,7.0,3.0
c204_21,1,25,phased,6,nearest,8.000000161700882e-05,1645.6293092285405,745.6293092285405,0.0,9.0,9.0,0.0
c204_21,1,25,phased,6,grasp,0.014706900001328904,1737.0155602352297,837.0155602352298,0.0,9.0,11.0,0.0
c204_21,1,25,phased,6,mp_eavns,0.41357240000070306,1578.6851446587366,678.6851446587366,0.0,9.0,7.0,0.0
c204_21,1,25,all,21,edd,1.1399999493733048e-05,2002037.325554253,937.3255542530561,0.0,11.0,9.0,2.0
c204_21,1,25,all,21,sweep,8.600000001024455e-06,3018947.8966208496,767.8966208496972,1718.0,10.0,7.0,3.0
c204_21,1,25,all,21,nearest,7.380000170087442e-05,1644.0133883466442,744.0133883466442,0.0,9.0,9.0,0.0
c204_21,1,25,all,21,grasp,0.020296499998949002,1664.194307999643,764.1943079996429,0.0,9.0,8.0,0.0
c204_21,1,25,all,21,mp_eavns,0.6079706999989867,1577.0692237768403,677.0692237768403,0.0,9.0,7.0,0.0
c204_21,2,50,depot,1,edd,2.0700001186924055e-05,28004043.643398363,1843.6433983634768,0.0,22.0,0.0,28.0
c204_21,2,50,depot,1,sweep,1.3399996532825753e-05,24021156.742066648,1776.742066647351,1718.0,22.0,0.0,24.0
c204_21,2,50,depot,1,nearest,0.0002445999998599291,19006233.253487445,1737.8814415274098,259.5372045918796,19.0,0.0,19.0
c204_21,2,50,depot,1,grasp,0.041562600003089756,18007751.867521677,1570.6223667117013,428.12451549659727,19.0,0.0,18.0
c204_21,2,50,depot,1,mp_eavns,1.644674399998621,13003399.552769113,1499.552769113501,0.0,19.0,1.0,13.0
c204_21,2,50,phased,11,edd,2.0899999071843922e-05,9004095.321047723,1895.321047723953,0.0,22.0,14.0,9.0
c204_21,2,50,phased,11,sweep,1.5400000847876072e-05,10021214.392101804,1834.392101803692,1718.0,22.0,12.0,10.0
c204_21,2,50,phased,11,nearest,0.00022679999892716296,7006272.473499527,1777.1014536082212,259.5372045918796,19.0,12.0,7.0
c204_21,2,50,phased,11,grasp,0.09196679999877233,4005054.8438870725,1763.0404881976522,139.18033988749903,19.0,17.0,4.0
c204_21,2,50,phased,11,mp_eavns,2.905167700002494,3404.8898339432,1504.8898339431996,0.0,19.0,16.0,0.0
c204_21,2,50,all,21,edd,3.090000245720148e-05,9004095.321047723,1895.321047723953,0.0,22.0,14.0,9.0
c204_21,2,50,all,21,sweep,2.4199998733820394e-05,10021214.392101804,1834.392101803692,1718.0,22.0,12.0,10.0
c204_21,2,50,all,21,nearest,0.0004270999997970648,6006270.998134084,1775.626088165662,259.5372045918796,19.0,13.0,6.0
c204_21,2,50,all,21,grasp,0.14346389999991516,2008720.631276219,1757.4201007533427,506.3211175465615,19.0,19.0,2.0
c204_21,2,50,all,21,mp_eavns,3.0157447999990836,3402.7837645230084,1502.7837645230086,0.0,19.0,15.0,0.0
c204_21,3,75,depot,1,edd,3.0499999411404133e-05,45006235.18041341,3135.1804134113395,0.0,31.0,4.0,45.0
c204_21,3,75,depot,1,sweep,1.720000000204891e-05,34023163.500060245,2483.5000602466193,1758.0,31.0,0.0,34.0
c204_21,3,75,depot,1,nearest,0.00046460000157821923,27017980.228649095,2456.3605184078956,1272.3868130686353,28.0,0.0,27.0
c204_21,3,75,depot,1,grasp,0.08465699999942444,28006726.276255786,2534.4728569122067,139.18033988749903,28.0,0.0,28.0
c204_21,3,75,depot,1,mp_eavns,3.4248244000009436,19004868.631422434,2168.631422432491,0.0,27.0,3.0,19.0
c204_21,3,75,phased,16,edd,3.35000004270114e-05,25006312.87265423,3212.8726542308787,0.0,31.0,19.0,25.0
c204_21,3,75,phased,16,sweep,2.010000025620684e-05,13023261.95751084,2581.957510839694,1758.0,31.0,18.0,13.0
c204_21,3,75,phased,16,nearest,0.00047230000200215727,6018065.478634092,2541.61050340585,1272.3868130686353,28.0,21.0,6.0
c204_21,3,75,phased,16,grasp,0.28611289999753353,6017813.857084609,2453.5795208352597,1256.02775637732,28.0,21.0,6.0
c204_21,3,75,phased,16,mp_eavns,8.176762300001428,4876.330851066881,2176.3308510668808,0.0,27.0,24.0,0.0
c204_21,3,75,all,21,edd,3.130000186502002e-05,25006306.396903504,3206.39690350246,0.0,31.0,19.0,25.0
c204_21,3,75,all,21,sweep,1.9099999917671084e-05,13023261.95751084,2581.957510839694,1758.0,31.0,18.0,13.0
c204_21,3,75,all,21,nearest,0.0004453000001376495,5018064.00326865,2540.1351379632906,1272.3868130686353,28.0,22.0,5.0
c204_21,3,75,all,21,grasp,0.2788516000000527,5009596.547431728,2654.3950464900545,414.2152385238269,28.0,27.0,5.0
c204_21,3,75,all,21,mp_eavns,10.544198499999766,4942.772310590528,2242.7723105905284,0.0,27.0,24.0,0.0
c204_21,4,100,depot,1,edd,5.709999823011458e-05,68008489.19164371,4389.191643715247,0.0,41.0,5.0,68.0
c204_21,4,100,depot,1,sweep,4.050000279676169e-05,42024974.14194783,3194.1419478312123,1758.0,42.0,0.0,42.0
c204_21,4,100,depot,1,nearest,0.001642100000026403,35081638.695628464,3126.9938324559257,7481.170179601151,37.0,0.0,35.0
c204_21,4,100,depot,1,grasp,0.17867909999768017,37022164.817915,3351.5931598854327,1501.32247551123,38.0,0.0,37.0
c204_21,4,100,depot,1,mp_eavns,8.927232300000469,24006423.84595075,2723.8459507502334,0.0,37.0,1.0,24.0
c204_21,4,100,phased,21,edd,6.280000161495991e-05,21008640.47083096,4540.47083095831,0.0,41.0,44.0,21.0
c204_21,4,100,phased,21,sweep,4.320000152802095e-05,14025091.222656764,3311.2226567643324,1758.0,42.0,25.0,14.0
c204_21,4,100,phased,21,nearest,0.0016297000001941342,9081737.456103796,3225.7543077851224,7481.170179601151,37.0,25.0,9.0
c204_21,4,100,phased,21,grasp,0.6762434999982361,7009899.674787849,3434.0047149584097,276.567007289058,37.0,35.0,7.0
c204_21,4,100,phased,21,mp_eavns,24.973431900001742,6472.189805931579,2772.1898059315786,0.0,37.0,30.0,0.0
c204_21,4,100,all,21,edd,6.649999704677612e-05,21008640.47083096,4540.47083095831,0.0,41.0,44.0,21.0
c204_21,4,100,all,21,sweep,4.859999899053946e-05,14025091.222656764,3311.2226567643324,1758.0,42.0,25.0,14.0
c204_21,4,100,all,21,nearest,0.0016544999998586718,9081737.456103796,3225.7543077851224,7481.170179601151,37.0,25.0,9.0
c204_21,4,100,all,21,grasp,0.6242256999976235,5012249.794887752,3545.204283397732,490.4590604354919,38.0,35.0,5.0
c204_21,4,100,all,21,mp_eavns,15.294340000000375,6515.945033525595,2815.9450335255947,0.0,37.0,29.0,0.0
c205_21,1,25,depot,1,edd,1.2000000424450263e-05,9001577.627972007,677.6279720071894,0.0,9.0,0.0,9.0
c205_21,1,25,depot,1,sweep,7.499998901039362e-06,10023002.629513089,737.7009562438066,2126.492855684536,10.0,0.0,10.0
c205_21,1,25,depot,1,nearest,7.820000246283598e-05,9001625.34865092,725.348650918913,0.0,9.0,0.0,9.0
c205_21,1,25,depot,1,grasp,0.00869300000340445,8013121.509769937,694.0437779303486,1152.7465992006773,9.0,0.0,8.0
c205_21,1,25,depot,1,mp_eavns,0.22382920000018203,8001562.611949519,662.6119495191342,0.0,9.0,0.0,8.0
c205_21,1,25,phased,6,edd,1.1300002370262519e-05,1624.94022616797,724.94022616797,0.0,9.0,8.0,0.0
c205_21,1,25,phased,6,sweep,8.39999847812578e-06,3023032.825177695,767.8966208496972,2126.492855684536,10.0,7.0,3.0
c205_21,1,25,phased,6,nearest,7.6299998909235e-05,12282.552419923306,749.5425662613022,1063.3009853662004,9.0,9.0,0.0
c205_21,1,25,phased,6,grasp,0.01275329999771202,3396.0833770290346,853.887932456104,154.21954445729307,10.0,10.0,0.0
c205_21,1,25,phased,6,mp_eavns,0.48790890000236686,1600.936711518424,700.936711518424,0.0,9.0,7.0,0.0
c205_21,1,25,all,21,edd,1.1600001016631722e-05,1617.594738765224,717.594738765224,0.0,9.0,8.0,0.0
c205_21,1,25,all,21,sweep,9.499999578110874e-06,3023032.825177695,767.8966208496972,2126.492855684536,10.0,7.0,3.0
c205_21,1,25,all,21,nearest,7.88000033935532e-05,12280.93649904141,747.926645379406,1063.3009853662004,9.0,9.0,0.0
c205_21,1,25,all,21,grasp,0.021796699998958502,6763.3235368695505,756.0709209085802,510.7252615960971,9.0,8.0,0.0
c205_21,1,25,all,21,mp_eavns,0.6559852999998839,1613.1388888831743,713.1388888831744,0.0,9.0,8.0,0.0
c205_21,2,50,depot,1,edd,1.9800001609837636e-05,30004534.548061233,2334.5480612337574,0.0,22.0,3.0,30.0
c205_21,2,50,depot,1,sweep,1.3600001693703234e-05,24036133.508127455,1776.742066647351,3215.676606080794,22.0,0.0,24.0
c205_21,2,50,depot,1,nearest,0.0003113999991910532,19017945.115787614,1741.7946985601718,1430.3321089052833,19.0,0.0,19.0
c205_21,2,50,depot,1,grasp,0.05579060000309255,19035319.273283992,1641.8925911090123,3167.7380692883858,20.0,0.0,19.0
c205_21,2,50,depot,1,mp_eavns,1.7412557999996352,14003384.106247414,1484.106247413822,0.0,19.0,1.0,14.0
c205_21,2,50,phased,11,edd,2.1199997718213126e-05,10004537.841068644,2337.841068644629,0.0,22.0,20.0,10.0
c205_21,2,50,phased,11,sweep,1.5600002370774746e-05,10036191.158162612,1834.392101803692,3215.676606080794,22.0,12.0,10.0
c205_21,2,50,phased,11,nearest,0.00023330000112764537,7026552.139909034,1781.014710640983,2287.112519839281,19.0,12.0,7.0
c205_21,2,50,phased,11,grasp,0.13589959999808343,3072084.606430322,1772.038159973082,6841.256827034907,19.0,18.0,3.0
c205_21,2,50,phased,11,mp_eavns,2.1143913000014436,3468.5389470537775,1568.5389470537777,0.0,19.0,17.0,0.0
c205_21,2,50,all,21,edd,2.049999966402538e-05,10004528.463134864,2328.4631348651087,0.0,22.0,20.0,10.0
c205_21,2,50,all,21,sweep,1.6199999663513154e-05,10036191.158162612,1834.392101803692,3215.676606080794,22.0,12.0,10.0
c205_21,2,50,all,21,nearest,0.0002316999998583924,6026567.550380434,1779.5393451984237,2288.801103523565,19.0,13.0,6.0
c205_21,2,50,all,21,grasp,0.18015709999963292,4029811.4489954207,1855.5420678095445,2605.5906927611204,19.0,17.0,4.0
c205_21,2,50,all,21,mp_eavns,3.688922299999831,3443.8732126047944,1543.8732126047942,0.0,19.0,17.0,0.0
c205_21,3,75,depot,1,edd,2.89999989036005e-05,52007245.97556647,3945.975566466082,0.0,33.0,7.0,52.0
c205_21,3,75,depot,1,sweep,1.6999998479150236e-05,34037900.26612105,2483.5000602466193,3231.676606080794,31.0,0.0,34.0
c205_21,3,75,depot,1,nearest,0.0004935999968438409,27024809.43148738,2460.2737754406576,1954.9157711939154,28.0,0.0,27.0
c205_21,3,75,depot,1,grasp,0.12059519999820623,29023249.826361418,2545.184435989952,1800.4641925426188,27.0,1.0,29.0
c205_21,3,75,depot,1,mp_eavns,3.602401500000269,20012461.401898004,2197.3897033357,756.4012194668567,27.0,4.0,20.0
c205_21,3,75,phased,16,edd,3.5799999750452116e-05,18007306.57768868,4006.5776886797767,0.0,33.0,38.0,18.0
c205_21,3,75,phased,16,sweep,2.2199998056748882e-05,13037998.723571647,2581.957510839694,3231.676606080794,31.0,18.0,13.0
c205_21,3,75,phased,16,nearest,0.0004769000006490387,6037477.899573974,2545.523760438612,3213.2375813535814,28.0,21.0,6.0
c205_21,3,75,phased,16,grasp,0.3272547000015038,3087793.7844781205,2595.8970723614925,8249.788740575917,27.0,28.0,3.0
c205_21,3,75,phased,16,mp_eavns,11.154283200001373,5077.1429547477455,2277.142954747746,0.0,28.0,25.0,0.0
c205_21,3,75,all,21,edd,3.740000101970509e-05,18007297.1997549,3997.199754900257,0.0,33.0,38.0,18.0
c205_21,3,75,all,21,sweep,2.099999983329326e-05,13037998.723571647,2581.957510839694,3231.676606080794,31.0,18.0,13.0
c205_21,3,75,all,21,nearest,0.00048320000132662244,5037493.310045375,2544.0483949960526,3214.9261650378653,28.0,22.0,5.0
c205_21,3,75,all,21,grasp,0.3873691999979201,4051197.2653281526,2672.421981755594,4562.484334639686,29.0,25.0,4.0
c205_21,3,75,all,21,mp_eavns,12.273315599999478,5034.57150959117,2234.57150959117,0.0,28.0,24.0,0.0
c205_21,4,100,depot,1,edd,2.9699996957788244e-05,68008989.73119031,4889.731190310046,0.0,41.0,7.0,68.0
c205_21,4,100,depot,1,sweep,2.2799998987466097e-05,42067317.77035102,3194.1419478312123,5992.362840319105,42.0,0.0,42.0
c205_21,4,100,depot,1,nearest,0.0008792000007815659,35104508.96775707,3131.0694714441165,9767.789828562145,37.0,0.0,35.0
c205_21,4,100,depot,1,grasp,0.2238147999996727,37114518.59101774,3305.6891831769376,10751.290183456143,37.0,0.0,37.0
c205_21,4,100,depot,1,mp_eavns,8.006322000001092,25013987.613765698,2723.6015710310508,756.4012194668567,37.0,1.0,25.0
c205_21,4,100,phased,21,edd,4.11000000895001e-05,19009071.07316938,4971.073169380238,0.0,41.0,50.0,19.0
c205_21,4,100,phased,21,sweep,2.5800000003073364e-05,14067434.851059955,3311.2226567643324,5992.362840319105,42.0,25.0,14.0
c205_21,4,100,phased,21,nearest,0.0008366000001842622,9114734.731778525,3229.829946773314,10780.490183175094,37.0,25.0,9.0
c205_21,4,100,phased,21,grasp,0.8526569999994535,5173362.29325578,3396.183317737573,16616.61099380422,38.0,31.0,5.0
c205_21,4,100,phased,21,mp_eavns,20.611079599999357,6637.105882985326,2937.105882985327,0.0,37.0,32.0,0.0
c205_21,4,100,all,21,edd,3.760000254260376e-05,19009071.07316938,4971.073169380238,0.0,41.0,50.0,19.0
c205_21,4,100,all,21,sweep,4.3700001697288826e-05,14067434.851059955,3311.2226567643324,5992.362840319105,42.0,25.0,14.0
c205_21,4,100,all,21,nearest,0.0008957999998528976,9114734.731778525,3229.829946773314,10780.490183175094,37.0,25.0,9.0
c205_21,4,100,all,21,grasp,0.9439265999972122,4129483.5676868344,3515.4682210757414,12226.80994657588,37.0,39.0,4.0
c205_21,4,100,all,21,mp_eavns,16.540475000001607,6521.353819981489,2821.3538199814893,0.0,37.0,30.0,0.0
c205C10,1,3,depot,1,edd,4.800000169780105e-06,2000383.7184947196,183.71849471949812,0.0,2.0,0.0,2.0
c205C10,1,3,depot,1,sweep,2.7000023692380637e-06,2000383.7184947196,183.71849471949812,0.0,2.0,0.0,2.0
c205C10,1,3,depot,1,nearest,9.20000093174167e-06,2000383.7184947196,183.71849471949812,0.0,2.0,0.0,2.0
c205C10,1,3,depot,1,grasp,0.00019260000044596381,1000331.3324384453,131.33243844532697,0.0,2.0,0.0,1.0
c205C10,1,3,depot,1,mp_eavns,0.0032596999990346376,1000331.3324384453,131.33243844532697,0.0,2.0,0.0,1.0
c205C10,1,3,phased,2,edd,2.4999972083605826e-06,2000383.7184947196,183.71849471949812,0.0,2.0,0.0,2.0
c205C10,1,3,phased,2,sweep,2.1999985619913787e-06,2000383.7184947196,183.71849471949812,0.0,2.0,0.0,2.0
c205C10,1,3,phased,2,nearest,5.799996870337054e-06,2000383.7184947196,183.71849471949812,0.0,2.0,0.0,2.0
c205C10,1,3,phased,2,grasp,0.0001843999998527579,1000331.3324384453,131.33243844532697,0.0,2.0,0.0,1.0
c205C10,1,3,phased,2,mp_eavns,0.00346229999922798,1000331.3324384453,131.33243844532697,0.0,2.0,0.0,1.0
c205C10,1,3,all,3,edd,1.9999970390927047e-06,2000383.7184947196,183.71849471949812,0.0,2.0,0.0,2.0
c205C10,1,3,all,3,sweep,5.500001861946657e-06,2000383.7184947196,183.71849471949812,0.0,2.0,0.0,2.0
c205C10,1,3,all,3,nearest,5.300000339047983e-06,2000383.7184947196,183.71849471949812,0.0,2.0,0.0,2.0
c205C10,1,3,all,3,grasp,0.00020199999926262535,1000331.3324384453,131.33243844532697,0.0,2.0,0.0,1.0
c205C10,1,3,all,3,mp_eavns,0.003777300000365358,1000331.3324384453,131.33243844532697,0.0,2.0,0.0,1.0
c205C10,2,5,depot,1,edd,3.999997716164216e-06,4000496.9368721773,296.93687217708276,0.0,2.0,1.0,4.0
c205C10,2,5,depot,1,sweep,2.7999994927085936e-06,4000460.461137458,260.4611374581373,0.0,2.0,0.0,4.0
c205C10,2,5,depot,1,nearest,1.1399999493733048e-05,3032660.52114548,310.10327219826405,3215.041787328192,2.0,1.0,3.0
c205C10,2,5,depot,1,grasp,0.0005358999987947755,3008980.700379294,262.641943278774,851.8058436014985,2.0,0.0,3.0
c205C10,2,5,depot,1,mp_eavns,0.010141400001884904,2000528.0733894422,228.07338944224168,0.0,3.0,0.0,2.0
c205C10,2,5,phased,2,edd,4.300000000512227e-06,4000496.9368721773,296.93687217708276,0.0,2.0,1.0,4.0
c205C10,2,5,phased,2,sweep,3.9000005926936865e-06,4000460.461137458,260.4611374581373,0.0,2.0,0.0,4.0
c205C10,2,5,phased,2,nearest,1.1000000085914508e-05,3032331.380175524,280.90407051804686,3185.0476105005805,2.0,1.0,3.0
c205C10,2,5,phased,2,grasp,0.0006540000031236559,2030477.8103364222,280.87185426448787,2999.693848215777,2.0,2.0,2.0
c205C10,2,5,phased,2,mp_eavns,0.013789399999950547,2000528.0733894422,228.07338944224168,0.0,3.0,0.0,2.0
c205C10,2,5,all,3,edd,3.1999989005271345e-06,4000496.9368721773,296.93687217708276,0.0,2.0,1.0,4.0
c205C10,2,5,all,3,sweep,3.3000032999552786e-06,4000460.461137458,260.4611374581373,0.0,2.0,0.0,4.0
c205C10,2,5,all,3,nearest,9.799998224480078e-06,3032331.380175524,280.90407051804686,3185.0476105005805,2.0,1.0,3.0
c205C10,2,5,all,3,grasp,0.0006735999995726161,3000466.1842744364,266.1842744364266,0.0,2.0,1.0,3.0
c205C10,2,5,all,3,mp_eavns,0.016978200001176447,1000531.7008502977,231.70085029773463,0.0,3.0,1.0,1.0
c205C10,3,8,depot,1,edd,3.7999998312443495e-06,4000653.889994609,353.88999460933474,0.0,3.0,2.0,4.0
c205C10,3,8,depot,1,sweep,3.0000010156072676e-06,6000635.774863261,335.77486326123926,0.0,3.0,0.0,6.0
c205C10,3,8,depot,1,nearest,1.5300000086426735e-05,4032835.8348712833,385.416998001366,3215.041787328192,3.0,1.0,4.0
c205C10,3,8,depot,1,grasp,0.000887700000021141,4001395.75921015,333.7788198784948,76.19803902718559,3.0,0.0,4.0
c205C10,3,8,depot,1,mp_eavns,0.04959669999880134,2000670.7609051876,270.7609051875572,0.0,4.0,0.0,2.0
c205C10,3,8,phased,3,edd,7.300001016119495e-06,2000659.282284519,359.2822845190451,0.0,3.0,4.0,2.0
c205C10,3,8,phased,3,sweep,7.099999493220821e-06,6000635.774863261,335.77486326123926,0.0,3.0,0.0,6.0
c205C10,3,8,phased,3,nearest,3.060000017285347e-05,3032512.216650653,361.74054564738503,3185.0476105005805,3.0,2.0,3.0
c205C10,3,8,phased,3,grasp,0.002370800000790041,1011186.9811302059,334.9673451900784,1055.2013785015783,3.0,4.0,1.0
c205C10,3,8,phased,3,mp_eavns,0.035330400001839735,1000573.6448418825,273.644841882488,0.0,3.0,2.0,1.0
c205C10,3,8,all,3,edd,5.599998985417187e-06,2000659.282284519,359.2822845190451,0.0,3.0,4.0,2.0
c205C10,3,8,all,3,sweep,6.000002031214535e-06,6000635.774863261,335.77486326123926,0.0,3.0,0.0,6.0
c205C10,3,8,all,3,nearest,1.720000000204891e-05,3032512.216650653,361.74054564738503,3185.0476105005805,3.0,2.0,3.0
c205C10,3,8,all,3,grasp,0.001224999999976717,1036670.168664424,372.1601397361203,3599.800852468783,3.0,4.0,1.0
c205C10,3,8,all,3,mp_eavns,0.032988400002068374,1000573.6448418825,273.644841882488,0.0,3.0,2.0,1.0
c205C10,4,10,depot,1,edd,5.999998393235728e-06,7000848.148592516,448.1485925162037,0.0,4.0,0.0,7.0
c205C10,4,10,depot,1,sweep,3.999997716164216e-06,7000807.96043207,407.96043207012605,0.0,4.0,0.0,7.0
c205C10,4,10,depot,1,nearest,2.30999976338353e-05,5033027.00045116,476.5825778772979,3215.041787328192,4.0,1.0,5.0
c205C10,4,10,depot,1,grasp,0.0014413999997486826,4047529.850323979,462.21180766738576,4666.763851631122,4.0,2.0,4.0
c205C10,4,10,depot,1,mp_eavns,0.03596380000089994,3000842.9464739966,342.946473996444,0.0,5.0,0.0,3.0
c205C10,4,10,phased,3,edd,5.599998985417187e-06,7000848.148592516,448.1485925162037,0.0,4.0,0.0,7.0
c205C10,4,10,phased,3,sweep,4.800000169780105e-06,7000807.96043207,407.96043207012605,0.0,4.0,0.0,7.0
c205C10,4,10,phased,3,nearest,2.0399998902576044e-05,3049465.048903598,452.9833217297636,4861.206558186837,4.0,3.0,3.0
c205C10,4,10,phased,3,grasp,0.0016394000012951437,1032271.2942755577,511.1142380944328,3136.0180037463274,4.0,7.0,1.0
c205C10,4,10,phased,3,mp_eavns,0.05200929999773507,2000745.8304106914,345.83041069137477,0.0,4.0,2.0,2.0
c205C10,4,10,all,3,edd,7.399998139590025e-06,7000848.148592516,448.1485925162037,0.0,4.0,0.0,7.0
c205C10,4,10,all,3,sweep,6.60000296193175e-06,7000807.96043207,407.96043207012605,0.0,4.0,0.0,7.0
c205C10,4,10,all,3,nearest,2.3199998395284638e-05,3049465.048903598,452.9833217297636,4861.206558186837,4.0,3.0,3.0
c205C10,4,10,all,3,grasp,0.0014704999994137324,1042077.3667978796,404.00953554411166,4127.335726233541,4.0,5.0,1.0
c205C10,4,10,all,3,mp_eavns,0.057466300000669435,2000745.8304106914,345.83041069137477,0.0,4.0,2.0,2.0
c206_21,1,25,depot,1,edd,1.089999932446517e-05,9001580.709357634,680.709357634103,0.0,9.0,0.0,9.0
c206_21,1,25,depot,1,sweep,6.999998731771484e-06,10016742.629513089,737.7009562438066,1500.492855684536,10.0,0.0,10.0
c206_21,1,25,depot,1,nearest,8.489999891025946e-05,9001621.435393887,721.4353938861512,0.0,9.0,0.0,9.0
c206_21,1,25,depot,1,grasp,0.007852800001273863,8001612.500362176,712.5003621760244,0.0,9.0,0.0,8.0
c206_21,1,25,depot,1,mp_eavns,0.23382070000297972,8001562.611949519,662.6119495191342,0.0,9.0,0.0,8.0
c206_21,1,25,phased,6,edd,1.2000000424450263e-05,1628.0216117948835,728.0216117948836,0.0,9.0,8.0,0.0
c206_21,1,25,phased,6,sweep,9.300001693191007e-06,3016772.825177695,767.8966208496972,1500.492855684536,10.0,7.0,3.0
c206_21,1,25,phased,6,nearest,7.990000085555948e-05,9178.639162890544,745.6293092285405,753.3009853662004,9.0,9.0,0.0
c206_21,1,25,phased,6,grasp,0.01338939999914146,1985.4245948226148,783.6211959476244,30.18033988749903,9.0,9.0,0.0
c206_21,1,25,phased,6,mp_eavns,0.3924665000013192,1576.6125964984208,676.6125964984209,0.0,9.0,7.0,0.0
c206_21,1,25,all,21,edd,1.089999932446517e-05,1620.6761243921378,720.6761243921377,0.0,9.0,8.0,0.0
c206_21,1,25,all,21,sweep,8.899998647393659e-06,3016772.825177695,767.8966208496972,1500.492855684536,10.0,7.0,3.0
c206_21,1,25,all,21,nearest,0.00016170000162674114,9177.023242008649,744.0133883466442,753.3009853662004,9.0,9.0,0.0
c206_21,1,25,all,21,grasp,0.029748799999651965,2200.952365626001,760.1905136879941,54.07618519380071,9.0,9.0,0.0
c206_21,1,25,all,21,mp_eavns,0.6450087999983225,1574.9966756165245,674.9966756165246,0.0,9.0,7.0,0.0
c206_21,2,50,depot,1,edd,1.840000186348334e-05,30004221.21370948,2121.2137094800414,0.0,21.0,2.0,30.0
c206_21,2,50,depot,1,sweep,1.2300002708798274e-05,24020448.28966139,1776.742066647351,1647.1547594742267,22.0,0.0,24.0
c206_21,2,50,depot,1,nearest,0.00023130000045057386,20008994.298632186,1779.7457621374188,531.4552870049806,19.0,0.0,20.0
c206_21,2,50,depot,1,grasp,0.04697850000229664,17036697.739092425,1596.9533698500534,3320.0785722576147,19.0,0.0,17.0
c206_21,2,50,depot,1,mp_eavns,1.6278524999979709,15003344.85324099,1444.8532409898583,0.0,19.0,0.0,15.0
c206_21,2,50,phased,11,edd,1.880000127130188e-05,11004251.923564304,2151.9235643045226,0.0,21.0,16.0,11.0
c206_21,2,50,phased,11,sweep,1.469999915570952e-05,10020505.939696547,1834.392101803692,1647.1547594742267,22.0,12.0,10.0
c206_21,2,50,phased,11,nearest,0.00023090000104275532,5020467.293856316,1827.8567002971904,1673.9437156019364,19.0,15.0,5.0
c206_21,2,50,phased,11,grasp,0.14967800000158604,3030813.6660634903,1790.1762981430657,2712.348976534733,19.0,16.0,3.0
c206_21,2,50,phased,11,mp_eavns,1.9672505999988061,3449.1965683807593,1549.1965683807591,0.0,19.0,16.0,0.0
c206_21,2,50,all,21,edd,1.8300001102034003e-05,11004244.5780769,2144.5780769017765,0.0,21.0,16.0,11.0
c206_21,2,50,all,21,sweep,1.4299999747890979e-05,10020505.939696547,1834.392101803692,1647.1547594742267,22.0,12.0,10.0
c206_21,2,50,all,21,nearest,0.00022019999960321002,4020478.0798792024,1821.7568863401966,1675.6322992862204,19.0,16.0,4.0
c206_21,2,50,all,21,grasp,0.1708163000002969,4016183.0799845653,1827.899655733556,1245.5180328831793,19.0,17.0,4.0
c206_21,2,50,all,21,mp_eavns,3.0604339000019536,3437.823469891924,1537.8234698919243,0.0,19.0,16.0,0.0
c206_21,3,75,depot,1,edd,2.559999848017469e-05,50006531.34246294,3431.3424629420315,0.0,31.0,3.0,50.0
c206_21,3,75,depot,1,sweep,1.720000000204891e-05,34022055.04765499,2483.5000602466193,1647.1547594742267,31.0,0.0,34.0
c206_21,3,75,depot,1,nearest,0.0004817000008188188,27033220.37344368,2422.377461104492,2799.799598257895,28.0,0.0,27.0
c206_21,3,75,depot,1,grasp,0.12026519999926677,29029293.76098983,2348.506571476052,2424.5254418353707,27.0,0.0,29.0
c206_21,3,75,depot,1,mp_eavns,3.1329473000005237,20004911.551628746,2211.551628747663,0.0,27.0,4.0,20.0
c206_21,3,75,phased,16,edd,3.220000144210644e-05,17006614.839957815,3514.8399578139147,0.0,31.0,30.0,17.0
c206_21,3,75,phased,16,sweep,2.099999983329326e-05,13022153.505105581,2581.957510839694,1647.1547594742267,31.0,18.0,13.0
c206_21,3,75,phased,16,nearest,0.0004853999998886138,4038473.1823920044,2526.2101390712746,3314.6972252932915,28.0,23.0,4.0
c206_21,3,75,phased,16,grasp,0.33662379999805125,4033127.4057335723,2472.667021250987,2785.473871232156,28.0,25.0,4.0
c206_21,3,75,phased,16,mp_eavns,8.551825900001859,4912.185249837887,2212.185249837887,0.0,27.0,24.0,0.0
c206_21,3,75,all,21,edd,2.8800001018680632e-05,17006607.49447041,3507.494470411168,0.0,31.0,30.0,17.0
c206_21,3,75,all,21,sweep,1.9699997210409492e-05,13022153.505105581,2581.957510839694,1647.1547594742267,31.0,18.0,13.0
c206_21,3,75,all,21,nearest,0.0005200999985390808,3038488.5928634047,2524.734773628715,3316.3858089775754,28.0,24.0,3.0
c206_21,3,75,all,21,grasp,0.4502701999990677,4056543.225776097,2832.647191474266,5091.057858462255,28.0,30.0,4.0
c206_21,3,75,all,21,mp_eavns,7.832161599999381,4957.762734515753,2257.7627345157534,0.0,27.0,24.0,0.0
c206_21,4,100,depot,1,edd,3.0399998649954796e-05,72008539.87990683,4539.879906832874,0.0,40.0,3.0,72.0
c206_21,4,100,depot,1,sweep,2.3100001271814108e-05,42043845.59236004,3194.1419478312123,3645.145041221105,42.0,0.0,42.0
c206_21,4,100,depot,1,nearest,0.0008988000008685049,34100040.285655834,3095.6146557307598,9324.467100010392,37.0,0.0,34.0
c206_21,4,100,depot,1,grasp,0.21752399999968475,37071163.083096385,3223.5083710202075,6413.9574725361645,38.0,0.0,37.0
c206_21,4,100,depot,1,mp_eavns,9.448476599998685,26006390.32479553,2690.3247955291927,0.0,37.0,0.0,26.0
c206_21,4,100,phased,21,edd,4.050000279676169e-05,25008668.61412494,4668.614124939199,0.0,40.0,41.0,25.0
c206_21,4,100,phased,21,sweep,2.6599998818710446e-05,14043962.673068976,3311.2226567643324,3645.145041221105,42.0,25.0,14.0
c206_21,4,100,phased,21,nearest,0.0008394000033149496,8105337.94914979,3215.684122994236,9842.226502679629,37.0,25.0,8.0
c206_21,4,100,phased,21,grasp,0.7604446000004828,4082578.517335904,3290.4638419218854,7558.805349398219,37.0,32.0,4.0
c206_21,4,100,phased,21,mp_eavns,24.373314299999038,6526.029745006437,2826.029745006437,0.0,37.0,30.0,0.0
c206_21,4,100,all,21,edd,3.5099998058285564e-05,25008668.61412494,4668.614124939199,0.0,40.0,41.0,25.0
c206_21,4,100,all,21,sweep,2.4199998733820394e-05,14043962.673068976,3311.2226567643324,3645.145041221105,42.0,25.0,14.0
c206_21,4,100,all,21,nearest,0.0008247000005212612,8105337.94914979,3215.684122994236,9842.226502679629,37.0,25.0,8.0
c206_21,4,100,all,21,grasp,0.8264388999996299,5062732.34949087,3633.6859772694484,5519.86635136004,39.0,35.0,5.0
c206_21,4,100,all,21,mp_eavns,18.93709360000139,6558.839916829897,2858.8399168298974,0.0,37.0,30.0,0.0
c206C5,1,2,depot,1,edd,4.799996531801298e-06,2000200.014105345,100.0141053448006,0.0,1.0,0.0,2.0
c206C5,1,2,depot,1,sweep,2.2000021999701858e-06,2000200.014105345,100.0141053448006,0.0,1.0,0.0,2.0
c206C5,1,2,depot,1,nearest,7.899998308857903e-06,2000200.014105345,100.0141053448006,0.0,1.0,0.0,2.0
c206C5,1,2,depot,1,grasp,0.00013359999866224825,2000200.014105345,100.0141053448006,0.0,1.0,0.0,2.0
c206C5,1,2,depot,1,mp_eavns,0.0013413000015134457,2000200.014105345,100.0141053448006,0.0,1.0,0.0,2.0
c206C5,1,2,phased,2,edd,1.8999999156221747e-06,201.13894001032148,101.13894001032148,0.0,1.0,1.0,0.0
c206C5,1,2,phased,2,sweep,1.5999976312741637e-06,8111.277977089683,101.13894001032148,791.0139037079362,1.0,1.0,0.0
c206C5,1,2,phased,2,nearest,3.6999990697950125e-06,201.13894001032148,101.13894001032148,0.0,1.0,1.0,0.0
c206C5,1,2,phased,2,grasp,0.0001616000008652918,201.13894001032148,101.13894001032148,0.0,1.0,1.0,0.0
c206C5,1,2,phased,2,mp_eavns,0.001620099999854574,201.13894001032148,101.13894001032148,0.0,1.0,1.0,0.0
c206C5,1,2,all,4,edd,1.5000005078036338e-06,201.13894001032148,101.13894001032148,0.0,1.0,1.0,0.0
c206C5,1,2,all,4,sweep,1.2999989849049598e-06,8111.277977089683,101.13894001032148,791.0139037079362,1.0,1.0,0.0
c206C5,1,2,all,4,nearest,3.5000011848751456e-06,201.13894001032148,101.13894001032148,0.0,1.0,1.0,0.0
c206C5,1,2,all,4,grasp,0.0001666999996814411,201.13894001032148,101.13894001032148,0.0,1.0,1.0,0.0
c206C5,1,2,all,4,mp_eavns,0.0017703000012261327,201.13894001032148,101.13894001032148,0.0,1.0,1.0,0.0
c206C5,2,3,depot,1,edd,2.1999985619913787e-06,2000237.5402460347,137.54024603470833,0.0,1.0,0.0,2.0
c206C5,2,3,depot,1,sweep,1.8999999156221747e-06,3000233.352556657,133.35255665688516,0.0,1.0,0.0,3.0
c206C5,2,3,depot,1,nearest,5.300000339047983e-06,2000237.5402460347,137.54024603470833,0.0,1.0,0.0,2.0
c206C5,2,3,depot,1,grasp,0.00017289999959757552,2000237.5402460347,137.54024603470833,0.0,1.0,0.0,2.0
c206C5,2,3,depot,1,mp_eavns,0.0025295999985246453,2000237.5402460347,137.54024603470833,0.0,1.0,0.0,2.0
c206C5,2,3,phased,3,edd,2.4000000848900527e-06,2000237.5402460347,137.54024603470833,0.0,1.0,0.0,2.0
c206C5,2,3,phased,3,sweep,2.1999985619913787e-06,1008144.6164284018,134.47739132240605,791.0139037079362,1.0,1.0,1.0
c206C5,2,3,phased,3,nearest,5.599998985417187e-06,2000237.5402460347,137.54024603470833,0.0,1.0,0.0,2.0
c206C5,2,3,phased,3,grasp,0.00021580000247922726,1000257.4411608739,157.44116087387818,0.0,1.0,1.0,1.0
c206C5,2,3,phased,3,mp_eavns,0.00316469999961555,1000257.4411608739,157.44116087387818,0.0,1.0,1.0,1.0
c206C5,2,3,all,4,edd,1.8000027921516448e-06,2000237.5402460347,137.54024603470833,0.0,1.0,0.0,2.0
c206C5,2,3,all,4,sweep,1.8999999156221747e-06,1008144.6164284018,134.47739132240605,791.0139037079362,1.0,1.0,1.0
c206C5,2,3,all,4,nearest,4.800000169780105e-06,2000237.5402460347,137.54024603470833,0.0,1.0,0.0,2.0
c206C5,2,3,all,4,grasp,0.0002167999991797842,1000257.4411608739,157.44116087387818,0.0,1.0,1.0,1.0
c206C5,2,3,all,4,mp_eavns,0.003478700000414392,1000257.4411608739,157.44116087387818,0.0,1.0,1.0,1.0
c206C5,3,4,depot,1,edd,2.2999993234407157e-06,4000314.3270014455,214.32700144562762,0.0,1.0,0.0,4.0
c206C5,3,4,depot,1,sweep,1.7999991541728377e-06,4000269.389620609,169.38962060891717,0.0,1.0,0.0,4.0
c206C5,3,4,depot,1,nearest,6.499998562503606e-06,3000304.904968315,204.90496831483273,0.0,1.0,0.0,3.0
c206C5,3,4,depot,1,grasp,0.0005530000016733538,3000299.5918082045,199.59180820455185,0.0,1.0,0.0,3.0
c206C5,3,4,depot,1,mp_eavns,0.006695000000036089,3000299.5918082045,199.59180820455185,0.0,1.0,0.0,3.0
c206C5,3,4,phased,4,edd,2.1999985619913787e-06,3000314.455505772,214.455505771957,0.0,1.0,1.0,3.0
c206C5,3,4,phased,4,sweep,2.2000021999701858e-06,2008180.6534923539,170.51445527443806,791.0139037079362,1.0,1.0,2.0
c206C5,3,4,phased,4,nearest,6.300000677583739e-06,3000304.904968315,204.90496831483273,0.0,1.0,0.0,3.0
c206C5,3,4,phased,4,grasp,0.0008015999992494471,2000293.4782248258,193.4782248259102,0.0,1.0,1.0,2.0
c206C5,3,4,phased,4,mp_eavns,0.011306600001262268,2000293.4782248258,193.4782248259102,0.0,1.0,1.0,2.0
c206C5,3,4,all,4,edd,3.0000010156072676e-06,3000314.455505772,214.455505771957,0.0,1.0,1.0,3.0
c206C5,3,4,all,4,sweep,3.1000017770566046e-06,2008180.6534923539,170.51445527443806,791.0139037079362,1.0,1.0,2.0
c206C5,3,4,all,4,nearest,1.1500000255182385e-05,3000304.904968315,204.90496831483273,0.0,1.0,0.0,3.0
c206C5,3,4,all,4,grasp,0.0008441999998467509,2000293.4782248258,193.4782248259102,0.0,1.0,1.0,2.0
c206C5,3,4,all,4,mp_eavns,0.010657399998308392,2000293.4782248258,193.4782248259102,0.0,1.0,1.0,2.0
c206C5,4,5,depot,1,edd,3.6999990697950125e-06,5000476.337319744,276.3373197434635,0.0,2.0,0.0,5.0
c206C5,4,5,depot,1,sweep,2.9000002541579306e-06,4000401.0123972106,201.01239721060094,0.0,2.0,0.0,4.0
c206C5,4,5,depot,1,nearest,1.0300002031726763e-05,4000455.902501131,255.90250113084048,0.0,2.0,0.0,4.0
c206C5,4,5,depot,1,grasp,0.000580299998546252,3000431.2145848065,231.21458480623562,0.0,2.0,0.0,3.0
c206C5,4,5,depot,1,mp_eavns,0.009648600000218721,3000419.34049905,219.34049904977638,0.0,2.0,0.0,3.0
c206C5,4,5,phased,4,edd,2.9000002541579306e-06,3000492.7746123495,292.77461234955496,0.0,2.0,2.0,3.0
c206C5,4,5,phased,4,sweep,2.7000023692380637e-06,2008312.2762689556,202.13723187612183,791.0139037079362,2.0,1.0,2.0
c206C5,4,5,phased,4,nearest,8.600000001024455e-06,4000455.902501131,255.90250113084048,0.0,2.0,0.0,4.0
c206C5,4,5,phased,4,grasp,0.001150299998698756,2001213.8467728505,259.15363654864944,75.46931363017711,2.0,2.0,2.0
c206C5,4,5,phased,4,mp_eavns,0.01566850000017439,2000425.1010014275,225.10100142759396,0.0,2.0,1.0,2.0
c206C5,4,5,all,4,edd,4.800000169780105e-06,3000492.7746123495,292.77461234955496,0.0,2.0,2.0,3.0
c206C5,4,5,all,4,sweep,5.399997462518513e-06,2008312.2762689556,202.13723187612183,791.0139037079362,2.0,1.0,2.0
c206C5,4,5,all,4,nearest,1.5699999494245276e-05,4000455.902501131,255.90250113084048,0.0,2.0,0.0,4.0
c206C5,4,5,all,4,grasp,0.0009700000009615906,2000425.1010014275,225.10100142759396,0.0,2.0,1.0,2.0
c206C5,4,5,all,4,mp_eavns,0.014827000002696877,2000425.1010014275,225.10100142759396,0.0,2.0,1.0,2.0
c207_21,1,25,depot,1,edd,1.2700002116616815e-05,9001722.555398537,722.5553985364103,0.0,10.0,0.0,9.0
c207_21,1,25,depot,1,sweep,7.600003300467506e-06,10015994.31999414,737.7009562438066,1425.6619037896905,10.0,0.0,10.0
c207_21,1,25,depot,1,nearest,8.069999967119657e-05,9001625.34865092,725.348650918913,0.0,9.0,0.0,9.0
c207_21,1,25,depot,1,grasp,0.008888999996997882,9001613.92963381,713.9296338095504,0.0,9.0,0.0,9.0
c207_21,1,25,depot,1,mp_eavns,0.24835600000005797,8001574.648707706,674.648707705219,0.0,9.0,0.0,8.0
c207_21,1,25,phased,6,edd,1.1599997378652915e-05,1001754.350166209,754.3501662090645,0.0,10.0,8.0,1.0
c207_21,1,25,phased,6,sweep,9.800001862458885e-06,3016024.5156587465,767.8966208496972,1425.6619037896905,10.0,7.0,3.0
c207_21,1,25,phased,6,nearest,7.669999831705354e-05,8492.552419923308,749.5425662613022,684.3009853662004,9.0,9.0,0.0
c207_21,1,25,phased,6,grasp,0.01462589999937336,7066.044097125012,736.9341621940807,542.9109934930932,9.0,8.0,0.0
c207_21,1,25,phased,6,mp_eavns,0.41568820000247797,1609.161226564456,709.161226564456,0.0,9.0,7.0,0.0
c207_21,1,25,all,21,edd,1.809999957913533e-05,1001754.350166209,754.3501662090645,0.0,10.0,8.0,1.0
c207_21,1,25,all,21,sweep,1.639999754843302e-05,3016024.5156587465,767.8966208496972,1425.6619037896905,10.0,7.0,3.0
c207_21,1,25,all,21,nearest,0.0001520000005257316,8490.93649904141,747.926645379406,684.3009853662004,9.0,9.0,0.0
c207_21,1,25,all,21,grasp,0.02597320000131731,3829.796954131026,795.9453060596807,213.38516480713452,9.0,10.0,0.0
c207_21,1,25,all,21,mp_eavns,0.7037330000021029,1623.7163269843531,723.7163269843533,0.0,9.0,8.0,0.0
c207_21,2,50,depot,1,edd,2.0399998902576044e-05,31004478.876093403,2278.8760934042143,0.0,22.0,3.0,31.0
c207_21,2,50,depot,1,sweep,1.2700002116616815e-05,24018233.361104544,1776.742066647351,1425.6619037896905,22.0,0.0,24.0
c207_21,2,50,depot,1,nearest,0.0002280000007885974,20006668.21188922,1783.6590191701807,298.4552870049806,19.0,0.0,20.0
c207_21,2,50,depot,1,grasp,0.0474843999982113,18014205.434438128,1732.2755210753612,1057.3158917054006,19.0,0.0,18.0
c207_21,2,50,depot,1,mp_eavns,1.9567347000011068,15003349.494339146,1449.4943391448478,0.0,19.0,0.0,15.0
c207_21,2,50,phased,11,edd,2.1500000002561137e-05,13004504.99127069,2304.991270689812,0.0,22.0,18.0,13.0
c207_21,2,50,phased,11,sweep,1.4599998394260183e-05,10018291.0111397,1834.392101803692,1425.6619037896905,22.0,12.0,10.0
c207_21,2,50,phased,11,nearest,0.00023540000256616622,5014582.500592978,1831.769957329952,1085.073063564744,19.0,15.0,5.0
c207_21,2,50,phased,11,grasp,0.11893770000096993,3027852.106927039,1904.8746461852618,2394.7232280853877,20.0,19.0,3.0
c207_21,2,50,phased,11,mp_eavns,1.5070663999977114,5557.6695216161625,1645.6878040485167,201.19817175676462,19.0,19.0,0.0
c207_21,2,50,all,21,edd,2.1500000002561137e-05,12004502.742998242,2302.7429982417416,0.0,22.0,19.0,12.0
c207_21,2,50,all,21,sweep,1.6400001186411828e-05,10018291.0111397,1834.392101803692,1425.6619037896905,22.0,12.0,10.0
c207_21,2,50,all,21,nearest,0.00025649999952293,4014576.4007790205,1825.6701433729586,1085.073063564744,19.0,16.0,4.0
c207_21,2,50,all,21,grasp,0.1513632999995025,2014216.3368453241,1922.7354091370134,1039.3601436187125,19.0,20.0,2.0
c207_21,2,50,all,21,mp_eavns,3.9961101000008057,3563.638730326493,1663.6387303264928,0.0,19.0,18.0,0.0
c207_21,3,75,depot,1,edd,2.7900001441594213e-05,50006599.482431285,3399.482431286133,0.0,32.0,6.0,50.0
c207_21,3,75,depot,1,sweep,1.759999940986745e-05,34019840.11909814,2483.5000602466193,1425.6619037896905,31.0,0.0,34.0
c207_21,3,75,depot,1,nearest,0.0004794999986188486,27025871.574116677,2426.2907181372534,2064.528339854139,28.0,0.0,27.0
c207_21,3,75,depot,1,grasp,0.10119159999885596,30011031.95656635,2559.924260017399,567.2032306329429,28.0,0.0,30.0
c207_21,3,75,depot,1,mp_eavns,5.357371699999931,21004888.73807518,2088.738075181508,0.0,28.0,0.0,21.0
c207_21,3,75,phased,16,edd,3.51999988197349e-05,18006695.622242086,3495.6222420873396,0.0,32.0,32.0,18.0
c207_21,3,75,phased,16,sweep,2.1899999410379678e-05,13019938.576548737,2581.957510839694,1425.6619037896905,31.0,18.0,13.0
c207_21,3,75,phased,16,nearest,0.000503999999637017,4026789.672071808,2530.123396104036,2145.9548675703863,28.0,23.0,4.0
c207_21,3,75,phased,16,grasp,0.3355897000001278,4021300.402478885,2621.6113220434727,1587.8791156841567,28.0,27.0,4.0
c207_21,3,75,phased,16,mp_eavns,6.419575700001587,4982.931339113931,2282.931339113931,0.0,27.0,26.0,0.0
c207_21,3,75,all,21,edd,3.18000020342879e-05,18006688.137469236,3488.1374692376507,0.0,32.0,32.0,18.0
c207_21,3,75,all,21,sweep,1.9999999494757503e-05,13019938.576548737,2581.957510839694,1425.6619037896905,31.0,18.0,13.0
c207_21,3,75,all,21,nearest,0.0004984000006515998,3026788.1967063653,2528.648030661477,2145.9548675703863,28.0,24.0,3.0
c207_21,3,75,all,21,grasp,0.33750879999934114,4035043.4891585098,2762.371473527723,2948.1117684981878,28.0,27.0,4.0
c207_21,3,75,all,21,mp_eavns,10.320161499999813,5016.038970997108,2316.0389709971073,0.0,27.0,25.0,0.0
c207_21,4,100,depot,1,edd,3.640000068116933e-05,68008587.11718984,4387.117189832366,0.0,42.0,3.0,68.0
c207_21,4,100,depot,1,sweep,2.3100001271814108e-05,42035640.6638032,3194.1419478312123,2824.652185536569,42.0,0.0,42.0
c207_21,4,100,depot,1,nearest,0.0009033000023919158,34083166.258746624,3094.300330554864,7637.195841606634,37.0,0.0,34.0
c207_21,4,100,depot,1,grasp,0.24670160000096075,37071961.904200815,3310.541658067759,6485.136254274608,38.0,0.0,37.0
c207_21,4,100,depot,1,mp_eavns,9.31209250000029,26006350.724384222,2650.7243842227335,0.0,37.0,0.0,26.0
c207_21,4,100,phased,21,edd,4.389999958220869e-05,25008744.517901137,4544.517901138339,0.0,42.0,40.0,25.0
c207_21,4,100,phased,21,sweep,2.59000007645227e-05,14035757.74451213,3311.2226567643324,2824.652185536569,42.0,25.0,14.0
c207_21,4,100,phased,21,nearest,0.0008081000014499296,8087353.922240577,3214.3697978183404,8043.95524427587,37.0,25.0,8.0
c207_21,4,100,phased,21,grasp,0.6978352000005543,5045456.724795132,3554.1035186680356,3810.262127646383,38.0,35.0,5.0
c207_21,4,100,phased,21,mp_eavns,19.794352799999615,6525.43937954865,2825.439379548651,0.0,37.0,30.0,0.0
c207_21,4,100,all,21,edd,3.909999941242859e-05,25008744.517901137,4544.517901138339,0.0,42.0,40.0,25.0
c207_21,4,100,all,21,sweep,2.390000008745119e-05,14035757.74451213,3311.2226567643324,2824.652185536569,42.0,25.0,14.0
c207_21,4,100,all,21,nearest,0.0007697000000916887,8087353.922240577,3214.3697978183404,8043.95524427587,37.0,25.0,8.0
c207_21,4,100,all,21,grasp,0.6661257000014302,5068271.2054688,3683.0980235441757,6078.810744525603,38.0,40.0,5.0
c207_21,4,100,all,21,mp_eavns,23.6447662999999,6566.145372810506,2866.1453728105057,0.0,37.0,29.0,0.0
c208_21,1,25,depot,1,edd,1.2299999070819467e-05,9001577.627972007,677.6279720071894,0.0,9.0,0.0,9.0
c208_21,1,25,depot,1,sweep,7.499998901039362e-06,10014117.700956244,737.7009562438066,1238.0,10.0,0.0,10.0
c208_21,1,25,depot,1,nearest,7.76999986555893e-05,9001625.34865092,725.348650918913,0.0,9.0,0.0,9.0
c208_21,1,25,depot,1,grasp,0.0075629999992088415,8007669.349335433,737.7032018689652,603.1646133564386,9.0,1.0,8.0
c208_21,1,25,depot,1,mp_eavns,0.19536959999823011,8001562.611949519,662.6119495191342,0.0,9.0,0.0,8.0
c208_21,1,25,phased,6,edd,1.1800002539530396e-05,1624.94022616797,724.94022616797,0.0,9.0,8.0,0.0
c208_21,1,25,phased,6,sweep,8.400002116104588e-06,3014147.8966208496,767.8966208496972,1238.0,10.0,7.0,3.0
c208_21,1,25,phased,6,nearest,7.74000000092201e-05,5882.5524199233105,749.5425662613022,423.30098536620085,9.0,9.0,0.0
c208_21,1,25,phased,6,grasp,0.012136699999246048,1689.8460068603279,789.8460068603279,0.0,9.0,10.0,0.0
c208_21,1,25,phased,6,mp_eavns,0.42843030000221916,1600.7308687143409,700.730868714341,0.0,9.0,8.0,0.0
c208_21,1,25,all,21,edd,1.1500000255182385e-05,1617.594738765224,717.594738765224,0.0,9.0,8.0,0.0
c208_21,1,25,all,21,sweep,8.999999408842996e-06,3014147.8966208496,767.8966208496972,1238.0,10.0,7.0,3.0
c208_21,1,25,all,21,nearest,8.119999984046444e-05,5880.936499041414,747.926645379406,423.30098536620085,9.0,9.0,0.0
c208_21,1,25,all,21,grasp,0.02356819999840809,1843.2958586112081,843.2958586112081,0.0,10.0,10.0,0.0
c208_21,1,25,all,21,mp_eavns,0.5490566000007675,1599.1149478324446,699.1149478324447,0.0,9.0,8.0,0.0
c208_21,2,50,depot,1,edd,1.9600000086938962e-05,30004534.548061233,2334.5480612337574,0.0,22.0,3.0,30.0
c208_21,2,50,depot,1,sweep,1.3299999409355223e-05,24016356.742066648,1776.742066647351,1238.0,22.0,0.0,24.0
c208_21,2,50,depot,1,nearest,0.00024019999909796752,19007729.300483614,1741.7946985601718,408.750578505219,19.0,0.0,19.0
c208_21,2,50,depot,1,grasp,0.05531220000193571,19007135.591365002,1708.482633127357,352.7108731875992,19.0,0.0,19.0
c208_21,2,50,depot,1,mp_eavns,1.5254125999999815,15003313.176317364,1413.1763173631696,0.0,19.0,0.0,15.0
c208_21,2,50,phased,11,edd,2.4000000848900527e-05,10004537.841068644,2337.841068644629,0.0,22.0,20.0,10.0
c208_21,2,50,phased,11,sweep,1.7400001524947584e-05,10016414.392101804,1834.392101803692,1238.0,22.0,12.0,10.0
c208_21,2,50,phased,11,nearest,0.00023909999799798243,7009298.048488706,1781.014710640983,561.7033778065343,19.0,12.0,7.0
c208_21,2,50,phased,11,grasp,0.1159791000027326,4013179.840889208,1811.576146600058,946.8264742608003,19.0,17.0,4.0
c208_21,2,50,phased,11,mp_eavns,2.750514999999723,3481.7056146851382,1581.7056146851385,0.0,19.0,18.0,0.0
c208_21,2,50,all,21,edd,1.9099999917671084e-05,10004528.463134864,2328.4631348651087,0.0,22.0,20.0,10.0
c208_21,2,50,all,21,sweep,1.5200002962956205e-05,10016414.392101804,1834.392101803692,1238.0,22.0,12.0,10.0
c208_21,2,50,all,21,nearest,0.0002319999985047616,6009313.458960107,1779.5393451984237,563.3919614908182,19.0,13.0,6.0
c208_21,2,50,all,21,grasp,0.1659816999999748,3004719.5426084227,1977.9070062099033,74.16356022128775,20.0,19.0,3.0
c208_21,2,50,all,21,mp_eavns,3.8327483000030043,3481.7056146851382,1581.7056146851385,0.0,19.0,18.0,0.0
c208_21,3,75,depot,1,edd,3.680000008898787e-05,51007096.35417829,3796.3541782870675,0.0,33.0,4.0,51.0
c208_21,3,75,depot,1,sweep,1.7899998056236655e-05,34017963.500060245,2483.5000602466193,1238.0,31.0,0.0,34.0
c208_21,3,75,depot,1,nearest,0.000506899999891175,27013656.27564526,2460.2737754406576,839.6001869819747,28.0,0.0,27.0
c208_21,3,75,depot,1,grasp,0.09698650000063935,29047283.545176446,2466.3996560184755,4201.714552042631,28.0,0.0,29.0
c208_21,3,75,depot,1,mp_eavns,2.921109399998386,21004850.50954707,2150.5095470691354,0.0,27.0,3.0,21.0
c208_21,3,75,phased,16,edd,3.189999915775843e-05,15007195.572410872,3895.5724108714294,0.0,33.0,37.0,15.0
c208_21,3,75,phased,16,sweep,1.9600000086938962e-05,13018061.95751084,2581.957510839694,1238.0,31.0,18.0,13.0
c208_21,3,75,phased,16,nearest,0.0004627999987860676,6016177.058096091,2545.523760438612,1083.1534335652464,28.0,21.0,6.0
c208_21,3,75,phased,16,grasp,0.348089400002209,4059206.2121072793,2602.4927070717777,5390.371940020752,27.0,27.0,4.0
c208_21,3,75,phased,16,mp_eavns,8.283239000000322,4964.996584627855,2264.9965846278546,0.0,27.0,26.0,0.0
c208_21,3,75,all,21,edd,3.130000186502002e-05,15007186.194477092,3886.19447709191,0.0,33.0,37.0,15.0
c208_21,3,75,all,21,sweep,1.9899998733308166e-05,13018061.95751084,2581.957510839694,1238.0,31.0,18.0,13.0
c208_21,3,75,all,21,nearest,0.0004810999998881016,5016192.4685674915,2544.0483949960526,1084.8420172495303,28.0,22.0,5.0
c208_21,3,75,all,21,grasp,0.38058530000125756,5033126.401894038,2787.0902702690114,2753.93116237683,28.0,27.0,5.0
c208_21,3,75,all,21,mp_eavns,9.320304799999576,4964.996584627855,2264.9965846278546,0.0,27.0,26.0,0.0
c208_21,4,100,depot,1,edd,3.550000110408291e-05,71009178.05822857,4978.05822856777,0.0,42.0,7.0,71.0
c208_21,4,100,depot,1,sweep,2.1699997887481004e-05,42036624.0447653,3194.1419478312123,2922.9902817468783,42.0,0.0,42.0
c208_21,4,100,depot,1,nearest,0.0008235000022978056,34018451.36814003,3000.483513655223,1175.0884626372917,37.0,0.0,34.0
c208_21,4,100,depot,1,grasp,0.21216240000285325,38034711.80170715,3397.1095012547635,2751.4692205890956,38.0,1.0,38.0
c208_21,4,100,depot,1,mp_eavns,7.381729000000632,24006586.97671692,2886.976716920153,0.0,37.0,5.0,24.0
c208_21,4,100,phased,21,edd,4.010000338894315e-05,19009269.65590784,5069.655907839276,0.0,42.0,52.0,19.0
c208_21,4,100,phased,21,sweep,2.5699999241624027e-05,14036741.125474233,3311.2226567643324,2922.9902817468783,42.0,25.0,14.0
c208_21,4,100,phased,21,nearest,0.000856700000440469,7018549.851237056,3098.966610683131,1175.0884626372917,37.0,27.0,7.0
c208_21,4,100,phased,21,grasp,0.7148300000008021,4121973.8703821376,3507.3585790470033,11466.651180309074,38.0,34.0,4.0
c208_21,4,100,phased,21,mp_eavns,11.209258300001238,6578.841079796405,2878.841079796405,0.0,37.0,32.0,0.0
c208_21,4,100,all,21,edd,3.879999712808058e-05,19009269.65590784,5069.655907839276,0.0,42.0,52.0,19.0
c208_21,4,100,all,21,sweep,2.680000034160912e-05,14036741.125474233,3311.2226567643324,2922.9902817468783,42.0,25.0,14.0
c208_21,4,100,all,21,nearest,0.0008357000006071758,7018549.851237056,3098.966610683131,1175.0884626372917,37.0,27.0,7.0
c208_21,4,100,all,21,grasp,0.7258345000009285,5065217.0660154065,3333.578710406541,5818.3487305000335,37.0,33.0,5.0
c208_21,4,100,all,21,mp_eavns,15.973336800001562,6501.059494284794,2801.059494284794,0.0,37.0,30.0,0.0
c208C15,1,4,depot,1,edd,8.999999408842996e-06,2000223.8086193851,123.80861938520135,0.0,1.0,0.0,2.0
c208C15,1,4,depot,1,sweep,3.0000010156072676e-06,2026562.0860860194,122.08608601946236,2634.0,1.0,0.0,2.0
c208C15,1,4,depot,1,nearest,1.2299999070819467e-05,2000217.1395629046,117.13956290449534,0.0,1.0,0.0,2.0
c208C15,1,4,depot,1,grasp,0.0005865999992238358,2000217.1395629046,117.13956290449534,0.0,1.0,0.0,2.0
c208C15,1,4,depot,1,mp_eavns,0.0074841000023297966,2000217.1395629046,117.13956290449534,0.0,1.0,0.0,2.0
c208C15,1,4,phased,2,edd,4.599998646881431e-06,2000223.8086193851,123.80861938520135,0.0,1.0,0.0,2.0
c208C15,1,4,phased,2,sweep,3.999997716164216e-06,2026562.0860860194,122.08608601946236,2634.0,1.0,0.0,2.0
c208C15,1,4,phased,2,nearest,9.800001862458885e-06,2000217.1395629046,117.13956290449534,0.0,1.0,0.0,2.0
c208C15,1,4,phased,2,grasp,0.0007003000027907547,1008035.4182153859,140.67086085946733,779.474735452638,1.0,1.0,1.0
c208C15,1,4,phased,2,mp_eavns,0.007619300002261298,1000359.2479023746,159.24790237456241,0.0,2.0,1.0,1.0
c208C15,1,4,all,4,edd,4.599998646881431e-06,2000223.8086193851,123.80861938520135,0.0,1.0,0.0,2.0
c208C15,1,4,all,4,sweep,5.199999577598646e-06,2026562.0860860194,122.08608601946236,2634.0,1.0,0.0,2.0
c208C15,1,4,all,4,nearest,9.900002623908222e-06,2000217.1395629046,117.13956290449534,0.0,1.0,0.0,2.0
c208C15,1,4,all,4,grasp,0.0008042999979807064,1008035.4182153859,140.67086085946733,779.474735452638,1.0,1.0,1.0
c208C15,1,4,all,4,mp_eavns,0.009233700002369005,1000359.2479023746,159.24790237456241,0.0,2.0,1.0,1.0
c208C15,2,8,depot,1,edd,6.400001439033076e-06,6000739.154666624,439.1546666235744,0.0,3.0,1.0,6.0
c208C15,2,8,depot,1,sweep,4.19999923906289e-06,5026952.136728308,312.1367283077015,2634.0,3.0,0.0,5.0
c208C15,2,8,depot,1,nearest,1.9999999494757503e-05,4000624.673082155,324.67308215506034,0.0,3.0,0.0,4.0
c208C15,2,8,depot,1,grasp,0.0010894000006373972,5000730.6875478355,430.6875478355852,0.0,3.0,1.0,5.0
c208C15,2,8,depot,1,mp_eavns,0.029618799999298062,4000622.5486201462,322.54862014612576,0.0,3.0,0.0,4.0
c208C15,2,8,phased,3,edd,7.200000254670158e-06,3000791.1718469537,491.17184695361965,0.0,3.0,4.0,3.0
c208C15,2,8,phased,3,sweep,6.099999154685065e-06,4026957.4409551513,317.44095515113594,2634.0,3.0,1.0,4.0
c208C15,2,8,phased,3,nearest,1.9099999917671084e-05,4000624.673082155,324.67308215506034,0.0,3.0,0.0,4.0
c208C15,2,8,phased,3,grasp,0.0017148999977507629,1008461.2705201827,366.5231656562849,779.474735452638,3.0,4.0,1.0
c208C15,2,8,phased,3,mp_eavns,0.04532349999863072,1000685.1002071714,385.1002071713801,0.0,3.0,5.0,1.0
c208C15,2,8,all,4,edd,6.800000846851617e-06,2000779.0686004208,479.0686004208494,0.0,3.0,5.0,2.0
c208C15,2,8,all,4,sweep,6.199999916134402e-06,4026957.4409551513,317.44095515113594,2634.0,3.0,1.0,4.0
c208C15,2,8,all,4,nearest,1.8399998225504532e-05,4000624.673082155,324.67308215506034,0.0,3.0,0.0,4.0
c208C15,2,8,all,4,grasp,0.0017600999999558553,1006608.9814536553,383.11483800572665,592.5866615649597,3.0,5.0,1.0
c208C15,2,8,all,4,mp_eavns,0.04852960000062012,1000675.9395822865,375.9395822865192,0.0,3.0,5.0,1.0
c208C15,3,12,depot,1,edd,8.300001354655251e-06,8001235.626294254,635.6262942544699,0.0,6.0,2.0,8.0
c208C15,3,12,depot,1,sweep,4.999998054699972e-06,6027249.223421469,409.22342146887553,2634.0,5.0,0.0,6.0
c208C15,3,12,depot,1,nearest,3.230000220355578e-05,7007637.8251773575,569.6849402920201,656.8140237065885,5.0,1.0,7.0
c208C15,3,12,depot,1,grasp,0.0016969999996945262,6001076.895243347,576.8952433468169,0.0,5.0,1.0,6.0
c208C15,3,12,depot,1,mp_eavns,0.07218610000199988,5000953.480257813,453.4802578127173,0.0,5.0,0.0,5.0
c208C15,3,12,phased,4,edd,8.300001354655251e-06,5001262.632149926,662.6321499259398,0.0,6.0,5.0,5.0
c208C15,3,12,phased,4,sweep,6.999998731771484e-06,6027249.223421469,409.22342146887553,2634.0,5.0,0.0,6.0
c208C15,3,12,phased,4,nearest,2.9100003303028643e-05,6007643.129404201,574.9891671354545,656.8140237065885,5.0,2.0,6.0
c208C15,3,12,phased,4,grasp,0.0018495000003895257,3009993.439794538,658.2892961167804,883.5150498421439,5.0,6.0,3.0
c208C15,3,12,phased,4,mp_eavns,0.1261902000005648,1001014.7792672375,514.7792672375464,0.0,5.0,5.0,1.0
c208C15,3,12,all,4,edd,9.999999747378752e-06,5001262.632149926,662.6321499259398,0.0,6.0,5.0,5.0
c208C15,3,12,all,4,sweep,9.2999980552122e-06,6027249.223421469,409.22342146887553,2634.0,5.0,0.0,6.0
c208C15,3,12,all,4,nearest,3.0100000003585592e-05,6007643.129404201,574.9891671354545,656.8140237065885,5.0,2.0,6.0
c208C15,3,12,all,4,grasp,0.0022379000001819804,2001159.8797822522,659.8797822522313,0.0,5.0,8.0,2.0
c208C15,3,12,all,4,mp_eavns,0.11867530000017723,1001046.1039905908,546.103990590743,0.0,5.0,6.0,1.0
c208C15,4,15,depot,1,edd,7.90000194683671e-06,8001359.069554363,659.0695543636299,0.0,7.0,2.0,8.0
c208C15,4,15,depot,1,sweep,5.699999746866524e-06,6027397.641394852,457.64139485181255,2634.0,6.0,0.0,6.0
c208C15,4,15,depot,1,nearest,3.7999998312443495e-05,7026430.348035158,517.868014089502,2541.2480021067986,5.0,1.0,7.0
c208C15,4,15,depot,1,grasp,0.0032885999971767887,6004146.365666763,637.081783991274,290.9283882771841,6.0,1.0,6.0
c208C15,4,15,depot,1,mp_eavns,0.1217690000012226,5001084.251334148,484.25133414877774,0.0,6.0,0.0,5.0
c208C15,4,15,phased,4,edd,9.399998816661537e-06,5001386.075410035,686.0754100350997,0.0,7.0,5.0,5.0
c208C15,4,15,phased,4,sweep,8.400002116104588e-06,6027397.641394852,457.64139485181255,2634.0,6.0,0.0,6.0
c208C15,4,15,phased,4,nearest,3.859999924316071e-05,6026435.652262001,523.1722409329365,2541.2480021067986,5.0,2.0,6.0
c208C15,4,15,phased,4,grasp,0.004229699999996228,2001172.3994877483,560.267453392279,11.21320343559637,5.0,5.0,2.0
c208C15,4,15,phased,4,mp_eavns,0.19684719999713707,1001145.5503435736,545.5503435736068,0.0,6.0,5.0,1.0
c208C15,4,15,all,4,edd,1.080000220099464e-05,5001386.075410035,686.0754100350997,0.0,7.0,5.0,5.0
c208C15,4,15,all,4,sweep,8.999999408842996e-06,6027397.641394852,457.64139485181255,2634.0,6.0,0.0,6.0
c208C15,4,15,all,4,nearest,3.980000110459514e-05,6026435.652262001,523.1722409329365,2541.2480021067986,5.0,2.0,6.0
c208C15,4,15,all,4,grasp,0.004130599998461548,3001118.659932555,618.659932555384,0.0,5.0,5.0,3.0
c208C15,4,15,all,4,mp_eavns,0.1949291999990237,1001156.3247655553,556.3247655553566,0.0,6.0,5.0,1.0
c208C5,1,2,depot,1,edd,4.5000015234109014e-06,1000192.183680951,92.18368095097277,0.0,1.0,0.0,1.0
c208C5,1,2,depot,1,sweep,2.6000016077887267e-06,2000192.183680951,92.18368095097277,0.0,1.0,0.0,2.0
c208C5,1,2,depot,1,nearest,8.099999831756577e-06,1000192.183680951,92.18368095097277,0.0,1.0,0.0,1.0
c208C5,1,2,depot,1,grasp,0.00013049999688519165,1000192.183680951,92.18368095097277,0.0,1.0,0.0,1.0
c208C5,1,2,depot,1,mp_eavns,0.0013054000010015443,1000192.183680951,92.18368095097277,0.0,1.0,0.0,1.0
c208C5,1,2,phased,2,edd,1.4799999917158857e-05,1000192.183680951,92.18368095097277,0.0,1.0,0.0,1.0
c208C5,1,2,phased,2,sweep,1.8999999156221747e-06,2000192.183680951,92.18368095097277,0.0,1.0,0.0,2.0
c208C5,1,2,phased,2,nearest,4.499997885432094e-06,1000192.183680951,92.18368095097277,0.0,1.0,0.0,1.0
c208C5,1,2,phased,2,grasp,0.0001374000021314714,1000192.183680951,92.18368095097277,0.0,1.0,0.0,1.0
c208C5,1,2,phased,2,mp_eavns,0.0013662999990629032,1000192.183680951,92.18368095097277,0.0,1.0,0.0,1.0
c208C5,1,2,all,3,edd,1.8999999156221747e-06,1000192.183680951,92.18368095097277,0.0,1.0,0.0,1.0
c208C5,1,2,all,3,sweep,1.6999983927235007e-06,2000192.183680951,92.18368095097277,0.0,1.0,0.0,2.0
c208C5,1,2,all,3,nearest,4.900000931229442e-06,1000192.183680951,92.18368095097277,0.0,1.0,0.0,1.0
c208C5,1,2,all,3,grasp,0.00014020000162418,1000192.183680951,92.18368095097277,0.0,1.0,0.0,1.0
c208C5,1,2,all,3,mp_eavns,0.0013687999999092426,1000192.183680951,92.18368095097277,0.0,1.0,0.0,1.0
c208C5,2,3,depot,1,edd,2.7999994927085936e-06,2000244.7260252486,144.72602524866417,0.0,1.0,0.0,2.0
c208C5,2,3,depot,1,sweep,1.7999991541728377e-06,3000243.117597081,143.1175970811925,0.0,1.0,0.0,3.0
c208C5,2,3,depot,1,nearest,5.600002623395994e-06,2000244.7260252486,144.72602524866417,0.0,1.0,0.0,2.0
c208C5,2,3,depot,1,grasp,0.00016840000171214342,2000244.7260252486,144.72602524866417,0.0,1.0,0.0,2.0
c208C5,2,3,depot,1,mp_eavns,0.0024547000029997434,2000244.7260252486,144.72602524866417,0.0,1.0,0.0,2.0
c208C5,2,3,phased,2,edd,2.2999993234407157e-06,2000244.7260252486,144.72602524866417,0.0,1.0,0.0,2.0
c208C5,2,3,phased,2,sweep,2.0000006770715117e-06,3000243.117597081,143.1175970811925,0.0,1.0,0.0,3.0
c208C5,2,3,phased,2,nearest,5.300000339047983e-06,2000244.7260252486,144.72602524866417,0.0,1.0,0.0,2.0
c208C5,2,3,phased,2,grasp,0.00018570000247564167,2000244.7260252486,144.72602524866417,0.0,1.0,0.0,2.0
c208C5,2,3,phased,2,mp_eavns,0.0028954000008525327,2000244.7260252486,144.72602524866417,0.0,1.0,0.0,2.0
c208C5,2,3,all,3,edd,1.8999999156221747e-06,2000244.7260252486,144.72602524866417,0.0,1.0,0.0,2.0
c208C5,2,3,all,3,sweep,1.8000027921516448e-06,3000243.117597081,143.1175970811925,0.0,1.0,0.0,3.0
c208C5,2,3,all,3,nearest,5.40000110049732e-06,2000244.7260252486,144.72602524866417,0.0,1.0,0.0,2.0
c208C5,2,3,all,3,grasp,0.0002105999992636498,1003342.7471218274,146.11379481727894,309.6633327010136,1.0,1.0,1.0
c208C5,2,3,all,3,mp_eavns,0.004959699999744771,1000384.8332847788,184.83328477880264,0.0,2.0,1.0,1.0
c208C5,3,4,depot,1,edd,2.7999994927085936e-06,3000437.0691012903,237.06910129043374,0.0,2.0,0.0,3.0
c208C5,3,4,depot,1,sweep,2.4000000848900527e-06,4000433.2064421177,233.2064421176342,0.0,2.0,0.0,4.0
c208C5,3,4,depot,1,nearest,7.599999662488699e-06,3000434.8148702853,234.81487028510585,0.0,2.0,0.0,3.0
c208C5,3,4,depot,1,grasp,0.0002463999990141019,2000385.5050291598,185.5050291598807,0.0,2.0,0.0,2.0
c208C5,3,4,depot,1,mp_eavns,0.005405599997175159,2000385.5050291598,185.5050291598807,0.0,2.0,0.0,2.0
c208C5,3,4,phased,3,edd,4.1000021155923605e-06,2000438.183762578,238.1837625780941,0.0,2.0,1.0,2.0
c208C5,3,4,phased,3,sweep,4.19999923906289e-06,3000442.304547263,242.30454726263412,0.0,2.0,1.0,3.0
c208C5,3,4,phased,3,nearest,9.400002454640344e-06,2000443.91297543,243.91297543010577,0.0,2.0,1.0,2.0
c208C5,3,4,phased,3,grasp,0.00032949999877018854,1000391.7215662908,191.7215662908764,0.0,2.0,1.0,1.0
c208C5,3,4,phased,3,mp_eavns,0.008713600000191946,1000391.7215662908,191.7215662908764,0.0,2.0,1.0,1.0
c208C5,3,4,all,3,edd,5.49999822396785e-06,2000438.183762578,238.1837625780941,0.0,2.0,1.0,2.0
c208C5,3,4,all,3,sweep,9.999999747378752e-06,3000442.304547263,242.30454726263412,0.0,2.0,1.0,3.0
c208C5,3,4,all,3,nearest,1.1000000085914508e-05,2000443.91297543,243.91297543010577,0.0,2.0,1.0,2.0
c208C5,3,4,all,3,grasp,0.0003214999996998813,1000391.7215662908,191.7215662908764,0.0,2.0,1.0,1.0
c208C5,3,4,all,3,mp_eavns,0.011027599997760262,1000391.7215662908,191.72156629087638,0.0,2.0,1.0,1.0
c208C5,4,5,depot,1,edd,5.299996701069176e-06,3000573.3853611276,273.38536112769765,0.0,3.0,0.0,3.0
c208C5,4,5,depot,1,sweep,3.6999990697950125e-06,4000439.339447592,239.33944759171942,0.0,2.0,0.0,4.0
c208C5,4,5,depot,1,nearest,1.5099998563528061e-05,4000445.969603592,245.96960359205272,0.0,2.0,0.0,4.0
c208C5,4,5,depot,1,grasp,0.00034840000080293976,3000440.947875759,240.94787575919108,0.0,2.0,0.0,3.0
c208C5,4,5,depot,1,mp_eavns,0.008353400000487454,3000440.947875759,240.94787575919108,0.0,2.0,0.0,3.0
c208C5,4,5,phased,3,edd,5.900001269765198e-06,3000573.3853611276,273.38536112769765,0.0,3.0,0.0,3.0
c208C5,4,5,phased,3,sweep,5.399997462518513e-06,4000439.339447592,239.33944759171942,0.0,2.0,0.0,4.0
c208C5,4,5,phased,3,nearest,1.4799999917158857e-05,4000445.969603592,245.96960359205272,0.0,2.0,0.0,4.0
c208C5,4,5,phased,3,grasp,0.0003977999986091163,2003538.968972338,242.33564532780585,309.6633327010136,2.0,1.0,2.0
c208C5,4,5,phased,3,mp_eavns,0.008336000002600485,2000454.5669190518,254.56691905182907,0.0,2.0,1.0,2.0
c208C5,4,5,all,3,edd,5.500001861946657e-06,3000573.3853611276,273.38536112769765,0.0,3.0,0.0,3.0
c208C5,4,5,all,3,sweep,5.599998985417187e-06,4000439.339447592,239.33944759171942,0.0,2.0,0.0,4.0
c208C5,4,5,all,3,nearest,1.3699998817173764e-05,4000445.969603592,245.96960359205272,0.0,2.0,0.0,4.0
c208C5,4,5,all,3,grasp,0.0003772999989450909,2000454.5669190518,254.56691905182907,0.0,2.0,1.0,2.0
c208C5,4,5,all,3,mp_eavns,0.008464099999400787,2000454.5669190518,254.56691905182905,0.0,2.0,1.0,2.0
r101_21,1,25,depot,1,edd,1.2000000424450263e-05,5002351.508401575,607.2583417659012,74.42500598083008,10.0,0.0,5.0
r101_21,1,25,depot,1,sweep,8.000002708286047e-06,8002988.384682944,647.921506409716,124.04631765340645,11.0,0.0,8.0
r101_21,1,25,depot,1,nearest,7.669999831705354e-05,4010389.142455713,523.1732702595285,896.5969185453533,9.0,0.0,4.0
r101_21,1,25,depot,1,grasp,0.014382400000613416,4007485.9048519586,585.9694717250168,599.9935380233518,9.0,1.0,4.0
r101_21,1,25,depot,1,mp_eavns,0.13815750000139815,3001463.0083822086,481.20498333371114,8.180339887498945,9.0,0.0,3.0
r101_21,1,25,phased,6,edd,1.2600001355167478e-05,3002357.8109786366,613.5609188281596,74.42500598083008,10.0,2.0,3.0
r101_21,1,25,phased,6,sweep,9.60000033956021e-06,3362.250818812222,655.219099783234,160.70317190289882,11.0,6.0,0.0
r101_21,1,25,phased,6,nearest,7.91000020399224e-05,1010398.6439363539,532.6747509002662,896.5969185453533,9.0,3.0,1.0
r101_21,1,25,phased,6,grasp,0.037520299996685935,5791.21496338058,592.6295299286871,429.8585433451893,9.0,7.0,0.0
r101_21,1,25,phased,6,mp_eavns,0.27936659999977564,1404.21804952507,504.2180495250699,0.0,9.0,4.0,0.0
r101_21,1,25,all,21,edd,1.0799998563015833e-05,3002357.8109786366,613.5609188281596,74.42500598083008,10.0,2.0,3.0
r101_21,1,25,all,21,sweep,9.2999980552122e-06,3362.250818812222,655.219099783234,160.70317190289882,11.0,6.0,0.0
r101_21,1,25,all,21,nearest,7.159999950090423e-05,1010398.6439363539,532.6747509002662,896.5969185453533,9.0,3.0,1.0
r101_21,1,25,all,21,grasp,0.0493482000019867,6548.965965814611,626.7179604470491,502.22480053675616,9.0,8.0,0.0
r101_21,1,25,all,21,mp_eavns,0.4433430999997654,1417.7957985025018,517.7957985025018,0.0,9.0,5.0,0.0
r101_21,2,50,depot,1,edd,2.2899999748915434e-05,25006296.269953832,1572.939304615982,282.3330649214605,19.0,1.0,25.0
r101_21,2,50,depot,1,sweep,1.330000304733403e-05,18011219.467770543,1280.0830555088833,803.9384715034464,19.0,0.0,18.0
r101_21,2,50,depot,1,nearest,0.00022170000011101365,14022004.909986252,1247.3395355821128,1905.7570450669054,17.0,1.0,14.0
r101_21,2,50,depot,1,grasp,0.10432769999897573,12015616.558203947,1340.8697482289429,1267.56884557171,16.0,3.0,12.0
r101_21,2,50,depot,1,mp_eavns,1.3253812000002654,7002811.461511125,1029.6581122497087,8.180339887498945,17.0,0.0,7.0
r101_21,2,50,phased,11,edd,3.649999780463986e-05,5014186.438902259,1578.4720873682256,1070.7966814890597,19.0,15.0,5.0
r101_21,2,50,phased,11,sweep,2.7500002033775672e-05,3011626.1946832687,1320.241425739319,840.5953257529388,19.0,13.0,3.0
r101_21,2,50,phased,11,nearest,0.0002342000007047318,1026850.6593827355,1238.7290585899318,2391.1930324145533,17.0,12.0,1.0
r101_21,2,50,phased,11,grasp,0.34690450000198325,15445.330678965842,1354.5899503542248,1249.0740728611618,16.0,16.0,0.0
r101_21,2,50,phased,11,mp_eavns,2.5331007999993744,2756.160706527276,1056.160706527276,0.0,17.0,9.0,0.0
r101_21,2,50,all,21,edd,2.4199998733820394e-05,5014186.438902259,1578.4720873682256,1070.7966814890597,19.0,15.0,5.0
r101_21,2,50,all,21,sweep,4.289999924367294e-05,3011626.1946832687,1320.241425739319,840.5953257529388,19.0,13.0,3.0
r101_21,2,50,all,21,nearest,0.0002303000001120381,1026850.6593827355,1238.7290585899318,2391.1930324145533,17.0,12.0,1.0
r101_21,2,50,all,21,grasp,0.40145699999993667,13648.59122563656,1388.157326940157,1066.0433898696404,16.0,18.0,0.0
r101_21,2,50,all,21,mp_eavns,2.5964586999980384,2698.9057154203138,1098.905715420314,0.0,16.0,11.0,0.0
r101_21,3,75,depot,1,edd,2.6900001103058457e-05,50010623.179700784,2794.3109512513033,522.8868749534947,26.0,3.0,50.0
r101_21,3,75,depot,1,sweep,1.7499998648418114e-05,27019704.836273156,2030.1136095248291,1477.4722663632201,29.0,1.0,27.0
r101_21,3,75,depot,1,nearest,0.0004262999973434489,21030428.476119407,1917.0946848315673,2611.138143457592,24.0,1.0,21.0
r101_21,3,75,depot,1,grasp,0.35952289999841014,20029339.55907028,2257.171901422528,2468.2387168860478,24.0,9.0,20.0
r101_21,3,75,depot,1,mp_eavns,5.588168500002212,11004685.968258718,1643.0119573086592,54.29563014098699,25.0,1.0,11.0
r101_21,3,75,phased,16,edd,3.359999755048193e-05,7037385.649266367,2891.4012242240397,3189.4248042142854,26.0,34.0,7.0
r101_21,3,75,phased,16,sweep,2.0399998902576044e-05,6019800.32261647,2067.7590792813035,1483.2563537188676,29.0,19.0,6.0
r101_21,3,75,phased,16,nearest,0.00042179999945801683,3034391.856959518,1956.452553592348,3003.5404405925738,24.0,19.0,3.0
r101_21,3,75,phased,16,grasp,0.9413192000029085,2025709.031738084,2256.6647294655518,2105.2367008618585,24.0,28.0,2.0
r101_21,3,75,phased,16,mp_eavns,5.947555300001113,4364.148644452718,1702.3826719437143,26.17659725090033,24.0,16.0,0.0
r101_21,3,75,all,21,edd,3.4100001357728615e-05,7037385.649266367,2891.4012242240397,3189.4248042142854,26.0,34.0,7.0
r101_21,3,75,all,21,sweep,1.840000186348334e-05,6019800.32261647,2067.7590792813035,1483.2563537188676,29.0,19.0,6.0
r101_21,3,75,all,21,nearest,0.00039259999903151765,3034391.856959518,1956.452553592348,3003.5404405925738,24.0,19.0,3.0
r101_21,3,75,all,21,grasp,1.2497265999991214,1028206.6110051288,2245.002974950515,2346.160803017836,25.0,26.0,1.0
r101_21,3,75,all,21,mp_eavns,12.611539500001527,4950.661669464123,1839.4913192370275,71.11703502270956,24.0,20.0,0.0
r101_21,4,100,depot,1,edd,3.560000186553225e-05,65016256.84954912,3932.2988299838166,882.4550719141397,35.0,6.0,65.0
r101_21,4,100,depot,1,sweep,2.0899999071843922e-05,37026690.13263032,2692.3560670897255,2029.7776563229372,37.0,1.0,37.0
r101_21,4,100,depot,1,nearest,0.000787799999670824,34035998.917502075,2838.6588443403894,2996.025865773407,32.0,2.0,34.0
r101_21,4,100,depot,1,grasp,0.8738354000015534,32033116.879483387,2923.9382747474497,2709.294120863832,31.0,6.0,32.0
r101_21,4,100,depot,1,mp_eavns,12.049856000001455,16006213.644833684,2228.885133399748,68.47597002848593,33.0,1.0,16.0
r101_21,4,100,phased,21,edd,4.5900000259280205e-05,16044713.175917074,4027.803649899835,3718.537226717431,35.0,42.0,16.0
r101_21,4,100,phased,21,sweep,2.8100002964492887e-05,7029516.447905759,2768.526063977316,2304.792184178175,37.0,26.0,7.0
r101_21,4,100,phased,21,nearest,0.0007880999983171932,6044459.932093408,2884.4955713197046,3837.5436522088007,32.0,29.0,6.0
r101_21,4,100,phased,21,grasp,3.1426438000016788,1041077.329474933,3071.187230770744,3490.6142244162293,31.0,36.0,1.0
r101_21,4,100,phased,21,mp_eavns,17.068888199999492,5793.00095026252,2402.7727556600216,29.022819460249863,31.0,26.0,0.0
r101_21,4,100,all,21,edd,4.1300001612398773e-05,16044713.175917074,4027.803649899835,3718.537226717431,35.0,42.0,16.0
r101_21,4,100,all,21,sweep,2.479999966453761e-05,7029516.447905759,2768.526063977316,2304.792184178175,37.0,26.0,7.0
r101_21,4,100,all,21,nearest,0.0006943999978830107,6044459.932093408,2884.4955713197046,3837.5436522088007,32.0,29.0,6.0
r101_21,4,100,all,21,grasp,3.2378930000013497,3030451.665827847,3184.691717254342,2416.697411059273,31.0,36.0,3.0
r101_21,4,100,all,21,mp_eavns,24.900607799998397,5906.592854047362,2434.61875903078,27.197409501658257,32.0,27.0,0.0
r102_21,1,25,depot,1,edd,1.1599997378652915e-05,6001960.363794497,603.8256689201359,35.65381255775159,10.0,0.0,6.0
r102_21,1,25,depot,1,sweep,7.099999493220821e-06,8002988.384682944,647.921506409716,124.04631765340645,11.0,0.0,8.0
r102_21,1,25,depot,1,nearest,7.170000026235357e-05,4005818.689104773,523.1732702595285,439.5515834513683,9.0,0.0,4.0
r102_21,1,25,depot,1,grasp,0.013605299998744158,4004312.868609455,631.2677358294916,278.16008736253707,9.0,1.0,4.0
r102_21,1,25,depot,1,mp_eavns,0.13007410000136588,3001465.4952923367,483.6918934615118,8.180339887498945,9.0,0.0,3.0
r102_21,1,25,phased,6,edd,1.179999890155159e-05,1001964.7588911232,608.2207655457147,35.65381255775159,10.0,5.0,1.0
r102_21,1,25,phased,6,sweep,9.800001862458885e-06,2995.6822763172986,655.219099783234,124.04631765340645,11.0,6.0,0.0
r102_21,1,25,phased,6,nearest,7.46000005165115e-05,1005828.190585414,532.6747509002662,439.5515834513683,9.0,3.0,1.0
r102_21,1,25,phased,6,grasp,0.03253290000066045,2555.113964651413,653.0383979246127,90.20755667268004,10.0,6.0,0.0
r102_21,1,25,phased,6,mp_eavns,0.2750233000006119,1410.9234486812597,510.9234486812597,0.0,9.0,5.0,0.0
r102_21,1,25,all,21,edd,1.1399999493733048e-05,1001964.7588911232,608.2207655457147,35.65381255775159,10.0,5.0,1.0
r102_21,1,25,all,21,sweep,8.899998647393659e-06,2995.6822763172986,655.219099783234,124.04631765340645,11.0,6.0,0.0
r102_21,1,25,all,21,nearest,7.339999865507707e-05,1005828.190585414,532.6747509002662,439.5515834513683,9.0,3.0,1.0
r102_21,1,25,all,21,grasp,0.0430664000014076,2516.527582649332,610.7940808638341,100.57335017854979,9.0,7.0,0.0
r102_21,1,25,all,21,mp_eavns,0.334077100000286,1420.2095872775444,520.2095872775444,0.0,9.0,4.0,0.0
r102_21,2,50,depot,1,edd,1.9499999325489625e-05,25004652.320921633,1443.3058466463917,140.9015074987916,18.0,0.0,25.0
r102_21,2,50,depot,1,sweep,1.300000076298602e-05,18008380.81363619,1280.0830555088833,520.0730580680537,19.0,0.0,18.0
r102_21,2,50,depot,1,nearest,0.00022339999850373715,15012402.814322947,1261.603094954446,944.1211227993064,17.0,2.0,15.0
r102_21,2,50,depot,1,grasp,0.09951320000254782,13012411.847528508,1415.2288352505827,929.6618693256505,17.0,3.0,13.0
r102_21,2,50,depot,1,mp_eavns,1.130861099998583,7002659.5704149455,1059.5704149453088,0.0,16.0,1.0,7.0
r102_21,2,50,phased,11,edd,2.2799998987466097e-05,6009318.144879191,1484.707810218849,603.3437068972017,18.0,14.0,6.0
r102_21,2,50,phased,11,sweep,1.4400000509340316e-05,3008420.9720064197,1320.241425739319,520.0730580680537,19.0,13.0,3.0
r102_21,2,50,phased,11,nearest,0.00021180000112508424,2015437.3661893788,1240.127299736534,1249.7238889642326,17.0,12.0,2.0
r102_21,2,50,phased,11,grasp,0.3138175999993109,8474.49061364391,1304.5785375102614,556.9912076133648,16.0,16.0,0.0
r102_21,2,50,phased,11,mp_eavns,3.702107500001148,2736.8783318043807,1036.8783318043809,0.0,17.0,10.0,0.0
r102_21,2,50,all,21,edd,2.260000110254623e-05,6009318.144879191,1484.707810218849,603.3437068972017,18.0,14.0,6.0
r102_21,2,50,all,21,sweep,1.7300000763498247e-05,3008420.9720064197,1320.241425739319,520.0730580680537,19.0,13.0,3.0
r102_21,2,50,all,21,nearest,0.0002119999990100041,2015437.3661893788,1240.127299736534,1249.7238889642326,17.0,12.0,2.0
r102_21,2,50,all,21,grasp,0.3581324999977369,8881.579157926699,1347.1724617919785,583.440669613472,17.0,16.0,0.0
r102_21,2,50,all,21,mp_eavns,3.188560899998265,2642.4905515975715,1042.4905515975718,0.0,16.0,10.0,0.0
r102_21,3,75,depot,1,edd,2.6999998226528987e-05,48009864.12547775,2763.942288602831,450.0183189147491,26.0,3.0,48.0
r102_21,3,75,depot,1,sweep,1.6400001186411828e-05,27015184.160812736,2030.1136095248291,1025.404720320977,29.0,1.0,27.0
r102_21,3,75,depot,1,nearest,0.00042300000131945126,21020047.92494588,1917.0946848315673,1573.0830261048354,24.0,1.0,21.0
r102_21,3,75,depot,1,grasp,0.3122235000009823,17020125.574852955,2106.6482525685174,1561.8926600385696,24.0,8.0,17.0
r102_21,3,75,depot,1,mp_eavns,3.8913719999982277,11004070.46319176,1670.46319175994,0.0,24.0,2.0,11.0
r102_21,3,75,phased,16,edd,3.5400000342633575e-05,20019837.11006649,2867.643047191391,1436.9467019298215,26.0,25.0,20.0
r102_21,3,75,phased,16,sweep,1.97000008483883e-05,6014913.078613552,2067.7590792813035,994.5319534271321,29.0,19.0,6.0
r102_21,3,75,phased,16,nearest,0.00043390000064391643,3022584.0546662747,1956.452553592348,1822.7602112682512,24.0,19.0,3.0
r102_21,3,75,phased,16,grasp,0.8731632999988506,1020322.5671833432,2162.825601538163,1585.9741581805058,23.0,24.0,1.0
r102_21,3,75,phased,16,mp_eavns,8.05067069999859,4261.735689587992,1619.6921533057891,24.204353628220275,24.0,14.0,0.0
r102_21,3,75,all,21,edd,3.4199998481199145e-05,20019837.11006649,2867.643047191391,1436.9467019298215,26.0,25.0,20.0
r102_21,3,75,all,21,sweep,0.00017070000103558414,6014913.078613552,2067.7590792813035,994.5319534271321,29.0,19.0,6.0
r102_21,3,75,all,21,nearest,0.0004138000003877096,3022584.0546662747,1956.452553592348,1822.7602112682512,24.0,19.0,3.0
r102_21,3,75,all,21,grasp,1.0088221000005433,2016678.4378659886,2291.7202864062683,1198.6717579582241,24.0,27.0,2.0
r102_21,3,75,all,21,mp_eavns,6.756309799999144,4241.883043260107,1682.278536861183,15.960450639892414,24.0,17.0,0.0
r102_21,4,100,depot,1,edd,3.429999924264848e-05,61013109.83635286,3927.440289844974,568.2396063018718,35.0,6.0,61.0
r102_21,4,100,depot,1,sweep,2.130000211764127e-05,37021499.4571699,2692.3560670897255,1510.7101102806942,37.0,1.0,37.0
r102_21,4,100,depot,1,nearest,0.0007398999987344723,34022574.87552839,2845.6842283964274,1652.9191299993415,32.0,2.0,34.0
r102_21,4,100,depot,1,grasp,0.7934157999989111,29022381.3204621,2796.4767306280805,1648.4843731471606,31.0,4.0,29.0
r102_21,4,100,depot,1,mp_eavns,6.883023400001548,15005766.225918863,2262.0038678449623,30.42220510185595,32.0,3.0,15.0
r102_21,4,100,phased,21,edd,4.510000144364312e-05,15038901.499379704,4035.6607936330115,3136.583858607099,35.0,45.0,15.0
r102_21,4,100,phased,21,sweep,2.4900000425986946e-05,7023959.203902842,2768.526063977316,1749.0677838864399,37.0,26.0,7.0
r102_21,4,100,phased,21,nearest,0.0006910999982210342,6031473.178299283,2890.7647690409326,2538.24135302413,32.0,30.0,6.0
r102_21,4,100,phased,21,grasp,2.633390099999815,23400.57915754344,2887.502438167553,1741.3076719375886,31.0,37.0,0.0
r102_21,4,100,phased,21,mp_eavns,18.44361729999946,5638.91966333781,2196.876127055607,24.204353628220275,32.0,21.0,0.0
r102_21,4,100,all,21,edd,3.840000135824084e-05,15038901.499379704,4035.6607936330115,3136.583858607099,35.0,45.0,15.0
r102_21,4,100,all,21,sweep,2.4900000425986946e-05,7023959.203902842,2768.526063977316,1749.0677838864399,37.0,26.0,7.0
r102_21,4,100,all,21,nearest,0.0007379999988188501,6031473.178299283,2890.7647690409326,2538.24135302413,32.0,30.0,6.0
r102_21,4,100,all,21,grasp,2.5453791999971145,2025010.9127412043,3090.306298641253,1872.0606442563012,32.0,39.0,2.0
r102_21,4,100,all,21,mp_eavns,16.059754500001873,5530.100319420573,2251.292156060593,17.880816335997977,31.0,24.0,0.0
r102C10,1,3,depot,1,edd,5.599998985417187e-06,2000192.5354840113,92.53548401121779,0.0,1.0,0.0,2.0
r102C10,1,3,depot,1,sweep,2.4000000848900527e-06,1000170.3094367643,70.3094367643223,0.0,1.0,0.0,1.0
r102C10,1,3,depot,1,nearest,9.20000093174167e-06,1000175.3695674922,75.36956749217043,0.0,1.0,0.0,1.0
r102C10,1,3,depot,1,grasp,0.00016820000018924475,1000170.3094367643,70.3094367643223,0.0,1.0,0.0,1.0
r102C10,1,3,depot,1,mp_eavns,0.0040712999980314635,280.12012856181326,80.12012856181327,0.0,2.0,0.0,0.0
r102C10,1,3,phased,2,edd,2.5999979698099196e-06,1000689.6891157982,118.9649400816819,47.072417571652636,1.0,1.0,1.0
r102C10,1,3,phased,2,sweep,2.6000016077887267e-06,1000170.3094367643,70.3094367643223,0.0,1.0,0.0,1.0
r102C10,1,3,phased,2,nearest,5.500001861946657e-06,1000175.3695674922,75.36956749217043,0.0,1.0,0.0,1.0
r102C10,1,3,phased,2,grasp,0.00016209999739658087,1000170.3094367643,70.3094367643223,0.0,1.0,0.0,1.0
r102C10,1,3,phased,2,mp_eavns,0.004461100001208251,280.12012856181326,80.12012856181326,0.0,2.0,0.0,0.0
r102C10,1,3,all,4,edd,2.2000021999701858e-06,1000689.6891157982,118.9649400816819,47.072417571652636,1.0,1.0,1.0
r102C10,1,3,all,4,sweep,2.0000006770715117e-06,1000170.3094367643,70.3094367643223,0.0,1.0,0.0,1.0
r102C10,1,3,all,4,nearest,6.099999154685065e-06,1000175.3695674922,75.36956749217043,0.0,1.0,0.0,1.0
r102C10,1,3,all,4,grasp,0.00019560000146157108,1000170.3094367643,70.3094367643223,0.0,1.0,0.0,1.0
r102C10,1,3,all,4,mp_eavns,0.004209099999570753,280.12012856181326,80.12012856181326,0.0,2.0,0.0,0.0
r102C10,2,5,depot,1,edd,3.5999983083456755e-06,5000414.188218076,214.1882180757212,0.0,2.0,0.0,5.0
r102C10,2,5,depot,1,sweep,2.7999994927085936e-06,3000530.1473110714,230.14731107144735,0.0,3.0,0.0,3.0
r102C10,2,5,depot,1,nearest,9.60000033956021e-06,3000399.9433149346,199.9433149344416,0.0,2.0,0.0,3.0
r102C10,2,5,depot,1,grasp,0.00045030000183032826,2000846.920466319,230.87909843083673,41.60413678881929,2.0,2.0,2.0
r102C10,2,5,depot,1,mp_eavns,0.014058200002182275,2000503.9024901143,203.90249011429842,0.0,3.0,0.0,2.0
r102C10,2,5,phased,3,edd,3.1000017770566046e-06,1000504.4419400011,215.3359281327014,8.910601186841177,2.0,2.0,1.0
r102C10,2,5,phased,3,sweep,2.9999973776284605e-06,1000531.2471404783,231.24714047836397,0.0,3.0,2.0,1.0
r102C10,2,5,phased,3,nearest,9.599996701581404e-06,2000400.608969128,200.60896912799546,0.0,2.0,1.0,2.0
r102C10,2,5,phased,3,grasp,0.0005885000027774367,507.7023709538307,218.59635908541895,8.910601186841177,2.0,3.0,0.0
r102C10,2,5,phased,3,mp_eavns,0.018309899998712353,505.00231952121504,205.00231952121504,0.0,3.0,2.0,0.0
r102C10,2,5,all,4,edd,4.400000761961564e-06,1000504.4419400011,215.3359281327014,8.910601186841177,2.0,2.0,1.0
r102C10,2,5,all,4,sweep,4.300000000512227e-06,1000531.2471404783,231.24714047836397,0.0,3.0,2.0,1.0
r102C10,2,5,all,4,nearest,1.080000220099464e-05,2000400.608969128,200.60896912799546,0.0,2.0,1.0,2.0
r102C10,2,5,all,4,grasp,0.0006911999989824835,507.7023709538307,218.59635908541895,8.910601186841177,2.0,3.0,0.0
r102C10,2,5,all,4,mp_eavns,0.018195900000137044,505.00231952121504,205.00231952121504,0.0,3.0,2.0,0.0
r102C10,3,8,depot,1,edd,4.900000931229442e-06,4001759.409132699,362.7768582909504,109.66322744079855,3.0,2.0,4.0
r102C10,3,8,depot,1,sweep,3.6000019463244826e-06,5001624.589656212,310.4956579983733,91.40939982143925,4.0,0.0,5.0
r102C10,3,8,depot,1,nearest,1.4900000678608194e-05,5002216.741324092,291.76725097119345,162.4974073120743,3.0,0.0,5.0
r102C10,3,8,depot,1,grasp,0.0013533999990613665,3001841.4595527337,305.739229687572,123.57203230463034,3.0,1.0,3.0
r102C10,3,8,depot,1,mp_eavns,0.02988569999797619,3000685.568155601,285.568155601132,0.0,4.0,0.0,3.0
r102C10,3,8,phased,4,edd,4.800000169780105e-06,3001526.53729137,339.85097098653875,88.6686320383188,3.0,2.0,3.0
r102C10,3,8,phased,4,sweep,4.699999408330768e-06,2001625.2553784826,311.1613802683382,91.40939982143925,4.0,2.0,2.0
r102C10,3,8,phased,4,nearest,1.5199999324977398e-05,2003239.217368291,292.9636268255122,264.6253741465417,3.0,2.0,2.0
r102C10,3,8,phased,4,grasp,0.002005599999392871,2980.901076652489,380.9222531672818,229.9978823485207,3.0,5.0,0.0
r102C10,3,8,phased,4,mp_eavns,0.053394200000184355,778.2281453976246,343.4914224346146,3.473672296301004,4.0,4.0,0.0
r102C10,3,8,all,4,edd,7.399998139590025e-06,3001526.53729137,339.85097098653875,88.6686320383188,3.0,2.0,3.0
r102C10,3,8,all,4,sweep,7.399998139590025e-06,2001625.2553784826,311.1613802683382,91.40939982143925,4.0,2.0,2.0
r102C10,3,8,all,4,nearest,1.939999856404029e-05,2003239.217368291,292.9636268255122,264.6253741465417,3.0,2.0,2.0
r102C10,3,8,all,4,grasp,0.002083300001686439,2365.5837323647947,326.44741647555287,173.9136315889242,3.0,4.0,0.0
r102C10,3,8,all,4,mp_eavns,0.056897300000855466,695.7659704527355,293.53880919843925,10.222716125429628,3.0,3.0,0.0
r102C10,4,10,depot,1,edd,7.399998139590025e-06,5001908.948066702,412.31579229452336,109.66322744079855,4.0,2.0,5.0
r102C10,4,10,depot,1,sweep,5.300000339047983e-06,6001768.006870106,353.91287189114803,91.40939982143925,5.0,0.0,6.0
r102C10,4,10,depot,1,nearest,2.3199998395284638e-05,5002855.040018812,333.23266440897413,212.18073544032697,4.0,0.0,5.0
r102C10,4,10,depot,1,grasp,0.0013407000005827285,4002537.5157810613,390.398192611916,164.7117588449214,5.0,1.0,4.0
r102C10,4,10,depot,1,mp_eavns,0.05652420000114944,3000825.9705447624,325.97054476243795,0.0,5.0,0.0,3.0
r102C10,4,10,phased,4,edd,8.39999847812578e-06,1002913.3637558257,403.11817100204985,211.02455848236198,4.0,5.0,1.0
r102C10,4,10,phased,4,sweep,7.099999493220821e-06,3001768.6725923754,354.57859416111296,91.40939982143925,5.0,2.0,3.0
r102C10,4,10,phased,4,nearest,2.4600001779617742e-05,3002856.139848219,334.3324938158908,212.18073544032697,4.0,2.0,3.0
r102C10,4,10,phased,4,grasp,0.001955799998540897,1446.9631776385688,381.7037900961681,66.52593875424006,4.0,4.0,0.0
r102C10,4,10,phased,4,mp_eavns,0.09351439999954891,864.150975539337,375.04496367092514,8.910601186841177,4.0,4.0,0.0
r102C10,4,10,all,4,edd,8.899998647393659e-06,1002913.3637558257,403.11817100204985,211.02455848236198,4.0,5.0,1.0
r102C10,4,10,all,4,sweep,7.600003300467506e-06,3001768.6725923754,354.57859416111296,91.40939982143925,5.0,2.0,3.0
r102C10,4,10,all,4,nearest,2.229999881819822e-05,3002856.139848219,334.3324938158908,212.18073544032697,4.0,2.0,3.0
r102C10,4,10,all,4,grasp,0.0019133999994664919,6029.418957507584,342.01451665837914,528.7404440849206,4.0,3.0,0.0
r102C10,4,10,all,4,mp_eavns,0.05934939999860944,761.1961460316542,354.5099906034977,0.668615542815644,4.0,4.0,0.0
r102C15,1,4,depot,1,edd,5.40000110049732e-06,2000405.779894348,120.35602264265756,18.542387170543662,1.0,0.0,2.0
r102C15,1,4,depot,1,sweep,2.9999973776284605e-06,2000463.9256988887,114.94312722331092,24.898257166541725,1.0,0.0,2.0
r102C15,1,4,depot,1,nearest,1.1600001016631722e-05,2000742.7729001006,107.90721910918288,53.4865680991318,1.0,0.0,2.0
r102C15,1,4,depot,1,grasp,0.0005831000016769394,2000292.0708909414,113.6760439738776,7.839484696748457,1.0,0.0,2.0
r102C15,1,4,depot,1,mp_eavns,0.006557900000188965,2000292.0708909414,113.6760439738776,7.839484696748457,1.0,0.0,2.0
r102C15,1,4,phased,3,edd,3.1000017770566046e-06,2000405.779894348,120.35602264265756,18.542387170543662,1.0,0.0,2.0
r102C15,1,4,phased,3,sweep,2.6999987312592566e-06,857.7065767633698,116.17940337811969,64.15271733852501,1.0,1.0,0.0
r102C15,1,4,phased,3,nearest,6.900001608300954e-06,1340.4584326982617,110.64144803745796,112.98169846608036,1.0,1.0,0.0
r102C15,1,4,phased,3,grasp,0.0005745999987993855,857.7065767633698,116.17940337811969,64.15271733852501,1.0,1.0,0.0
r102C15,1,4,phased,3,mp_eavns,0.007827699999324977,375.12045715832073,175.12045715832073,0.0,2.0,2.0,0.0
r102C15,1,4,all,8,edd,2.2999993234407157e-06,2000405.779894348,120.35602264265756,18.542387170543662,1.0,0.0,2.0
r102C15,1,4,all,8,sweep,1.8999999156221747e-06,857.7065767633698,116.17940337811969,64.15271733852501,1.0,1.0,0.0
r102C15,1,4,all,8,nearest,5.900001269765198e-06,1340.4584326982617,110.64144803745796,112.98169846608036,1.0,1.0,0.0
r102C15,1,4,all,8,grasp,0.0007006999985605944,857.7065767633698,116.17940337811969,64.15271733852501,1.0,1.0,0.0
r102C15,1,4,all,8,mp_eavns,0.010597899999993388,375.12045715832073,175.12045715832073,0.0,2.0,2.0,0.0
r102C15,2,8,depot,1,edd,4.300000000512227e-06,5000742.840473552,257.4166018470404,18.542387170543662,3.0,0.0,5.0
r102C15,2,8,depot,1,sweep,3.4000004234258085e-06,3000776.204803662,227.22223199644853,24.898257166541725,3.0,0.0,3.0
r102C15,2,8,depot,1,nearest,1.5100002201506868e-05,4001459.4532399555,231.35074319648476,102.81024967590665,2.0,0.0,4.0
r102C15,2,8,depot,1,grasp,0.0019734999987122137,2002951.4138399747,298.7159169417534,235.2697923033002,3.0,2.0,2.0
r102C15,2,8,depot,1,mp_eavns,0.03975010000067414,1000753.8933099537,298.71591694175333,5.517739301200493,4.0,1.0,1.0
r102C15,2,8,phased,5,edd,5.100002454128116e-06,2000916.3878414477,290.3539550904385,32.603388635718204,3.0,2.0,2.0
r102C15,2,8,phased,5,sweep,4.599998646881431e-06,1001169.9856815365,228.4585081512573,64.15271733852501,3.0,1.0,1.0
r102C15,2,8,phased,5,nearest,1.5800000255694613e-05,2002857.6574903356,290.6374972566161,236.70199930790963,2.0,2.0,2.0
r102C15,2,8,phased,5,grasp,0.002742799999396084,2339.9153425299173,299.5697309155839,174.03456116143334,3.0,3.0,0.0
r102C15,2,8,phased,5,mp_eavns,0.06708480000088457,694.545210389399,294.54521038939896,0.0,4.0,3.0,0.0
r102C15,2,8,all,8,edd,6.199999916134402e-06,2000916.3878414477,290.3539550904385,32.603388635718204,3.0,2.0,2.0
r102C15,2,8,all,8,sweep,6.399997801054269e-06,1001169.9856815365,228.4585081512573,64.15271733852501,3.0,1.0,1.0
r102C15,2,8,all,8,nearest,1.7400001524947584e-05,2002857.6574903356,290.6374972566161,236.70199930790963,2.0,2.0,2.0
r102C15,2,8,all,8,grasp,0.003115899999102112,2300.7515677934402,298.1274988044502,180.262406898899,2.0,4.0,0.0
r102C15,2,8,all,8,mp_eavns,0.0657799000000523,688.5280396369251,288.52803963692514,0.0,4.0,3.0,0.0
r102C15,3,12,depot,1,edd,6.599999323952943e-06,7001017.5949608935,381.2554487422142,33.633951215158845,3.0,0.0,7.0
r102C15,3,12,depot,1,sweep,4.19999923906289e-06,6002562.640030239,288.8474268445844,197.37926033943737,3.0,0.0,6.0
r102C15,3,12,depot,1,nearest,2.6999998226528987e-05,5002053.470538227,295.3680414679446,145.81024967590665,3.0,0.0,5.0
r102C15,3,12,depot,1,grasp,0.0066038000004482456,4009499.8817653432,482.396393905164,871.7485371437897,3.0,5.0,4.0
r102C15,3,12,depot,1,mp_eavns,0.11481669999920996,2000909.1790222048,409.17902220474633,0.0,5.0,2.0,2.0
r102C15,3,12,phased,7,edd,7.500002539018169e-06,3003036.4886985137,387.5789428949315,234.890975561869,3.0,2.0,3.0
r102C15,3,12,phased,7,sweep,1.2799999240087345e-05,1005256.7418644599,290.2089765094313,466.6532887950492,3.0,2.0,1.0
r102C15,3,12,phased,7,nearest,2.719999974942766e-05,3002235.2275388218,354.6930037207274,158.05345351008071,3.0,2.0,3.0
r102C15,3,12,phased,7,grasp,0.01022469999952591,4638.68624322477,425.941327672353,391.2744915552417,3.0,6.0,0.0
r102C15,3,12,phased,7,mp_eavns,0.14829489999829093,898.1138321418049,415.43920859617026,8.267462354563463,4.0,4.0,0.0
r102C15,3,12,all,8,edd,7.99999907030724e-06,3003036.4886985137,387.5789428949315,234.890975561869,3.0,2.0,3.0
r102C15,3,12,all,8,sweep,6.999998731771484e-06,1005256.7418644599,290.2089765094313,466.6532887950492,3.0,2.0,1.0
r102C15,3,12,all,8,nearest,2.7800000680144876e-05,3002235.2275388218,354.6930037207274,158.05345351008071,3.0,2.0,3.0
r102C15,3,12,all,8,grasp,0.010552100000495557,4873.177922573324,388.06677317935856,418.5111149393966,3.0,4.0,0.0
r102C15,3,12,all,8,mp_eavns,0.20632739999928162,797.1281406050118,397.1281406050119,0.0,4.0,4.0,0.0
r102C15,4,15,depot,1,edd,8.300001354655251e-06,9001431.446813498,495.1073013459612,33.633951215158845,6.0,0.0,9.0
r102C15,4,15,depot,1,sweep,5.599998985417187e-06,7002876.555304285,402.7627008908688,197.37926033943737,5.0,0.0,7.0
r102C15,4,15,depot,1,nearest,3.520000245771371e-05,6002172.869691557,382.79582733228233,139.0073864224882,4.0,0.0,6.0
r102C15,4,15,depot,1,grasp,0.017981000000872882,3012262.907361356,624.7725384676006,1113.8134822888665,5.0,5.0,3.0
r102C15,4,15,depot,1,mp_eavns,0.1965213000003132,2001205.122330234,505.1223302339448,0.0,7.0,2.0,2.0
r102C15,4,15,phased,8,edd,8.900002285372466e-06,2003827.6828005023,534.3232110682663,269.335958943404,6.0,4.0,2.0
r102C15,4,15,phased,8,sweep,7.400001777568832e-06,1006574.7499292905,404.1242505557158,567.0625678734751,5.0,2.0,1.0
r102C15,4,15,phased,8,nearest,3.719999949680641e-05,2002756.1837272218,433.0552471722176,192.3128480049608,4.0,3.0,2.0
r102C15,4,15,phased,8,grasp,0.015342899998358916,5331.76225296069,545.8166747173043,428.5945578243385,5.0,6.0,0.0
r102C15,4,15,phased,8,mp_eavns,0.2242019999976037,1056.230839293694,456.23083929369403,0.0,6.0,4.0,0.0
r102C15,4,15,all,8,edd,1.0200001270277426e-05,2003827.6828005023,534.3232110682663,269.335958943404,6.0,4.0,2.0
r102C15,4,15,all,8,sweep,9.20000093174167e-06,1006574.7499292905,404.1242505557158,567.0625678734751,5.0,2.0,1.0
r102C15,4,15,all,8,nearest,3.749999814317562e-05,2002756.1837272218,433.0552471722176,192.3128480049608,4.0,3.0,2.0
r102C15,4,15,all,8,grasp,0.01731619999918621,5915.747734769767,452.5456204238554,506.32021143459116,4.0,6.0,0.0
r102C15,4,15,all,8,mp_eavns,0.2796282999988762,1043.4262240952555,443.4262240952556,0.0,6.0,4.0,0.0
r103_21,1,25,depot,1,edd,1.219999830937013e-05,4001789.698705141,580.0718534188026,20.962685172213952,10.0,0.0,4.0
r103_21,1,25,depot,1,sweep,6.800000846851617e-06,8002820.282186185,647.921506409716,107.2360679774998,11.0,0.0,8.0
r103_21,1,25,depot,1,nearest,6.990000110818073e-05,4004474.525026123,523.1732702595285,305.13517558636954,9.0,0.0,4.0
r103_21,1,25,depot,1,grasp,0.01415149999957066,4002157.3907966167,615.6146116360924,64.17761849807096,9.0,1.0,4.0
r103_21,1,25,depot,1,mp_eavns,0.13752360000216868,3001381.957680358,481.9576803580414,0.0,9.0,0.0,3.0
r103_21,1,25,phased,6,edd,1.4299999747890979e-05,2001791.6507007994,582.0238490772623,20.962685172213952,10.0,2.0,2.0
r103_21,1,25,phased,6,sweep,1.1100000847363845e-05,2827.579779558232,655.219099783234,107.2360679774998,11.0,6.0,0.0
r103_21,1,25,phased,6,nearest,7.449999975506216e-05,1004484.026506764,532.6747509002662,305.13517558636954,9.0,3.0,1.0
r103_21,1,25,phased,6,grasp,0.027159799999935785,1845.1109136750867,569.5619288221088,37.5548984852978,9.0,5.0,0.0
r103_21,1,25,phased,6,mp_eavns,0.22514009999940754,1282.9053315302774,482.90533153027735,0.0,8.0,5.0,0.0
r103_21,1,25,all,21,edd,1.2500000593718141e-05,2001791.6507007994,582.0238490772623,20.962685172213952,10.0,2.0,2.0
r103_21,1,25,all,21,sweep,9.599996701581404e-06,2827.579779558232,655.219099783234,107.2360679774998,11.0,6.0,0.0
r103_21,1,25,all,21,nearest,7.74000000092201e-05,1004484.026506764,532.6747509002662,305.13517558636954,9.0,3.0,1.0
r103_21,1,25,all,21,grasp,0.034375100000033854,2468.456517459767,591.5671216412599,97.68893958185072,9.0,5.0,0.0
r103_21,1,25,all,21,mp_eavns,0.3524708000004466,1420.0852726277167,520.0852726277167,0.0,9.0,3.0,0.0
r103_21,2,50,depot,1,edd,2.2800002625444904e-05,25003987.335601874,1502.9519396353348,58.43836622402168,19.0,0.0,25.0
r103_21,2,50,depot,1,sweep,1.2500000593718141e-05,18005175.188680988,1280.0830555088833,199.51056254786698,19.0,0.0,18.0
r103_21,2,50,depot,1,nearest,0.00023019999935058877,15006803.035337713,1261.603094954446,384.1432242757682,17.0,2.0,15.0
r103_21,2,50,depot,1,grasp,0.09836569999970379,13006227.797953498,1257.3901345427219,327.0407818954253,17.0,1.0,13.0
r103_21,2,50,depot,1,mp_eavns,0.8862504000026092,7002585.818716765,985.8187167655922,0.0,16.0,0.0,7.0
r103_21,2,50,phased,11,edd,2.350000067963265e-05,4006240.4057070487,1530.4894387387935,280.99162683098155,19.0,15.0,4.0
r103_21,2,50,phased,11,sweep,1.5099998563528061e-05,3005215.347051218,1320.241425739319,199.51056254786698,19.0,13.0,3.0
r103_21,2,50,phased,11,nearest,0.00021249999917927198,2008853.083572197,1240.127299736534,591.295627246043,17.0,12.0,2.0
r103_21,2,50,phased,11,grasp,0.3229994000030274,6053.19096301759,1387.8685157503655,296.5322447267224,17.0,18.0,0.0
r103_21,2,50,phased,11,mp_eavns,1.5125790999991295,2599.3186454109878,999.3186454109879,0.0,16.0,10.0,0.0
r103_21,2,50,all,21,edd,2.1899999410379678e-05,4006240.4057070487,1530.4894387387935,280.99162683098155,19.0,15.0,4.0
r103_21,2,50,all,21,sweep,1.5600002370774746e-05,3005215.347051218,1320.241425739319,199.51056254786698,19.0,13.0,3.0
r103_21,2,50,all,21,nearest,0.0002043999993475154,2008853.083572197,1240.127299736534,591.295627246043,17.0,12.0,2.0
r103_21,2,50,all,21,grasp,0.30534020000050077,7967.142483469546,1398.5723603810152,486.8570123088531,17.0,18.0,0.0
r103_21,2,50,all,21,mp_eavns,2.092674799998349,2620.363788416717,1020.3637884167171,0.0,16.0,9.0,0.0
r103_21,3,75,depot,1,edd,2.769999991869554e-05,37010765.3275927,2823.6823306509486,534.164526205275,26.0,9.0,37.0
r103_21,3,75,depot,1,sweep,1.6000001778593287e-05,27009357.399862714,2030.1136095248291,442.7286253187786,29.0,1.0,27.0
r103_21,3,75,depot,1,nearest,0.00041849999979604036,21011480.470470265,1917.0946848315673,716.3375785432396,24.0,1.0,21.0
r103_21,3,75,depot,1,grasp,0.2772862999991048,21010150.207874894,2053.850795473194,569.6357079420302,24.0,4.0,21.0
r103_21,3,75,depot,1,mp_eavns,3.4103042999995523,11004475.014593119,1532.0582917094919,54.29563014098699,24.0,0.0,11.0
r103_21,3,75,phased,16,edd,3.319999814266339e-05,15018234.380447112,2892.0041689422,1274.2376278170282,26.0,30.0,15.0
r103_21,3,75,phased,16,sweep,2.0699997548945248e-05,6009395.045332469,2067.7590792813035,442.7286253187786,29.0,19.0,6.0
r103_21,3,75,phased,16,nearest,0.0004303999994590413,3013187.1553182052,1956.452553592348,883.0702764612956,24.0,19.0,3.0
r103_21,3,75,phased,16,grasp,0.9502829999983078,2007223.8649706992,1991.0171409002498,283.28478297988363,24.0,21.0,2.0
r103_21,3,75,phased,16,mp_eavns,6.360538100001577,3953.2487973155926,1560.0900906328825,9.315870668271003,23.0,15.0,0.0
r103_21,3,75,all,21,edd,3.070000093430281e-05,15018234.380447112,2892.0041689422,1274.2376278170282,26.0,30.0,15.0
r103_21,3,75,all,21,sweep,1.9499999325489625e-05,6009395.045332469,2067.7590792813035,442.7286253187786,29.0,19.0,6.0
r103_21,3,75,all,21,nearest,0.00041420000343350694,3013187.1553182052,1956.452553592348,883.0702764612956,24.0,19.0,3.0
r103_21,3,75,all,21,grasp,0.8008123000035994,1011362.6235075421,2223.923638168782,673.8699869373334,24.0,27.0,1.0
r103_21,3,75,all,21,mp_eavns,9.538529599998583,4081.5241386164935,1588.3654319337836,9.315870668271003,24.0,15.0,0.0
r103_21,4,100,depot,1,edd,3.699999797390774e-05,54013534.18484473,3892.2563694412797,594.1928475293377,37.0,7.0,54.0
r103_21,4,100,depot,1,sweep,2.1699997887481004e-05,37012211.21299535,2692.3560670897255,581.8856928263028,37.0,1.0,37.0
r103_21,4,100,depot,1,nearest,0.000734499997633975,34015767.35054816,2817.8941550233885,974.9456393138479,32.0,2.0,34.0
r103_21,4,100,depot,1,grasp,0.6215412999990804,32014324.589108225,2796.572772484518,842.8016335739608,31.0,3.0,32.0
r103_21,4,100,depot,1,mp_eavns,9.544726500000252,15005635.638963614,2085.638963612991,35.0,32.0,0.0,15.0
r103_21,4,100,phased,21,edd,4.549999721348286e-05,17024377.549692757,3971.335284900498,1670.6214407857342,37.0,37.0,17.0
r103_21,4,100,phased,21,sweep,2.5600002118153498e-05,7014979.687397236,2768.526063977316,851.1161333258935,37.0,26.0,7.0
r103_21,4,100,phased,21,nearest,0.0007441999987349845,5021450.257837128,2865.1063595512665,1538.5151477576755,32.0,31.0,5.0
r103_21,4,100,phased,21,grasp,2.264879900001688,3016654.0181697058,3216.3283216639247,1033.768984804188,31.0,39.0,3.0
r103_21,4,100,phased,21,mp_eavns,19.638359299999138,5363.127602911061,2169.9688962283517,9.315870668271003,31.0,23.0,0.0
r103_21,4,100,all,21,edd,3.919999653589912e-05,17024377.549692757,3971.335284900498,1670.6214407857342,37.0,37.0,17.0
r103_21,4,100,all,21,sweep,2.4099997972371057e-05,7014979.687397236,2768.526063977316,851.1161333258935,37.0,26.0,7.0
r103_21,4,100,all,21,nearest,0.0006906999988132156,5021450.257837128,2865.1063595512665,1538.5151477576755,32.0,31.0,5.0
r103_21,4,100,all,21,grasp,2.47820910000155,1021849.1153850947,3000.8949909592784,1574.8220394135387,31.0,36.0,1.0
r103_21,4,100,all,21,mp_eavns,14.659241500001372,5407.679823517094,2214.5211168343835,9.315870668271003,31.0,23.0,0.0
r103C10,1,3,depot,1,edd,4.999998054699972e-06,1000171.2339397497,71.23393974968569,0.0,1.0,0.0,1.0
r103C10,1,3,depot,1,sweep,2.6000016077887267e-06,1000727.9853430814,66.08792760170431,56.1897415479673,1.0,0.0,1.0
r103C10,1,3,depot,1,nearest,9.300001693191007e-06,1000727.9853430814,66.08792760170431,56.1897415479673,1.0,0.0,1.0
r103C10,1,3,depot,1,grasp,0.00017419999858248048,1000171.2339397497,71.23393974968569,0.0,1.0,0.0,1.0
r103C10,1,3,depot,1,mp_eavns,0.003439300002355594,308.52837617993646,108.52837617993643,0.0,2.0,0.0,0.0
r103C10,1,3,phased,2,edd,2.4000000848900527e-06,1000171.2339397497,71.23393974968569,0.0,1.0,0.0,1.0
r103C10,1,3,phased,2,sweep,2.1000014385208488e-06,728.1860232386881,66.2886077590151,56.1897415479673,1.0,1.0,0.0
r103C10,1,3,phased,2,nearest,5.599998985417187e-06,728.1860232386881,66.2886077590151,56.1897415479673,1.0,1.0,0.0
r103C10,1,3,phased,2,grasp,0.00018769999951473437,345.15351464586456,78.66240823912946,16.649110640673513,1.0,1.0,0.0
r103C10,1,3,phased,2,mp_eavns,0.0038477000016428065,308.52837617993646,108.52837617993643,0.0,2.0,0.0,0.0
r103C10,1,3,all,3,edd,2.2000021999701858e-06,179.79720963962953,79.79720963962953,0.0,1.0,1.0,0.0
r103C10,1,3,all,3,sweep,1.7999991541728377e-06,728.1860232386881,66.2886077590151,56.1897415479673,1.0,1.0,0.0
r103C10,1,3,all,3,nearest,5.500001861946657e-06,728.1860232386881,66.2886077590151,56.1897415479673,1.0,1.0,0.0
r103C10,1,3,all,3,grasp,0.00019689999680849724,179.79720963962953,79.79720963962953,0.0,1.0,1.0,0.0
r103C10,1,3,all,3,mp_eavns,0.003327299997181399,179.79720963962953,79.79720963962953,0.0,1.0,1.0,0.0
r103C10,2,5,depot,1,edd,4.400000761961564e-06,2000301.0422041293,101.04220412938079,0.0,2.0,0.0,2.0
r103C10,2,5,depot,1,sweep,2.6999987312592566e-06,2000854.265590034,92.36817455425373,56.1897415479673,2.0,0.0,2.0
r103C10,2,5,depot,1,nearest,1.0399999155197293e-05,1000339.7771640309,139.77716403095843,0.0,2.0,0.0,1.0
r103C10,2,5,depot,1,grasp,0.0007479999985662289,1000298.0667554797,98.06675547968315,0.0,2.0,0.0,1.0
r103C10,2,5,depot,1,mp_eavns,0.009555900000123074,337.03014178874105,137.03014178874102,0.0,2.0,1.0,0.0
r103C10,2,5,phased,2,edd,3.4000004234258085e-06,2000301.0422041293,101.04220412938079,0.0,2.0,0.0,2.0
r103C10,2,5,phased,2,sweep,3.0999981390777975e-06,854.2714255448286,92.37401006515557,56.1897415479673,2.0,1.0,0.0
r103C10,2,5,phased,2,nearest,9.100000170292333e-06,1000339.7771640309,139.77716403095843,0.0,2.0,0.0,1.0
r103C10,2,5,phased,2,grasp,0.0007651999985682778,347.6249079724149,147.62490797241495,0.0,2.0,1.0,0.0
r103C10,2,5,phased,2,mp_eavns,0.010252000000036787,332.2437301653571,132.2437301653571,0.0,2.0,1.0,0.0
r103C10,2,5,all,3,edd,6.099999154685065e-06,311.0431901795175,111.04319017951755,0.0,2.0,1.0,0.0
r103C10,2,5,all,3,sweep,4.999998054699972e-06,854.2714255448286,92.37401006515557,56.1897415479673,2.0,1.0,0.0
r103C10,2,5,all,3,nearest,1.219999830937013e-05,1000339.7771640309,139.77716403095843,0.0,2.0,0.0,1.0
r103C10,2,5,all,3,grasp,0.0007239000005938578,311.0431901795175,111.04319017951755,0.0,2.0,1.0,0.0
r103C10,2,5,all,3,mp_eavns,0.013723000000027241,303.5119432304266,103.5119432304266,0.0,2.0,1.0,0.0
r103C10,3,8,depot,1,edd,4.7000030463095754e-06,2000488.0448679535,188.04486795346114,0.0,3.0,1.0,2.0
r103C10,3,8,depot,1,sweep,3.1000017770566046e-06,3001032.4828668954,170.5854514158641,56.1897415479673,3.0,0.0,3.0
r103C10,3,8,depot,1,nearest,1.6000001778593287e-05,2001915.6545241987,205.20091402690886,141.04536101718725,3.0,0.0,2.0
r103C10,3,8,depot,1,grasp,0.0012679999999818392,2109.1945399604356,275.6440196327149,153.35505203277205,3.0,2.0,0.0
r103C10,3,8,depot,1,mp_eavns,0.02503459999934421,495.81243860743336,195.81243860743336,0.0,3.0,1.0,0.0
r103C10,3,8,phased,3,edd,5.699999746866524e-06,494.21730787046994,194.21730787046994,0.0,3.0,2.0,0.0
r103C10,3,8,phased,3,sweep,5.40000110049732e-06,1001032.4887024064,170.59128692676595,56.1897415479673,3.0,1.0,1.0
r103C10,3,8,phased,3,nearest,1.8599999748403206e-05,1001916.7850777865,206.33146761472412,141.04536101718725,3.0,1.0,1.0
r103C10,3,8,phased,3,grasp,0.0016916999993554782,536.4323172148027,236.43231721480268,0.0,3.0,2.0,0.0
r103C10,3,8,phased,3,mp_eavns,0.027648600000247825,491.0859193176751,191.0859193176751,0.0,3.0,1.0,0.0
r103C10,3,8,all,3,edd,5.199999577598646e-06,494.21730787046994,194.21730787046994,0.0,3.0,2.0,0.0
r103C10,3,8,all,3,sweep,3.9000005926936865e-06,1001032.4887024064,170.59128692676595,56.1897415479673,3.0,1.0,1.0
r103C10,3,8,all,3,nearest,1.559999873279594e-05,1001916.7850777865,206.33146761472412,141.04536101718725,3.0,1.0,1.0
r103C10,3,8,all,3,grasp,0.0016398999978264328,523.2047854059097,223.2047854059097,0.0,3.0,2.0,0.0
r103C10,3,8,all,3,mp_eavns,0.024795599998469697,491.0859193176751,191.08591931767512,0.0,3.0,1.0,0.0
r103C10,4,10,depot,1,edd,4.699999408330768e-06,3000665.8705395847,265.87053958483233,0.0,4.0,1.0,3.0
r103C10,4,10,depot,1,sweep,3.4000004234258085e-06,4001423.5797761492,240.26100443243766,78.33187717169825,4.0,0.0,4.0
r103C10,4,10,depot,1,nearest,1.880000127130188e-05,2001907.7867320813,261.75588302885814,134.60308490524162,3.0,1.0,2.0
r103C10,4,10,depot,1,grasp,0.002135300001100404,2114.8216978063833,352.56242392364027,146.2259273882743,3.0,4.0,0.0
r103C10,4,10,depot,1,mp_eavns,0.0329453000013018,554.8104433595272,254.81044335952726,0.0,3.0,2.0,0.0
r103C10,4,10,phased,3,edd,4.599998646881431e-06,2000666.9120754169,266.9120754167855,0.0,4.0,2.0,2.0
r103C10,4,10,phased,3,sweep,4.099998477613553e-06,1001425.4693300884,242.1505583713262,78.33187717169825,4.0,2.0,1.0
r103C10,4,10,phased,3,nearest,1.8699996871873736e-05,1001909.6704505093,263.63960145684484,134.60308490524162,3.0,2.0,1.0
r103C10,4,10,phased,3,grasp,0.002343699998164084,690.290481719155,340.52019117068863,4.977029054846639,3.0,4.0,0.0
r103C10,4,10,phased,3,mp_eavns,0.041231300001527416,515.5838614962111,215.5838614962111,0.0,3.0,2.0,0.0
r103C10,4,10,all,3,edd,7.400001777568832e-06,2000666.9120754169,266.9120754167855,0.0,4.0,2.0,2.0
r103C10,4,10,all,3,sweep,7.099999493220821e-06,1001425.4693300884,242.1505583713262,78.33187717169825,4.0,2.0,1.0
r103C10,4,10,all,3,nearest,2.260000110254623e-05,1001909.6704505093,263.63960145684484,134.60308490524162,3.0,2.0,1.0
r103C10,4,10,all,3,grasp,0.002287400002387585,680.2287448208558,238.4593763136796,14.176936850717624,3.0,2.0,0.0
r103C10,4,10,all,3,mp_eavns,0.04729159999988042,525.068236534712,225.06823653471199,0.0,3.0,2.0,0.0
r104_21,1,25,depot,1,edd,1.2300002708798274e-05,6001711.20332812,611.2033281198101,0.0,11.0,0.0,6.0
r104_21,1,25,depot,1,sweep,7.299997378140688e-06,8001747.9215064095,647.921506409716,0.0,11.0,0.0,8.0
r104_21,1,25,depot,1,nearest,7.270000060088933e-05,4001520.1139279576,523.1732702595285,9.694065769802663,9.0,0.0,4.0
r104_21,1,25,depot,1,grasp,0.009219600000506034,4001453.477420627,553.477420627127,0.0,9.0,0.0,4.0
r104_21,1,25,depot,1,mp_eavns,0.1397904000004928,3001257.831048827,457.8310488271559,0.0,8.0,0.0,3.0
r104_21,1,25,phased,6,edd,1.2800002878066152e-05,3001716.7926872903,616.7926872901304,0.0,11.0,3.0,3.0
r104_21,1,25,phased,6,sweep,9.999999747378752e-06,1755.219099783234,655.219099783234,0.0,11.0,6.0,0.0
r104_21,1,25,phased,6,nearest,7.389999882434495e-05,1001529.6154085983,532.6747509002662,9.694065769802663,9.0,3.0,1.0
r104_21,1,25,phased,6,grasp,0.017530499997519655,1457.9056998662113,557.9056998662113,0.0,9.0,5.0,0.0
r104_21,1,25,phased,6,mp_eavns,0.17970490000152495,1401.3252750202787,501.3252750202787,0.0,9.0,3.0,0.0
r104_21,1,25,all,21,edd,1.2399999832268804e-05,3001716.7926872903,616.7926872901304,0.0,11.0,3.0,3.0
r104_21,1,25,all,21,sweep,9.300001693191007e-06,1755.219099783234,655.219099783234,0.0,11.0,6.0,0.0
r104_21,1,25,all,21,nearest,7.380000170087442e-05,1001529.6154085983,532.6747509002662,9.694065769802663,9.0,3.0,1.0
r104_21,1,25,all,21,grasp,0.026668000002246117,1490.0860189617613,590.0860189617613,0.0,9.0,6.0,0.0
r104_21,1,25,all,21,mp_eavns,0.31807990000015707,1390.7060080158328,490.70600801583277,0.0,9.0,3.0,0.0
r104_21,2,50,depot,1,edd,2.2099997295299545e-05,21005553.582024734,1633.618210099672,201.99638146330787,19.0,3.0,21.0
r104_21,2,50,depot,1,sweep,1.300000076298602e-05,18003867.167812534,1280.0830555088833,68.70847570242378,19.0,0.0,18.0
r104_21,2,50,depot,1,nearest,0.00021839999681105837,15003058.543752652,1261.603094954446,9.694065769802663,17.0,2.0,15.0
r104_21,2,50,depot,1,grasp,0.08623870000155875,13003226.7096894,1378.5813938094311,24.81282955904419,16.0,3.0,13.0
r104_21,2,50,depot,1,mp_eavns,1.0600898000011512,7002576.082510149,976.0825101494883,0.0,16.0,0.0,7.0
r104_21,2,50,phased,11,edd,2.300000051036477e-05,5007050.954247894,1619.6005507513112,353.1353697142249,19.0,13.0,5.0
r104_21,2,50,phased,11,sweep,1.4099998224992305e-05,3003907.3261827636,1320.241425739319,68.70847570242378,19.0,13.0,3.0
r104_21,2,50,phased,11,nearest,0.00021150000247871503,2003796.7737677894,1240.127299736534,85.6646468052913,17.0,12.0,2.0
r104_21,2,50,phased,11,grasp,0.23207990000082646,3478.9549974022902,1281.25843349115,59.769656391114026,16.0,13.0,0.0
r104_21,2,50,phased,11,mp_eavns,2.658952000001591,2623.702485173193,1023.7024851731929,0.0,16.0,10.0,0.0
r104_21,2,50,all,21,edd,2.600000152597204e-05,5007050.954247894,1619.6005507513112,353.1353697142249,19.0,13.0,5.0
r104_21,2,50,all,21,sweep,1.4100001862971112e-05,3003907.3261827636,1320.241425739319,68.70847570242378,19.0,13.0,3.0
r104_21,2,50,all,21,nearest,0.00022090000129537657,2003796.7737677894,1240.127299736534,85.6646468052913,17.0,12.0,2.0
r104_21,2,50,all,21,grasp,0.26930710000306135,2999.6153267266473,1326.2787595674965,7.3336567159150405,16.0,15.0,0.0
r104_21,2,50,all,21,mp_eavns,2.137495200000558,2613.4821472819835,1013.4821472819834,0.0,16.0,10.0,0.0
r104_21,3,75,depot,1,edd,3.090000245720148e-05,37008672.74521678,2774.9834753705327,309.77617414075206,28.0,7.0,37.0
r104_21,3,75,depot,1,sweep,1.6999998479150236e-05,27005893.80566485,2030.1136095248291,96.36920553234901,29.0,1.0,27.0
r104_21,3,75,depot,1,nearest,0.00042580000081215985,21006950.605799392,1917.0946848315673,263.35111145616736,24.0,1.0,21.0
r104_21,3,75,depot,1,grasp,0.219365499997366,22005498.85840205,2091.2312363703677,100.76271656820771,24.0,4.0,22.0
r104_21,3,75,depot,1,mp_eavns,3.9691626000021643,11003931.098915607,1531.0989156064852,0.0,24.0,0.0,11.0
r104_21,3,75,phased,16,edd,3.429999924264848e-05,9011923.071466768,2815.765053075439,630.7306413692223,28.0,28.0,9.0
r104_21,3,75,phased,16,sweep,2.0700001186924055e-05,6005931.451134604,2067.7590792813035,96.36920553234901,29.0,19.0,6.0
r104_21,3,75,phased,16,nearest,0.0004245999989507254,3007625.749369096,1956.452553592348,326.9296815503577,24.0,19.0,3.0
r104_21,3,75,phased,16,grasp,0.7537321999989217,1007182.5505441537,2117.267071000482,266.5283473153189,24.0,23.0,1.0
r104_21,3,75,phased,16,mp_eavns,5.705695099997683,3998.222981904475,1598.2229819044753,0.0,24.0,14.0,0.0
r104_21,3,75,all,21,edd,3.6600002204068005e-05,9011913.007826935,2805.701413242583,630.7306413692223,28.0,28.0,9.0
r104_21,3,75,all,21,sweep,2.1100000594742596e-05,6005931.451134604,2067.7590792813035,96.36920553234901,29.0,19.0,6.0
r104_21,3,75,all,21,nearest,0.00043680000089807436,3007625.749369096,1956.452553592348,326.9296815503577,24.0,19.0,3.0
r104_21,3,75,all,21,grasp,0.7603782000005594,1006345.4963762139,2076.9478604855085,196.85485157283776,23.0,22.0,1.0
r104_21,3,75,all,21,mp_eavns,7.77793080000265,3889.9553896318994,1589.9553896318996,0.0,23.0,15.0,0.0
r104_21,4,100,depot,1,edd,3.4500000765547156e-05,53010878.92940342,3937.848333891962,334.108106952621,36.0,8.0,53.0
r104_21,4,100,depot,1,sweep,2.1899999410379678e-05,37007399.873545244,2692.3560670897255,100.75174781547051,37.0,1.0,37.0
r104_21,4,100,depot,1,nearest,0.0007052000000840053,34009385.17611961,2817.8941550233885,336.72819645842617,32.0,2.0,34.0
r104_21,4,100,depot,1,grasp,0.5985712000001513,30011654.069738742,3028.9217346018736,552.5148004141311,31.0,10.0,30.0
r104_21,4,100,depot,1,mp_eavns,6.47635739999896,16005273.573949968,2073.5739499682827,0.0,32.0,0.0,16.0
r104_21,4,100,phased,21,edd,4.310000076657161e-05,15016736.46010621,3978.4075995857033,915.8052506624506,36.0,38.0,15.0
r104_21,4,100,phased,21,sweep,2.4999997549457476e-05,7007476.043542132,2768.526063977316,100.75174781547051,37.0,26.0,7.0
r104_21,4,100,phased,21,nearest,0.0007412999984808266,5011259.101149143,2865.1063595512665,519.3994789591366,32.0,31.0,5.0
r104_21,4,100,phased,21,grasp,2.084172099999705,11452.730172832928,2856.1645074441217,549.6565665388806,31.0,36.0,0.0
r104_21,4,100,phased,21,mp_eavns,16.518427899998642,5287.764707681854,2187.7647076818544,0.0,31.0,22.0,0.0
r104_21,4,100,all,21,edd,4.1300001612398773e-05,15016736.46010621,3978.4075995857033,915.8052506624506,36.0,38.0,15.0
r104_21,4,100,all,21,sweep,2.689999746507965e-05,7007476.043542132,2768.526063977316,100.75174781547051,37.0,26.0,7.0
r104_21,4,100,all,21,nearest,0.0007165000024542678,5011259.101149143,2865.1063595512665,519.3994789591366,32.0,31.0,5.0
r104_21,4,100,all,21,grasp,2.104474300002039,1010247.7241741504,2987.8682641378173,405.9855910012582,32.0,35.0,1.0
r104_21,4,100,all,21,mp_eavns,15.975791100001516,5342.35689074656,2180.8060972611142,6.155079348544575,31.0,21.0,0.0
r104C5,1,2,depot,1,edd,6.099999154685065e-06,144.51150805005705,44.51150805005705,0.0,1.0,0.0,0.0
r104C5,1,2,depot,1,sweep,2.1999985619913787e-06,144.51150805005705,44.51150805005705,0.0,1.0,0.0,0.0
r104C5,1,2,depot,1,nearest,9.300001693191007e-06,144.51150805005705,44.51150805005705,0.0,1.0,0.0,0.0
r104C5,1,2,depot,1,grasp,0.0001140000022132881,144.51150805005705,44.51150805005705,0.0,1.0,0.0,0.0
r104C5,1,2,depot,1,mp_eavns,0.0010934999991150107,144.51150805005705,44.51150805005705,0.0,1.0,0.0,0.0
r104C5,1,2,phased,2,edd,1.8999999156221747e-06,144.51150805005705,44.51150805005705,0.0,1.0,0.0,0.0
r104C5,1,2,phased,2,sweep,1.3999997463542968e-06,144.51150805005705,44.51150805005705,0.0,1.0,0.0,0.0
r104C5,1,2,phased,2,nearest,3.5999983083456755e-06,144.51150805005705,44.51150805005705,0.0,1.0,0.0,0.0
r104C5,1,2,phased,2,grasp,0.00010729999848990701,144.51150805005705,44.51150805005705,0.0,1.0,0.0,0.0
r104C5,1,2,phased,2,mp_eavns,0.001066499997250503,144.51150805005705,44.51150805005705,0.0,1.0,0.0,0.0
r104C5,1,2,all,3,edd,1.5000005078036338e-06,144.51150805005705,44.51150805005705,0.0,1.0,0.0,0.0
r104C5,1,2,all,3,sweep,1.2000018614344299e-06,144.51150805005705,44.51150805005705,0.0,1.0,0.0,0.0
r104C5,1,2,all,3,nearest,3.7000027077738196e-06,144.51150805005705,44.51150805005705,0.0,1.0,0.0,0.0
r104C5,1,2,all,3,grasp,0.00010699999984353781,144.51150805005705,44.51150805005705,0.0,1.0,0.0,0.0
r104C5,1,2,all,3,mp_eavns,0.0010593000006338116,144.51150805005705,44.51150805005705,0.0,1.0,0.0,0.0
r104C5,2,3,depot,1,edd,2.5000008463393897e-06,281.28106067175753,81.28106067175752,0.0,2.0,0.0,0.0
r104C5,2,3,depot,1,sweep,1.8999999156221747e-06,281.28106067175753,81.28106067175753,0.0,2.0,0.0,0.0
r104C5,2,3,depot,1,nearest,5.999998393235728e-06,281.28106067175753,81.28106067175753,0.0,2.0,0.0,0.0
r104C5,2,3,depot,1,grasp,0.00016230000255745836,281.28106067175753,81.28106067175753,0.0,2.0,0.0,0.0
r104C5,2,3,depot,1,mp_eavns,0.002261899997392902,281.28106067175753,81.28106067175753,0.0,2.0,0.0,0.0
r104C5,2,3,phased,2,edd,2.1999985619913787e-06,281.28106067175753,81.28106067175752,0.0,2.0,0.0,0.0
r104C5,2,3,phased,2,sweep,2.0000006770715117e-06,281.28106067175753,81.28106067175753,0.0,2.0,0.0,0.0
r104C5,2,3,phased,2,nearest,5.699999746866524e-06,281.28106067175753,81.28106067175753,0.0,2.0,0.0,0.0
r104C5,2,3,phased,2,grasp,0.00016260000120382756,281.28106067175753,81.28106067175753,0.0,2.0,0.0,0.0
r104C5,2,3,phased,2,mp_eavns,0.0022557000011147466,281.28106067175753,81.28106067175753,0.0,2.0,0.0,0.0
r104C5,2,3,all,3,edd,2.0999978005420417e-06,281.28106067175753,81.28106067175752,0.0,2.0,0.0,0.0
r104C5,2,3,all,3,sweep,1.8999999156221747e-06,281.28106067175753,81.28106067175753,0.0,2.0,0.0,0.0
r104C5,2,3,all,3,nearest,5.300000339047983e-06,281.28106067175753,81.28106067175753,0.0,2.0,0.0,0.0
r104C5,2,3,all,3,grasp,0.00016029999824240804,281.28106067175753,81.28106067175753,0.0,2.0,0.0,0.0
r104C5,2,3,all,3,mp_eavns,0.002351800001633819,281.28106067175753,81.28106067175753,0.0,2.0,0.0,0.0
r104C5,3,4,depot,1,edd,2.5999979698099196e-06,1000986.215921074,160.60318873196528,62.56127323420921,2.0,1.0,1.0
r104C5,3,4,depot,1,sweep,2.4000000848900527e-06,1000986.215921074,160.6031887319653,62.56127323420921,2.0,1.0,1.0
r104C5,3,4,depot,1,nearest,7.300001016119495e-06,1000360.6031887319,160.6031887319653,0.0,2.0,1.0,1.0
r104C5,3,4,depot,1,grasp,0.0002612000025692396,1000360.6031887319,160.6031887319653,0.0,2.0,1.0,1.0
r104C5,3,4,depot,1,mp_eavns,0.005191000000195345,1000360.6031887319,160.6031887319653,0.0,2.0,1.0,1.0
r104C5,3,4,phased,3,edd,5.40000110049732e-06,986.7744572299566,161.16172488786444,62.56127323420921,2.0,2.0,0.0
r104C5,3,4,phased,3,sweep,9.300001693191007e-06,986.7744572299566,161.16172488786444,62.56127323420921,2.0,2.0,0.0
r104C5,3,4,phased,3,nearest,1.1000000085914508e-05,361.16172488786447,161.16172488786447,0.0,2.0,2.0,0.0
r104C5,3,4,phased,3,grasp,0.0003113999991910532,361.16172488786447,161.16172488786447,0.0,2.0,2.0,0.0
r104C5,3,4,phased,3,mp_eavns,0.006676900000456953,361.16172488786447,161.16172488786447,0.0,2.0,2.0,0.0
r104C5,3,4,all,3,edd,2.7000023692380637e-06,986.7744572299566,161.16172488786444,62.56127323420921,2.0,2.0,0.0
r104C5,3,4,all,3,sweep,2.6000016077887267e-06,986.7744572299566,161.16172488786444,62.56127323420921,2.0,2.0,0.0
r104C5,3,4,all,3,nearest,6.999998731771484e-06,361.16172488786447,161.16172488786447,0.0,2.0,2.0,0.0
r104C5,3,4,all,3,grasp,0.00031120000130613334,361.16172488786447,161.16172488786447,0.0,2.0,2.0,0.0
r104C5,3,4,all,3,mp_eavns,0.006893900001159636,361.16172488786447,161.16172488786447,0.0,2.0,2.0,0.0
r104C5,4,5,depot,1,edd,4.300000000512227e-06,4000387.4280481366,187.42804813661908,0.0,2.0,0.0,4.0
r104C5,4,5,depot,1,sweep,2.6999987312592566e-06,1001116.6790134975,191.06628115542094,62.56127323420921,3.0,1.0,1.0
r104C5,4,5,depot,1,nearest,1.1600001016631722e-05,2000491.5377033476,191.53770334751536,0.0,3.0,0.0,2.0
r104C5,4,5,depot,1,grasp,0.0003056999994441867,2000491.5377033476,191.53770334751536,0.0,3.0,0.0,2.0
r104C5,4,5,depot,1,mp_eavns,0.010443099999974947,1000461.0131556103,161.01315561033766,0.0,3.0,0.0,1.0
r104C5,4,5,phased,3,edd,5.099998816149309e-06,2000387.4286399235,187.4286399233417,0.0,2.0,1.0,2.0
r104C5,4,5,phased,3,sweep,3.9000005926936865e-06,1117.2375496534123,191.62481731132007,62.56127323420921,3.0,2.0,0.0
r104C5,4,5,phased,3,nearest,1.1200001608813182e-05,1000491.6515211408,191.65152114077202,0.0,3.0,1.0,1.0
r104C5,4,5,phased,3,grasp,0.00036139999792794697,1000391.6239674167,191.62396741668525,0.0,2.0,2.0,1.0
r104C5,4,5,phased,3,mp_eavns,0.01370620000307099,461.5716917662368,161.57169176623682,0.0,3.0,1.0,0.0
r104C5,4,5,all,3,edd,3.4999975468963385e-06,2000387.4286399235,187.4286399233417,0.0,2.0,1.0,2.0
r104C5,4,5,all,3,sweep,3.1999989005271345e-06,1117.2375496534123,191.62481731132007,62.56127323420921,3.0,2.0,0.0
r104C5,4,5,all,3,nearest,9.69999746303074e-06,1000491.6515211408,191.65152114077202,0.0,3.0,1.0,1.0
r104C5,4,5,all,3,grasp,0.0004030999989481643,1203.1589482766335,207.69565539883197,79.54632928778017,2.0,3.0,0.0
r104C5,4,5,all,3,mp_eavns,0.01123599999846192,461.5716917662368,161.57169176623682,0.0,3.0,1.0,0.0
r105_21,1,25,depot,1,edd,1.0299998393747956e-05,5001605.23495629,605.2349562896432,0.0,10.0,0.0,5.0
r105_21,1,25,depot,1,sweep,6.60000296193175e-06,8002620.282186185,647.921506409716,87.2360679774998,11.0,0.0,8.0
r105_21,1,25,depot,1,nearest,6.910000229254365e-05,4006963.786146022,536.5698660467076,552.7216279975028,9.0,0.0,4.0
r105_21,1,25,depot,1,grasp,0.017487100001744693,4004239.277718461,622.0012394617925,271.7276478999323,9.0,1.0,4.0
r105_21,1,25,depot,1,mp_eavns,0.10205929999938235,3001374.3356595268,474.3356595267168,0.0,9.0,0.0,3.0
r105_21,1,25,phased,6,edd,1.4199998986441642e-05,3001611.5375333517,611.5375333519016,0.0,10.0,2.0,3.0
r105_21,1,25,phased,6,sweep,9.999999747378752e-06,2794.148322053156,655.219099783234,103.89292222699218,11.0,6.0,0.0
r105_21,1,25,phased,6,nearest,8.739999975659885e-05,1006973.2925187151,546.0762387400868,552.7216279975028,9.0,3.0,1.0
r105_21,1,25,phased,6,grasp,0.033948600001167506,3075.222206565375,644.2856689883865,153.09365375769883,9.0,7.0,0.0
r105_21,1,25,phased,6,mp_eavns,0.3037524999999732,1401.1876069557786,501.18760695577856,0.0,9.0,4.0,0.0
r105_21,1,25,all,21,edd,1.1500000255182385e-05,3001611.5375333517,611.5375333519016,0.0,10.0,2.0,3.0
r105_21,1,25,all,21,sweep,9.300001693191007e-06,2794.148322053156,655.219099783234,103.89292222699218,11.0,6.0,0.0
r105_21,1,25,all,21,nearest,7.190000178525224e-05,1006973.2925187151,546.0762387400868,552.7216279975028,9.0,3.0,1.0
r105_21,1,25,all,21,grasp,0.047200000000884756,4393.725428068639,663.6528585876105,273.00725694810285,10.0,6.0,0.0
r105_21,1,25,all,21,mp_eavns,0.4220912999990105,1401.1876069557786,501.18760695577856,0.0,9.0,4.0,0.0
r105_21,2,50,depot,1,edd,1.9999999494757503e-05,22007219.292441886,1597.9598865829848,382.13325553030944,18.0,3.0,22.0
r105_21,2,50,depot,1,sweep,1.2400003470247611e-05,18008971.365273785,1280.0830555088833,579.1282218275397,19.0,0.0,18.0
r105_21,2,50,depot,1,nearest,0.00020980000044801272,12015788.845851554,1194.9776717619318,1289.3868179792469,17.0,1.0,12.0
r105_21,2,50,depot,1,grasp,0.12835599999743863,12014935.79470371,1391.7498380433663,1194.4044865667122,16.0,5.0,12.0
r105_21,2,50,depot,1,mp_eavns,1.1618391999982123,7002642.707956003,1042.707956003204,0.0,16.0,1.0,7.0
r105_21,2,50,phased,11,edd,2.350000067963265e-05,6010280.869193876,1600.623671869828,688.0245522005962,18.0,14.0,6.0
r105_21,2,50,phased,11,sweep,1.5100002201506868e-05,3009178.0921865096,1320.241425739319,595.7850760770322,19.0,13.0,3.0
r105_21,2,50,phased,11,nearest,0.00021700000070268288,1017261.6858539982,1190.7685898406853,1437.09172641575,17.0,10.0,1.0
r105_21,2,50,phased,11,grasp,0.3196839000011096,11500.4741458227,1354.3012783709273,854.6172867451774,16.0,16.0,0.0
r105_21,2,50,phased,11,mp_eavns,2.9339581999993243,2703.3174858601033,1103.3174858601033,0.0,16.0,11.0,0.0
r105_21,2,50,all,21,edd,2.0800001948373392e-05,6010280.869193876,1600.623671869828,688.0245522005962,18.0,14.0,6.0
r105_21,2,50,all,21,sweep,1.4900000678608194e-05,3009178.0921865096,1320.241425739319,595.7850760770322,19.0,13.0,3.0
r105_21,2,50,all,21,nearest,0.00021659999765688553,1017258.4095996624,1187.49233550491,1437.09172641575,17.0,10.0,1.0
r105_21,2,50,all,21,grasp,0.3719999999993888,10551.462009126148,1431.40877304973,742.0053236076417,17.0,17.0,0.0
r105_21,2,50,all,21,mp_eavns,3.6287842000019737,2680.3975021003794,1079.8436507190052,0.055385138137410195,16.0,11.0,0.0
r105_21,3,75,depot,1,edd,2.8500002372311428e-05,47009611.918309204,2970.30077643186,394.1617532775796,27.0,5.0,47.0
r105_21,3,75,depot,1,sweep,1.599999814061448e-05,27015536.733776398,2030.1136095248291,1060.6620166873136,29.0,1.0,27.0
r105_21,3,75,depot,1,nearest,0.00042329999996582046,21022848.93261009,1889.1187387018583,1855.9813871387391,24.0,1.0,21.0
r105_21,3,75,depot,1,grasp,0.32975530000112485,21016047.74549699,2054.320677719032,1159.3424819270128,24.0,4.0,21.0
r105_21,3,75,depot,1,mp_eavns,3.4985218000001623,10004099.209025953,1699.2090259529402,0.0,24.0,3.0,10.0
r105_21,3,75,phased,16,edd,3.310000101919286e-05,9026300.041143898,3050.48955877242,2054.955158512636,27.0,32.0,9.0
r105_21,3,75,phased,16,sweep,2.090000270982273e-05,6015432.220119711,2067.7590792813035,1046.446104042961,29.0,19.0,6.0
r105_21,3,75,phased,16,nearest,0.00043220000225119293,3023994.1150175296,1929.3790112497059,1966.473600627994,24.0,19.0,3.0
r105_21,3,75,phased,16,grasp,1.109818400000222,1023104.9485320366,2110.9863798157917,1859.396215222082,24.0,21.0,1.0
r105_21,3,75,phased,16,mp_eavns,6.229305299999396,4168.550825689639,1666.0111116599217,10.253971402971729,24.0,16.0,0.0
r105_21,3,75,all,21,edd,3.1600000511389226e-05,9026300.041143898,3050.48955877242,2054.955158512636,27.0,32.0,9.0
r105_21,3,75,all,21,sweep,1.9400002202019095e-05,6015432.220119711,2067.7590792813035,1046.446104042961,29.0,19.0,6.0
r105_21,3,75,all,21,nearest,0.0004149000014876947,3023994.1150175296,1929.3790112497059,1966.473600627994,24.0,19.0,3.0
r105_21,3,75,all,21,grasp,1.0008510000006936,1018365.5196996572,2307.5185323195747,1365.8001167337627,24.0,29.0,1.0
r105_21,3,75,all,21,mp_eavns,7.9573891,4169.811053498197,1667.2713394684797,10.253971402971729,24.0,16.0,0.0
r105_21,4,100,depot,1,edd,3.680000008898787e-05,63012129.048399575,4105.600127957498,442.3448271616653,36.0,7.0,63.0
r105_21,4,100,depot,1,sweep,2.1500000002561137e-05,37021272.03013356,2692.3560670897255,1487.9674066470307,37.0,1.0,37.0
r105_21,4,100,depot,1,nearest,0.0007143000002542976,34027815.17394707,2838.6588443403894,2177.6515102734256,32.0,2.0,34.0
r105_21,4,100,depot,1,grasp,0.8078104000014719,30024886.55541085,2952.8460784333884,1883.3709332418236,31.0,8.0,30.0
r105_21,4,100,depot,1,mp_eavns,8.883518099999492,14005520.122240072,2215.9001890535305,10.422205101855951,32.0,2.0,14.0
r105_21,4,100,phased,21,edd,4.3000000005122274e-05,15029686.603266913,4179.526418040777,2190.7076848872293,36.0,45.0,15.0
r105_21,4,100,phased,21,sweep,2.4600001779617742e-05,7023398.345409,2768.526063977316,1692.9819345022688,37.0,26.0,7.0
r105_21,4,100,phased,21,nearest,0.0007060999996610917,6034864.932774918,2884.4955713197046,2878.0437203598526,32.0,29.0,6.0
r105_21,4,100,phased,21,grasp,2.905581600000005,1032416.3105902045,3123.8164230015173,2599.2494167203,33.0,39.0,1.0
r105_21,4,100,phased,21,mp_eavns,14.152487700001075,5488.6577983927355,2285.564232981644,10.309356541109146,31.0,23.0,0.0
r105_21,4,100,all,21,edd,4.649999755201861e-05,15029686.603266913,4179.526418040777,2190.7076848872293,36.0,45.0,15.0
r105_21,4,100,all,21,sweep,2.7500002033775672e-05,7023398.345409,2768.526063977316,1692.9819345022688,37.0,26.0,7.0
r105_21,4,100,all,21,nearest,0.0007681000024604145,6034864.932774918,2884.4955713197046,2878.0437203598526,32.0,29.0,6.0
r105_21,4,100,all,21,grasp,3.129563500002405,1026374.1785744035,2972.594459867236,2030.1584114536222,31.0,34.0,1.0
r105_21,4,100,all,21,mp_eavns,15.184734799997386,5481.049989944255,2276.6072991629535,10.44426907813019,31.0,22.0,0.0
r105C15,1,4,depot,1,edd,6.499998562503606e-06,1000314.1805126917,114.18051269176662,0.0,2.0,0.0,1.0
r105C15,1,4,depot,1,sweep,3.2999996619764715e-06,1000436.8049360071,136.80493600710176,0.0,3.0,0.0,1.0
r105C15,1,4,depot,1,nearest,1.3999997463542968e-05,1000922.9852429214,112.98524292138555,61.0,2.0,0.0,1.0
r105C15,1,4,depot,1,grasp,0.00022079999689594842,1000314.1805126917,114.18051269176662,0.0,2.0,0.0,1.0
r105C15,1,4,depot,1,mp_eavns,0.003679299999930663,1000314.1805126917,114.18051269176662,0.0,2.0,0.0,1.0
r105C15,1,4,phased,3,edd,2.5000008463393897e-06,315.26375699986676,115.26375699986676,0.0,2.0,1.0,0.0
r105C15,1,4,phased,3,sweep,2.6000016077887267e-06,445.29438105355626,145.29438105355626,0.0,3.0,1.0,0.0
r105C15,1,4,phased,3,nearest,6.599999323952943e-06,929.5649472644355,119.56494726443557,61.0,2.0,1.0,0.0
r105C15,1,4,phased,3,grasp,0.00025040000036824495,320.7602170348166,120.76021703481663,0.0,2.0,1.0,0.0
r105C15,1,4,phased,3,mp_eavns,0.004751399999804562,315.26375699986676,115.26375699986676,0.0,2.0,1.0,0.0
r105C15,1,4,all,6,edd,2.2999993234407157e-06,315.26375699986676,115.26375699986676,0.0,2.0,1.0,0.0
r105C15,1,4,all,6,sweep,2.1999985619913787e-06,445.29438105355626,145.29438105355626,0.0,3.0,1.0,0.0
r105C15,1,4,all,6,nearest,6.70000008540228e-06,929.5649472644355,119.56494726443557,61.0,2.0,1.0,0.0
r105C15,1,4,all,6,grasp,0.00028190000011818483,320.7602170348166,120.76021703481663,0.0,2.0,1.0,0.0
r105C15,1,4,all,6,mp_eavns,0.004918399998132372,315.26375699986676,115.26375699986676,0.0,2.0,1.0,0.0
r105C15,2,8,depot,1,edd,4.599998646881431e-06,5001620.86751689,343.8042394246571,97.7063277465825,3.0,2.0,5.0
r105C15,2,8,depot,1,sweep,3.9000005926936865e-06,2000863.1260845598,250.32498566699266,21.280109889280524,4.0,0.0,2.0
r105C15,2,8,depot,1,nearest,1.680000059423037e-05,3001130.0813529906,220.08135299066026,61.0,3.0,0.0,3.0
r105C15,2,8,depot,1,grasp,0.0009583999999449588,3001224.3528045127,222.74557544154337,70.16072290710163,3.0,0.0,3.0
r105C15,2,8,depot,1,mp_eavns,0.043249199999991106,2000647.0811879209,247.08118792083724,0.0,4.0,0.0,2.0
r105C15,2,8,phased,4,edd,5.699999746866524e-06,2002013.816808088,341.12893648816106,137.2687871599714,3.0,4.0,2.0
r105C15,2,8,phased,4,sweep,5.800000508315861e-06,872.6097138294871,259.8086149366818,21.280109889280524,4.0,2.0,0.0
r105C15,2,8,phased,4,nearest,1.720000000204891e-05,1148.43145646932,238.43145646931984,61.0,3.0,3.0,0.0
r105C15,2,8,phased,4,grasp,0.0014107999995758291,1348.2198340515483,248.6612971245555,79.95585369269929,3.0,3.0,0.0
r105C15,2,8,phased,4,mp_eavns,0.02968180000243592,523.2689134674813,223.2689134674813,0.0,3.0,2.0,0.0
r105C15,2,8,all,6,edd,8.299997716676444e-06,2002013.816808088,341.12893648816106,137.2687871599714,3.0,4.0,2.0
r105C15,2,8,all,6,sweep,7.700000423938036e-06,872.6097138294871,259.8086149366818,21.280109889280524,4.0,2.0,0.0
r105C15,2,8,all,6,nearest,2.7399997634347528e-05,1148.43145646932,238.43145646931984,61.0,3.0,3.0,0.0
r105C15,2,8,all,6,grasp,0.001459800001612166,1148.43145646932,238.43145646931984,61.0,3.0,3.0,0.0
r105C15,2,8,all,6,mp_eavns,0.026103000000148313,523.2689134674813,223.2689134674813,0.0,3.0,2.0,0.0
r105C15,3,12,depot,1,edd,6.999998731771484e-06,7001830.646546424,537.3981437333543,69.32484026910248,6.0,2.0,7.0
r105C15,3,12,depot,1,sweep,5.000001692678779e-06,4002842.5885170614,333.905967150059,200.86825499113547,5.0,0.0,4.0
r105C15,3,12,depot,1,nearest,2.8300000849412754e-05,5002536.453211382,340.5717603631037,179.58814510185493,4.0,0.0,5.0
r105C15,3,12,depot,1,grasp,0.0030149000012897886,4004827.17790177,565.3481222742635,376.1829779495724,5.0,5.0,4.0
r105C15,3,12,depot,1,mp_eavns,0.11032500000146683,3000964.0113105443,364.0113105443567,0.0,6.0,0.0,3.0
r105C15,3,12,phased,5,edd,7.90000194683671e-06,1003615.6255803378,542.691749022921,247.29338313148935,6.0,6.0,1.0
r105C15,3,12,phased,5,sweep,7.499998901039362e-06,3509.532042130698,347.94929463338786,266.158274749731,5.0,3.0,0.0
r105C15,3,12,phased,5,nearest,2.7599999157246202e-05,1005112.7244904719,354.86086125952676,435.78636292123997,4.0,3.0,1.0
r105C15,3,12,phased,5,grasp,0.0056117000021913555,4971.431209968411,510.19562222296497,396.1235587745447,5.0,8.0,0.0
r105C15,3,12,phased,5,mp_eavns,0.1106897999998182,888.0295697806664,388.02956978066635,0.0,5.0,5.0,0.0
r105C15,3,12,all,6,edd,9.199997293762863e-06,1003569.4607513116,539.6883391268373,242.97724121847284,6.0,6.0,1.0
r105C15,3,12,all,6,sweep,8.099999831756577e-06,3509.532042130698,347.94929463338786,266.158274749731,5.0,3.0,0.0
r105C15,3,12,all,6,nearest,2.9200000426499173e-05,1005112.7244904719,354.86086125952676,435.78636292123997,4.0,3.0,1.0
r105C15,3,12,all,6,grasp,0.006236400000489084,2355.544009748688,441.36062117241255,151.41833885762753,4.0,7.0,0.0
r105C15,3,12,all,6,mp_eavns,0.08456010000008973,843.6748272694347,343.6748272694347,0.0,5.0,3.0,0.0
r105C15,4,15,depot,1,edd,7.800001185387373e-06,10001624.699863091,621.2878008006652,40.34120622901162,6.0,1.0,10.0
r105C15,4,15,depot,1,sweep,5.500001861946657e-06,5005209.635981021,411.2869498350122,419.8349031186789,6.0,0.0,5.0
r105C15,4,15,depot,1,nearest,3.559999822755344e-05,7005429.0882683275,460.6114160183677,446.8476852309144,5.0,1.0,7.0
r105C15,4,15,depot,1,grasp,0.00923510000211536,4005377.0158695388,598.2768337809528,427.87390357579585,5.0,4.0,4.0
r105C15,4,15,depot,1,mp_eavns,0.14840950000143494,3000990.4016123284,390.4016123285921,0.0,6.0,0.0,3.0
r105C15,4,15,phased,6,edd,9.599996701581404e-06,4002839.0226708045,631.1677106991019,160.78549601053535,6.0,4.0,4.0
r105C15,4,15,phased,6,sweep,7.99999907030724e-06,1005876.5795060911,425.3302773183411,485.1249228772744,6.0,3.0,1.0
r105C15,4,15,phased,6,nearest,3.7599998904624954e-05,1006563.993511623,487.5575297148616,557.6435981908185,5.0,6.0,1.0
r105C15,4,15,phased,6,grasp,0.013945299997430993,6745.113265984981,567.4882162582132,567.7625049726768,5.0,8.0,0.0
r105C15,4,15,phased,6,mp_eavns,0.1738054999987071,940.7462768462744,435.10114703039824,0.564512981587626,5.0,5.0,0.0
r105C15,4,15,all,6,edd,1.0000003385357559e-05,4002839.0226708045,631.1677106991019,160.78549601053535,6.0,4.0,4.0
r105C15,4,15,all,6,sweep,8.999999408842996e-06,1005876.5795060911,425.3302773183411,485.1249228772744,6.0,3.0,1.0
r105C15,4,15,all,6,nearest,3.749999814317562e-05,1006563.993511623,487.5575297148616,557.6435981908185,5.0,6.0,1.0
r105C15,4,15,all,6,grasp,0.013949799998954404,2729.7851165256125,430.48237409192933,179.9302742433683,5.0,6.0,0.0
r105C15,4,15,all,6,mp_eavns,0.1833111000014469,947.7058361497996,447.7058361497996,0.0,5.0,5.0,0.0
r105C5,1,2,depot,1,edd,4.0000013541430235e-06,151.65890558454885,51.65890558454885,0.0,1.0,0.0,0.0
r105C5,1,2,depot,1,sweep,2.0000006770715117e-06,151.65890558454885,51.65890558454885,0.0,1.0,0.0,0.0
r105C5,1,2,depot,1,nearest,8.099999831756577e-06,543.4623044595382,51.65890558454885,39.180339887498945,1.0,0.0,0.0
r105C5,1,2,depot,1,grasp,0.00011539999832166359,151.65890558454885,51.65890558454885,0.0,1.0,0.0,0.0
r105C5,1,2,depot,1,mp_eavns,0.0010167000000365078,151.65890558454885,51.65890558454885,0.0,1.0,0.0,0.0
r105C5,1,2,phased,2,edd,2.0000006770715117e-06,151.65890558454885,51.65890558454885,0.0,1.0,0.0,0.0
r105C5,1,2,phased,2,sweep,1.7999991541728377e-06,151.65890558454885,51.65890558454885,0.0,1.0,0.0,0.0
r105C5,1,2,phased,2,nearest,3.899996954714879e-06,543.4623044595382,51.65890558454885,39.180339887498945,1.0,0.0,0.0
r105C5,1,2,phased,2,grasp,0.00010900000052060932,151.65890558454885,51.65890558454885,0.0,1.0,0.0,0.0
r105C5,1,2,phased,2,mp_eavns,0.0009749999990162905,151.65890558454885,51.65890558454885,0.0,1.0,0.0,0.0
r105C5,1,2,all,3,edd,1.5000005078036338e-06,151.65890558454885,51.65890558454885,0.0,1.0,0.0,0.0
r105C5,1,2,all,3,sweep,1.3999997463542968e-06,151.65890558454885,51.65890558454885,0.0,1.0,0.0,0.0
r105C5,1,2,all,3,nearest,3.4000004234258085e-06,543.4623044595382,51.65890558454885,39.180339887498945,1.0,0.0,0.0
r105C5,1,2,all,3,grasp,0.00010890000339713879,151.65890558454885,51.65890558454885,0.0,1.0,0.0,0.0
r105C5,1,2,all,3,mp_eavns,0.000986300001386553,151.65890558454885,51.65890558454885,0.0,1.0,0.0,0.0
r105C5,2,3,depot,1,edd,2.4000000848900527e-06,374.55719476535694,107.22868154234806,16.73285132230089,1.0,1.0,0.0
r105C5,2,3,depot,1,sweep,1.7999991541728377e-06,1351.2266071813524,107.22868154234806,114.39979256390043,1.0,1.0,0.0
r105C5,2,3,depot,1,nearest,4.999998054699972e-06,2012.2976869554602,107.22868154234806,180.5069005413112,1.0,1.0,0.0
r105C5,2,3,depot,1,grasp,0.00018619999900693074,374.55719476535694,107.22868154234806,16.73285132230089,1.0,1.0,0.0
r105C5,2,3,depot,1,mp_eavns,0.004006899998785229,307.22868154234806,107.22868154234806,0.0,2.0,0.0,0.0
r105C5,2,3,phased,2,edd,2.1999985619913787e-06,195.33909575184265,90.62271845919908,0.47163772926435854,1.0,1.0,0.0
r105C5,2,3,phased,2,sweep,1.7999991541728377e-06,1246.5840765522792,99.13307868411218,104.7450997868167,1.0,1.0,0.0
r105C5,2,3,phased,2,nearest,5.100002454128116e-06,1801.2756535149736,90.62271845919908,161.06529350557744,1.0,1.0,0.0
r105C5,2,3,phased,2,grasp,0.00020049999875482172,195.33909575184265,90.62271845919908,0.47163772926435854,1.0,1.0,0.0
r105C5,2,3,phased,2,mp_eavns,0.0032208000011451077,195.33909575184265,90.62271845919908,0.47163772926435854,1.0,1.0,0.0
r105C5,2,3,all,3,edd,1.8999999156221747e-06,195.33909575184265,90.62271845919908,0.47163772926435854,1.0,1.0,0.0
r105C5,2,3,all,3,sweep,1.7999991541728377e-06,1246.5840765522792,99.13307868411218,104.7450997868167,1.0,1.0,0.0
r105C5,2,3,all,3,nearest,4.900000931229442e-06,1801.2756535149736,90.62271845919908,161.06529350557744,1.0,1.0,0.0
r105C5,2,3,all,3,grasp,0.00020670000230893493,195.33909575184265,90.62271845919908,0.47163772926435854,1.0,1.0,0.0
r105C5,2,3,all,3,mp_eavns,0.003413200000068173,195.33909575184265,90.62271845919908,0.47163772926435854,1.0,1.0,0.0
r105C5,3,4,depot,1,edd,2.6999987312592566e-06,487.2063054060304,119.87779218302157,16.73285132230089,2.0,1.0,0.0
r105C5,3,4,depot,1,sweep,2.1000014385208488e-06,1463.8757178220258,119.87779218302157,114.39979256390043,2.0,1.0,0.0
r105C5,3,4,depot,1,nearest,7.200000254670158e-06,1001983.4166576802,119.30269624345462,166.41139614367555,2.0,0.0,1.0
r105C5,3,4,depot,1,grasp,0.00041879999844240956,2124.9467975961334,119.87779218302157,180.5069005413112,2.0,1.0,0.0
r105C5,3,4,depot,1,mp_eavns,0.009913199999573408,419.8777921830216,119.87779218302157,0.0,3.0,0.0,0.0
r105C5,3,4,phased,3,edd,3.0999981390777975e-06,307.9882063925162,103.27182909987259,0.47163772926435854,2.0,1.0,0.0
r105C5,3,4,phased,3,sweep,3.3999967854470015e-06,1359.2331871929528,111.78218932478569,104.7450997868167,2.0,1.0,0.0
r105C5,3,4,phased,3,nearest,7.300001016119495e-06,1983.6173378375208,119.5033764007654,166.41139614367555,2.0,1.0,0.0
r105C5,3,4,phased,3,grasp,0.00025239999740733765,1359.2331871929528,111.78218932478569,104.7450997868167,2.0,1.0,0.0
r105C5,3,4,phased,3,mp_eavns,0.005937800000538118,307.9882063925162,103.27182909987259,0.47163772926435854,2.0,1.0,0.0
r105C5,3,4,all,3,edd,4.1000021155923605e-06,307.9882063925162,103.27182909987259,0.47163772926435854,2.0,1.0,0.0
r105C5,3,4,all,3,sweep,3.4999975468963385e-06,1359.2331871929528,111.78218932478569,104.7450997868167,2.0,1.0,0.0
r105C5,3,4,all,3,nearest,8.700000762473792e-06,1983.6173378375208,119.5033764007654,166.41139614367555,2.0,1.0,0.0
r105C5,3,4,all,3,grasp,0.00026109999816981144,1359.2331871929528,111.78218932478569,104.7450997868167,2.0,1.0,0.0
r105C5,3,4,all,3,mp_eavns,0.006731699999363627,307.9882063925162,103.27182909987259,0.47163772926435854,2.0,1.0,0.0
r105C5,4,5,depot,1,edd,3.899996954714879e-06,1000735.2606529623,182.00669045105786,35.325396251119685,2.0,2.0,1.0
r105C5,4,5,depot,1,sweep,2.9000002541579306e-06,1001763.6156116357,169.61768599670293,139.39979256390043,2.0,1.0,1.0
r105C5,4,5,depot,1,nearest,1.0700001439545304e-05,2002045.4813292834,181.367367846614,166.41139614367555,2.0,0.0,2.0
r105C5,4,5,depot,1,grasp,0.0007394999993266538,1000878.1153548487,198.91591180625392,47.919944304240545,2.0,2.0,1.0
r105C5,4,5,depot,1,mp_eavns,0.010862800001632422,1000369.6176859967,169.61768599670296,0.0,2.0,1.0,1.0
r105C5,4,5,phased,3,edd,3.9000005926936865e-06,441.85569543915153,178.70222048216638,6.315347495698518,2.0,3.0,0.0
r105C5,4,5,phased,3,sweep,3.4000004234258085e-06,1672.2745741208914,174.82357625272456,129.7450997868167,2.0,2.0,0.0
r105C5,4,5,phased,3,nearest,9.60000033956021e-06,1003177.8604741805,181.46285236024073,279.6397621820257,2.0,1.0,1.0
r105C5,4,5,phased,3,grasp,0.0009888000022328924,441.85569543915153,178.70222048216638,6.315347495698518,2.0,3.0,0.0
r105C5,4,5,phased,3,mp_eavns,0.022601100001338637,412.14172764479395,207.42535035215036,0.47163772926435854,2.0,3.0,0.0
r105C5,4,5,all,3,edd,3.9000005926936865e-06,441.85569543915153,178.70222048216638,6.315347495698518,2.0,3.0,0.0
r105C5,4,5,all,3,sweep,3.6999990697950125e-06,1672.2745741208914,174.82357625272456,129.7450997868167,2.0,2.0,0.0
r105C5,4,5,all,3,nearest,1.0799998563015833e-05,1003177.8604741805,181.46285236024073,279.6397621820257,2.0,1.0,1.0
r105C5,4,5,all,3,grasp,0.001032899999700021,933.2758962413054,207.68617062333294,52.55897256179725,2.0,3.0,0.0
r105C5,4,5,all,3,mp_eavns,0.016462899999169167,412.14172764479395,207.42535035215036,0.47163772926435854,2.0,3.0,0.0
r106_21,1,25,depot,1,edd,9.999999747378752e-06,6001603.82566892,603.8256689201359,0.0,10.0,0.0,6.0
r106_21,1,25,depot,1,sweep,6.900001608300954e-06,8002620.282186185,647.921506409716,87.2360679774998,11.0,0.0,8.0
r106_21,1,25,depot,1,nearest,6.940000093891285e-05,4004518.689104773,523.1732702595285,309.5515834513683,9.0,0.0,4.0
r106_21,1,25,depot,1,grasp,0.013598100002127467,4002982.057631674,570.1144165061994,151.19432151680587,9.0,0.0,4.0
r106_21,1,25,depot,1,mp_eavns,0.11753289999978733,3001253.195778332,453.1957783320353,0.0,8.0,0.0,3.0
r106_21,1,25,phased,6,edd,1.2200001947348937e-05,1001608.2207655457,608.2207655457147,0.0,10.0,5.0,1.0
r106_21,1,25,phased,6,sweep,9.399998816661537e-06,2627.579779558232,655.219099783234,87.2360679774998,11.0,6.0,0.0
r106_21,1,25,phased,6,nearest,7.60000002628658e-05,1004528.190585414,532.6747509002662,309.5515834513683,9.0,3.0,1.0
r106_21,1,25,phased,6,grasp,0.028316299998550676,2668.7898789607066,599.0063915019831,116.97834874587232,9.0,6.0,0.0
r106_21,1,25,phased,6,mp_eavns,0.25065519999770913,1387.578968917368,487.57896891736806,0.0,9.0,4.0,0.0
r106_21,1,25,all,21,edd,1.1399999493733048e-05,1001608.2207655457,608.2207655457147,0.0,10.0,5.0,1.0
r106_21,1,25,all,21,sweep,9.2999980552122e-06,2627.579779558232,655.219099783234,87.2360679774998,11.0,6.0,0.0
r106_21,1,25,all,21,nearest,7.120000009308569e-05,1004528.190585414,532.6747509002662,309.5515834513683,9.0,3.0,1.0
r106_21,1,25,all,21,grasp,0.03560260000085691,1905.5068890669036,578.4598899597073,42.704699910719626,9.0,6.0,0.0
r106_21,1,25,all,21,mp_eavns,0.3272476000020106,1387.578968917368,487.57896891736806,0.0,9.0,4.0,0.0
r106_21,2,50,depot,1,edd,2.0200001017656177e-05,25003606.191588756,1465.3280217447295,34.08635670102539,18.0,0.0,25.0
r106_21,2,50,depot,1,sweep,1.219999830937013e-05,18006932.71113943,1280.0830555088833,375.2628083921471,19.0,0.0,18.0
r106_21,2,50,depot,1,nearest,0.0002131000001099892,14010504.849600967,1247.3395355821128,755.7510065384628,17.0,1.0,14.0
r106_21,2,50,depot,1,grasp,0.09848259999853326,12009154.875716101,1310.8653981546272,624.4010317947204,16.0,3.0,12.0
r106_21,2,50,depot,1,mp_eavns,1.0571973000005528,7002575.58022979,975.5802297897106,0.0,16.0,0.0,7.0
r106_21,2,50,phased,11,edd,2.2700001863995567e-05,8005288.88490883,1506.4066715052602,198.24782373249548,18.0,12.0,8.0
r106_21,2,50,phased,11,sweep,1.4900000678608194e-05,3006972.8695096606,1320.241425739319,375.2628083921471,19.0,13.0,3.0
r106_21,2,50,phased,11,nearest,0.00021560000095632859,1011976.6607072275,1238.7290585899318,903.7931648637629,17.0,12.0,1.0
r106_21,2,50,phased,11,grasp,0.31025189999854774,10404.380542314842,1242.9496187688105,756.1430923546031,16.0,14.0,0.0
r106_21,2,50,phased,11,mp_eavns,2.719132800000807,2635.4898530175533,1035.489853017553,0.0,16.0,10.0,0.0
r106_21,2,50,all,21,edd,2.429999949526973e-05,8005288.88490883,1506.4066715052602,198.24782373249548,18.0,12.0,8.0
r106_21,2,50,all,21,sweep,1.4999997802078724e-05,3006972.8695096606,1320.241425739319,375.2628083921471,19.0,13.0,3.0
r106_21,2,50,all,21,nearest,0.00021239999841782264,1011976.6607072275,1238.7290585899318,903.7931648637629,17.0,12.0,1.0
r106_21,2,50,all,21,grasp,0.3427465000022494,7853.389527575422,1438.993822510734,471.43957050646884,17.0,16.0,0.0
r106_21,2,50,all,21,mp_eavns,3.08365269999922,2635.4898530175533,1035.489853017553,0.0,16.0,10.0,0.0
r106_21,3,75,depot,1,edd,3.0399998649954796e-05,50007756.24698775,2835.5136975833543,232.07332901668357,26.0,4.0,50.0
r106_21,3,75,depot,1,sweep,1.7499998648418114e-05,27012116.058315974,2030.1136095248291,718.5944706450703,29.0,1.0,27.0
r106_21,3,75,depot,1,nearest,0.00043480000022100285,21015115.30570557,1917.0946848315673,1079.8211020737406,24.0,1.0,21.0
r106_21,3,75,depot,1,grasp,0.2859692999991239,21015520.453661367,2212.836287154408,1100.7617374213296,23.0,7.0,21.0
r106_21,3,75,depot,1,mp_eavns,2.988036499998998,11003820.37645964,1520.3764596402661,0.0,23.0,0.0,11.0
r106_21,3,75,phased,16,edd,3.769999966607429e-05,18019442.15437441,2908.5475264296992,1393.3606847979613,26.0,26.0,18.0
r106_21,3,75,phased,16,sweep,2.1500000002561137e-05,6012030.852062159,2067.7590792813035,706.3092982878048,29.0,19.0,6.0
r106_21,3,75,phased,16,nearest,0.0004358000005595386,3017190.1796624744,1956.452553592348,1283.3727108881899,24.0,19.0,3.0
r106_21,3,75,phased,16,grasp,0.8732174999968265,2013180.1219874439,2208.7161469878515,867.1405840456099,23.0,25.0,2.0
r106_21,3,75,phased,16,mp_eavns,7.818382299999939,4043.7150815011055,1634.1105751021817,0.9604506398924144,24.0,15.0,0.0
r106_21,3,75,all,21,edd,3.3200001780642197e-05,18019442.15437441,2908.5475264296992,1393.3606847979613,26.0,26.0,18.0
r106_21,3,75,all,21,sweep,1.9800001609837636e-05,6012030.852062159,2067.7590792813035,706.3092982878048,29.0,19.0,6.0
r106_21,3,75,all,21,nearest,0.000429300001997035,3017190.1796624744,1956.452553592348,1283.3727108881899,24.0,19.0,3.0
r106_21,3,75,all,21,grasp,0.9506268000004638,1015163.2442221023,2126.1792156330134,1063.7065006469313,24.0,28.0,1.0
r106_21,3,75,all,21,mp_eavns,10.642472999999882,4080.6009405311797,1670.9964341322557,0.9604506398924144,24.0,17.0,0.0
r106_21,4,100,depot,1,edd,3.6299999919719994e-05,56015687.47657571,3932.502574657137,825.497400105125,35.0,10.0,56.0
r106_21,4,100,depot,1,sweep,3.0100000003585592e-05,37017303.993469,2692.3560670897255,1091.1637401907897,37.0,1.0,37.0
r106_21,4,100,depot,1,nearest,0.0007565999985672534,34018179.63298404,2845.6842283964274,1213.3948755643848,32.0,2.0,34.0
r106_21,4,100,depot,1,grasp,0.6892184999996971,30021057.567047976,2935.8875093763945,1502.1679538599158,31.0,9.0,30.0
r106_21,4,100,depot,1,mp_eavns,6.7809578999986115,15005472.06984979,2078.222086680035,29.384776310850242,31.0,0.0,15.0
r106_21,4,100,phased,21,edd,4.3399999412940815e-05,16027373.04956808,3989.1968253370383,1988.3852742743027,35.0,41.0,16.0
r106_21,4,100,phased,21,sweep,2.4100001610349864e-05,7019449.616147309,2768.526063977316,1298.109008333115,37.0,26.0,7.0
r106_21,4,100,phased,21,nearest,0.0007101000010152347,6025566.679991443,2890.7647690409326,1947.591522240207,32.0,30.0,6.0
r106_21,4,100,phased,21,grasp,2.8719082999996317,3016989.662160336,2876.095605820749,1101.356655451516,31.0,33.0,3.0
r106_21,4,100,phased,21,mp_eavns,13.568835100002616,5432.259670439977,2222.655164041052,0.9604506398924144,32.0,22.0,0.0
r106_21,4,100,all,21,edd,3.859999924316071e-05,16027373.04956808,3989.1968253370383,1988.3852742743027,35.0,41.0,16.0
r106_21,4,100,all,21,sweep,2.470000254106708e-05,7019449.616147309,2768.526063977316,1298.109008333115,37.0,26.0,7.0
r106_21,4,100,all,21,nearest,0.0007250000016938429,6025566.679991443,2890.7647690409326,1947.591522240207,32.0,30.0,6.0
r106_21,4,100,all,21,grasp,2.7148143999984313,2019871.8160171353,2924.7494904684904,1374.7066526666845,32.0,31.0,2.0
r106_21,4,100,all,21,mp_eavns,15.475835299999744,5325.459354996079,2215.8548485971546,0.9604506398924144,31.0,22.0,0.0
r107_21,1,25,depot,1,edd,1.4399996871361509e-05,6001581.658259752,581.658259752338,0.0,10.0,0.0,6.0
r107_21,1,25,depot,1,sweep,7.499998901039362e-06,8002620.282186185,647.921506409716,87.2360679774998,11.0,0.0,8.0
r107_21,1,25,depot,1,nearest,7.519999780924991e-05,4003604.525026123,523.1732702595285,218.13517558636957,9.0,0.0,4.0
r107_21,1,25,depot,1,grasp,0.012305199998081662,4002986.4061784954,546.0261833372658,154.03799951581533,9.0,0.0,4.0
r107_21,1,25,depot,1,mp_eavns,0.10980589999962831,3001257.7719420306,457.7719420308302,0.0,8.0,0.0,3.0
r107_21,1,25,phased,6,edd,1.300000076298602e-05,1733.8399150010514,584.1796505797134,14.966026442133796,10.0,5.0,0.0
r107_21,1,25,phased,6,sweep,9.399998816661537e-06,2914.8493427495373,655.219099783234,115.96302429663032,11.0,6.0,0.0
r107_21,1,25,phased,6,nearest,7.480000203941017e-05,1003614.026506764,532.6747509002662,218.13517558636957,9.0,3.0,1.0
r107_21,1,25,phased,6,grasp,0.027885600000445265,1480.6577409738438,580.6577409738438,0.0,9.0,5.0,0.0
r107_21,1,25,phased,6,mp_eavns,0.3054947999989963,1389.5759027978554,489.57590279785546,0.0,9.0,4.0,0.0
r107_21,1,25,all,21,edd,1.300000076298602e-05,1733.8399150010514,584.1796505797134,14.966026442133796,10.0,5.0,0.0
r107_21,1,25,all,21,sweep,9.60000033956021e-06,2914.8493427495373,655.219099783234,115.96302429663032,11.0,6.0,0.0
r107_21,1,25,all,21,nearest,7.479999840143137e-05,1003614.026506764,532.6747509002662,218.13517558636957,9.0,3.0,1.0
r107_21,1,25,all,21,grasp,0.03708289999849512,1843.9289156726593,597.905663002233,34.60232526704263,9.0,5.0,0.0
r107_21,1,25,all,21,mp_eavns,0.366951699998026,1389.5759027978554,489.57590279785546,0.0,9.0,4.0,0.0
r107_21,2,50,depot,1,edd,1.9999999494757503e-05,25004797.362701975,1634.4742985667099,136.28884034072325,18.0,2.0,25.0
r107_21,2,50,depot,1,sweep,1.21000011858996e-05,18004657.07479798,1280.0830555088833,147.6991742470251,19.0,0.0,18.0
r107_21,2,50,depot,1,nearest,0.00021099999867146835,15005263.94495689,1261.603094954446,230.23418619340706,17.0,2.0,15.0
r107_21,2,50,depot,1,grasp,0.10246900000129244,12003586.06884775,1330.1003012148074,55.59685465340189,17.0,3.0,12.0
r107_21,2,50,depot,1,mp_eavns,1.045436600001267,7002571.83743857,971.8374385704707,0.0,16.0,0.0,7.0
r107_21,2,50,phased,11,edd,2.1500000002561137e-05,3008114.1240359,1640.2901458454448,467.3833890054631,18.0,18.0,3.0
r107_21,2,50,phased,11,sweep,1.4200002624420449e-05,3004984.502731401,1320.241425739319,176.42613056615562,19.0,13.0,3.0
r107_21,2,50,phased,11,nearest,0.00021320000087143853,2006713.9931913733,1240.127299736534,377.38658916368195,17.0,12.0,2.0
r107_21,2,50,phased,11,grasp,0.23566560000108439,3795.559776025565,1338.7023058942984,85.68574701312664,16.0,16.0,0.0
r107_21,2,50,phased,11,mp_eavns,3.050936499999807,2594.144477497454,994.1444774974539,0.0,16.0,9.0,0.0
r107_21,2,50,all,21,edd,2.2899999748915434e-05,3008114.1240359,1640.2901458454448,467.3833890054631,18.0,18.0,3.0
r107_21,2,50,all,21,sweep,1.5899997379165143e-05,3004984.502731401,1320.241425739319,176.42613056615562,19.0,13.0,3.0
r107_21,2,50,all,21,nearest,0.0002181999989261385,2006713.9931913733,1240.127299736534,377.38658916368195,17.0,12.0,2.0
r107_21,2,50,all,21,grasp,0.3345294999999169,5145.35055093841,1226.2693372977255,231.90812136406845,16.0,14.0,0.0
r107_21,2,50,all,21,mp_eavns,2.54205279999951,2594.144477497454,994.1444774974539,0.0,16.0,9.0,0.0
r107_21,3,75,depot,1,edd,2.89999989036005e-05,38007677.521026775,2831.7797726221274,224.57412541523405,26.0,8.0,38.0
r107_21,3,75,depot,1,sweep,1.6699999832781032e-05,27008688.728698805,2030.1136095248291,375.86150892793586,29.0,1.0,27.0
r107_21,3,75,depot,1,nearest,0.0004415000003064051,21009949.637162533,1917.0946848315673,563.2542477701405,24.0,1.0,21.0
r107_21,3,75,depot,1,grasp,0.27232530000037514,20011194.86157569,2023.7948796917788,677.1066695996403,24.0,2.0,20.0
r107_21,3,75,depot,1,mp_eavns,3.846406200002093,10004196.751072489,1564.715039376767,23.20360331117452,24.0,1.0,10.0
r107_21,3,75,phased,16,edd,3.550000110408291e-05,13012751.630436707,2870.99162528401,728.0638811423153,26.0,29.0,13.0
r107_21,3,75,phased,16,sweep,2.4900000425986946e-05,6009013.643731752,2067.7590792813035,404.5884652470664,29.0,19.0,6.0
r107_21,3,75,phased,16,nearest,0.00041200000123353675,3011487.43175149,1956.452553592348,713.0979197897757,24.0,19.0,3.0
r107_21,3,75,phased,16,grasp,0.8800378999985696,1011018.8856760305,2104.4159001283547,651.4469775902177,24.0,25.0,1.0
r107_21,3,75,phased,16,mp_eavns,7.9818720999974175,3966.6821056005097,1566.6821056005097,0.0,24.0,14.0,0.0
r107_21,3,75,all,21,edd,3.270000161137432e-05,13012751.630436707,2870.99162528401,728.0638811423153,26.0,29.0,13.0
r107_21,3,75,all,21,sweep,1.930000144056976e-05,6009013.643731752,2067.7590792813035,404.5884652470664,29.0,19.0,6.0
r107_21,3,75,all,21,nearest,0.0004175000030954834,3011487.43175149,1956.452553592348,713.0979197897757,24.0,19.0,3.0
r107_21,3,75,all,21,grasp,0.8697911999988719,2011400.5228745535,2134.892438663631,696.5630435889815,23.0,24.0,2.0
r107_21,3,75,all,21,mp_eavns,9.927517699998134,3973.8954772354973,1573.8954772354975,0.0,24.0,14.0,0.0
r107_21,4,100,depot,1,edd,3.6200002796249464e-05,52014566.357365064,4106.629733216724,675.9727631851183,37.0,12.0,52.0
r107_21,4,100,depot,1,sweep,2.0700001186924055e-05,37010150.971156366,2692.3560670897255,375.86150892793586,37.0,1.0,37.0
r107_21,4,100,depot,1,nearest,0.0007134000006772112,34014213.49304346,2817.8941550233885,819.5598888439274,32.0,2.0,34.0
r107_21,4,100,depot,1,grasp,0.6549584999993385,30017267.70263215,2849.7975637935456,1121.790506835811,32.0,7.0,30.0
r107_21,4,100,depot,1,mp_eavns,7.145424700000149,14005573.659571785,2241.6235386740764,23.20360331117452,31.0,4.0,14.0
r107_21,4,100,phased,21,edd,4.239999907440506e-05,15023729.34413004,4125.145345030011,1590.419878500994,37.0,41.0,15.0
r107_21,4,100,phased,21,sweep,2.489999678800814e-05,7012706.715121444,2768.526063977316,623.818905746657,37.0,26.0,7.0
r107_21,4,100,phased,21,nearest,0.0007283000013558194,5016671.600056963,2865.1063595512665,1060.6493697411715,32.0,31.0,5.0
r107_21,4,100,phased,21,grasp,2.720710900000995,1015152.2617969187,2912.4598465743825,903.9801950344336,32.0,36.0,1.0
r107_21,4,100,phased,21,mp_eavns,13.393024000000878,5241.473595387712,2141.473595387712,0.0,31.0,21.0,0.0
r107_21,4,100,all,21,edd,3.94000016967766e-05,15023729.34413004,4125.145345030011,1590.419878500994,37.0,41.0,15.0
r107_21,4,100,all,21,sweep,2.350000067963265e-05,7012706.715121444,2768.526063977316,623.818905746657,37.0,26.0,7.0
r107_21,4,100,all,21,nearest,0.0007186999973782804,5016671.600056963,2865.1063595512665,1060.6493697411715,32.0,31.0,5.0
r107_21,4,100,all,21,grasp,2.4485131000001275,1014203.7786619372,3075.346276390051,802.843238554716,31.0,38.0,1.0
r107_21,4,100,all,21,mp_eavns,21.287242499998683,5341.374769490705,2141.374769490705,0.0,32.0,21.0,0.0
r108_21,1,25,depot,1,edd,1.340000017080456e-05,7001713.708001499,613.7080014991607,0.0,11.0,0.0,7.0
r108_21,1,25,depot,1,sweep,7.500002539018169e-06,8001747.9215064095,647.921506409716,0.0,11.0,0.0,8.0
r108_21,1,25,depot,1,nearest,7.519999780924991e-05,4001423.1732702595,523.1732702595285,0.0,9.0,0.0,4.0
r108_21,1,25,depot,1,grasp,0.009561900002154289,4001434.3760866565,534.3760866564874,0.0,9.0,0.0,4.0
r108_21,1,25,depot,1,mp_eavns,0.15323440000065602,3001372.6305184253,472.63051842544047,0.0,9.0,0.0,3.0
r108_21,1,25,phased,6,edd,1.5099998563528061e-05,4001719.2973606694,619.297360669481,0.0,11.0,3.0,4.0
r108_21,1,25,phased,6,sweep,1.0100000508828089e-05,1755.219099783234,655.219099783234,0.0,11.0,6.0,0.0
r108_21,1,25,phased,6,nearest,7.759999789413996e-05,1001432.6747509002,532.6747509002662,0.0,9.0,3.0,1.0
r108_21,1,25,phased,6,grasp,0.017470000002504094,1450.7954611023881,550.7954611023881,0.0,9.0,5.0,0.0
r108_21,1,25,phased,6,mp_eavns,0.19909379999808152,1305.4656665620914,476.7939460520015,2.8671720510089784,8.0,4.0,0.0
r108_21,1,25,all,21,edd,1.309999788645655e-05,4001719.2973606694,619.297360669481,0.0,11.0,3.0,4.0
r108_21,1,25,all,21,sweep,9.399998816661537e-06,1755.219099783234,655.219099783234,0.0,11.0,6.0,0.0
r108_21,1,25,all,21,nearest,7.550000009359792e-05,1001432.6747509002,532.6747509002662,0.0,9.0,3.0,1.0
r108_21,1,25,all,21,grasp,0.025192500001139706,1490.2305344897873,590.2305344897873,0.0,9.0,4.0,0.0
r108_21,1,25,all,21,mp_eavns,0.4064447000018845,1393.0788842458182,493.07888424581836,0.0,9.0,4.0,0.0
r108_21,2,50,depot,1,edd,2.3399999918183312e-05,20004035.143586908,1568.1477754796833,56.69958114274715,19.0,2.0,20.0
r108_21,2,50,depot,1,sweep,1.2999997125007212e-05,18003234.714118205,1280.0830555088833,5.463106269525298,19.0,0.0,18.0
r108_21,2,50,depot,1,nearest,0.0002176000016334001,15002961.603094954,1261.603094954446,0.0,17.0,2.0,15.0
r108_21,2,50,depot,1,grasp,0.07575329999963287,13004171.002586994,1282.9290255004496,128.80735614932303,16.0,3.0,13.0
r108_21,2,50,depot,1,mp_eavns,1.0847047999995993,7002570.710460832,970.7104608319602,0.0,16.0,0.0,7.0
r108_21,2,50,phased,11,edd,2.2700001863995567e-05,4004341.901620136,1562.1452331244789,87.97563870114783,19.0,14.0,4.0
r108_21,2,50,phased,11,sweep,1.460000203223899e-05,3003274.8724884344,1320.241425739319,5.463106269525298,19.0,13.0,3.0
r108_21,2,50,phased,11,nearest,0.00021070000002509914,2003299.8331100915,1240.127299736534,35.970581035488635,17.0,12.0,2.0
r108_21,2,50,phased,11,grasp,0.19994249999945168,2854.6104600994745,1254.6104600994745,0.0,16.0,14.0,0.0
r108_21,2,50,phased,11,mp_eavns,2.474003700001049,2644.3413563335353,1015.6696358234456,2.8671720510089784,16.0,10.0,0.0
r108_21,2,50,all,21,edd,2.1400002879090607e-05,4004341.901620136,1562.1452331244789,87.97563870114783,19.0,14.0,4.0
r108_21,2,50,all,21,sweep,1.5000001440057531e-05,3003274.8724884344,1320.241425739319,5.463106269525298,19.0,13.0,3.0
r108_21,2,50,all,21,nearest,0.0002151000007870607,2003299.8331100915,1240.127299736534,35.970581035488635,17.0,12.0,2.0
r108_21,2,50,all,21,grasp,0.25529910000113887,3572.60270551144,1415.6448361204484,45.69578693909915,17.0,16.0,0.0
r108_21,2,50,all,21,mp_eavns,3.1430418999989342,2587.0525409142692,987.0525409142693,0.0,16.0,9.0,0.0
r108_21,3,75,depot,1,edd,2.930000118794851e-05,35006904.632794224,2817.4505466134588,138.71822476132266,27.0,7.0,35.0
r108_21,3,75,depot,1,sweep,1.6599999071331695e-05,27005016.940116793,2030.1136095248291,8.682650726818196,29.0,1.0,27.0
r108_21,3,75,depot,1,nearest,0.00041700000292621553,21005889.940832995,1917.0946848315673,157.28461481630103,24.0,1.0,21.0
r108_21,3,75,depot,1,grasp,0.27119500000117114,20005360.83686816,2176.704731261634,78.41321368993138,24.0,6.0,20.0
r108_21,3,75,depot,1,mp_eavns,3.7773832000020775,10003912.312110882,1512.3121108826858,0.0,24.0,0.0,10.0
r108_21,3,75,phased,16,edd,3.300000025774352e-05,12009493.799077233,2816.4164163237574,397.73826609091736,27.0,25.0,12.0
r108_21,3,75,phased,16,sweep,1.9600000086938962e-05,6005054.58558655,2067.7590792813035,8.682650726818196,29.0,19.0,6.0
r108_21,3,75,phased,16,nearest,0.00042440000106580555,3006223.8286392074,1956.452553592348,186.73760856152418,24.0,19.0,3.0
r108_21,3,75,phased,16,grasp,0.7100181999994675,2005646.8246956812,2194.122315488782,115.27023801924119,23.0,25.0,2.0
r108_21,3,75,phased,16,mp_eavns,5.614715400002751,3883.056071031203,1554.3843505211134,2.8671720510089784,23.0,14.0,0.0
r108_21,3,75,all,21,edd,3.870000000461005e-05,12009483.7354374,2806.352776490902,397.73826609091736,27.0,25.0,12.0
r108_21,3,75,all,21,sweep,2.300000051036477e-05,6005054.58558655,2067.7590792813035,8.682650726818196,29.0,19.0,6.0
r108_21,3,75,all,21,nearest,0.00043569999979808927,3006223.8286392074,1956.452553592348,186.73760856152418,24.0,19.0,3.0
r108_21,3,75,all,21,grasp,0.7642832000019553,1007450.0919300377,2090.2954147414125,295.97965152963405,24.0,24.0,1.0
r108_21,3,75,all,21,mp_eavns,10.224441299997125,3945.3240628270296,1545.3240628270294,0.0,24.0,14.0,0.0
r108_21,4,100,depot,1,edd,4.569999873638153e-05,49008736.052102946,4045.7512837212957,109.03008192261552,36.0,11.0,49.0
r108_21,4,100,depot,1,sweep,2.2500000341096893e-05,37006479.18257436,2692.3560670897255,8.682650726818196,37.0,1.0,37.0
r108_21,4,100,depot,1,nearest,0.0007213999997475185,34007993.36446727,2817.8941550233885,197.54703122469277,32.0,2.0,34.0
r108_21,4,100,depot,1,grasp,0.5888633000031405,29008999.88477738,2881.7114823283387,301.81732950508757,31.0,6.0,29.0
r108_21,4,100,depot,1,mp_eavns,6.021716600000218,14005195.194778793,2095.1947787921017,0.0,31.0,1.0,14.0
r108_21,4,100,phased,21,edd,4.350000017439015e-05,18012694.504149407,4074.4922936189896,502.00118557867467,36.0,37.0,18.0
r108_21,4,100,phased,21,sweep,2.390000008745119e-05,7006555.352571245,2768.526063977316,8.682650726818196,37.0,26.0,7.0
r108_21,4,100,phased,21,nearest,0.000751000003219815,5009147.51440958,2865.1063595512665,308.24080500286874,32.0,31.0,5.0
r108_21,4,100,phased,21,grasp,2.2393908000012743,2007942.7929716164,2922.703665222247,192.0089306394039,31.0,33.0,2.0
r108_21,4,100,phased,21,mp_eavns,12.397471100000985,5200.179795315858,2100.1797953158584,0.0,31.0,20.0,0.0
r108_21,4,100,all,21,edd,4.8899997636908665e-05,18012694.504149407,4074.4922936189896,502.00118557867467,36.0,37.0,18.0
r108_21,4,100,all,21,sweep,2.609999864944257e-05,7006555.352571245,2768.526063977316,8.682650726818196,37.0,26.0,7.0
r108_21,4,100,all,21,nearest,0.0007756000013614539,5009147.51440958,2865.1063595512665,308.24080500286874,32.0,31.0,5.0
r108_21,4,100,all,21,grasp,2.2270532000002277,1009167.2849125743,3014.725347134662,295.2559565439619,32.0,37.0,1.0
r108_21,4,100,all,21,mp_eavns,18.801596700002847,5358.047103232129,2158.047103232129,0.0,32.0,22.0,0.0
r109_21,1,25,depot,1,edd,1.1399999493733048e-05,7001710.899740135,610.8997401348516,0.0,11.0,0.0,7.0
r109_21,1,25,depot,1,sweep,7.099999493220821e-06,8002502.328691525,647.921506409716,75.44071851158505,11.0,0.0,8.0
r109_21,1,25,depot,1,nearest,6.909999865456484e-05,4003460.5177380587,523.1732702595285,203.7344467799009,9.0,0.0,4.0
r109_21,1,25,depot,1,grasp,0.015901800001302036,4002826.367799172,572.4401547649738,135.3927644407157,9.0,0.0,4.0
r109_21,1,25,depot,1,mp_eavns,0.14613620000091032,3001369.984518886,469.9845188859205,0.0,9.0,0.0,3.0
r109_21,1,25,phased,6,edd,1.2500000593718141e-05,3001716.732722886,616.7327228858463,0.0,11.0,4.0,3.0
r109_21,1,25,phased,6,sweep,1.4299999747890979e-05,2533.4643905853136,655.219099783234,77.82452908020797,11.0,6.0,0.0
r109_21,1,25,phased,6,nearest,7.389999882434495e-05,1003470.0192186993,532.6747509002662,203.7344467799009,9.0,3.0,1.0
r109_21,1,25,phased,6,grasp,0.037326500001654495,1734.660872480923,587.2385596113502,24.742231286957292,9.0,6.0,0.0
r109_21,1,25,phased,6,mp_eavns,0.2723794000012276,1384.104505491741,484.10450549174107,0.0,9.0,4.0,0.0
r109_21,1,25,all,21,edd,1.3200002285884693e-05,3001716.732722886,616.7327228858463,0.0,11.0,4.0,3.0
r109_21,1,25,all,21,sweep,9.800001862458885e-06,2533.4643905853136,655.219099783234,77.82452908020797,11.0,6.0,0.0
r109_21,1,25,all,21,nearest,7.48999991628807e-05,1003470.0192186993,532.6747509002662,203.7344467799009,9.0,3.0,1.0
r109_21,1,25,all,21,grasp,0.04778569999689353,2611.0665682496206,628.1546000191058,108.29119682305148,9.0,7.0,0.0
r109_21,1,25,all,21,mp_eavns,0.3899930999978096,1400.3122623284162,500.31226232841607,0.0,9.0,4.0,0.0
r109_21,2,50,depot,1,edd,1.9899998733308166e-05,22004501.490646135,1595.9154896428595,100.55751564912418,19.0,3.0,22.0
r109_21,2,50,depot,1,sweep,1.2599997717188671e-05,18006290.907711174,1280.0830555088833,311.08246556656957,19.0,0.0,18.0
r109_21,2,50,depot,1,nearest,0.00020790000053239055,15009739.970318234,1261.603094954446,677.8367223279304,17.0,2.0,15.0
r109_21,2,50,depot,1,grasp,0.12188400000013644,12006654.693238411,1313.8505020921307,374.08427363198587,16.0,3.0,12.0
r109_21,2,50,depot,1,mp_eavns,1.4549436000015703,7002691.242445561,991.2424455614581,0.0,17.0,0.0,7.0
r109_21,2,50,phased,11,edd,4.8899997636908665e-05,1006831.6963600412,1591.006252271039,334.06901077701013,19.0,18.0,1.0
r109_21,2,50,phased,11,sweep,1.889999839477241e-05,3006354.904187091,1320.241425739319,313.4662761351925,19.0,13.0,3.0
r109_21,2,50,phased,11,nearest,0.00021800000104121864,2011710.5273331464,1240.127299736534,877.0400033409793,17.0,12.0,2.0
r109_21,2,50,phased,11,grasp,0.40778920000229846,6680.195147145552,1296.8528451667084,368.3342301978844,17.0,14.0,0.0
r109_21,2,50,phased,11,mp_eavns,2.238768600000185,2606.416867801449,1006.416867801449,0.0,16.0,8.0,0.0
r109_21,2,50,all,21,edd,2.269999822601676e-05,1006831.6963600412,1591.006252271039,334.06901077701013,19.0,18.0,1.0
r109_21,2,50,all,21,sweep,1.599999814061448e-05,3006354.904187091,1320.241425739319,313.4662761351925,19.0,13.0,3.0
r109_21,2,50,all,21,nearest,0.00020910000239382498,2011710.5273331464,1240.127299736534,877.0400033409793,17.0,12.0,2.0
r109_21,2,50,all,21,grasp,0.420494800000597,6715.24397264666,1357.6962725021604,375.75477001444995,16.0,15.0,0.0
r109_21,2,50,all,21,mp_eavns,2.418504399996891,2638.6274389184664,1038.6274389184664,0.0,16.0,10.0,0.0
r109_21,3,75,depot,1,edd,2.8799997380701825e-05,34009229.60303758,2799.312432510263,373.02906050672607,27.0,10.0,34.0
r109_21,3,75,depot,1,sweep,1.6699999832781032e-05,27010425.286490023,2030.1136095248291,549.517288049952,29.0,1.0,27.0
r109_21,3,75,depot,1,nearest,0.00044160000106785446,21012146.346376203,1917.0946848315673,782.9251691371037,24.0,1.0,21.0
r109_21,3,75,depot,1,grasp,0.3130008000007365,21017074.159944408,2432.497448965315,1234.166249544194,23.0,10.0,21.0
r109_21,3,75,depot,1,mp_eavns,4.355781800000841,11004049.003613614,1549.0036136132412,0.0,25.0,0.0,11.0
r109_21,3,75,phased,16,edd,3.269999797339551e-05,7012456.047038135,2758.105715974333,699.7941322161021,27.0,31.0,7.0
r109_21,3,75,phased,16,sweep,2.0800001948373392e-05,6010486.770065467,2067.7590792813035,551.9010986185749,29.0,19.0,6.0
r109_21,3,75,phased,16,nearest,0.00042210000174236484,3014527.524127837,1956.452553592348,1017.1071574244465,24.0,19.0,3.0
r109_21,3,75,phased,16,grasp,1.0417073000025994,2009863.12945122,2182.3688193944713,528.0760631825489,24.0,24.0,2.0
r109_21,3,75,phased,16,mp_eavns,8.217184699999052,3991.6914202147927,1591.6914202147925,0.0,24.0,14.0,0.0
r109_21,3,75,all,21,edd,3.110000034212135e-05,7012456.047038135,2758.105715974333,699.7941322161021,27.0,31.0,7.0
r109_21,3,75,all,21,sweep,1.9899998733308166e-05,6010486.770065467,2067.7590792813035,551.9010986185749,29.0,19.0,6.0
r109_21,3,75,all,21,nearest,0.0004231999992043711,3014527.524127837,1956.452553592348,1017.1071574244465,24.0,19.0,3.0
r109_21,3,75,all,21,grasp,1.1356693000016094,1013816.378421771,2188.7949958431827,922.7583425927771,24.0,25.0,1.0
r109_21,3,75,all,21,mp_eavns,8.088217199998326,4012.905818595181,1612.9058185951806,0.0,24.0,15.0,0.0
r109_21,4,100,depot,1,edd,3.789999755099416e-05,48012993.34472465,3930.343786673995,556.3000937972649,35.0,13.0,48.0
r109_21,4,100,depot,1,sweep,2.1500000002561137e-05,37013509.96204298,2692.3560670897255,711.7605975886722,37.0,1.0,37.0
r109_21,4,100,depot,1,nearest,0.0006968000016058795,34016330.17617641,2810.8687709673504,1031.9307405439558,32.0,2.0,34.0
r109_21,4,100,depot,1,grasp,0.8259182999972836,29013738.567711156,2939.5595288162563,759.900818234102,32.0,6.0,29.0
r109_21,4,100,depot,1,mp_eavns,9.517008899998473,16005370.328500398,2170.3285003980022,0.0,32.0,1.0,16.0
r109_21,4,100,phased,21,edd,4.1299997974419966e-05,15021690.887372583,3906.5586883968176,1428.4328684186453,35.0,40.0,15.0
r109_21,4,100,phased,21,sweep,2.479999966453761e-05,7014922.274550546,2768.526063977316,845.374848656886,37.0,26.0,7.0
r109_21,4,100,phased,21,nearest,0.0007629000028828159,5019116.707946151,2858.8371618300384,1305.7870784320623,32.0,30.0,5.0
r109_21,4,100,phased,21,grasp,3.18254860000161,18019.862644872526,3038.668020362211,1188.1194624510313,31.0,41.0,0.0
r109_21,4,100,phased,21,mp_eavns,17.601934999998775,5303.586240541963,2203.5862405419625,0.0,31.0,21.0,0.0
r109_21,4,100,all,21,edd,4.4600001274375245e-05,15021690.887372583,3906.5586883968176,1428.4328684186453,35.0,40.0,15.0
r109_21,4,100,all,21,sweep,3.1299998227041215e-05,7014922.274550546,2768.526063977316,845.374848656886,37.0,26.0,7.0
r109_21,4,100,all,21,nearest,0.0007191000004240777,5019116.707946151,2858.8371618300384,1305.7870784320623,32.0,30.0,5.0
r109_21,4,100,all,21,grasp,2.908841599997686,1014574.0472905674,3073.4513694629854,830.0595921104428,32.0,36.0,1.0
r109_21,4,100,all,21,mp_eavns,16.46103520000179,5334.019792483639,2234.019792483639,0.0,31.0,22.0,0.0
r110_21,1,25,depot,1,edd,1.3299999409355223e-05,9001753.474511484,633.1472848186596,12.03272266658179,10.0,0.0,9.0
r110_21,1,25,depot,1,sweep,8.000002708286047e-06,8002340.282186185,647.921506409716,59.236067977499786,11.0,0.0,8.0
r110_21,1,25,depot,1,nearest,0.00011760000052163377,4001904.393915376,536.5698660467076,46.78240493292819,9.0,0.0,4.0
r110_21,1,25,depot,1,grasp,0.014160000002448214,4002512.34160271,582.8594188048073,102.9482183905361,9.0,1.0,4.0
r110_21,1,25,depot,1,mp_eavns,0.18541740000000573,3001375.5190057815,475.51900578137855,0.0,9.0,0.0,3.0
r110_21,1,25,phased,6,edd,1.3699998817173764e-05,1001756.6805840301,636.3533573643484,12.03272266658179,10.0,5.0,1.0
r110_21,1,25,phased,6,sweep,1.0100000508828089e-05,2601.417885244461,655.219099783234,84.6198785461227,11.0,6.0,0.0
r110_21,1,25,phased,6,nearest,7.439999899361283e-05,1001913.9002880694,546.0762387400868,46.78240493292819,9.0,3.0,1.0
r110_21,1,25,phased,6,grasp,0.028880199999548495,1812.916206427638,623.8072862671638,28.9108920160474,9.0,6.0,0.0
r110_21,1,25,phased,6,mp_eavns,0.33979209999961313,1402.8711354050815,502.8711354050814,0.0,9.0,4.0,0.0
r110_21,1,25,all,21,edd,1.3100001524435356e-05,1001756.6805840301,636.3533573643484,12.03272266658179,10.0,5.0,1.0
r110_21,1,25,all,21,sweep,1.0000003385357559e-05,2601.417885244461,655.219099783234,84.6198785461227,11.0,6.0,0.0
r110_21,1,25,all,21,nearest,7.479999840143137e-05,1001913.9002880694,546.0762387400868,46.78240493292819,9.0,3.0,1.0
r110_21,1,25,all,21,grasp,0.03791570000248612,1472.066282919447,572.0662829194472,0.0,9.0,6.0,0.0
r110_21,1,25,all,21,mp_eavns,0.4104987999999139,1399.4696389770493,499.4696389770493,0.0,9.0,4.0,0.0
r110_21,2,50,depot,1,edd,2.0600000425474718e-05,28003804.807738163,1690.61084189031,21.419689627245816,19.0,2.0,28.0
r110_21,2,50,depot,1,sweep,1.3299999409355223e-05,18005006.434798963,1280.0830555088833,182.63517434536504,19.0,0.0,18.0
r110_21,2,50,depot,1,nearest,0.0002170999978261534,14004937.781819561,1227.841908108954,200.99399114518044,17.0,1.0,14.0
r110_21,2,50,depot,1,grasp,0.09873349999907077,12006148.604288656,1341.5960560820654,320.7008232574631,16.0,3.0,12.0
r110_21,2,50,depot,1,mp_eavns,1.0348827000016172,7002571.853000891,971.8530008914286,0.0,16.0,0.0,7.0
r110_21,2,50,phased,11,edd,2.3799999326001853e-05,6006923.925739439,1729.5162848161992,329.4409454623036,19.0,17.0,6.0
r110_21,2,50,phased,11,sweep,1.6400001186411828e-05,3005300.4312748793,1320.241425739319,208.01898491398796,19.0,13.0,3.0
r110_21,2,50,phased,11,nearest,0.0002134000023943372,1006716.5489361389,1223.8242086094015,379.2724727529508,17.0,10.0,1.0
r110_21,2,50,phased,11,grasp,0.26030399999945075,3240.1731046081873,1336.385398772045,30.37877058361424,16.0,16.0,0.0
r110_21,2,50,phased,11,mp_eavns,2.160362599999644,2600.411935670507,1000.411935670507,0.0,16.0,8.0,0.0
r110_21,2,50,all,21,edd,2.4500001018168405e-05,6006919.099027187,1724.689572563461,329.4409454623036,19.0,17.0,6.0
r110_21,2,50,all,21,sweep,1.5300000086426735e-05,3005300.4312748793,1320.241425739319,208.01898491398796,19.0,13.0,3.0
r110_21,2,50,all,21,nearest,0.00020869999934802763,1006716.5489361389,1223.8242086094015,379.2724727529508,17.0,10.0,1.0
r110_21,2,50,all,21,grasp,0.36468329999843263,5888.197059531558,1348.120469163107,294.0076590368451,16.0,17.0,0.0
r110_21,2,50,all,21,mp_eavns,3.298917199997959,2740.3994925615557,1040.3994925615557,0.0,17.0,9.0,0.0
r110_21,3,75,depot,1,edd,2.8800001018680632e-05,36010298.99310877,3116.030225353388,458.29628834180835,26.0,13.0,36.0
r110_21,3,75,depot,1,sweep,1.769999653333798e-05,27006818.66079755,2030.1136095248291,188.85471880265794,29.0,1.0,27.0
r110_21,3,75,depot,1,nearest,0.0004155999995418824,21006261.211429827,1889.1187387018583,197.209269112532,24.0,1.0,21.0
r110_21,3,75,depot,1,grasp,0.2736231000017142,19008977.096974082,2278.3364012894103,429.8760572791316,24.0,7.0,19.0
r110_21,3,75,depot,1,mp_eavns,3.5530073000008997,10003962.363819472,1562.363819471637,0.0,24.0,1.0,10.0
r110_21,3,75,phased,16,edd,4.059999992023222e-05,15013534.612056196,3118.007381167342,781.6604675028902,26.0,33.0,15.0
r110_21,3,75,phased,16,sweep,2.429999949526973e-05,6007110.144372994,2067.7590792813035,214.23852937128086,29.0,19.0,6.0
r110_21,3,75,phased,16,nearest,0.0004267999975127168,3006295.446512281,1929.3790112497059,196.60675010311527,24.0,19.0,3.0
r110_21,3,75,phased,16,grasp,0.7953960000013467,1006964.5350994653,2037.5829397309362,252.69521597343024,24.0,26.0,1.0
r110_21,3,75,phased,16,mp_eavns,6.880868600001122,3956.259088141538,1556.2590881415383,0.0,24.0,12.0,0.0
r110_21,3,75,all,21,edd,3.0000002880115062e-05,15013534.612056196,3118.007381167342,781.6604675028902,26.0,33.0,15.0
r110_21,3,75,all,21,sweep,1.9400002202019095e-05,6007110.144372994,2067.7590792813035,214.23852937128086,29.0,19.0,6.0
r110_21,3,75,all,21,nearest,0.00040829999852576293,3006295.446512281,1929.3790112497059,196.60675010311527,24.0,19.0,3.0
r110_21,3,75,all,21,grasp,0.9994602000006125,1006519.0514973915,2143.738675797616,197.53128215938852,24.0,25.0,1.0
r110_21,3,75,all,21,mp_eavns,8.885974900000292,3982.219159162999,1582.2191591629992,0.0,24.0,14.0,0.0
r110_21,4,100,depot,1,edd,4.0499999158782884e-05,58010983.162704825,4133.951562351879,334.92111424743166,35.0,10.0,58.0
r110_21,4,100,depot,1,sweep,2.170000152545981e-05,37008854.31989576,2692.3560670897255,246.1963828667843,37.0,1.0,37.0
r110_21,4,100,depot,1,nearest,0.000734499997633975,34008957.758614145,2810.8687709673504,294.6889843177527,32.0,2.0,34.0
r110_21,4,100,depot,1,grasp,0.63122999999905,32007613.846862577,2827.5800308651424,158.62668317123982,32.0,3.0,32.0
r110_21,4,100,depot,1,mp_eavns,10.214698100000533,14005339.254586974,2139.2545869733976,0.0,32.0,1.0,14.0
r110_21,4,100,phased,21,edd,4.529999932856299e-05,28016425.44220085,4174.1824292755155,875.1259771576292,35.0,35.0,28.0
r110_21,4,100,phased,21,sweep,2.5400000595254824e-05,7009913.955988715,2768.526063977316,344.54299247377156,37.0,26.0,7.0
r110_21,4,100,phased,21,nearest,0.0007345000012719538,5009950.198602007,2858.8371618300384,389.1361440176728,32.0,30.0,5.0
r110_21,4,100,phased,21,grasp,2.5681240999983856,2009810.669534342,3056.3204821870713,365.43490521547983,31.0,39.0,2.0
r110_21,4,100,phased,21,mp_eavns,21.146257099997456,5241.012400322075,2141.012400322076,0.0,31.0,21.0,0.0
r110_21,4,100,all,21,edd,4.059999992023222e-05,28016425.44220085,4174.1824292755155,875.1259771576292,35.0,35.0,28.0
r110_21,4,100,all,21,sweep,2.5299999833805487e-05,7009913.955988715,2768.526063977316,344.54299247377156,37.0,26.0,7.0
r110_21,4,100,all,21,nearest,0.0007628999992448371,5009950.198602007,2858.8371618300384,389.1361440176728,32.0,30.0,5.0
r110_21,4,100,all,21,grasp,2.689251499999955,1013615.542963472,3144.9433626543428,727.0599600817657,32.0,41.0,1.0
r110_21,4,100,all,21,mp_eavns,19.762466799998947,5260.473013825718,2160.4730138257178,0.0,31.0,21.0,0.0
r111_21,1,25,depot,1,edd,1.300000076298602e-05,8001584.48176154,574.1545348741079,11.03272266658179,9.0,0.0,8.0
r111_21,1,25,depot,1,sweep,7.99999907030724e-06,8002490.282186185,647.921506409716,74.23606797749979,11.0,0.0,8.0
r111_21,1,25,depot,1,nearest,7.220000043162145e-05,4002305.9767539212,523.1732702595285,88.28034836616263,9.0,0.0,4.0
r111_21,1,25,depot,1,grasp,0.013789499997074017,4001455.514050763,555.5140507632088,0.0,9.0,0.0,4.0
r111_21,1,25,depot,1,mp_eavns,0.10652399999889894,3001368.920696609,468.92069660910215,0.0,9.0,0.0,3.0
r111_21,1,25,phased,6,edd,1.3999997463542968e-05,4001586.9622761216,576.6350494557722,11.03272266658179,9.0,3.0,4.0
r111_21,1,25,phased,6,sweep,1.1100000847363845e-05,2711.417885244461,655.219099783234,95.6198785461227,11.0,6.0,0.0
r111_21,1,25,phased,6,nearest,0.00010380000094301067,1002315.4782345619,532.6747509002662,88.28034836616263,9.0,3.0,1.0
r111_21,1,25,phased,6,grasp,0.04192259999763337,1866.2156791107122,592.0472733420208,37.416840576869134,9.0,5.0,0.0
r111_21,1,25,phased,6,mp_eavns,0.17320939999990514,1258.4884774411837,458.4884774411837,0.0,8.0,4.0,0.0
r111_21,1,25,all,21,edd,1.3299999409355223e-05,4001586.9622761216,576.6350494557722,11.03272266658179,9.0,3.0,4.0
r111_21,1,25,all,21,sweep,1.7899998056236655e-05,2711.417885244461,655.219099783234,95.6198785461227,11.0,6.0,0.0
r111_21,1,25,all,21,nearest,8.22000001790002e-05,1002315.4782345619,532.6747509002662,88.28034836616263,9.0,3.0,1.0
r111_21,1,25,all,21,grasp,0.03339100000084727,1719.3976409385382,545.0259470398572,27.43716938986809,9.0,6.0,0.0
r111_21,1,25,all,21,mp_eavns,0.37114110000038636,1402.8711354050815,502.8711354050814,0.0,9.0,4.0,0.0
r111_21,2,50,depot,1,edd,1.889999839477241e-05,27004094.7462594,1714.2869569929012,48.045930240767234,19.0,3.0,27.0
r111_21,2,50,depot,1,sweep,1.2699998478638008e-05,18005346.434798963,1280.0830555088833,216.63517434536507,19.0,0.0,18.0
r111_21,2,50,depot,1,nearest,0.0002085999985865783,15005702.582014121,1261.603094954446,274.09789191671626,17.0,2.0,15.0
r111_21,2,50,depot,1,grasp,0.10156389999974635,11007506.42714321,1420.0391766655,438.6387966544827,17.0,5.0,11.0
r111_21,2,50,depot,1,mp_eavns,1.309831499998836,7002570.113106446,970.1131064466707,0.0,16.0,0.0,7.0
r111_21,2,50,phased,11,edd,2.1900003048358485e-05,1007217.5532294007,1695.9613131251629,362.15919162754716,19.0,21.0,1.0
r111_21,2,50,phased,11,sweep,1.4999997802078724e-05,3005600.4312748793,1320.241425739319,238.01898491398796,19.0,13.0,3.0
r111_21,2,50,phased,11,nearest,0.00020790000053239055,2006414.2949621556,1240.127299736534,347.41676624191757,17.0,12.0,2.0
r111_21,2,50,phased,11,grasp,0.24962760000198614,3252.9053947213374,1326.8176107182835,32.6087784003054,16.0,17.0,0.0
r111_21,2,50,phased,11,mp_eavns,2.0660528000007616,2593.4224921674004,993.4224921674006,0.0,16.0,10.0,0.0
r111_21,2,50,all,21,edd,2.2100000933278352e-05,1007217.5532294007,1695.9613131251629,362.15919162754716,19.0,21.0,1.0
r111_21,2,50,all,21,sweep,1.5199999324977398e-05,3005600.4312748793,1320.241425739319,238.01898491398796,19.0,13.0,3.0
r111_21,2,50,all,21,nearest,0.00023009999858913943,2006414.2949621556,1240.127299736534,347.41676624191757,17.0,12.0,2.0
r111_21,2,50,all,21,grasp,0.37201199999981327,4041.123338686264,1335.1145954519252,110.6008743234339,16.0,17.0,0.0
r111_21,2,50,all,21,mp_eavns,3.5519013999983144,2606.718257451046,1006.7182574510464,0.0,16.0,9.0,0.0
r111_21,3,75,depot,1,edd,3.149999974993989e-05,34010593.73267059,2837.1761941444065,515.6556476442951,26.0,11.0,34.0
r111_21,3,75,depot,1,sweep,1.630000042496249e-05,27007198.66079755,2030.1136095248291,226.85471880265797,29.0,1.0,27.0
r111_21,3,75,depot,1,nearest,0.0004188999992038589,21006819.30824193,1917.0946848315673,250.2213557099139,24.0,1.0,21.0
r111_21,3,75,depot,1,grasp,0.2969370999999228,19009334.51037376,2046.1946994218488,488.8315674338554,24.0,6.0,19.0
r111_21,3,75,depot,1,mp_eavns,4.006690800000797,11003919.859769294,1519.8597692944256,0.0,24.0,0.0,11.0
r111_21,3,75,phased,16,edd,3.569999898900278e-05,8013566.359737303,2864.424247379286,810.1935489924106,26.0,33.0,8.0
r111_21,3,75,phased,16,sweep,2.13999992411118e-05,6007450.144372994,2067.7590792813035,248.23852937128086,29.0,19.0,6.0
r111_21,3,75,phased,16,nearest,0.0004110999980184715,3007673.1419216986,1956.452553592348,331.6689368106058,24.0,19.0,3.0
r111_21,3,75,phased,16,grasp,0.8899459000022034,1007708.3276666605,2129.0791405267664,317.9248526133728,24.0,25.0,1.0
r111_21,3,75,phased,16,mp_eavns,6.367368600000191,3874.106189042763,1574.1061890427632,0.0,23.0,16.0,0.0
r111_21,3,75,all,21,edd,3.199999991920777e-05,8013566.359737303,2864.424247379286,810.1935489924106,26.0,33.0,8.0
r111_21,3,75,all,21,sweep,1.9899998733308166e-05,6007450.144372994,2067.7590792813035,248.23852937128086,29.0,19.0,6.0
r111_21,3,75,all,21,nearest,0.0004154999987804331,3007673.1419216986,1956.452553592348,331.6689368106058,24.0,19.0,3.0
r111_21,3,75,all,21,grasp,0.8824449999992794,1005898.4781756393,2161.4263572943582,143.70518183449227,23.0,26.0,1.0
r111_21,3,75,all,21,mp_eavns,8.308967599998141,3988.3749964022304,1588.3749964022304,0.0,24.0,15.0,0.0
r111_21,4,100,depot,1,edd,3.890000152750872e-05,56011339.321207285,4011.5637606980667,372.7757446587668,36.0,13.0,56.0
r111_21,4,100,depot,1,sweep,2.2300002456177026e-05,37009314.31989576,2692.3560670897255,292.19638286678435,37.0,1.0,37.0
r111_21,4,100,depot,1,nearest,0.0007115999978850596,34009185.93008237,2817.8941550233885,316.80359273486437,32.0,2.0,34.0
r111_21,4,100,depot,1,grasp,0.6347415000018373,30010058.230860118,3106.631224035377,385.1599636082383,31.0,9.0,30.0
r111_21,4,100,depot,1,mp_eavns,5.620809800002462,15005208.433166496,2108.4331664963224,0.0,31.0,1.0,15.0
r111_21,4,100,phased,21,edd,5.0000002374872565e-05,13013862.11506983,4009.231401743888,625.2883668086613,36.0,44.0,13.0
r111_21,4,100,phased,21,sweep,2.6399997295811772e-05,7010363.955988715,2768.526063977316,389.54299247377156,37.0,26.0,7.0
r111_21,4,100,phased,21,nearest,0.0006867000010970514,5009956.805971941,2865.1063595512665,389.1699612389853,32.0,31.0,5.0
r111_21,4,100,phased,21,grasp,2.7777219000017794,1011399.1231156574,3082.9424894101994,511.6180626247185,32.0,40.0,1.0
r111_21,4,100,phased,21,mp_eavns,17.64887429999726,5232.970985525233,2132.9709855252336,0.0,31.0,22.0,0.0
r111_21,4,100,all,21,edd,4.020000051241368e-05,13013862.11506983,4009.231401743888,625.2883668086613,36.0,44.0,13.0
r111_21,4,100,all,21,sweep,2.6100002287421376e-05,7010363.955988715,2768.526063977316,389.54299247377156,37.0,26.0,7.0
r111_21,4,100,all,21,nearest,0.0007500000028812792,5009956.805971941,2865.1063595512665,389.1699612389853,32.0,31.0,5.0
r111_21,4,100,all,21,grasp,2.4240590000008524,1012477.2255606152,3080.6756068767277,629.6549953738412,31.0,40.0,1.0
r111_21,4,100,all,21,mp_eavns,24.199955000000045,5397.321658682849,2197.321658682849,0.0,32.0,23.0,0.0
r112_21,1,25,depot,1,edd,1.2099997547920793e-05,7001590.853154428,590.8531544279477,0.0,10.0,0.0,7.0
r112_21,1,25,depot,1,sweep,7.399998139590025e-06,8001747.9215064095,647.921506409716,0.0,11.0,0.0,8.0
r112_21,1,25,depot,1,nearest,7.280000136233866e-05,4001442.731200718,523.1732702595285,1.9557930458258568,9.0,0.0,4.0
r112_21,1,25,depot,1,grasp,0.01194240000040736,4001880.8230729355,572.0488561234795,30.877421681174923,10.0,0.0,4.0
r112_21,1,25,depot,1,mp_eavns,0.1576199999981327,3001371.15106441,471.15106440983567,0.0,9.0,0.0,3.0
r112_21,1,25,phased,6,edd,1.1999996786471456e-05,2001593.5410549203,593.541054920408,0.0,10.0,4.0,2.0
r112_21,1,25,phased,6,sweep,9.300001693191007e-06,1755.219099783234,655.219099783234,0.0,11.0,6.0,0.0
r112_21,1,25,phased,6,nearest,7.230000119307078e-05,1001452.2326813586,532.6747509002662,1.9557930458258568,9.0,3.0,1.0
r112_21,1,25,phased,6,grasp,0.02009410000027856,1484.4830033955243,584.4830033955243,0.0,9.0,5.0,0.0
r112_21,1,25,phased,6,mp_eavns,0.1697228000011819,1262.2799618327915,462.2799618327915,0.0,8.0,3.0,0.0
r112_21,1,25,all,21,edd,1.2000000424450263e-05,2001593.5410549203,593.541054920408,0.0,10.0,4.0,2.0
r112_21,1,25,all,21,sweep,9.60000033956021e-06,1755.219099783234,655.219099783234,0.0,11.0,6.0,0.0
r112_21,1,25,all,21,nearest,7.589999950141646e-05,1001452.2326813586,532.6747509002662,1.9557930458258568,9.0,3.0,1.0
r112_21,1,25,all,21,grasp,0.03218209999977262,1491.6791843106362,591.6791843106363,0.0,9.0,6.0,0.0
r112_21,1,25,all,21,mp_eavns,0.32085559999904945,1263.7687871439584,463.7687871439584,0.0,8.0,3.0,0.0
r112_21,2,50,depot,1,edd,1.939999856404029e-05,19003867.514367014,1620.7495752824088,44.67647917312516,18.0,5.0,19.0
r112_21,2,50,depot,1,sweep,1.2600001355167478e-05,18003180.083055507,1280.0830555088833,0.0,19.0,0.0,18.0
r112_21,2,50,depot,1,nearest,0.00022589999935007654,14002966.897466041,1247.3395355821128,1.9557930458258568,17.0,1.0,14.0
r112_21,2,50,depot,1,grasp,0.07893909999984317,13003061.410803052,1301.4108030510488,6.0,17.0,2.0,13.0
r112_21,2,50,depot,1,mp_eavns,1.148292499998206,7002562.517476192,962.5174761920364,0.0,16.0,0.0,7.0
r112_21,2,50,phased,11,edd,2.229999881819822e-05,5003792.997840235,1592.0433768966345,40.09544633384692,18.0,14.0,5.0
r112_21,2,50,phased,11,sweep,1.550000160932541e-05,3003220.241425739,1320.241425739319,0.0,19.0,13.0,3.0
r112_21,2,50,phased,11,nearest,0.0002179000002797693,1004064.2934745854,1238.7290585899318,112.55644159954585,17.0,12.0,1.0
r112_21,2,50,phased,11,grasp,0.2132385000004433,2894.853050169604,1294.853050169604,0.0,16.0,15.0,0.0
r112_21,2,50,phased,11,mp_eavns,1.8633225999983551,2553.9560222647983,953.9560222647984,0.0,16.0,8.0,0.0
r112_21,2,50,all,21,edd,2.5000001187436283e-05,4003808.9322820147,1607.9778186762846,40.09544633384692,18.0,15.0,4.0
r112_21,2,50,all,21,sweep,3.2599997211946175e-05,3003220.241425739,1320.241425739319,0.0,19.0,13.0,3.0
r112_21,2,50,all,21,nearest,0.00021280000146362,1004064.2934745854,1238.7290585899318,112.55644159954585,17.0,12.0,1.0
r112_21,2,50,all,21,grasp,0.2596797999976843,2894.958009485478,1294.9580094854782,0.0,16.0,16.0,0.0
r112_21,2,50,all,21,mp_eavns,2.370490699999209,2578.438637561123,978.4386375611231,0.0,16.0,8.0,0.0
r112_21,3,75,depot,1,edd,3.810000271187164e-05,29006505.3696306,2902.7399570006082,80.26296735988339,28.0,12.0,29.0
r112_21,3,75,depot,1,sweep,2.390000008745119e-05,27004930.113609526,2030.1136095248291,0.0,29.0,1.0,27.0
r112_21,3,75,depot,1,nearest,0.0006142999991425313,21004336.65261529,1917.0946848315673,1.9557930458258568,24.0,1.0,21.0
r112_21,3,75,depot,1,grasp,0.23181010000189417,20005468.3557342,2062.2798305741744,110.60759036251784,23.0,5.0,20.0
r112_21,3,75,depot,1,mp_eavns,3.19462779999958,10003912.614815595,1512.6148155950277,0.0,24.0,0.0,10.0
r112_21,3,75,phased,16,edd,3.719999949680641e-05,15006597.887824936,2901.2355383893505,89.66522865459507,28.0,25.0,15.0
r112_21,3,75,phased,16,sweep,2.0600000425474718e-05,6004967.759079281,2067.7590792813035,0.0,29.0,19.0,6.0
r112_21,3,75,phased,16,nearest,0.00043569999979808927,3004896.5114851515,1956.452553592348,54.005893155934444,24.0,19.0,3.0
r112_21,3,75,phased,16,grasp,0.6784259000014572,1005295.0208092905,2140.639630687272,75.43811786031984,24.0,23.0,1.0
r112_21,3,75,phased,16,mp_eavns,5.1198796999997285,3794.35437103804,1494.3543710380402,0.0,23.0,13.0,0.0
r112_21,3,75,all,21,edd,3.349999678903259e-05,15006597.887824936,2901.2355383893505,89.66522865459507,28.0,25.0,15.0
r112_21,3,75,all,21,sweep,1.8200000340584666e-05,6004967.759079281,2067.7590792813035,0.0,29.0,19.0,6.0
r112_21,3,75,all,21,nearest,0.0004239000008965377,3004896.5114851515,1956.452553592348,54.005893155934444,24.0,19.0,3.0
r112_21,3,75,all,21,grasp,0.7779560999988462,1005577.1398349032,2118.0911663206266,115.90486685825985,23.0,24.0,1.0
r112_21,3,75,all,21,mp_eavns,7.5697944999992615,3851.123691935814,1551.123691935814,0.0,23.0,14.0,0.0
r112_21,4,100,depot,1,edd,4.039999839733355e-05,47009267.58922202,3984.8860111924905,168.2703210831033,36.0,16.0,47.0
r112_21,4,100,depot,1,sweep,2.170000152545981e-05,37006392.35606709,2692.3560670897255,0.0,37.0,1.0,37.0
r112_21,4,100,depot,1,nearest,0.000715199999831384,34006033.999958456,2810.8687709673504,2.3131187489898934,32.0,2.0,34.0
r112_21,4,100,depot,1,grasp,0.5158717999984219,31006380.146503348,2876.1694888230795,30.397701452451173,32.0,6.0,31.0
r112_21,4,100,depot,1,mp_eavns,7.10602260000087,15005190.775277538,2090.775277537354,0.0,31.0,1.0,15.0
r112_21,4,100,phased,21,edd,4.520000220509246e-05,17009514.745536536,3981.047866838422,193.369766969586,36.0,38.0,17.0
r112_21,4,100,phased,21,sweep,2.5699999241624027e-05,7006558.154054361,2768.526063977316,8.96279903836438,37.0,26.0,7.0
r112_21,4,100,phased,21,nearest,0.0007117999994079582,5006081.96834932,2858.8371618300384,2.3131187489898934,32.0,30.0,5.0
r112_21,4,100,phased,21,grasp,2.06722880000234,1007082.2370446891,2991.061689083495,89.11753556056885,32.0,38.0,1.0
r112_21,4,100,phased,21,mp_eavns,17.386215999998967,5168.869533512878,2068.8695335128773,0.0,31.0,20.0,0.0
r112_21,4,100,all,21,edd,4.41999982285779e-05,17009514.745536536,3981.047866838422,193.369766969586,36.0,38.0,17.0
r112_21,4,100,all,21,sweep,2.42000023717992e-05,7006558.154054361,2768.526063977316,8.96279903836438,37.0,26.0,7.0
r112_21,4,100,all,21,nearest,0.0007158000007621013,5006081.96834932,2858.8371618300384,2.3131187489898934,32.0,30.0,5.0
r112_21,4,100,all,21,grasp,2.0945637000004353,6217.903741907245,2866.52609406602,25.13776478412251,31.0,36.0,0.0
r112_21,4,100,all,21,mp_eavns,16.58266320000257,5223.457137182133,2123.4571371821326,0.0,31.0,21.0,0.0
r201_21,1,25,depot,1,edd,1.3699998817173764e-05,8001647.1548693525,647.1548693521519,0.0,10.0,0.0,8.0
r201_21,1,25,depot,1,sweep,7.599999662488699e-06,8018711.458093544,647.921506409716,1696.3536587133374,11.0,0.0,8.0
r201_21,1,25,depot,1,nearest,7.099999857018702e-05,4032577.3288384755,523.1732702595285,3115.4155568216092,9.0,0.0,4.0
r201_21,1,25,depot,1,grasp,0.017699399999401066,4009800.9319715104,556.9871948607172,834.3944776649505,9.0,0.0,4.0
r201_21,1,25,depot,1,mp_eavns,0.12176790000012261,3001261.59309486,461.5930948603147,0.0,8.0,0.0,3.0
r201_21,1,25,phased,6,edd,1.1200001608813182e-05,1001658.2629826912,658.2629826911972,0.0,10.0,4.0,1.0
r201_21,1,25,phased,6,sweep,9.2999980552122e-06,26049.86335579414,655.219099783234,2429.4644256010906,11.0,6.0,0.0
r201_21,1,25,phased,6,nearest,6.889999713166617e-05,1032586.8303191164,532.6747509002662,3115.4155568216092,9.0,3.0,1.0
r201_21,1,25,phased,6,grasp,0.024108500001602806,9024.900087284068,589.044872589277,753.5855214694791,9.0,5.0,0.0
r201_21,1,25,phased,6,mp_eavns,0.2532331000002159,1424.2392216964304,524.2392216964305,0.0,9.0,4.0,0.0
r201_21,1,25,all,21,edd,1.1899999663000926e-05,1001658.2629826912,658.2629826911972,0.0,10.0,4.0,1.0
r201_21,1,25,all,21,sweep,8.700000762473792e-06,26049.86335579414,655.219099783234,2429.4644256010906,11.0,6.0,0.0
r201_21,1,25,all,21,nearest,6.89999978931155e-05,1032586.8303191164,532.6747509002662,3115.4155568216092,9.0,3.0,1.0
r201_21,1,25,all,21,grasp,0.033421400003135204,9872.560977312185,623.0518656926339,834.950911161955,9.0,8.0,0.0
r201_21,1,25,all,21,mp_eavns,0.2596508000024187,1389.1524046459665,489.15240464596644,0.0,9.0,3.0,0.0
r201_21,2,50,depot,1,edd,1.8900002032751217e-05,25003488.935097225,1688.9350972251502,0.0,18.0,3.0,25.0
r201_21,2,50,depot,1,sweep,1.170000177808106e-05,18036369.28524149,1280.0830555088833,3318.9202185979607,19.0,0.0,18.0
r201_21,2,50,depot,1,nearest,0.00019729999985429458,15049571.770353066,1261.603094954446,4661.016725811115,17.0,2.0,15.0
r201_21,2,50,depot,1,grasp,0.1053775999971549,10043660.72508145,1285.7352227110098,4067.498985873924,17.0,3.0,10.0
r201_21,2,50,depot,1,mp_eavns,1.0696945999989111,7005053.102559537,1008.7116703910302,244.4390889145858,16.0,0.0,7.0
r201_21,2,50,phased,11,edd,2.1500000002561137e-05,3004059.1380482586,1689.804687998889,56.93333602597761,18.0,17.0,3.0
r201_21,2,50,phased,11,sweep,1.5199999324977398e-05,3043740.5512805963,1320.241425739319,4052.0309854857137,19.0,13.0,3.0
r201_21,2,50,phased,11,nearest,0.00020899999799439684,2056079.1573614574,1240.127299736534,5313.903006172084,17.0,12.0,2.0
r201_21,2,50,phased,11,grasp,0.29558520000136923,24467.18528827089,1326.7547300066667,2144.0430558264225,17.0,15.0,0.0
r201_21,2,50,phased,11,mp_eavns,2.0503816999989795,2669.5199690985255,1069.5199690985257,0.0,16.0,9.0,0.0
r201_21,2,50,all,21,edd,2.1500000002561137e-05,3004059.1380482586,1689.804687998889,56.93333602597761,18.0,17.0,3.0
r201_21,2,50,all,21,sweep,1.4200002624420449e-05,3043740.5512805963,1320.241425739319,4052.0309854857137,19.0,13.0,3.0
r201_21,2,50,all,21,nearest,0.00019840000095427968,2056079.1573614574,1240.127299736534,5313.903006172084,17.0,12.0,2.0
r201_21,2,50,all,21,grasp,0.40376979999928153,17200.513026828514,1427.2563811924929,1417.3256645636022,16.0,16.0,0.0
r201_21,2,50,all,21,mp_eavns,2.4275459999989835,2621.7993512700214,1021.7993512700212,0.0,16.0,9.0,0.0
r201_21,3,75,depot,1,edd,2.760000279522501e-05,42006770.10693251,2721.7470035598926,124.83599289548297,28.0,3.0,42.0
r201_21,3,75,depot,1,sweep,1.630000042496249e-05,27047515.67531873,2030.1136095248291,4258.556170920252,29.0,1.0,27.0
r201_21,3,75,depot,1,nearest,0.00040999999691848643,21074206.73055901,1917.0946848315673,6988.963587417763,24.0,1.0,21.0
r201_21,3,75,depot,1,grasp,0.32271610000316286,19049678.698897902,2129.760192903963,4514.893870499803,24.0,8.0,19.0
r201_21,3,75,depot,1,mp_eavns,3.3675719999991998,11006465.674507726,1621.283618579501,244.4390889145858,24.0,1.0,11.0
r201_21,3,75,phased,16,edd,3.319999814266339e-05,13007517.546563664,2771.0737753894505,194.64727882746146,28.0,22.0,13.0
r201_21,3,75,phased,16,sweep,1.9899998733308166e-05,6054884.428457362,2067.7590792813035,4991.666937808006,29.0,19.0,6.0
r201_21,3,75,phased,16,nearest,0.00040099999750964344,3081650.344327905,1956.452553592348,7729.389177431263,24.0,19.0,3.0
r201_21,3,75,phased,16,grasp,0.9625559000014619,2033492.4748255236,2332.6514668966856,2875.9823358626973,24.0,27.0,2.0
r201_21,3,75,phased,16,mp_eavns,8.163739800002077,4078.5965800286267,1678.5965800286267,0.0,24.0,16.0,0.0
r201_21,3,75,all,21,edd,3.0399998649954796e-05,13007517.546563664,2771.0737753894505,194.64727882746146,28.0,22.0,13.0
r201_21,3,75,all,21,sweep,1.8700000509852543e-05,6054884.428457362,2067.7590792813035,4991.666937808006,29.0,19.0,6.0
r201_21,3,75,all,21,nearest,0.00040439999793306924,3081650.344327905,1956.452553592348,7729.389177431263,24.0,19.0,3.0
r201_21,3,75,all,21,grasp,1.0741096999990987,1042933.2207579338,2176.0219884649787,3835.7198769468882,24.0,26.0,1.0
r201_21,3,75,all,21,mp_eavns,8.177715800000442,4018.3039937681533,1618.3039937681533,0.0,24.0,15.0,0.0
r201_21,4,100,depot,1,edd,4.470000203582458e-05,58008789.95608852,3941.596159567634,124.83599289548297,36.0,8.0,58.0
r201_21,4,100,depot,1,sweep,2.350000067963265e-05,37067426.40344035,2692.3560670897255,6103.404737325847,37.0,1.0,37.0
r201_21,4,100,depot,1,nearest,0.0007186000002548099,34077715.10662601,2810.8687709673504,7170.42378550426,32.0,2.0,34.0
r201_21,4,100,depot,1,grasp,0.6636953999986872,29098040.025076717,2763.686966746981,9217.633810996887,31.0,6.0,29.0
r201_21,4,100,depot,1,mp_eavns,5.159955999999511,16005577.036089325,2377.0360893262027,0.0,32.0,4.0,16.0
r201_21,4,100,phased,21,edd,4.1700001020217314e-05,21012285.85246308,3972.8332695672043,471.30191935125026,36.0,33.0,21.0
r201_21,4,100,phased,21,sweep,2.3700002202531323e-05,7081855.985511109,2768.526063977316,7538.745944713191,37.0,26.0,7.0
r201_21,4,100,phased,21,nearest,0.0006926999994902872,5087447.751314855,2858.8371618300384,8138.89141530252,32.0,30.0,5.0
r201_21,4,100,phased,21,grasp,2.474886100000731,2050056.2451418552,3061.642947973996,4379.460219388125,32.0,34.0,2.0
r201_21,4,100,phased,21,mp_eavns,17.930368499997712,5363.907909596226,2263.3540582148516,0.05538513813746704,31.0,22.0,0.0
r201_21,4,100,all,21,edd,4.39000032201875e-05,21012285.85246308,3972.8332695672043,471.30191935125026,36.0,33.0,21.0
r201_21,4,100,all,21,sweep,2.5899997126543894e-05,7081855.985511109,2768.526063977316,7538.745944713191,37.0,26.0,7.0
r201_21,4,100,all,21,nearest,0.0007031000022834633,5087447.751314855,2858.8371618300384,8138.89141530252,32.0,30.0,5.0
r201_21,4,100,all,21,grasp,2.7166572000023734,1066783.2943211484,3108.8598641139133,6037.44344570346,33.0,40.0,1.0
r201_21,4,100,all,21,mp_eavns,13.951470199997857,5301.412165706224,2201.4121657062237,0.0,31.0,21.0,0.0
r201C10,1,3,depot,1,edd,1.340000017080456e-05,1000287.2206928993,87.2206928993535,0.0,2.0,0.0,1.0
r201C10,1,3,depot,1,sweep,2.7999994927085936e-06,299.9800805169304,99.98008051693041,0.0,2.0,0.0,0.0
r201C10,1,3,depot,1,nearest,1.0399999155197293e-05,4327.202865748236,96.78691996031296,403.04159457879234,2.0,0.0,0.0
r201C10,1,3,depot,1,grasp,0.00017109999680542387,296.78691996031296,96.78691996031296,0.0,2.0,0.0,0.0
r201C10,1,3,depot,1,mp_eavns,0.00258649999886984,296.78691996031296,96.78691996031296,0.0,2.0,0.0,0.0
r201C10,1,3,phased,2,edd,2.4000000848900527e-06,295.4482399997771,95.44823999977712,0.0,2.0,1.0,0.0
r201C10,1,3,phased,2,sweep,2.1999985619913787e-06,299.9800805169304,99.98008051693041,0.0,2.0,0.0,0.0
r201C10,1,3,phased,2,nearest,6.199999916134402e-06,4327.202865748236,96.78691996031296,403.04159457879234,2.0,0.0,0.0
r201C10,1,3,phased,2,grasp,0.0001740000006975606,295.4482399997771,95.44823999977712,0.0,2.0,1.0,0.0
r201C10,1,3,phased,2,mp_eavns,0.0027237999966018833,295.4482399997771,95.44823999977712,0.0,2.0,1.0,0.0
r201C10,1,3,all,4,edd,1.8999999156221747e-06,295.4482399997771,95.44823999977712,0.0,2.0,1.0,0.0
r201C10,1,3,all,4,sweep,1.7999991541728377e-06,299.9800805169304,99.98008051693041,0.0,2.0,0.0,0.0
r201C10,1,3,all,4,nearest,4.999998054699972e-06,4327.202865748236,96.78691996031296,403.04159457879234,2.0,0.0,0.0
r201C10,1,3,all,4,grasp,0.00016850000247359276,295.4482399997771,95.44823999977712,0.0,2.0,1.0,0.0
r201C10,1,3,all,4,mp_eavns,0.003506999997625826,295.4482399997771,95.44823999977712,0.0,2.0,1.0,0.0
r201C10,2,5,depot,1,edd,4.800000169780105e-06,2000352.8354706655,152.83547066548175,0.0,2.0,0.0,2.0
r201C10,2,5,depot,1,sweep,3.6000019463244826e-06,1000440.128649359,140.12864935900282,0.0,3.0,0.0,1.0
r201C10,2,5,depot,1,nearest,1.3799999578623101e-05,2001405.0320027997,139.7902558371937,106.52417469626005,2.0,0.0,2.0
r201C10,2,5,depot,1,grasp,0.00028759999986505136,1698.2187901775715,147.42401000273549,135.0794780174836,2.0,1.0,0.0
r201C10,2,5,depot,1,mp_eavns,0.0055208000012498815,347.4240100027355,147.4240100027355,0.0,2.0,1.0,0.0
r201C10,2,5,phased,3,edd,2.6000016077887267e-06,2000352.8354706655,152.83547066548175,0.0,2.0,0.0,2.0
r201C10,2,5,phased,3,sweep,2.6999987312592566e-06,1000440.128649359,140.12864935900282,0.0,3.0,0.0,1.0
r201C10,2,5,phased,3,nearest,8.499999239575118e-06,1413.322892514418,148.08114555181754,106.52417469626005,2.0,2.0,0.0
r201C10,2,5,phased,3,grasp,0.0002860999993572477,347.65264934939125,147.65264934939125,0.0,2.0,1.0,0.0
r201C10,2,5,phased,3,mp_eavns,0.00732639999841922,330.71966920645707,130.71966920645707,0.0,2.0,1.0,0.0
r201C10,2,5,all,4,edd,2.3000029614195228e-06,2000352.8354706655,152.83547066548175,0.0,2.0,0.0,2.0
r201C10,2,5,all,4,sweep,2.5000008463393897e-06,1000440.128649359,140.12864935900282,0.0,3.0,0.0,1.0
r201C10,2,5,all,4,nearest,7.90000194683671e-06,1413.322892514418,148.08114555181754,106.52417469626005,2.0,2.0,0.0
r201C10,2,5,all,4,grasp,0.0005414999977801926,347.4240100027355,147.42401000273549,0.0,2.0,1.0,0.0
r201C10,2,5,all,4,mp_eavns,0.007843000003049383,330.71966920645707,130.71966920645707,0.0,2.0,1.0,0.0
r201C10,3,8,depot,1,edd,4.5000015234109014e-06,2000693.7865050377,293.7865050377895,0.0,4.0,2.0,2.0
r201C10,3,8,depot,1,sweep,3.5000011848751456e-06,2002153.566245853,239.40216720306992,151.41640786499875,4.0,0.0,2.0
r201C10,3,8,depot,1,nearest,1.5300000086426735e-05,1008886.8951772845,254.62660733334897,833.2268569951156,3.0,2.0,1.0
r201C10,3,8,depot,1,grasp,0.0007155999992392026,1000583.1111343547,283.1111343546834,0.0,3.0,3.0,1.0
r201C10,3,8,depot,1,mp_eavns,0.01380549999885261,1000533.3927563295,233.39275632953905,0.0,3.0,1.0,1.0
r201C10,3,8,phased,4,edd,4.800000169780105e-06,690.4483205903275,290.44832059032757,0.0,4.0,3.0,0.0
r201C10,3,8,phased,4,sweep,4.300000000512227e-06,1002157.3583921517,243.19431350164427,151.41640786499875,4.0,1.0,1.0
r201C10,3,8,phased,4,nearest,1.5799996617715806e-05,8890.687323583079,258.4187536319233,833.2268569951156,3.0,3.0,0.0
r201C10,3,8,phased,4,grasp,0.0007170999997470062,2225.596599078812,278.4595529728802,154.71370461059314,4.0,3.0,0.0
r201C10,3,8,phased,4,mp_eavns,0.028821400002925657,637.6702680958552,237.67026809585525,0.0,4.0,2.0,0.0
r201C10,3,8,all,4,edd,4.6000022848602384e-06,690.4483205903275,290.44832059032757,0.0,4.0,3.0,0.0
r201C10,3,8,all,4,sweep,4.099998477613553e-06,1002157.3583921517,243.19431350164427,151.41640786499875,4.0,1.0,1.0
r201C10,3,8,all,4,nearest,1.5000001440057531e-05,8890.687323583079,258.4187536319233,833.2268569951156,3.0,3.0,0.0
r201C10,3,8,all,4,grasp,0.0008439999983238522,2225.596599078812,278.4595529728802,154.71370461059314,4.0,3.0,0.0
r201C10,3,8,all,4,mp_eavns,0.03932450000138488,637.6702680958552,237.67026809585525,0.0,4.0,2.0,0.0
r201C10,4,10,depot,1,edd,6.300000677583739e-06,3000855.4484803453,355.44848034526285,0.0,5.0,2.0,3.0
r201C10,4,10,depot,1,sweep,5.099998816149309e-06,2002286.1175208478,271.9534421978997,151.41640786499875,5.0,0.0,2.0
r201C10,4,10,depot,1,nearest,2.479999966453761e-05,1009036.449635378,304.18106542686354,833.2268569951156,4.0,2.0,1.0
r201C10,4,10,depot,1,grasp,0.0009430000027350616,1003649.0675520333,296.9565265241192,295.211102550928,4.0,2.0,1.0
r201C10,4,10,depot,1,mp_eavns,0.026832499999727588,1000682.9472144231,282.94721442305365,0.0,4.0,1.0,1.0
r201C10,4,10,phased,4,edd,5.900001269765198e-06,2000848.3181495992,348.31814959922656,0.0,5.0,2.0,2.0
r201C10,4,10,phased,4,sweep,5.599998985417187e-06,2002286.1175208478,271.9534421978997,151.41640786499875,5.0,0.0,2.0
r201C10,4,10,phased,4,nearest,2.300000051036477e-05,9040.241781676592,307.9732117254379,833.2268569951156,4.0,3.0,0.0
r201C10,4,10,phased,4,grasp,0.0011758000000554603,2567.857276705947,321.03232165394564,184.6824955052001,4.0,4.0,0.0
r201C10,4,10,phased,4,mp_eavns,0.052912800001649885,697.6894716396014,297.6894716396014,0.0,4.0,3.0,0.0
r201C10,4,10,all,4,edd,9.60000033956021e-06,2000848.3181495992,348.31814959922656,0.0,5.0,2.0,2.0
r201C10,4,10,all,4,sweep,8.299997716676444e-06,2002286.1175208478,271.9534421978997,151.41640786499875,5.0,0.0,2.0
r201C10,4,10,all,4,nearest,2.9200000426499173e-05,9040.241781676592,307.9732117254379,833.2268569951156,4.0,3.0,0.0
r201C10,4,10,all,4,grasp,0.0012560999966808595,2680.908650954201,330.593394215506,195.0315256738695,4.0,4.0,0.0
r201C10,4,10,all,4,mp_eavns,0.05402239999966696,787.2247261893698,287.2247261893698,0.0,5.0,2.0,0.0
r202_21,1,25,depot,1,edd,1.21000011858996e-05,7001669.760401087,669.7604010870789,0.0,10.0,1.0,7.0
r202_21,1,25,depot,1,sweep,7.400001777568832e-06,8014147.121574647,647.921506409716,1239.9200068237128,11.0,0.0,8.0
r202_21,1,25,depot,1,nearest,6.860000212327577e-05,4026326.5080928644,523.1732702595285,2490.3334822604866,9.0,0.0,4.0
r202_21,1,25,depot,1,grasp,0.0149621999989904,4006868.3120373054,558.2575422608782,541.0054495044755,9.0,0.0,4.0
r202_21,1,25,depot,1,mp_eavns,0.1353307000026689,3001253.679922037,453.67992203685253,0.0,8.0,0.0,3.0
r202_21,1,25,phased,6,edd,1.80000024556648e-05,2001655.604462129,655.6044621291691,0.0,10.0,4.0,2.0
r202_21,1,25,phased,6,sweep,1.0399999155197293e-05,15010.987710515285,655.219099783234,1325.5768610732052,11.0,6.0,0.0
r202_21,1,25,phased,6,nearest,8.490000254823826e-05,1026336.0095735051,532.6747509002662,2490.3334822604866,9.0,3.0,1.0
r202_21,1,25,phased,6,grasp,0.031403600001794985,6023.511152314464,598.2910365532601,452.52201157612046,9.0,6.0,0.0
r202_21,1,25,phased,6,mp_eavns,0.3678658999997424,1397.0674611628258,497.06746116282585,0.0,9.0,4.0,0.0
r202_21,1,25,all,21,edd,1.21000011858996e-05,2001655.604462129,655.6044621291691,0.0,10.0,4.0,2.0
r202_21,1,25,all,21,sweep,8.699997124494985e-06,15010.987710515285,655.219099783234,1325.5768610732052,11.0,6.0,0.0
r202_21,1,25,all,21,nearest,7.049999840091914e-05,1026336.0095735051,532.6747509002662,2490.3334822604866,9.0,3.0,1.0
r202_21,1,25,all,21,grasp,0.03500809999968624,1501.3539910770792,601.3539910770793,0.0,9.0,7.0,0.0
r202_21,1,25,all,21,mp_eavns,0.3432990000001155,1408.2177093274204,508.2177093274205,0.0,9.0,5.0,0.0
r202_21,2,50,depot,1,edd,2.550000135670416e-05,26003471.86919239,1571.869192392696,0.0,19.0,1.0,26.0
r202_21,2,50,depot,1,sweep,1.4400000509340316e-05,18018442.084222637,1280.0830555088833,1526.2001167129933,19.0,0.0,18.0
r202_21,2,50,depot,1,nearest,0.0002466999976604711,15034838.827212702,1261.603094954446,3187.7224117748733,17.0,2.0,15.0
r202_21,2,50,depot,1,grasp,0.09897239999918384,12007890.094297417,1328.5195341574354,486.15747632581906,17.0,3.0,12.0
r202_21,2,50,depot,1,mp_eavns,1.148652600000787,7002577.207748776,977.2077487764278,0.0,16.0,0.0,7.0
r202_21,2,50,phased,11,edd,2.0399998902576044e-05,6003541.797117794,1592.604862647858,4.919225514605159,19.0,14.0,6.0
r202_21,2,50,phased,11,sweep,1.3199998647905886e-05,3019338.811135364,1320.241425739319,1611.8569709624858,19.0,13.0,3.0
r202_21,2,50,phased,11,nearest,0.0001961999987543095,2041304.553301623,1240.127299736534,3836.442600188653,17.0,12.0,2.0
r202_21,2,50,phased,11,grasp,0.26581919999807724,15629.299557185042,1423.1752161792176,1260.6124341005825,16.0,20.0,0.0
r202_21,2,50,phased,11,mp_eavns,2.0719873999987612,2627.362583585791,1027.362583585791,0.0,16.0,9.0,0.0
r202_21,2,50,all,21,edd,2.1200001356191933e-05,6003541.797117794,1592.604862647858,4.919225514605159,19.0,14.0,6.0
r202_21,2,50,all,21,sweep,1.469999915570952e-05,3019338.811135364,1320.241425739319,1611.8569709624858,19.0,13.0,3.0
r202_21,2,50,all,21,nearest,0.00020370000129332766,2041304.553301623,1240.127299736534,3836.442600188653,17.0,12.0,2.0
r202_21,2,50,all,21,grasp,0.3448611999992863,10576.258507904913,1481.5181314507777,739.4740376454135,17.0,20.0,0.0
r202_21,2,50,all,21,mp_eavns,2.1433523000014247,2637.9469195876127,1037.946919587613,0.0,16.0,10.0,0.0
r202_21,3,75,depot,1,edd,2.7800000680144876e-05,38005631.3702877,2840.9374337907802,9.043285390809046,27.0,7.0,38.0
r202_21,3,75,depot,1,sweep,1.630000042496249e-05,27028708.474299878,2030.1136095248291,2377.836069035285,29.0,1.0,27.0
r202_21,3,75,depot,1,nearest,0.0004284000024199486,21051587.223794598,1917.0946848315673,4727.012910976797,24.0,1.0,21.0
r202_21,3,75,depot,1,grasp,0.30482649999976275,21028171.797699813,2258.0121710075978,2361.378552880466,23.0,7.0,21.0
r202_21,3,75,depot,1,mp_eavns,2.733833999998751,11003987.91797732,1587.9179773207018,0.0,24.0,1.0,11.0
r202_21,3,75,phased,16,edd,3.2100000680657104e-05,13012712.15561979,2843.7267047223318,716.8428915067752,27.0,27.0,13.0
r202_21,3,75,phased,16,sweep,1.920000067912042e-05,6029602.688312129,2067.7590792813035,2463.4929232847776,29.0,19.0,6.0
r202_21,3,75,phased,16,nearest,0.00040640000224811956,3057650.3954939535,1956.452553592348,5329.394294036124,24.0,19.0,3.0
r202_21,3,75,phased,16,grasp,0.8961653000005754,1019139.5703563753,2155.773918400265,1458.379643797507,24.0,27.0,1.0
r202_21,3,75,phased,16,mp_eavns,5.685866499999975,4034.99877737577,1634.9987773757698,0.0,24.0,15.0,0.0
r202_21,3,75,all,21,edd,2.8700000257231295e-05,13012712.15561979,2843.7267047223318,716.8428915067752,27.0,27.0,13.0
r202_21,3,75,all,21,sweep,1.849999898695387e-05,6029602.688312129,2067.7590792813035,2463.4929232847776,29.0,19.0,6.0
r202_21,3,75,all,21,nearest,0.0003956000000471249,3057650.3954939535,1956.452553592348,5329.394294036124,24.0,19.0,3.0
r202_21,3,75,all,21,grasp,1.0897040999989258,2023994.3629828733,2147.016456241017,1944.7346526632377,24.0,23.0,2.0
r202_21,3,75,all,21,mp_eavns,4.8572171999985585,4024.4647244259013,1724.464724425901,0.0,23.0,17.0,0.0
r202_21,4,100,depot,1,edd,3.469999865046702e-05,55007607.55378713,4007.553787129442,0.0,36.0,8.0,55.0
r202_21,4,100,depot,1,sweep,1.9600000086938962e-05,37042882.88537528,2692.3560670897255,3649.0529308195614,37.0,1.0,37.0
r202_21,4,100,depot,1,nearest,0.0006896999984746799,34051883.841791265,2810.8687709673504,4587.297302029506,32.0,2.0,34.0
r202_21,4,100,depot,1,grasp,0.6006586000003153,30067437.8371711,2974.3207033814706,6136.351646771894,31.0,8.0,30.0
r202_21,4,100,depot,1,mp_eavns,6.483453400000144,17005296.928391125,2196.9283911239113,0.0,31.0,2.0,17.0
r202_21,4,100,phased,21,edd,4.8499998229090124e-05,25009242.768746465,3990.2873476064983,165.2481398857497,36.0,30.0,25.0
r202_21,4,100,phased,21,sweep,2.5400000595254824e-05,7045068.30032928,2768.526063977316,3859.9774265302804,37.0,26.0,7.0
r202_21,4,100,phased,21,nearest,0.0006720999990648124,5056254.479872672,2858.8371618300384,5019.564271084174,32.0,30.0,5.0
r202_21,4,100,phased,21,grasp,2.7544674999990093,2032557.2962564288,2904.292036001858,2655.3004220427047,31.0,35.0,2.0
r202_21,4,100,phased,21,mp_eavns,19.296920499997213,5345.225209976909,2245.2252099769094,0.0,31.0,22.0,0.0
r202_21,4,100,all,21,edd,3.780000042752363e-05,25009242.768746465,3990.2873476064983,165.2481398857497,36.0,30.0,25.0
r202_21,4,100,all,21,sweep,2.3399999918183312e-05,7045068.30032928,2768.526063977316,3859.9774265302804,37.0,26.0,7.0
r202_21,4,100,all,21,nearest,0.0006936999998288229,5056254.479872672,2858.8371618300384,5019.564271084174,32.0,30.0,5.0
r202_21,4,100,all,21,grasp,2.58213799999794,41237.88858193764,3090.9184574406436,3494.6970124496993,32.0,38.0,0.0
r202_21,4,100,all,21,mp_eavns,19.22996129999956,5441.606054764962,2341.606054764962,0.0,31.0,26.0,0.0
r202C15,1,4,depot,1,edd,6.300000677583739e-06,2000498.3316821025,198.3316821025598,0.0,3.0,0.0,2.0
r202C15,1,4,depot,1,sweep,3.2000025385059416e-06,1000482.1671510047,182.16715100460195,0.0,3.0,0.0,1.0
r202C15,1,4,depot,1,nearest,1.1600001016631722e-05,1001995.3302478307,134.83149161955498,166.04987562112092,2.0,0.0,1.0
r202C15,1,4,depot,1,grasp,0.00022170000011101365,1001995.3302478307,134.83149161955498,166.04987562112092,2.0,0.0,1.0
r202C15,1,4,depot,1,mp_eavns,0.006013199999870267,1000482.1671510047,182.16715100460195,0.0,3.0,0.0,1.0
r202C15,1,4,phased,3,edd,2.4999972083605826e-06,1000501.1611021664,201.16110216643156,0.0,3.0,1.0,1.0
r202C15,1,4,phased,3,sweep,2.1999985619913787e-06,1000482.1671510047,182.16715100460195,0.0,3.0,0.0,1.0
r202C15,1,4,phased,3,nearest,6.800000846851617e-06,1001995.3302478307,134.83149161955498,166.04987562112092,2.0,0.0,1.0
r202C15,1,4,phased,3,grasp,0.00025770000138436444,362.9987585437609,162.99875854376089,0.0,2.0,2.0,0.0
r202C15,1,4,phased,3,mp_eavns,0.004000699998869095,362.9987585437609,162.99875854376089,0.0,2.0,2.0,0.0
r202C15,1,4,all,6,edd,2.2999993234407157e-06,1000501.1611021664,201.16110216643156,0.0,3.0,1.0,1.0
r202C15,1,4,all,6,sweep,1.9999970390927047e-06,1000482.1671510047,182.16715100460195,0.0,3.0,0.0,1.0
r202C15,1,4,all,6,nearest,6.60000296193175e-06,1001995.3302478307,134.83149161955498,166.04987562112092,2.0,0.0,1.0
r202C15,1,4,all,6,grasp,0.00025970000206143595,362.9987585437609,162.99875854376089,0.0,2.0,2.0,0.0
r202C15,1,4,all,6,mp_eavns,0.004147400002693757,362.9987585437609,162.99875854376089,0.0,2.0,2.0,0.0
r202C15,2,8,depot,1,edd,4.1000021155923605e-06,6000721.456128072,321.4561280723842,0.0,4.0,0.0,6.0
r202C15,2,8,depot,1,sweep,3.4999975468963385e-06,3000795.4797180463,295.47971804611683,0.0,5.0,0.0,3.0
r202C15,2,8,depot,1,nearest,1.5200002962956205e-05,4004517.9208361646,294.28034627554763,382.36404898889384,4.0,0.0,4.0
r202C15,2,8,depot,1,grasp,0.000738800001272466,2002152.0394970078,295.881178081767,145.61583189259733,4.0,1.0,2.0
r202C15,2,8,depot,1,mp_eavns,0.040208200000051875,1000924.9217399216,324.9217399215258,0.0,6.0,0.0,1.0
r202C15,2,8,phased,4,edd,6.000002031214535e-06,3000728.453484679,328.4534846789017,0.0,4.0,2.0,3.0
r202C15,2,8,phased,4,sweep,5.800000508315861e-06,2000797.685870836,297.6858708360259,0.0,5.0,1.0,2.0
r202C15,2,8,phased,4,nearest,1.809999957913533e-05,1007396.6136804137,294.84577144603963,670.1767908967685,4.0,2.0,1.0
r202C15,2,8,phased,4,grasp,0.000727099999494385,723.9095491656453,323.9095491656454,0.0,4.0,4.0,0.0
r202C15,2,8,phased,4,mp_eavns,0.030588900001021102,677.925462337967,277.92546233796696,0.0,4.0,3.0,0.0
r202C15,2,8,all,6,edd,4.900000931229442e-06,3000728.453484679,328.4534846789017,0.0,4.0,2.0,3.0
r202C15,2,8,all,6,sweep,4.6000022848602384e-06,2000797.685870836,297.6858708360259,0.0,5.0,1.0,2.0
r202C15,2,8,all,6,nearest,1.6199999663513154e-05,1007396.6136804137,294.84577144603963,670.1767908967685,4.0,2.0,1.0
r202C15,2,8,all,6,grasp,0.0009396999994351063,3602.995634171503,324.0071674699271,287.8988466701576,4.0,4.0,0.0
r202C15,2,8,all,6,mp_eavns,0.03709810000145808,677.925462337967,277.92546233796696,0.0,4.0,3.0,0.0
r202C15,3,12,depot,1,edd,7.400001777568832e-06,9001005.230784575,505.2307845752319,0.0,5.0,0.0,9.0
r202C15,3,12,depot,1,sweep,4.699999408330768e-06,5001151.293553857,451.2935538572018,0.0,7.0,0.0,5.0
r202C15,3,12,depot,1,nearest,3.110000034212135e-05,7004779.712629652,456.07213976286533,382.36404898889384,5.0,0.0,7.0
r202C15,3,12,depot,1,grasp,0.002154900001187343,3003294.4865306015,532.4337872973591,216.20527433040576,6.0,3.0,3.0
r202C15,3,12,depot,1,mp_eavns,0.0759412000006705,2001105.8438042921,505.843804292163,0.0,6.0,3.0,2.0
r202C15,3,12,phased,5,edd,9.60000033956021e-06,6001007.616409418,507.6164094180862,0.0,5.0,2.0,6.0
r202C15,3,12,phased,5,sweep,6.800000846851617e-06,2001172.108172949,472.10817294897123,0.0,7.0,3.0,2.0
r202C15,3,12,phased,5,nearest,2.8200000087963417e-05,4004784.479879247,460.8393893580784,382.36404898889384,5.0,3.0,4.0
r202C15,3,12,phased,5,grasp,0.0034779999987222254,1024.1008456114228,524.1008456114229,0.0,5.0,7.0,0.0
r202C15,3,12,phased,5,mp_eavns,0.12176309999995283,1052.3477644509123,452.3477644509123,0.0,6.0,5.0,0.0
r202C15,3,12,all,6,edd,8.39999847812578e-06,6001007.616409418,507.6164094180862,0.0,5.0,2.0,6.0
r202C15,3,12,all,6,sweep,7.200000254670158e-06,2001172.108172949,472.10817294897123,0.0,7.0,3.0,2.0
r202C15,3,12,all,6,nearest,2.6900001103058457e-05,4004784.479879247,460.8393893580784,382.36404898889384,5.0,3.0,4.0
r202C15,3,12,all,6,grasp,0.003015499998582527,7683.160037205973,518.4521936957805,666.4707843510192,5.0,7.0,0.0
r202C15,3,12,all,6,mp_eavns,0.08869639999829815,958.0097845567208,458.0097845567208,0.0,5.0,6.0,0.0
r202C15,4,15,depot,1,edd,7.99999907030724e-06,10001416.307426615,716.3074266150838,0.0,7.0,0.0,10.0
r202C15,4,15,depot,1,sweep,5.099998816149309e-06,7003884.99780674,557.9508076332128,252.70469991071963,8.0,0.0,7.0
r202C15,4,15,depot,1,nearest,3.429999924264848e-05,9004999.614978734,575.9744888447204,382.36404898889384,6.0,0.0,9.0
r202C15,4,15,depot,1,grasp,0.005308800002239877,6003326.996604067,706.3454984898806,192.06511055770858,7.0,3.0,6.0
r202C15,4,15,depot,1,mp_eavns,0.12212609999915003,4001301.3226426276,601.3226426275493,0.0,7.0,3.0,4.0
r202C15,4,15,phased,6,edd,1.0700001439545304e-05,6001444.819556643,744.8195566433536,0.0,7.0,4.0,6.0
r202C15,4,15,phased,6,sweep,8.899998647393659e-06,2003888.3625627253,561.3155636181517,252.70469991071963,8.0,4.0,2.0
r202C15,4,15,phased,6,nearest,3.4500000765547156e-05,12364.96737172549,622.139033696203,1114.2828338029287,6.0,8.0,0.0
r202C15,4,15,phased,6,grasp,0.005816500000946689,6694.97174551542,701.4648290674529,529.3506916447966,7.0,10.0,0.0
r202C15,4,15,phased,6,mp_eavns,0.20247739999831538,1245.1007912370228,545.1007912370227,0.0,7.0,6.0,0.0
r202C15,4,15,all,6,edd,1.0700001439545304e-05,6001444.819556643,744.8195566433536,0.0,7.0,4.0,6.0
r202C15,4,15,all,6,sweep,9.800001862458885e-06,2003888.3625627253,561.3155636181517,252.70469991071963,8.0,4.0,2.0
r202C15,4,15,all,6,nearest,4.100000296602957e-05,12364.96737172549,622.139033696203,1114.2828338029287,6.0,8.0,0.0
r202C15,4,15,all,6,grasp,0.006883500002004439,4954.464769545698,622.6692535381354,373.1795516007562,6.0,8.0,0.0
r202C15,4,15,all,6,mp_eavns,0.14531789999819011,1131.653653875223,531.6536538752231,0.0,6.0,6.0,0.0
r202C5,1,2,depot,1,edd,3.4000004234258085e-06,1000169.6547724644,69.65477246440747,0.0,1.0,0.0,1.0
r202C5,1,2,depot,1,sweep,2.0000006770715117e-06,1000169.6547724644,69.65477246440747,0.0,1.0,0.0,1.0
r202C5,1,2,depot,1,nearest,6.900001608300954e-06,1000169.6547724644,69.65477246440747,0.0,1.0,0.0,1.0
r202C5,1,2,depot,1,grasp,0.00011629999789875001,1000169.6547724644,69.65477246440747,0.0,1.0,0.0,1.0
r202C5,1,2,depot,1,mp_eavns,0.0011618000025919173,1000169.6547724644,69.65477246440747,0.0,1.0,0.0,1.0
r202C5,1,2,phased,2,edd,1.7000020307023078e-06,169.78261018085362,69.78261018085362,0.0,1.0,1.0,0.0
r202C5,1,2,phased,2,sweep,1.2999989849049598e-06,169.78261018085362,69.78261018085362,0.0,1.0,1.0,0.0
r202C5,1,2,phased,2,nearest,3.5999983083456755e-06,176.2344768074575,76.2344768074575,0.0,1.0,1.0,0.0
r202C5,1,2,phased,2,grasp,0.00014939999891794287,169.78261018085362,69.78261018085362,0.0,1.0,1.0,0.0
r202C5,1,2,phased,2,mp_eavns,0.001425599999492988,169.78261018085362,69.78261018085362,0.0,1.0,1.0,0.0
r202C5,1,2,all,3,edd,1.8999999156221747e-06,169.78261018085362,69.78261018085362,0.0,1.0,1.0,0.0
r202C5,1,2,all,3,sweep,1.5000005078036338e-06,169.78261018085362,69.78261018085362,0.0,1.0,1.0,0.0
r202C5,1,2,all,3,nearest,3.5000011848751456e-06,176.2344768074575,76.2344768074575,0.0,1.0,1.0,0.0
r202C5,1,2,all,3,grasp,0.00014880000162520446,169.78261018085362,69.78261018085362,0.0,1.0,1.0,0.0
r202C5,1,2,all,3,mp_eavns,0.0015235000028042123,169.78261018085362,69.78261018085362,0.0,1.0,1.0,0.0
r202C5,2,3,depot,1,edd,2.4999972083605826e-06,1000214.5991825729,114.59918257289593,0.0,1.0,1.0,1.0
r202C5,2,3,depot,1,sweep,1.8999999156221747e-06,2000198.208462211,98.20846221096764,0.0,1.0,0.0,2.0
r202C5,2,3,depot,1,nearest,5.49999822396785e-06,2000205.9850521095,105.98505210951791,0.0,1.0,0.0,2.0
r202C5,2,3,depot,1,grasp,0.0001689000018814113,1000214.5991825729,114.59918257289593,0.0,1.0,1.0,1.0
r202C5,2,3,depot,1,mp_eavns,0.002443099998345133,1000214.5991825729,114.59918257289593,0.0,1.0,1.0,1.0
r202C5,2,3,phased,2,edd,2.2000021999701858e-06,206.2850368154116,106.28503681541159,0.0,1.0,1.0,0.0
r202C5,2,3,phased,2,sweep,1.6000012692529708e-06,199.83317018880774,99.83317018880773,0.0,1.0,1.0,0.0
r202C5,2,3,phased,2,nearest,5.300000339047983e-06,206.2850368154116,106.28503681541159,0.0,1.0,1.0,0.0
r202C5,2,3,phased,2,grasp,0.00019410000095376745,199.83317018880774,99.83317018880773,0.0,1.0,1.0,0.0
r202C5,2,3,phased,2,mp_eavns,0.0034163000018452294,199.83317018880774,99.83317018880773,0.0,1.0,1.0,0.0
r202C5,2,3,all,3,edd,1.8999999156221747e-06,206.2850368154116,106.28503681541159,0.0,1.0,1.0,0.0
r202C5,2,3,all,3,sweep,1.7000020307023078e-06,199.83317018880774,99.83317018880773,0.0,1.0,1.0,0.0
r202C5,2,3,all,3,nearest,4.900000931229442e-06,206.2850368154116,106.28503681541159,0.0,1.0,1.0,0.0
r202C5,2,3,all,3,grasp,0.00021299999934853986,199.83317018880774,99.83317018880773,0.0,1.0,1.0,0.0
r202C5,2,3,all,3,mp_eavns,0.0033251000022573862,199.83317018880774,99.83317018880773,0.0,1.0,1.0,0.0
r202C5,3,4,depot,1,edd,2.3999964469112456e-06,3000230.869196031,130.86919603074455,0.0,1.0,0.0,3.0
r202C5,3,4,depot,1,sweep,1.6999983927235007e-06,3000223.0926061324,123.09260613219428,0.0,1.0,0.0,3.0
r202C5,3,4,depot,1,nearest,6.800000846851617e-06,3000223.0926061324,123.09260613219428,0.0,1.0,0.0,3.0
r202C5,3,4,depot,1,grasp,0.00047059999997145496,2000237.603893418,137.60389341815207,0.0,1.0,1.0,2.0
r202C5,3,4,depot,1,mp_eavns,0.00701889999982086,1000353.99461378,153.99461378008033,0.0,2.0,1.0,1.0
r202C5,3,4,phased,3,edd,2.7000023692380637e-06,3000230.869196031,130.86919603074455,0.0,1.0,0.0,3.0
r202C5,3,4,phased,3,sweep,2.5000008463393897e-06,1000224.71731411,124.71731411003438,0.0,1.0,1.0,1.0
r202C5,3,4,phased,3,nearest,6.999998731771484e-06,3000223.0926061324,123.09260613219428,0.0,1.0,0.0,3.0
r202C5,3,4,phased,3,grasp,0.0006829999983892776,239.22860139599214,139.22860139599214,0.0,1.0,2.0,0.0
r202C5,3,4,phased,3,mp_eavns,0.010047700001450721,239.22860139599214,139.22860139599214,0.0,1.0,2.0,0.0
r202C5,3,4,all,3,edd,2.9000002541579306e-06,3000230.869196031,130.86919603074455,0.0,1.0,0.0,3.0
r202C5,3,4,all,3,sweep,3.1000017770566046e-06,1000224.71731411,124.71731411003438,0.0,1.0,1.0,1.0
r202C5,3,4,all,3,nearest,7.300001016119495e-06,3000223.0926061324,123.09260613219428,0.0,1.0,0.0,3.0
r202C5,3,4,all,3,grasp,0.0007208999995782506,239.22860139599214,139.22860139599214,0.0,1.0,2.0,0.0
r202C5,3,4,all,3,mp_eavns,0.010748000000603497,239.22860139599214,139.22860139599214,0.0,1.0,2.0,0.0
r202C5,4,5,depot,1,edd,3.1999989005271345e-06,2000342.9086585208,142.90865852079332,0.0,2.0,0.0,2.0
r202C5,4,5,depot,1,sweep,2.7999994927085936e-06,3000354.715382734,154.71538273387804,0.0,2.0,0.0,3.0
r202C5,4,5,depot,1,nearest,1.0100000508828089e-05,2000341.029225445,141.0292254448228,0.0,2.0,0.0,2.0
r202C5,4,5,depot,1,grasp,0.000772700001107296,1000391.0192055166,191.01920551651864,0.0,2.0,2.0,1.0
r202C5,4,5,depot,1,mp_eavns,0.010848100002476713,1000391.0192055166,191.01920551651864,0.0,2.0,2.0,1.0
r202C5,4,5,phased,3,edd,3.4000004234258085e-06,1000343.0364962373,143.03649623723948,0.0,2.0,1.0,1.0
r202C5,4,5,phased,3,sweep,2.7999994927085936e-06,1000356.3400907117,156.34009071171815,0.0,2.0,1.0,1.0
r202C5,4,5,phased,3,nearest,9.300001693191007e-06,2813.557475576059,142.65393342266287,247.09035421533963,2.0,1.0,0.0
r202C5,4,5,phased,3,grasp,0.000997400002233917,343.126080865001,143.12608086500094,0.0,2.0,1.0,0.0
r202C5,4,5,phased,3,mp_eavns,0.013387599999987287,343.126080865001,143.12608086500094,0.0,2.0,1.0,0.0
r202C5,4,5,all,3,edd,3.4999975468963385e-06,1000343.0364962373,143.03649623723948,0.0,2.0,1.0,1.0
r202C5,4,5,all,3,sweep,3.4999975468963385e-06,1000356.3400907117,156.34009071171815,0.0,2.0,1.0,1.0
r202C5,4,5,all,3,nearest,9.499999578110874e-06,2813.557475576059,142.65393342266287,247.09035421533963,2.0,1.0,0.0
r202C5,4,5,all,3,grasp,0.00105230000190204,365.8083057390421,165.80830573904214,0.0,2.0,2.0,0.0
r202C5,4,5,all,3,mp_eavns,0.013028299999859883,343.126080865001,143.12608086500094,0.0,2.0,1.0,0.0
r203_21,1,25,depot,1,edd,1.1200001608813182e-05,5001713.248743651,613.2487436513362,0.0,11.0,0.0,5.0
r203_21,1,25,depot,1,sweep,6.800000846851617e-06,8010640.50253675,647.921506409716,889.2581030340222,11.0,0.0,8.0
r203_21,1,25,depot,1,nearest,7.090000144671649e-05,4011657.803276938,523.1732702595285,1023.4630006678188,9.0,0.0,4.0
r203_21,1,25,depot,1,grasp,0.013078799998766044,3009528.514549852,581.5914562113744,804.6923093640427,9.0,1.0,3.0
r203_21,1,25,depot,1,mp_eavns,0.17589199999929406,3001375.2821103716,475.28211037181666,0.0,9.0,0.0,3.0
r203_21,1,25,phased,6,edd,1.1900003300979733e-05,2001721.8429118467,621.8429118466587,0.0,11.0,3.0,2.0
r203_21,1,25,phased,6,sweep,8.600000001024455e-06,11504.368672618377,655.219099783234,974.9149572835145,11.0,6.0,0.0
r203_21,1,25,phased,6,nearest,6.98000003467314e-05,1011667.3047575784,532.6747509002662,1023.4630006678188,9.0,3.0,1.0
r203_21,1,25,phased,6,grasp,0.029925499999080785,1499.59588323484,599.5958832348399,0.0,9.0,6.0,0.0
r203_21,1,25,phased,6,mp_eavns,0.2247891000006348,1292.8245298942634,492.8245298942634,0.0,8.0,4.0,0.0
r203_21,1,25,all,21,edd,1.1899999663000926e-05,2001721.8429118467,621.8429118466587,0.0,11.0,3.0,2.0
r203_21,1,25,all,21,sweep,8.899998647393659e-06,11504.368672618377,655.219099783234,974.9149572835145,11.0,6.0,0.0
r203_21,1,25,all,21,nearest,7.519999780924991e-05,1011667.3047575784,532.6747509002662,1023.4630006678188,9.0,3.0,1.0
r203_21,1,25,all,21,grasp,0.028896899999381276,1494.15664931549,594.1566493154902,0.0,9.0,6.0,0.0
r203_21,1,25,all,21,mp_eavns,0.4261389000021154,1398.8965199475776,498.89651994757764,0.0,9.0,5.0,0.0
r203_21,2,50,depot,1,edd,1.9599996448960155e-05,22003340.76446096,1540.764460957118,0.0,18.0,2.0,22.0
r203_21,2,50,depot,1,sweep,1.1600001016631722e-05,18012072.66408585,1280.0830555088833,889.2581030340222,19.0,0.0,18.0
r203_21,2,50,depot,1,nearest,0.00020009999934700318,15011444.610325031,1261.603094954446,848.3007230076505,17.0,2.0,15.0
r203_21,2,50,depot,1,grasp,0.08418230000097537,10002981.316610873,1381.3166108736539,0.0,16.0,5.0,10.0
r203_21,2,50,depot,1,mp_eavns,1.1535990000011225,7002579.301427435,979.3014274354514,0.0,16.0,0.0,7.0
r203_21,2,50,phased,11,edd,2.3199998395284638e-05,9003794.404244497,1551.8164845394706,44.25877599585601,18.0,12.0,9.0
r203_21,2,50,phased,11,sweep,1.4500001270789653e-05,3012969.3909985744,1320.241425739319,974.9149572835145,19.0,13.0,3.0
r203_21,2,50,phased,11,nearest,0.0002007000002777204,2017992.840340168,1240.127299736534,1505.2713040431395,17.0,12.0,2.0
r203_21,2,50,phased,11,grasp,0.18055199999798788,7309.37566746564,1346.3244432177985,436.30512242478414,16.0,17.0,0.0
r203_21,2,50,phased,11,mp_eavns,2.2521890999996685,2635.5130401468714,1035.5130401468716,0.0,16.0,9.0,0.0
r203_21,2,50,all,21,edd,2.3799999326001853e-05,9003794.404244497,1551.8164845394706,44.25877599585601,18.0,12.0,9.0
r203_21,2,50,all,21,sweep,1.469999915570952e-05,3012969.3909985744,1320.241425739319,974.9149572835145,19.0,13.0,3.0
r203_21,2,50,all,21,nearest,0.00020260000019334257,2017992.840340168,1240.127299736534,1505.2713040431395,17.0,12.0,2.0
r203_21,2,50,all,21,grasp,0.27307400000063353,4646.542136616695,1294.9193600150115,175.16227766016834,16.0,14.0,0.0
r203_21,2,50,all,21,mp_eavns,2.186216300000524,2605.167713625226,1005.1677136252259,0.0,16.0,9.0,0.0
r203_21,3,75,depot,1,edd,2.640000093379058e-05,42005540.411241345,2840.411241345175,0.0,27.0,5.0,42.0
r203_21,3,75,depot,1,sweep,1.5800000255694613e-05,27013822.694639865,2030.1136095248291,889.2581030340222,29.0,1.0,27.0
r203_21,3,75,depot,1,nearest,0.00039479999759350903,21028585.220401555,1917.0946848315673,2426.8125716723735,24.0,1.0,21.0
r203_21,3,75,depot,1,grasp,0.22664910000094096,18020686.289327744,2122.325331794167,1616.3963995949978,24.0,7.0,18.0
r203_21,3,75,depot,1,mp_eavns,3.5018457000005583,11003931.321938476,1531.321938475304,0.0,24.0,0.0,11.0
r203_21,3,75,phased,16,edd,3.440000000409782e-05,19005838.930641305,2863.557892621164,27.53727486823243,27.0,23.0,19.0
r203_21,3,75,phased,16,sweep,1.9600000086938962e-05,6014716.908652117,2067.7590792813035,974.9149572835145,29.0,19.0,6.0
r203_21,3,75,phased,16,nearest,0.0007196000005933456,3029685.079271417,1956.452553592348,2532.8626717824823,24.0,19.0,3.0
r203_21,3,75,phased,16,grasp,0.6229529000011098,14296.751515819695,2135.4450065050296,986.1306509314664,23.0,25.0,0.0
r203_21,3,75,phased,16,mp_eavns,4.176855399997294,3894.673829341471,1594.673829341471,0.0,23.0,14.0,0.0
r203_21,3,75,all,21,edd,2.9200000426499173e-05,19005838.930641305,2863.557892621164,27.53727486823243,27.0,23.0,19.0
r203_21,3,75,all,21,sweep,1.939999856404029e-05,6014716.908652117,2067.7590792813035,974.9149572835145,29.0,19.0,6.0
r203_21,3,75,all,21,nearest,0.00041000000055646524,3029685.079271417,1956.452553592348,2532.8626717824823,24.0,19.0,3.0
r203_21,3,75,all,21,grasp,0.8378494999997201,2004707.1064531188,2307.106453118957,0.0,24.0,28.0,2.0
r203_21,3,75,all,21,mp_eavns,8.350094500001433,3987.04669438692,1587.04669438692,0.0,24.0,15.0,0.0
r203_21,4,100,depot,1,edd,2.840000161086209e-05,54007562.16734156,4062.1673415622586,0.0,35.0,10.0,54.0
r203_21,4,100,depot,1,sweep,2.0200001017656177e-05,37023913.304927155,2692.3560670897255,1752.0948860067233,37.0,1.0,37.0
r203_21,4,100,depot,1,nearest,0.0006795000008423813,34027168.35010439,2810.8687709673504,2115.7481333426776,32.0,2.0,34.0
r203_21,4,100,depot,1,grasp,0.5311319000029471,28020244.868945934,2862.102377874418,1428.2766568059676,31.0,7.0,28.0
r203_21,4,100,depot,1,mp_eavns,7.353532000000996,16005308.547503287,2208.5475032865284,0.0,31.0,3.0,16.0
r203_21,4,100,phased,21,edd,3.389999983482994e-05,20010019.119689062,4076.5401541155543,244.2579534946409,35.0,38.0,20.0
r203_21,4,100,phased,21,sweep,2.5499997718725353e-05,7024846.043466539,2768.526063977316,1837.7517402562157,37.0,26.0,7.0
r203_21,4,100,phased,21,nearest,0.0006838000008428935,5031538.988185803,2858.8371618300384,2548.0151023973467,32.0,30.0,5.0
r203_21,4,100,phased,21,grasp,2.126857800001744,1011041.2582070179,3024.9377415709573,481.6320465447001,32.0,34.0,1.0
r203_21,4,100,phased,21,mp_eavns,11.968250900001294,5330.999667774259,2230.9996677742593,0.0,31.0,20.0,0.0
r203_21,4,100,all,21,edd,3.2199997804127634e-05,20010019.119689062,4076.5401541155543,244.2579534946409,35.0,38.0,20.0
r203_21,4,100,all,21,sweep,2.2799998987466097e-05,7024846.043466539,2768.526063977316,1837.7517402562157,37.0,26.0,7.0
r203_21,4,100,all,21,nearest,0.0006820000016887207,5031538.988185803,2858.8371618300384,2548.0151023973467,32.0,30.0,5.0
r203_21,4,100,all,21,grasp,2.1861190000017814,1017361.3938726501,2904.087895179319,1135.7305977470805,31.0,36.0,1.0
r203_21,4,100,all,21,mp_eavns,12.713437800000975,5297.703716824268,2197.7037168242673,0.0,31.0,22.0,0.0
r203C10,1,3,depot,1,edd,8.700000762473792e-06,1000161.0293407795,61.0293407795794,0.0,1.0,0.0,1.0
r203C10,1,3,depot,1,sweep,2.2999993234407157e-06,1000161.2352089355,61.23520893549528,0.0,1.0,0.0,1.0
r203C10,1,3,depot,1,nearest,8.600000001024455e-06,1000161.2352089355,61.23520893549528,0.0,1.0,0.0,1.0
r203C10,1,3,depot,1,grasp,0.0001596000001882203,1000161.0293407795,61.0293407795794,0.0,1.0,0.0,1.0
r203C10,1,3,depot,1,mp_eavns,0.002259000000776723,1000161.0293407795,61.0293407795794,0.0,1.0,0.0,1.0
r203C10,1,3,phased,2,edd,2.1000014385208488e-06,169.59261066952325,69.59261066952324,0.0,1.0,1.0,0.0
r203C10,1,3,phased,2,sweep,1.6000012692529708e-06,173.80930090782408,73.80930090782407,0.0,1.0,1.0,0.0
r203C10,1,3,phased,2,nearest,4.900000931229442e-06,167.63151573623458,67.63151573623458,0.0,1.0,1.0,0.0
r203C10,1,3,phased,2,grasp,0.0001860999982454814,167.63151573623458,67.63151573623458,0.0,1.0,1.0,0.0
r203C10,1,3,phased,2,mp_eavns,0.003224799998861272,167.63151573623458,67.63151573623458,0.0,1.0,1.0,0.0
r203C10,1,3,all,5,edd,2.9999973776284605e-06,169.25688788000303,69.25688788000303,0.0,1.0,1.0,0.0
r203C10,1,3,all,5,sweep,2.6999987312592566e-06,169.72465398194979,69.72465398194979,0.0,1.0,1.0,0.0
r203C10,1,3,all,5,nearest,6.70000008540228e-06,167.63151573623458,67.63151573623458,0.0,1.0,1.0,0.0
r203C10,1,3,all,5,grasp,0.0002103000006172806,167.63151573623458,67.63151573623458,0.0,1.0,1.0,0.0
r203C10,1,3,all,5,mp_eavns,0.0035417999970377423,167.63151573623458,67.63151573623458,0.0,1.0,1.0,0.0
r203C10,2,5,depot,1,edd,4.19999923906289e-06,1000313.3467431883,113.34674318834446,0.0,2.0,0.0,1.0
r203C10,2,5,depot,1,sweep,9.400002454640344e-06,1000319.2126363268,119.21263632684308,0.0,2.0,0.0,1.0
r203C10,2,5,depot,1,nearest,1.170000177808106e-05,1000311.9256923283,111.9256923282338,0.0,2.0,0.0,1.0
r203C10,2,5,depot,1,grasp,0.0005677999979525339,1000311.9256923283,111.9256923282338,0.0,2.0,0.0,1.0
r203C10,2,5,depot,1,mp_eavns,0.009575399999448564,1000311.9256923283,111.9256923282338,0.0,2.0,0.0,1.0
r203C10,2,5,phased,3,edd,2.8999966161791235e-06,321.5742902887681,121.57429028876808,0.0,2.0,1.0,0.0
r203C10,2,5,phased,3,sweep,2.4000000848900527e-06,322.04205639071483,122.04205639071483,0.0,2.0,1.0,0.0
r203C10,2,5,phased,3,nearest,8.299997716676444e-06,314.75511239210556,114.75511239210556,0.0,2.0,1.0,0.0
r203C10,2,5,phased,3,grasp,0.0007929999992484227,321.5742902887681,121.57429028876808,0.0,2.0,1.0,0.0
r203C10,2,5,phased,3,mp_eavns,0.011558500002138317,314.75511239210556,114.75511239210556,0.0,2.0,1.0,0.0
r203C10,2,5,all,5,edd,2.5999979698099196e-06,321.5742902887681,121.57429028876808,0.0,2.0,1.0,0.0
r203C10,2,5,all,5,sweep,3.0000010156072676e-06,322.04205639071483,122.04205639071483,0.0,2.0,1.0,0.0
r203C10,2,5,all,5,nearest,8.900002285372466e-06,314.75511239210556,114.75511239210556,0.0,2.0,1.0,0.0
r203C10,2,5,all,5,grasp,0.000741399999242276,314.75511239210556,114.75511239210556,0.0,2.0,1.0,0.0
r203C10,2,5,all,5,mp_eavns,0.01225499999782187,314.75511239210556,114.75511239210556,0.0,2.0,1.0,0.0
r203C10,3,8,depot,1,edd,3.2999996619764715e-06,6000561.397041178,361.39704117806394,0.0,2.0,1.0,6.0
r203C10,3,8,depot,1,sweep,3.1999989005271345e-06,4000411.9207009426,211.92070094244528,0.0,2.0,0.0,4.0
r203C10,3,8,depot,1,nearest,1.4299999747890979e-05,4000404.633756944,204.63375694383598,0.0,2.0,0.0,4.0
r203C10,3,8,depot,1,grasp,0.002246199997898657,3000468.435137534,268.43513753391437,0.0,2.0,1.0,3.0
r203C10,3,8,depot,1,mp_eavns,0.034132500000850996,2000554.7134039525,254.71340395262567,0.0,3.0,1.0,2.0
r203C10,3,8,phased,4,edd,4.0000013541430235e-06,5000585.4653379945,385.4653379944674,0.0,2.0,2.0,5.0
r203C10,3,8,phased,4,sweep,4.400000761961564e-06,3000414.7501210063,214.75012100631702,0.0,2.0,1.0,3.0
r203C10,3,8,phased,4,nearest,1.469999915570952e-05,3000407.4631770076,207.46317700770774,0.0,2.0,1.0,3.0
r203C10,3,8,phased,4,grasp,0.003641100000095321,467.97156185200794,267.97156185200794,0.0,2.0,4.0,0.0
r203C10,3,8,phased,4,mp_eavns,0.05362759999843547,439.55724052838656,239.55724052838656,0.0,2.0,3.0,0.0
r203C10,3,8,all,5,edd,5.199999577598646e-06,5000585.4653379945,385.4653379944674,0.0,2.0,2.0,5.0
r203C10,3,8,all,5,sweep,5.099998816149309e-06,3000414.7501210063,214.75012100631702,0.0,2.0,1.0,3.0
r203C10,3,8,all,5,nearest,1.7499998648418114e-05,3000407.4631770076,207.46317700770774,0.0,2.0,1.0,3.0
r203C10,3,8,all,5,grasp,0.0034302999993087724,500.46418558075936,300.46418558075936,0.0,2.0,5.0,0.0
r203C10,3,8,all,5,mp_eavns,0.048194599999987986,439.55724052838656,239.55724052838656,0.0,2.0,3.0,0.0
r203C10,4,10,depot,1,edd,6.099999154685065e-06,7000705.692514445,405.69251444486844,0.0,3.0,1.0,7.0
r203C10,4,10,depot,1,sweep,5.199999577598646e-06,6000580.507201298,280.50720129793154,0.0,3.0,0.0,6.0
r203C10,4,10,depot,1,nearest,2.4500001018168405e-05,5000591.374399873,291.3743998730526,0.0,3.0,0.0,5.0
r203C10,4,10,depot,1,grasp,0.0038055000004533213,4000646.3900193963,346.3900193965127,0.0,3.0,2.0,4.0
r203C10,4,10,depot,1,mp_eavns,0.06875070000023698,3000610.045832093,310.04583209275273,0.0,3.0,2.0,3.0
r203C10,4,10,phased,5,edd,7.899998308857903e-06,2000734.3309242856,434.3309242855833,0.0,3.0,5.0,2.0
r203C10,4,10,phased,5,sweep,7.400001777568832e-06,4000583.812263739,283.81226373891366,0.0,3.0,2.0,4.0
r203C10,4,10,phased,5,nearest,2.4099997972371057e-05,1000602.0865093808,302.0865093808775,0.0,3.0,3.0,1.0
r203C10,4,10,phased,5,grasp,0.006063000000722241,655.2925869615933,355.29258696159326,0.0,3.0,5.0,0.0
r203C10,4,10,phased,5,mp_eavns,0.09884509999756119,576.7967295140616,276.79672951406155,0.0,3.0,3.0,0.0
r203C10,4,10,all,5,edd,5.800000508315861e-06,2000734.3309242856,434.3309242855833,0.0,3.0,5.0,2.0
r203C10,4,10,all,5,sweep,5.699999746866524e-06,4000583.812263739,283.81226373891366,0.0,3.0,2.0,4.0
r203C10,4,10,all,5,nearest,2.2199998056748882e-05,1000602.0865093808,302.0865093808775,0.0,3.0,3.0,1.0
r203C10,4,10,all,5,grasp,0.006115199998021126,664.8833755192288,364.8833755192288,0.0,3.0,5.0,0.0
r203C10,4,10,all,5,mp_eavns,0.0966677999967942,576.7967295140616,276.79672951406155,0.0,3.0,3.0,0.0
r203C5,1,2,depot,1,edd,4.19999923906289e-06,2000192.3713990066,92.37139900655453,0.0,1.0,0.0,2.0
r203C5,1,2,depot,1,sweep,2.4000000848900527e-06,1000192.3713990066,92.37139900655453,0.0,1.0,0.0,1.0
r203C5,1,2,depot,1,nearest,7.700000423938036e-06,1000192.3713990066,92.37139900655453,0.0,1.0,0.0,1.0
r203C5,1,2,depot,1,grasp,0.00013020000187680125,1000192.3713990066,92.37139900655453,0.0,1.0,0.0,1.0
r203C5,1,2,depot,1,mp_eavns,0.0011517999992065597,1000192.3713990066,92.37139900655453,0.0,1.0,0.0,1.0
r203C5,1,2,phased,2,edd,1.8000027921516448e-06,209.0088098407428,109.00880984074281,0.0,1.0,1.0,0.0
r203C5,1,2,phased,2,sweep,1.6999983927235007e-06,1000192.3713990066,92.37139900655453,0.0,1.0,0.0,1.0
r203C5,1,2,phased,2,nearest,3.6999990697950125e-06,1000192.3713990066,92.37139900655453,0.0,1.0,0.0,1.0
r203C5,1,2,phased,2,grasp,0.00013720000060857274,209.0088098407428,109.00880984074281,0.0,1.0,1.0,0.0
r203C5,1,2,phased,2,mp_eavns,0.0012459999998100102,209.0088098407428,109.00880984074281,0.0,1.0,1.0,0.0
r203C5,1,2,all,4,edd,1.5000005078036338e-06,209.0088098407428,109.00880984074281,0.0,1.0,1.0,0.0
r203C5,1,2,all,4,sweep,1.3000026228837669e-06,1000192.3713990066,92.37139900655453,0.0,1.0,0.0,1.0
r203C5,1,2,all,4,nearest,3.7000027077738196e-06,1000192.3713990066,92.37139900655453,0.0,1.0,0.0,1.0
r203C5,1,2,all,4,grasp,0.00014370000280905515,209.0088098407428,109.00880984074281,0.0,1.0,1.0,0.0
r203C5,1,2,all,4,mp_eavns,0.0014020000016898848,209.0088098407428,109.00880984074281,0.0,1.0,1.0,0.0
r203C5,2,3,depot,1,edd,2.4000000848900527e-06,3000218.742460006,118.74246000600978,0.0,1.0,0.0,3.0
r203C5,2,3,depot,1,sweep,2.0000006770715117e-06,2000213.5046835796,113.50468357954102,0.0,1.0,0.0,2.0
r203C5,2,3,depot,1,nearest,5.399997462518513e-06,2000218.742460006,118.74246000600976,0.0,1.0,0.0,2.0
r203C5,2,3,depot,1,grasp,0.00017469999875174835,1000243.4791283633,143.47912836327706,0.0,1.0,1.0,1.0
r203C5,2,3,depot,1,mp_eavns,0.002552600002672989,1000243.4791283633,143.47912836327706,0.0,1.0,1.0,1.0
r203C5,2,3,phased,3,edd,3.6000019463244826e-06,1000219.6898116252,119.6898116252194,0.0,1.0,1.0,1.0
r203C5,2,3,phased,3,sweep,2.5000008463393897e-06,2000213.5046835796,113.50468357954102,0.0,1.0,0.0,2.0
r203C5,2,3,phased,3,nearest,6.599999323952943e-06,2000218.742460006,118.74246000600976,0.0,1.0,0.0,2.0
r203C5,2,3,phased,3,grasp,0.00020650000078603625,260.1165391974654,160.11653919746536,0.0,1.0,2.0,0.0
r203C5,2,3,phased,3,mp_eavns,0.0034660999990592245,260.1165391974654,160.11653919746536,0.0,1.0,2.0,0.0
r203C5,2,3,all,4,edd,4.19999923906289e-06,1000219.6898116252,119.6898116252194,0.0,1.0,1.0,1.0
r203C5,2,3,all,4,sweep,3.5000011848751456e-06,2000213.5046835796,113.50468357954102,0.0,1.0,0.0,2.0
r203C5,2,3,all,4,nearest,9.399998816661537e-06,2000218.742460006,118.74246000600976,0.0,1.0,0.0,2.0
r203C5,2,3,all,4,grasp,0.0003271999994467478,260.1165391974654,160.11653919746536,0.0,1.0,2.0,0.0
r203C5,2,3,all,4,mp_eavns,0.004652499999792781,260.1165391974654,160.11653919746536,0.0,1.0,2.0,0.0
r203C5,3,4,depot,1,edd,5.199999577598646e-06,3000332.123396486,132.12339648610242,0.0,2.0,0.0,3.0
r203C5,3,4,depot,1,sweep,3.1000017770566046e-06,2000347.4458090765,147.4458090764953,0.0,2.0,0.0,2.0
r203C5,3,4,depot,1,nearest,1.309999788645655e-05,2000349.9657383342,149.96573833411384,0.0,2.0,0.0,2.0
r203C5,3,4,depot,1,grasp,0.00036610000097425655,1000350.1850174179,150.1850174179005,0.0,2.0,1.0,1.0
r203C5,3,4,depot,1,mp_eavns,0.006703900002321461,1000344.9457020545,144.94570205451382,0.0,2.0,0.0,1.0
r203C5,3,4,phased,4,edd,4.599998646881431e-06,336.42590429616894,136.42590429616894,0.0,2.0,1.0,0.0
r203C5,3,4,phased,4,sweep,4.19999923906289e-06,2000347.4458090765,147.4458090764953,0.0,2.0,0.0,2.0
r203C5,3,4,phased,4,nearest,9.700001101009548e-06,1000362.522988745,162.52298874504066,0.0,2.0,1.0,1.0
r203C5,3,4,phased,4,grasp,0.0002811999984260183,362.7422678288273,162.74226782882732,0.0,2.0,2.0,0.0
r203C5,3,4,phased,4,mp_eavns,0.0068285000015748665,321.15792425337406,121.15792425337408,0.0,2.0,1.0,0.0
r203C5,3,4,all,4,edd,2.5000008463393897e-06,336.42590429616894,136.42590429616894,0.0,2.0,1.0,0.0
r203C5,3,4,all,4,sweep,2.2000021999701858e-06,2000347.4458090765,147.4458090764953,0.0,2.0,0.0,2.0
r203C5,3,4,all,4,nearest,7.700000423938036e-06,1000362.522988745,162.52298874504066,0.0,2.0,1.0,1.0
r203C5,3,4,all,4,grasp,0.0002769999991869554,362.7422678288273,162.74226782882732,0.0,2.0,2.0,0.0
r203C5,3,4,all,4,mp_eavns,0.007196399998065317,321.15792425337406,121.15792425337408,0.0,2.0,1.0,0.0
r203C5,4,5,depot,1,edd,2.9000002541579306e-06,3000437.6243220414,237.62432204144443,0.0,2.0,1.0,3.0
r203C5,4,5,depot,1,sweep,2.4000000848900527e-06,3000435.3093396225,235.3093396224505,0.0,2.0,1.0,3.0
r203C5,4,5,depot,1,nearest,9.499999578110874e-06,3000436.415671424,236.41567142382027,0.0,2.0,0.0,3.0
r203C5,4,5,depot,1,grasp,0.0003155999984301161,2000436.6349505077,236.6349505076069,0.0,2.0,1.0,2.0
r203C5,4,5,depot,1,mp_eavns,0.006880299999465933,2000421.4502098814,221.45020988148633,0.0,2.0,0.0,2.0
r203C5,4,5,phased,4,edd,2.7000023692380637e-06,441.92794712037653,241.9279471203765,0.0,2.0,3.0,0.0
r203C5,4,5,phased,4,sweep,2.4000000848900527e-06,2000420.473300095,220.47330009498538,0.0,2.0,1.0,2.0
r203C5,4,5,phased,4,nearest,8.200000593205914e-06,3000436.415671424,236.41567142382027,0.0,2.0,0.0,3.0
r203C5,4,5,phased,4,grasp,0.000347099998180056,745.319508347646,214.8045806210241,33.051492772662186,2.0,2.0,0.0
r203C5,4,5,phased,4,mp_eavns,0.010180400000535883,399.53660057822924,199.5366005782292,0.0,2.0,2.0,0.0
r203C5,4,5,all,4,edd,3.999997716164216e-06,441.92794712037653,241.9279471203765,0.0,2.0,3.0,0.0
r203C5,4,5,all,4,sweep,4.19999923906289e-06,2000420.473300095,220.47330009498538,0.0,2.0,1.0,2.0
r203C5,4,5,all,4,nearest,1.1399999493733048e-05,3000436.415671424,236.41567142382027,0.0,2.0,0.0,3.0
r203C5,4,5,all,4,grasp,0.00035429999843472615,745.319508347646,214.8045806210241,33.051492772662186,2.0,2.0,0.0
r203C5,4,5,all,4,mp_eavns,0.009437199998501455,399.53660057822924,199.5366005782292,0.0,2.0,2.0,0.0
r204_21,1,25,depot,1,edd,1.4900000678608194e-05,6001607.213155257,607.2131552562063,0.0,10.0,0.0,6.0
r204_21,1,25,depot,1,sweep,6.800000846851617e-06,8001747.9215064095,647.921506409716,0.0,11.0,0.0,8.0
r204_21,1,25,depot,1,nearest,6.740000026184134e-05,4001436.569866047,536.5698660467076,0.0,9.0,0.0,4.0
r204_21,1,25,depot,1,grasp,0.010374299999966752,4001428.8129873173,528.8129873174021,0.0,9.0,0.0,4.0
r204_21,1,25,depot,1,mp_eavns,0.1363481000007596,3001367.3112932295,467.3112932295106,0.0,9.0,0.0,3.0
r204_21,1,25,phased,6,edd,1.2300002708798274e-05,2001615.8775490755,615.8775490755078,0.0,10.0,4.0,2.0
r204_21,1,25,phased,6,sweep,1.0199997632298619e-05,2611.787642278158,655.219099783234,85.65685424949237,11.0,6.0,0.0
r204_21,1,25,phased,6,nearest,7.589999950141646e-05,1001446.0762387401,546.0762387400868,0.0,9.0,3.0,1.0
r204_21,1,25,phased,6,grasp,0.0176067000029434,1595.9301808949192,595.9301808949192,0.0,10.0,4.0,0.0
r204_21,1,25,phased,6,mp_eavns,0.26246309999987716,1402.0723653168252,502.07236531682514,0.0,9.0,4.0,0.0
r204_21,1,25,all,21,edd,1.089999932446517e-05,2001615.8775490755,615.8775490755078,0.0,10.0,4.0,2.0
r204_21,1,25,all,21,sweep,8.999999408842996e-06,2611.787642278158,655.219099783234,85.65685424949237,11.0,6.0,0.0
r204_21,1,25,all,21,nearest,7.019999975454994e-05,1001446.0762387401,546.0762387400868,0.0,9.0,3.0,1.0
r204_21,1,25,all,21,grasp,0.02422409999780939,1474.466984972653,574.4669849726531,0.0,9.0,5.0,0.0
r204_21,1,25,all,21,mp_eavns,0.31260349999865866,1404.091300929887,504.09130092988687,0.0,9.0,4.0,0.0
r204_21,2,50,depot,1,edd,1.7700000171316788e-05,20003141.581885736,1441.5818857356458,0.0,17.0,0.0,20.0
r204_21,2,50,depot,1,sweep,1.1400003131711856e-05,18003180.083055507,1280.0830555088833,0.0,19.0,0.0,18.0
r204_21,2,50,depot,1,nearest,0.00020650000078603625,14002927.841908108,1227.841908108954,0.0,17.0,1.0,14.0
r204_21,2,50,depot,1,grasp,0.06420040000011795,12003535.726060536,1249.0629666109241,68.66630939248262,16.0,3.0,12.0
r204_21,2,50,depot,1,mp_eavns,0.9337102999998024,7002559.5637662215,959.5637662212079,0.0,16.0,0.0,7.0
r204_21,2,50,phased,11,edd,1.929999780259095e-05,11003170.967053853,1470.967053852663,0.0,17.0,7.0,11.0
r204_21,2,50,phased,11,sweep,1.3799999578623101e-05,3004076.809968234,1320.241425739319,85.65685424949237,19.0,13.0,3.0
r204_21,2,50,phased,11,nearest,0.00020319999748608097,1002923.8242086094,1223.8242086094015,0.0,17.0,10.0,1.0
r204_21,2,50,phased,11,grasp,0.16648060000079568,2944.5917075803354,1344.5917075803352,0.0,16.0,17.0,0.0
r204_21,2,50,phased,11,mp_eavns,2.207026100000803,2597.893586761653,997.8935867616528,0.0,16.0,8.0,0.0
r204_21,2,50,all,21,edd,1.790000169421546e-05,11003170.967053853,1470.967053852663,0.0,17.0,7.0,11.0
r204_21,2,50,all,21,sweep,1.3500000932253897e-05,3004076.809968234,1320.241425739319,85.65685424949237,19.0,13.0,3.0
r204_21,2,50,all,21,nearest,0.00019949999841628596,1002923.8242086094,1223.8242086094015,0.0,17.0,10.0,1.0
r204_21,2,50,all,21,grasp,0.23421029999735765,2839.7318405392293,1239.7318405392293,0.0,16.0,13.0,0.0
r204_21,2,50,all,21,mp_eavns,2.156702000000223,2598.7130948699614,998.7130948699612,0.0,16.0,9.0,0.0
r204_21,3,75,depot,1,edd,2.519999907235615e-05,38005425.646334775,2725.6463347742115,0.0,27.0,6.0,38.0
r204_21,3,75,depot,1,sweep,1.599999814061448e-05,27004930.113609526,2030.1136095248291,0.0,29.0,1.0,27.0
r204_21,3,75,depot,1,nearest,0.00040639999861014076,21009751.7015859,1889.1187387018583,546.2582847198393,24.0,1.0,21.0
r204_21,3,75,depot,1,grasp,0.19005169999945792,21007453.620814182,2122.568394286948,293.10524198932933,24.0,5.0,21.0
r204_21,3,75,depot,1,mp_eavns,3.0037635000007867,11003827.546817886,1527.546817885434,0.0,23.0,1.0,11.0
r204_21,3,75,phased,16,edd,3.650000144261867e-05,16005485.879465334,2785.8794653337736,0.0,27.0,25.0,16.0
r204_21,3,75,phased,16,sweep,2.2300002456177026e-05,6005824.327621777,2067.7590792813035,85.65685424949237,29.0,19.0,6.0
r204_21,3,75,phased,16,nearest,0.0004445000013220124,3009791.961858448,1929.3790112497059,546.2582847198393,24.0,19.0,3.0
r204_21,3,75,phased,16,grasp,0.5920858999998018,2006572.3986899313,2162.210674049232,201.0188015882012,24.0,24.0,2.0
r204_21,3,75,phased,16,mp_eavns,4.507807999998477,3925.5796210983235,1525.5796210983235,0.0,24.0,13.0,0.0
r204_21,3,75,all,21,edd,0.0002759000017249491,16005485.879465334,2785.8794653337736,0.0,27.0,25.0,16.0
r204_21,3,75,all,21,sweep,2.680000034160912e-05,6005824.327621777,2067.7590792813035,85.65685424949237,29.0,19.0,6.0
r204_21,3,75,all,21,nearest,0.0004085000000486616,3009791.961858448,1929.3790112497059,546.2582847198393,24.0,19.0,3.0
r204_21,3,75,all,21,grasp,0.5457325999996101,1008031.4289758197,1999.8061992179912,363.16227766016834,24.0,22.0,1.0
r204_21,3,75,all,21,mp_eavns,8.425301399998716,3944.62181322359,1544.62181322359,0.0,24.0,14.0,0.0
r204_21,4,100,depot,1,edd,3.189999915775843e-05,54007782.510370426,4082.5103704254534,0.0,37.0,10.0,54.0
r204_21,4,100,depot,1,sweep,2.1600000764010474e-05,37007542.97864457,2692.3560670897255,115.06225774829852,37.0,1.0,37.0
r204_21,4,100,depot,1,nearest,0.0007162000001699198,34013625.210655764,2810.8687709673504,761.4341884793753,32.0,2.0,34.0
r204_21,4,100,depot,1,grasp,0.4092369999998482,31009158.00215299,3028.6714909237326,292.9330662067314,32.0,7.0,31.0
r204_21,4,100,depot,1,mp_eavns,5.869405800000095,15005188.718478233,2088.7184782321865,0.0,31.0,1.0,15.0
r204_21,4,100,phased,21,edd,3.5000000934815034e-05,23007772.323859792,4072.323859793912,0.0,37.0,37.0,23.0
r204_21,4,100,phased,21,sweep,2.350000067963265e-05,7008475.717183955,2768.526063977316,200.7191119977909,37.0,26.0,7.0
r204_21,4,100,phased,21,nearest,0.0006914999976288527,5013673.179046623,2858.8371618300384,761.4341884793753,32.0,30.0,5.0
r204_21,4,100,phased,21,grasp,1.5199167000027956,2005879.964792343,2879.964792343016,0.0,30.0,33.0,2.0
r204_21,4,100,phased,21,mp_eavns,14.904236700000183,5209.9122803633345,2109.912280363335,0.0,31.0,21.0,0.0
r204_21,4,100,all,21,edd,7.219999679364264e-05,23007772.323859792,4072.323859793912,0.0,37.0,37.0,23.0
r204_21,4,100,all,21,sweep,4.959999932907522e-05,7008475.717183955,2768.526063977316,200.7191119977909,37.0,26.0,7.0
r204_21,4,100,all,21,nearest,0.001148399998783134,5013673.179046623,2858.8371618300384,761.4341884793753,32.0,30.0,5.0
r204_21,4,100,all,21,grasp,1.5618916999992507,1005907.7854247984,2807.7854247984064,0.0,31.0,35.0,1.0
r204_21,4,100,all,21,mp_eavns,18.773086199998943,5334.400818537681,2134.4008185376806,0.0,32.0,20.0,0.0
r205_21,1,25,depot,1,edd,1.2599997717188671e-05,8001781.82983657,681.8298365699403,0.0,11.0,0.0,8.0
r205_21,1,25,depot,1,sweep,8.099999831756577e-06,8012741.458093544,647.921506409716,1099.3536587133374,11.0,0.0,8.0
r205_21,1,25,depot,1,nearest,8.430000161752105e-05,4020155.706061874,523.1732702595285,1873.2532791614408,9.0,0.0,4.0
r205_21,1,25,depot,1,grasp,0.013494900002115173,4009244.0827526245,596.5971199310469,774.7485632693631,9.0,1.0,4.0
r205_21,1,25,depot,1,mp_eavns,0.12485759999981383,3001403.9582591956,503.9582591954905,0.0,9.0,0.0,3.0
r205_21,1,25,phased,6,edd,1.2500000593718141e-05,1796.3966683445828,696.3966683445827,0.0,11.0,6.0,0.0
r205_21,1,25,phased,6,sweep,9.300001693191007e-06,17649.863355794143,655.219099783234,1589.4644256010909,11.0,6.0,0.0
r205_21,1,25,phased,6,nearest,7.390000246232376e-05,1020165.2075425147,532.6747509002662,1873.2532791614408,9.0,3.0,1.0
r205_21,1,25,phased,6,grasp,0.025741599998582387,1909.7353818700963,586.7790804602264,42.29563014098699,9.0,6.0,0.0
r205_21,1,25,phased,6,mp_eavns,0.2423783000012918,1414.9853241528954,514.9853241528955,0.0,9.0,4.0,0.0
r205_21,1,25,all,21,edd,1.1900003300979733e-05,1796.3966683445828,696.3966683445827,0.0,11.0,6.0,0.0
r205_21,1,25,all,21,sweep,1.0600000678095967e-05,17649.863355794143,655.219099783234,1589.4644256010909,11.0,6.0,0.0
r205_21,1,25,all,21,nearest,7.74000000092201e-05,1020165.2075425147,532.6747509002662,1873.2532791614408,9.0,3.0,1.0
r205_21,1,25,all,21,grasp,0.0428676000010455,2837.6830865060056,618.4253269687892,131.92577595372165,9.0,6.0,0.0
r205_21,1,25,all,21,mp_eavns,0.2757725000010396,1414.9853241528954,514.9853241528955,0.0,9.0,4.0,0.0
r205_21,2,50,depot,1,edd,1.8999999156221747e-05,26003550.058394138,1650.0583941385835,0.0,19.0,2.0,26.0
r205_21,2,50,depot,1,sweep,1.179999890155159e-05,18021409.28524149,1280.0830555088833,1822.9202185979607,19.0,0.0,18.0
r205_21,2,50,depot,1,nearest,0.0003543999991961755,14026340.025479807,1247.3395355821128,2339.268594422454,17.0,1.0,14.0
r205_21,2,50,depot,1,grasp,0.10634039999786182,12012569.17291088,1322.588610186414,954.6584300693903,17.0,3.0,12.0
r205_21,2,50,depot,1,mp_eavns,0.9597508000006201,7003912.718301067,1002.0259537934795,131.06923472732046,16.0,0.0,7.0
r205_21,2,50,phased,11,edd,1.889999839477241e-05,2003599.951701948,1699.9517019479642,0.0,19.0,20.0,2.0
r205_21,2,50,phased,11,sweep,1.4000001101521775e-05,3026350.5512805963,1320.241425739319,2313.030985485714,19.0,13.0,3.0
r205_21,2,50,phased,11,nearest,0.0001953999999386724,1027966.442201656,1238.7290585899318,2502.7713143066176,17.0,12.0,1.0
r205_21,2,50,phased,11,grasp,0.27610610000192537,13629.489306207888,1427.9423773143903,1060.15469288935,16.0,17.0,0.0
r205_21,2,50,phased,11,mp_eavns,2.0169467000014265,2636.582150552061,1036.5821505520612,0.0,16.0,9.0,0.0
r205_21,2,50,all,21,edd,2.1200001356191933e-05,2003596.6754476123,1696.6754476121891,0.0,19.0,20.0,2.0
r205_21,2,50,all,21,sweep,1.5300000086426735e-05,3026350.5512805963,1320.241425739319,2313.030985485714,19.0,13.0,3.0
r205_21,2,50,all,21,nearest,0.0002119999990100041,1027966.442201656,1238.7290585899318,2502.7713143066176,17.0,12.0,1.0
r205_21,2,50,all,21,grasp,0.34799719999864465,11612.803221813112,1265.6292122653454,864.7174009547767,17.0,15.0,0.0
r205_21,2,50,all,21,mp_eavns,2.571355300002324,2636.582150552061,1036.5821505520612,0.0,16.0,9.0,0.0
r205_21,3,75,depot,1,edd,2.559999848017469e-05,43006288.25540745,2971.3124795453646,61.69429279101746,27.0,9.0,43.0
r205_21,3,75,depot,1,sweep,1.5699999494245276e-05,27028725.67531873,2030.1136095248291,2379.5561709202525,29.0,1.0,27.0
r205_21,3,75,depot,1,nearest,0.00040549999903305434,21043236.82351116,1917.0946848315673,3891.972882632849,24.0,1.0,21.0
r205_21,3,75,depot,1,grasp,0.2505428000004031,20036699.320990562,1997.6781129442425,3230.164287761689,24.0,4.0,20.0
r205_21,3,75,depot,1,mp_eavns,3.6078532000028645,11005320.41272883,1609.720381555905,131.06923472732046,24.0,1.0,11.0
r205_21,3,75,phased,16,edd,3.3799999073380604e-05,16005638.000389913,2938.0003899136645,0.0,27.0,28.0,16.0
r205_21,3,75,phased,16,sweep,1.9499999325489625e-05,6033664.428457362,2067.7590792813035,2869.6669378080055,29.0,19.0,6.0
r205_21,3,75,phased,16,nearest,0.0004063000014866702,3048350.437280056,1956.452553592348,4399.39847264635,24.0,19.0,3.0
r205_21,3,75,phased,16,grasp,0.9032153000007384,1028793.3485637502,2247.6240873446955,2414.5724476405408,24.0,28.0,1.0
r205_21,3,75,phased,16,mp_eavns,5.1454716000007465,5703.907797793768,1715.4536190108277,168.84541787829403,23.0,17.0,0.0
r205_21,3,75,all,21,edd,2.7900001441594213e-05,16005638.000389913,2938.0003899136645,0.0,27.0,28.0,16.0
r205_21,3,75,all,21,sweep,1.920000067912042e-05,6033664.428457362,2067.7590792813035,2869.6669378080055,29.0,19.0,6.0
r205_21,3,75,all,21,nearest,0.0003983999995398335,3048350.437280056,1956.452553592348,4399.39847264635,24.0,19.0,3.0
r205_21,3,75,all,21,grasp,0.9591747999984364,1038364.708396889,2329.1101871878177,3363.559820970121,24.0,27.0,1.0
r205_21,3,75,all,21,mp_eavns,4.2402189999993425,5703.907797793768,1715.4536190108277,168.84541787829403,23.0,17.0,0.0
r205_21,4,100,depot,1,edd,3.110000034212135e-05,57007612.04477162,4012.044771621857,0.0,36.0,10.0,57.0
r205_21,4,100,depot,1,sweep,2.0200001017656177e-05,37039615.78086287,2692.3560670897255,3322.34247957755,37.0,1.0,37.0
r205_21,4,100,depot,1,nearest,0.0006745999999111518,34046741.25457392,2810.8687709673504,4073.038580295098,32.0,2.0,34.0
r205_21,4,100,depot,1,grasp,0.7130360000010114,29033690.812578388,2863.4531844438316,2762.7359393941992,32.0,6.0,29.0
r205_21,4,100,depot,1,mp_eavns,5.183031099997606,15011131.857997023,2217.9809347635614,581.3877062258828,31.0,3.0,15.0
r205_21,4,100,phased,21,edd,3.859999924316071e-05,18007654.967754472,4054.9677544736883,0.0,36.0,41.0,18.0
r205_21,4,100,phased,21,sweep,2.42000023717992e-05,7049255.362933626,2768.526063977316,4278.683686964894,37.0,26.0,7.0
r205_21,4,100,phased,21,nearest,0.0006781999982194975,5052643.899262764,2858.8371618300384,4658.506210093359,32.0,30.0,5.0
r205_21,4,100,phased,21,grasp,2.5849023999981,2040010.0828149838,2950.001937987735,3386.0080876996008,32.0,32.0,2.0
r205_21,4,100,phased,21,mp_eavns,16.43617010000162,7096.667013021792,2308.212834238851,168.84541787829403,31.0,24.0,0.0
r205_21,4,100,all,21,edd,4.059999992023222e-05,18007654.967754472,4054.9677544736883,0.0,36.0,41.0,18.0
r205_21,4,100,all,21,sweep,2.5099998310906813e-05,7049255.362933626,2768.526063977316,4278.683686964894,37.0,26.0,7.0
r205_21,4,100,all,21,nearest,0.0006853000013506971,5052643.899262764,2858.8371618300384,4658.506210093359,32.0,30.0,5.0
r205_21,4,100,all,21,grasp,2.7525498999966658,1043207.3129074813,2913.777457202367,3709.353545027899,32.0,36.0,1.0
r205_21,4,100,all,21,mp_eavns,13.782092400000693,5466.456688693392,2366.4566886933912,0.0,31.0,25.0,0.0
r206_21,1,25,depot,1,edd,1.2299999070819467e-05,8001756.3661272805,656.3661272808491,0.0,11.0,0.0,8.0
r206_21,1,25,depot,1,sweep,7.300001016119495e-06,8005925.368169609,647.921506409716,417.74466631998877,11.0,0.0,8.0
r206_21,1,25,depot,1,nearest,7.130000085453503e-05,4013803.500862788,523.1732702595285,1238.032759252836,9.0,0.0,4.0
r206_21,1,25,depot,1,grasp,0.01196929999787244,4002790.5553438016,553.9629508798846,133.65923929215387,9.0,0.0,4.0
r206_21,1,25,depot,1,mp_eavns,0.11591179999959422,3001246.47942474,446.47942473998125,0.0,8.0,0.0,3.0
r206_21,1,25,phased,6,edd,1.0600000678095967e-05,1767.5163147616727,667.5163147616727,0.0,11.0,5.0,0.0
r206_21,1,25,phased,6,sweep,8.500002877553925e-06,7499.935326174426,655.219099783234,574.4716226391192,11.0,6.0,0.0
r206_21,1,25,phased,6,nearest,7.240000195452012e-05,1013813.0023434287,532.6747509002662,1238.032759252836,9.0,3.0,1.0
r206_21,1,25,phased,6,grasp,0.021619899998768233,2830.636877096902,611.3791175596853,131.92577595372165,9.0,5.0,0.0
r206_21,1,25,phased,6,mp_eavns,0.18340729999908945,1280.7780097384443,480.77800973844444,0.0,8.0,5.0,0.0
r206_21,1,25,all,21,edd,1.300000076298602e-05,1767.5163147616727,667.5163147616727,0.0,11.0,5.0,0.0
r206_21,1,25,all,21,sweep,9.900002623908222e-06,7499.935326174426,655.219099783234,574.4716226391192,11.0,6.0,0.0
r206_21,1,25,all,21,nearest,7.280000136233866e-05,1013813.0023434287,532.6747509002662,1238.032759252836,9.0,3.0,1.0
r206_21,1,25,all,21,grasp,0.033697599999868544,1473.3845590894084,573.3845590894084,0.0,9.0,5.0,0.0
r206_21,1,25,all,21,mp_eavns,0.33999109999786015,1400.1877736674728,500.1877736674728,0.0,9.0,4.0,0.0
r206_21,2,50,depot,1,edd,2.0699997548945248e-05,26003508.761558898,1608.7615588973674,0.0,19.0,2.0,26.0
r206_21,2,50,depot,1,sweep,1.179999890155159e-05,18009345.05217715,1280.0830555088833,616.4969121642689,19.0,0.0,18.0
r206_21,2,50,depot,1,nearest,0.0002007000002777204,15017511.373406583,1261.603094954446,1454.9770311628354,17.0,2.0,15.0
r206_21,2,50,depot,1,grasp,0.09392020000086632,12004839.696166797,1325.6394982647366,191.4056668531859,16.0,4.0,12.0
r206_21,2,50,depot,1,mp_eavns,1.1158108999989054,7002563.030714327,963.0307143263825,0.0,16.0,0.0,7.0
r206_21,2,50,phased,11,edd,2.0799998310394585e-05,9003508.803513875,1608.803513874773,0.0,19.0,13.0,9.0
r206_21,2,50,phased,11,sweep,1.4599998394260183e-05,3010952.480110573,1320.241425739319,773.2238684833993,19.0,13.0,3.0
r206_21,2,50,phased,11,nearest,0.00020280000171624124,2022411.2643411916,1240.127299736534,1947.1137041455133,17.0,12.0,2.0
r206_21,2,50,phased,11,grasp,0.2360956000011356,6648.2626600921885,1275.2260391759341,367.3036620916255,17.0,14.0,0.0
r206_21,2,50,phased,11,mp_eavns,1.9206881999998586,2625.94011508438,1025.94011508438,0.0,16.0,11.0,0.0
r206_21,2,50,all,21,edd,1.939999856404029e-05,9003505.52725954,1605.5272595389981,0.0,19.0,13.0,9.0
r206_21,2,50,all,21,sweep,1.5000001440057531e-05,3010952.480110573,1320.241425739319,773.2238684833993,19.0,13.0,3.0
r206_21,2,50,all,21,nearest,0.00020009999934700318,2022411.2643411916,1240.127299736534,1947.1137041455133,17.0,12.0,2.0
r206_21,2,50,all,21,grasp,0.3196763000014471,5009.02148548274,1264.6816741621742,204.4339811320566,17.0,15.0,0.0
r206_21,2,50,all,21,mp_eavns,2.3930494000014733,2609.5596077999517,1009.5596077999514,0.0,16.0,9.0,0.0
r206_21,3,75,depot,1,edd,2.760000279522501e-05,43005606.372099385,2906.372099386629,0.0,27.0,6.0,43.0
r206_21,3,75,depot,1,sweep,1.590000101714395e-05,27016167.27817574,2030.1136095248291,1123.7164566215617,29.0,1.0,27.0
r206_21,3,75,depot,1,nearest,0.0004034000012325123,21031872.142100852,1917.0946848315673,2755.50474160203,24.0,1.0,21.0
r206_21,3,75,depot,1,grasp,0.2564557000005152,18018405.195363432,2172.3209166876345,1383.28744467451,24.0,7.0,18.0
r206_21,3,75,depot,1,mp_eavns,3.770216700002493,10003902.080580616,1502.0805806168623,0.0,24.0,0.0,10.0
r206_21,3,75,phased,16,edd,2.9599999834317714e-05,22005609.441747822,2909.4417478210335,0.0,27.0,20.0,22.0
r206_21,3,75,phased,16,sweep,1.930000144056976e-05,6017772.193208688,2067.7590792813035,1280.4434129406923,29.0,19.0,6.0
r206_21,3,75,phased,16,nearest,0.00040409999928670004,3031911.499969613,1956.452553592348,2755.50474160203,24.0,19.0,3.0
r206_21,3,75,phased,16,grasp,0.9483964999999444,2015688.0086934976,2211.653178095556,1107.6355515402092,24.0,25.0,2.0
r206_21,3,75,phased,16,mp_eavns,4.704275500000222,3862.311544409819,1562.311544409819,0.0,23.0,16.0,0.0
r206_21,3,75,all,21,edd,2.9599999834317714e-05,22005609.441747822,2909.4417478210335,0.0,27.0,20.0,22.0
r206_21,3,75,all,21,sweep,2.010000025620684e-05,6017772.193208688,2067.7590792813035,1280.4434129406923,29.0,19.0,6.0
r206_21,3,75,all,21,nearest,0.00041090000013355166,3031911.499969613,1956.452553592348,2755.50474160203,24.0,19.0,3.0
r206_21,3,75,all,21,grasp,0.8856592000011005,2017522.1786160907,2151.2457408156097,1297.0932875274984,24.0,26.0,2.0
r206_21,3,75,all,21,mp_eavns,6.161844300000666,3983.378662288815,1583.3786622888151,0.0,24.0,15.0,0.0
r206_21,4,100,depot,1,edd,3.429999924264848e-05,54008324.50600262,4116.378482692043,60.81275199305355,36.0,11.0,54.0
r206_21,4,100,depot,1,sweep,2.1699997887481004e-05,37025149.399938256,2692.3560670897255,1875.7043871165633,37.0,1.0,37.0
r206_21,4,100,depot,1,nearest,0.0007075999965309165,34036192.60531909,2817.8941550233885,3017.471116406819,32.0,2.0,34.0
r206_21,4,100,depot,1,grasp,0.5764434000011533,29025419.586403433,3104.10859392625,1921.547780950732,31.0,11.0,29.0
r206_21,4,100,depot,1,mp_eavns,7.401237100002618,15005181.874958659,2081.874958658943,0.0,31.0,1.0,15.0
r206_21,4,100,phased,21,edd,3.7599998904624954e-05,27007829.5624207,4094.5683342936923,13.499408640690376,36.0,32.0,27.0
r206_21,4,100,phased,21,sweep,2.519999907235615e-05,7031455.14390333,2768.526063977316,2498.661783935285,37.0,26.0,7.0
r206_21,4,100,phased,21,nearest,0.0006829999983892776,5042094.493821602,2865.1063595512665,3602.93874620508,32.0,31.0,5.0
r206_21,4,100,phased,21,grasp,2.4177240999997593,2033328.9825660302,3250.3458961742413,2687.863666985604,32.0,41.0,2.0
r206_21,4,100,phased,21,mp_eavns,15.579761600001802,5216.501277968849,2116.5012779688486,0.0,31.0,20.0,0.0
r206_21,4,100,all,21,edd,3.7500001781154424e-05,27007829.5624207,4094.5683342936923,13.499408640690376,36.0,32.0,27.0
r206_21,4,100,all,21,sweep,2.4599998141638935e-05,7031455.14390333,2768.526063977316,2498.661783935285,37.0,26.0,7.0
r206_21,4,100,all,21,nearest,0.0007059000017761718,5042094.493821602,2865.1063595512665,3602.93874620508,32.0,31.0,5.0
r206_21,4,100,all,21,grasp,2.2456764000016847,1029319.1176747872,2955.930752991562,2326.3186921795586,31.0,36.0,1.0
r206_21,4,100,all,21,mp_eavns,13.832276200002525,5260.142495591608,2154.184350019427,0.5958145572180911,31.0,22.0,0.0
r207_21,1,25,depot,1,edd,1.2800002878066152e-05,6001705.099136204,605.0991362048383,0.0,11.0,0.0,6.0
r207_21,1,25,depot,1,sweep,6.999998731771484e-06,8005925.368169609,647.921506409716,417.74466631998877,11.0,0.0,8.0
r207_21,1,25,depot,1,nearest,7.030000051599927e-05,4006165.5339500345,523.1732702595285,474.23606797749983,9.0,0.0,4.0
r207_21,1,25,depot,1,grasp,0.011427699999330798,4001489.9601883497,589.9601883498648,0.0,9.0,1.0,4.0
r207_21,1,25,depot,1,mp_eavns,0.1818414000008488,3001386.9685693565,486.96856935640125,0.0,9.0,0.0,3.0
r207_21,1,25,phased,6,edd,1.1500000255182385e-05,1001711.7092107397,611.7092107397569,0.0,11.0,4.0,1.0
r207_21,1,25,phased,6,sweep,8.300001354655251e-06,7499.935326174426,655.219099783234,574.4716226391192,11.0,6.0,0.0
r207_21,1,25,phased,6,nearest,7.110000296961516e-05,1006175.0354306753,532.6747509002662,474.23606797749983,9.0,3.0,1.0
r207_21,1,25,phased,6,grasp,0.030791400000452995,1636.4739276977912,636.4739276977912,0.0,10.0,5.0,0.0
r207_21,1,25,phased,6,mp_eavns,0.19858989999920595,1386.9013269863917,486.9013269863916,0.0,9.0,4.0,0.0
r207_21,1,25,all,21,edd,1.179999890155159e-05,1001711.7092107397,611.7092107397569,0.0,11.0,4.0,1.0
r207_21,1,25,all,21,sweep,8.700000762473792e-06,7499.935326174426,655.219099783234,574.4716226391192,11.0,6.0,0.0
r207_21,1,25,all,21,nearest,7.030000051599927e-05,1006175.0354306753,532.6747509002662,474.23606797749983,9.0,3.0,1.0
r207_21,1,25,all,21,grasp,0.04160220000267145,1473.5321490808105,573.5321490808107,0.0,9.0,6.0,0.0
r207_21,1,25,all,21,mp_eavns,0.46636369999760063,1403.201901762766,503.2019017627661,0.0,9.0,5.0,0.0
r207_21,2,50,depot,1,edd,1.8700000509852543e-05,26003614.40673786,1614.4067378591167,0.0,20.0,0.0,26.0
r207_21,2,50,depot,1,sweep,1.1500000255182385e-05,18008180.330817603,1280.0830555088833,500.0247762092693,19.0,0.0,18.0
r207_21,2,50,depot,1,nearest,0.00020170000061625615,15009873.40649383,1261.603094954446,691.180339887499,17.0,2.0,15.0
r207_21,2,50,depot,1,grasp,0.09979530000055092,11006532.47848975,1328.138678428135,360.4339811320566,16.0,4.0,11.0
r207_21,2,50,depot,1,mp_eavns,1.3434863000002224,7002589.297123662,989.2971236624991,0.0,16.0,0.0,7.0
r207_21,2,50,phased,11,edd,2.0899999071843922e-05,9003663.455259092,1663.4552590926764,0.0,20.0,12.0,9.0
r207_21,2,50,phased,11,sweep,1.469999915570952e-05,3009787.758751023,1320.241425739319,656.7517325283998,19.0,13.0,3.0
r207_21,2,50,phased,11,nearest,0.00020349999977042899,2014773.2974284382,1240.127299736534,1183.3170128701772,17.0,12.0,2.0
r207_21,2,50,phased,11,grasp,0.22156059999906574,2896.5383885844117,1296.5383885844117,0.0,16.0,14.0,0.0
r207_21,2,50,phased,11,mp_eavns,2.5223348999970767,2610.3517766703358,1010.3517766703358,0.0,16.0,9.0,0.0
r207_21,2,50,all,21,edd,2.0399998902576044e-05,9003660.179004757,1660.1790047569013,0.0,20.0,12.0,9.0
r207_21,2,50,all,21,sweep,1.4200002624420449e-05,3009787.758751023,1320.241425739319,656.7517325283998,19.0,13.0,3.0
r207_21,2,50,all,21,nearest,0.00021460000061779283,2014773.2974284382,1240.127299736534,1183.3170128701772,17.0,12.0,2.0
r207_21,2,50,all,21,grasp,0.3160932999999204,4896.6130546044915,1252.2732432839257,204.4339811320566,16.0,15.0,0.0
r207_21,2,50,all,21,mp_eavns,2.2481369000015547,2637.9839496404643,1037.9839496404643,0.0,16.0,11.0,0.0
r207_21,3,75,depot,1,edd,2.6300000172341242e-05,34005514.45322833,2914.4532283311405,0.0,26.0,9.0,34.0
r207_21,3,75,depot,1,sweep,1.4900000678608194e-05,27009930.361371618,2030.1136095248291,500.0247762092693,29.0,1.0,27.0
r207_21,3,75,depot,1,nearest,0.0004211999985272996,21020849.466101218,1917.0946848315673,1653.2371416385724,24.0,1.0,21.0
r207_21,3,75,depot,1,grasp,0.2093894999998156,20009264.495997157,2129.372956370742,483.5123040786108,23.0,5.0,20.0
r207_21,3,75,depot,1,mp_eavns,2.7475573000010627,10003986.67208411,1586.672084110467,0.0,24.0,1.0,10.0
r207_21,3,75,phased,16,edd,3.460000152699649e-05,12005551.841451742,2951.8414517420397,0.0,26.0,29.0,12.0
r207_21,3,75,phased,16,sweep,1.930000144056976e-05,6011535.276404565,2067.7590792813035,656.7517325283998,29.0,19.0,6.0
r207_21,3,75,phased,16,nearest,0.00040050000097835436,3020888.823969978,1956.452553592348,1653.2371416385724,24.0,19.0,3.0
r207_21,3,75,phased,16,grasp,0.7767041000006429,1004878.7506823831,2270.9592473047815,20.779143507826234,24.0,27.0,1.0
r207_21,3,75,phased,16,mp_eavns,9.00972449999972,4002.3772152835354,1602.3772152835352,0.0,24.0,15.0,0.0
r207_21,3,75,all,21,edd,2.9099999665049836e-05,12005551.841451742,2951.8414517420397,0.0,26.0,29.0,12.0
r207_21,3,75,all,21,sweep,1.880000127130188e-05,6011535.276404565,2067.7590792813035,656.7517325283998,29.0,19.0,6.0
r207_21,3,75,all,21,nearest,0.0004033999975945335,3020888.823969978,1956.452553592348,1653.2371416385724,24.0,19.0,3.0
r207_21,3,75,all,21,grasp,0.7727693000015279,2009339.8433490065,2039.4888325985928,490.0354516407921,24.0,22.0,2.0
r207_21,3,75,all,21,mp_eavns,8.382140100002289,3977.3111508774928,1577.3111508774928,0.0,24.0,15.0,0.0
r207_21,4,100,depot,1,edd,3.3200001780642197e-05,51007726.25810522,4026.2581052163196,0.0,37.0,12.0,51.0
r207_21,4,100,depot,1,sweep,1.9500002963468432e-05,37015112.98787729,2692.3560670897255,872.0631810196746,37.0,1.0,37.0
r207_21,4,100,depot,1,nearest,0.0006848999983048998,34017751.74111758,2845.6842283964274,1170.6056889187328,32.0,2.0,34.0
r207_21,4,100,depot,1,grasp,0.5557828000019072,31016628.800504867,2854.398776582001,1067.4401728286402,31.0,5.0,31.0
r207_21,4,100,depot,1,mp_eavns,7.160965700000816,15005311.415531311,2211.4155313103515,0.0,31.0,3.0,15.0
r207_21,4,100,phased,21,edd,3.930000093532726e-05,25007682.59668072,3982.596680719044,0.0,37.0,34.0,25.0
r207_21,4,100,phased,21,sweep,2.390000008745119e-05,7021418.731842361,2768.526063977316,1495.0205778383959,37.0,26.0,7.0
r207_21,4,100,phased,21,nearest,0.0006648999988101423,6018342.40930945,2890.7647690409326,1225.1644540409027,32.0,30.0,6.0
r207_21,4,100,phased,21,grasp,2.3367310000030557,21365.448535732277,3058.036488415673,1520.7412047316604,31.0,39.0,0.0
r207_21,4,100,phased,21,mp_eavns,15.105443199998263,5271.449678771205,2171.4496787712046,0.0,31.0,22.0,0.0
r207_21,4,100,all,21,edd,3.7500001781154424e-05,25007682.59668072,3982.596680719044,0.0,37.0,34.0,25.0
r207_21,4,100,all,21,sweep,2.3299999156733975e-05,7021418.731842361,2768.526063977316,1495.0205778383959,37.0,26.0,7.0
r207_21,4,100,all,21,nearest,0.0007069999992381781,6018342.40930945,2890.7647690409326,1225.1644540409027,32.0,30.0,6.0
r207_21,4,100,all,21,grasp,2.1343293999998423,2007322.4223255408,2885.808338730497,123.6613986810188,32.0,35.0,2.0
r207_21,4,100,all,21,mp_eavns,16.32737420000194,5254.080510291424,2154.080510291424,0.0,31.0,22.0,0.0
r208_21,1,25,depot,1,edd,1.2299999070819467e-05,6001711.20332812,611.2033281198101,0.0,11.0,0.0,6.0
r208_21,1,25,depot,1,sweep,7.300001016119495e-06,8001747.9215064095,647.921506409716,0.0,11.0,0.0,8.0
r208_21,1,25,depot,1,nearest,7.689999983995222e-05,4001436.569866047,536.5698660467076,0.0,9.0,0.0,4.0
r208_21,1,25,depot,1,grasp,0.009420500002306653,4001451.1560224956,551.1560224956459,0.0,9.0,0.0,4.0
r208_21,1,25,depot,1,mp_eavns,0.1882368000005954,3001379.0794772576,479.079477257681,0.0,9.0,0.0,3.0
r208_21,1,25,phased,6,edd,1.300000076298602e-05,3001716.7926872903,616.7926872901304,0.0,11.0,3.0,3.0
r208_21,1,25,phased,6,sweep,9.999999747378752e-06,1755.219099783234,655.219099783234,0.0,11.0,6.0,0.0
r208_21,1,25,phased,6,nearest,7.00999989931006e-05,1001446.0762387401,546.0762387400868,0.0,9.0,3.0,1.0
r208_21,1,25,phased,6,grasp,0.019064600001001963,1473.7471894227674,573.7471894227675,0.0,9.0,5.0,0.0
r208_21,1,25,phased,6,mp_eavns,0.23906320000241976,1379.7189703381212,479.71897033812115,0.0,9.0,3.0,0.0
r208_21,1,25,all,21,edd,1.2299999070819467e-05,3001716.7926872903,616.7926872901304,0.0,11.0,3.0,3.0
r208_21,1,25,all,21,sweep,8.800001523923129e-06,1755.219099783234,655.219099783234,0.0,11.0,6.0,0.0
r208_21,1,25,all,21,nearest,7.03999976394698e-05,1001446.0762387401,546.0762387400868,0.0,9.0,3.0,1.0
r208_21,1,25,all,21,grasp,0.02303140000003623,1467.784559309259,567.7845593092591,0.0,9.0,4.0,0.0
r208_21,1,25,all,21,mp_eavns,0.3128467999995337,1403.1471235574752,503.14712355747525,0.0,9.0,5.0,0.0
r208_21,2,50,depot,1,edd,2.019999737967737e-05,21003340.157460988,1540.1574609869547,0.0,18.0,1.0,21.0
r208_21,2,50,depot,1,sweep,1.21000011858996e-05,18003180.083055507,1280.0830555088833,0.0,19.0,0.0,18.0
r208_21,2,50,depot,1,nearest,0.00022639999951934442,14002927.841908108,1227.841908108954,0.0,17.0,1.0,14.0
r208_21,2,50,depot,1,grasp,0.06758889999764506,12002790.259042501,1190.259042501938,0.0,16.0,2.0,12.0
r208_21,2,50,depot,1,mp_eavns,1.0814970999999787,7002564.351006489,964.3510064893159,0.0,16.0,0.0,7.0
r208_21,2,50,phased,11,edd,2.220000169472769e-05,9003360.510943618,1560.5109436177665,0.0,18.0,10.0,9.0
r208_21,2,50,phased,11,sweep,1.4799999917158857e-05,3003220.241425739,1320.241425739319,0.0,19.0,13.0,3.0
r208_21,2,50,phased,11,nearest,0.00020249999943189323,1002923.8242086094,1223.8242086094015,0.0,17.0,10.0,1.0
r208_21,2,50,phased,11,grasp,0.18660710000040126,2882.568174750321,1282.5681747503208,0.0,16.0,15.0,0.0
r208_21,2,50,phased,11,mp_eavns,1.8710184000010486,2575.212348293771,975.2123482937709,0.0,16.0,7.0,0.0
r208_21,2,50,all,21,edd,2.3700002202531323e-05,9003360.510943618,1560.5109436177665,0.0,18.0,10.0,9.0
r208_21,2,50,all,21,sweep,1.5699999494245276e-05,3003220.241425739,1320.241425739319,0.0,19.0,13.0,3.0
r208_21,2,50,all,21,nearest,0.00020320000112405978,1002923.8242086094,1223.8242086094015,0.0,17.0,10.0,1.0
r208_21,2,50,all,21,grasp,0.20794549999845913,2783.5078767096,1183.5078767096002,0.0,16.0,13.0,0.0
r208_21,2,50,all,21,mp_eavns,1.9237296000028437,2606.9625173487852,1006.9625173487852,0.0,16.0,9.0,0.0
r208_21,3,75,depot,1,edd,2.719999974942766e-05,38005410.46980522,2710.469805220619,0.0,27.0,3.0,38.0
r208_21,3,75,depot,1,sweep,1.550000160932541e-05,27004930.113609526,2030.1136095248291,0.0,29.0,1.0,27.0
r208_21,3,75,depot,1,nearest,0.00039449999894713983,21010659.280135706,1889.1187387018583,637.0161397003171,24.0,1.0,21.0
r208_21,3,75,depot,1,grasp,0.19926810000106343,21004366.31114682,1966.3111468225711,0.0,24.0,2.0,21.0
r208_21,3,75,depot,1,mp_eavns,3.3799502000001667,11003900.48133012,1500.4813301193724,0.0,24.0,0.0,11.0
r208_21,3,75,phased,16,edd,3.440000000409782e-05,18005444.136159126,2744.1361591259542,0.0,27.0,21.0,18.0
r208_21,3,75,phased,16,sweep,2.099999983329326e-05,6004967.759079281,2067.7590792813035,0.0,29.0,19.0,6.0
r208_21,3,75,phased,16,nearest,0.0003992000019934494,3010699.5404082527,1929.3790112497059,637.0161397003171,24.0,19.0,3.0
r208_21,3,75,phased,16,grasp,0.6260122999992745,2004463.769470373,2063.769470373046,0.0,24.0,21.0,2.0
r208_21,3,75,phased,16,mp_eavns,6.081057000003057,3911.1127464220954,1511.1127464220951,0.0,24.0,12.0,0.0
r208_21,3,75,all,21,edd,3.640000068116933e-05,18005434.072519295,2734.072519293098,0.0,27.0,21.0,18.0
r208_21,3,75,all,21,sweep,2.1500000002561137e-05,6004967.759079281,2067.7590792813035,0.0,29.0,19.0,6.0
r208_21,3,75,all,21,nearest,0.0004054000019095838,3010699.5404082527,1929.3790112497059,637.0161397003171,24.0,19.0,3.0
r208_21,3,75,all,21,grasp,0.6744839000020875,1009332.7108139269,2057.741966244741,497.49688476821234,23.0,21.0,1.0
r208_21,3,75,all,21,mp_eavns,8.095355000001291,3985.236372480502,1585.236372480502,0.0,24.0,14.0,0.0
r208_21,4,100,depot,1,edd,3.400000059627928e-05,50007431.054686435,3931.054686432874,0.0,35.0,10.0,50.0
r208_21,4,100,depot,1,sweep,1.9899998733308166e-05,37006392.35606709,2692.3560670897255,0.0,37.0,1.0,37.0
r208_21,4,100,depot,1,nearest,0.0006810999984736554,34012619.0911786,2845.6842283964274,657.3406950206538,32.0,2.0,34.0
r208_21,4,100,depot,1,grasp,0.4352381000026071,31006042.802963458,2942.802963459706,0.0,31.0,7.0,31.0
r208_21,4,100,depot,1,mp_eavns,6.286644499999966,15005167.947630484,2067.9476304836912,0.0,31.0,1.0,15.0
r208_21,4,100,phased,21,edd,4.2499999835854396e-05,22007437.427946936,3937.42794693777,0.0,35.0,36.0,22.0
r208_21,4,100,phased,21,sweep,2.5099998310906813e-05,7006468.526063978,2768.526063977316,0.0,37.0,26.0,7.0
r208_21,4,100,phased,21,nearest,0.000665899999148678,6012664.1717192475,2890.7647690409326,657.3406950206538,32.0,30.0,6.0
r208_21,4,100,phased,21,grasp,1.5715529000008246,1008652.3288105159,2771.4608829036483,268.0867927612304,32.0,33.0,1.0
r208_21,4,100,phased,21,mp_eavns,18.942257700000482,5217.830674782234,2117.8306747822344,0.0,31.0,19.0,0.0
r208_21,4,100,all,21,edd,3.730000025825575e-05,22007437.427946936,3937.42794693777,0.0,35.0,36.0,22.0
r208_21,4,100,all,21,sweep,2.300000051036477e-05,7006468.526063978,2768.526063977316,0.0,37.0,26.0,7.0
r208_21,4,100,all,21,nearest,0.0006855000028735958,6012664.1717192475,2890.7647690409326,657.3406950206538,32.0,30.0,6.0
r208_21,4,100,all,21,grasp,1.48471150000114,1006047.1881247454,2947.1881247454266,0.0,31.0,39.0,1.0
r208_21,4,100,all,21,mp_eavns,11.206684099997801,5260.0799377372105,2160.0799377372105,0.0,31.0,21.0,0.0
r209_21,1,25,depot,1,edd,1.2399999832268804e-05,7001636.2596995,636.2596994999956,0.0,10.0,0.0,7.0
r209_21,1,25,depot,1,sweep,7.99999907030724e-06,8007081.458093544,647.921506409716,533.3536587133374,11.0,0.0,8.0
r209_21,1,25,depot,1,nearest,7.510000068577938e-05,4011146.4658490475,536.5698660467076,970.989598300101,9.0,0.0,4.0
r209_21,1,25,depot,1,grasp,0.013210199998866301,4001455.6329447357,555.6329447358544,0.0,9.0,0.0,4.0
r209_21,1,25,depot,1,mp_eavns,0.20942709999872022,3001385.967621414,485.9676214140637,0.0,9.0,0.0,3.0
r209_21,1,25,phased,6,edd,1.1899999663000926e-05,2001639.732170272,639.732170271925,0.0,10.0,5.0,2.0
r209_21,1,25,phased,6,sweep,8.800001523923129e-06,10662.593792602838,655.219099783234,890.7374692819603,11.0,6.0,0.0
r209_21,1,25,phased,6,nearest,7.00999989931006e-05,1011155.9722217411,546.0762387400868,970.989598300101,9.0,3.0,1.0
r209_21,1,25,phased,6,grasp,0.027962399999523768,3929.7709223469046,597.7202604663689,243.2050661880536,9.0,6.0,0.0
r209_21,1,25,phased,6,mp_eavns,0.20644820000234176,1289.371176669561,489.3711766695611,0.0,8.0,4.0,0.0
r209_21,1,25,all,21,edd,1.1899999663000926e-05,2001639.732170272,639.732170271925,0.0,10.0,5.0,2.0
r209_21,1,25,all,21,sweep,9.399998816661537e-06,10662.593792602838,655.219099783234,890.7374692819603,11.0,6.0,0.0
r209_21,1,25,all,21,nearest,7.470000127796084e-05,1011155.9722217411,546.0762387400868,970.989598300101,9.0,3.0,1.0
r209_21,1,25,all,21,grasp,0.03810940000039409,1483.8752570753616,583.8752570753616,0.0,9.0,5.0,0.0
r209_21,1,25,all,21,mp_eavns,0.23981240000284743,1381.271198679569,481.271198679569,0.0,9.0,4.0,0.0
r209_21,2,50,depot,1,edd,1.8200000340584666e-05,21003388.58303627,1588.583036271002,0.0,18.0,3.0,21.0
r209_21,2,50,depot,1,sweep,1.21000011858996e-05,18013575.43359342,1280.0830555088833,1039.5350537908262,19.0,0.0,18.0
r209_21,2,50,depot,1,nearest,0.00020150000273133628,14011091.717865665,1227.841908108954,816.3875957555931,17.0,1.0,14.0
r209_21,2,50,depot,1,grasp,0.09595210000043153,13002930.502935462,1330.5029354616404,0.0,16.0,3.0,13.0
r209_21,2,50,depot,1,mp_eavns,0.9406018000008771,7002567.781364869,967.7813648693383,0.0,16.0,0.0,7.0
r209_21,2,50,phased,11,edd,1.929999780259095e-05,3003381.8027937734,1581.8027937734855,0.0,18.0,18.0,3.0
r209_21,2,50,phased,11,sweep,1.4100001862971112e-05,3017189.430069334,1320.241425739319,1396.918864359449,19.0,13.0,3.0
r209_21,2,50,phased,11,nearest,0.00020200000290060416,1011077.2820308433,1223.8242086094015,815.3457822233961,17.0,10.0,1.0
r209_21,2,50,phased,11,grasp,0.28144699999756995,2921.7274850323392,1321.7274850323392,0.0,16.0,18.0,0.0
r209_21,2,50,phased,11,mp_eavns,1.866165399998863,2647.317191992976,1047.317191992976,0.0,16.0,9.0,0.0
r209_21,2,50,all,21,edd,2.010000025620684e-05,3003381.8027937734,1581.8027937734855,0.0,18.0,18.0,3.0
r209_21,2,50,all,21,sweep,1.4299999747890979e-05,3017189.430069334,1320.241425739319,1396.918864359449,19.0,13.0,3.0
r209_21,2,50,all,21,nearest,0.0002043999993475154,1011077.2820308433,1223.8242086094015,815.3457822233961,17.0,10.0,1.0
r209_21,2,50,all,21,grasp,0.33440629999677185,6866.4192179749225,1330.3625957918293,393.60566221830936,16.0,14.0,0.0
r209_21,2,50,all,21,mp_eavns,2.3765218000007735,2610.301172841267,1010.301172841267,0.0,16.0,8.0,0.0
r209_21,3,75,depot,1,edd,3.170000127283856e-05,50005570.508492455,2870.5084924527223,0.0,27.0,2.0,50.0
r209_21,3,75,depot,1,sweep,1.5600002370774746e-05,27017947.659592006,2030.1136095248291,1301.754598248119,29.0,1.0,27.0
r209_21,3,75,depot,1,nearest,0.0003935999993700534,21024105.09587198,1889.1187387018583,1981.5977133277747,24.0,1.0,21.0
r209_21,3,75,depot,1,grasp,0.24311559999841847,20018864.20458983,2069.5204715172854,1439.4684118310172,24.0,3.0,20.0
r209_21,3,75,depot,1,mp_eavns,4.043315800001437,10003954.785170486,1554.785170487038,0.0,24.0,1.0,10.0
r209_21,3,75,phased,16,edd,4.069999704370275e-05,18005636.492330004,2936.492330004133,0.0,27.0,23.0,18.0
r209_21,3,75,phased,16,sweep,2.170000152545981e-05,6021559.143167449,2067.7590792813035,1659.1384088167417,29.0,19.0,6.0
r209_21,3,75,phased,16,nearest,0.0003986000010627322,3025168.6689740196,1929.3790112497059,2083.9289962769926,24.0,19.0,3.0
r209_21,3,75,phased,16,grasp,0.9670820999999705,1021268.7929756624,2222.8170351303725,1664.5975940532064,24.0,26.0,1.0
r209_21,3,75,phased,16,mp_eavns,6.051289499999257,4043.9224572659723,1643.9224572659725,0.0,24.0,15.0,0.0
r209_21,3,75,all,21,edd,2.9899998480686918e-05,18005636.492330004,2936.492330004133,0.0,27.0,23.0,18.0
r209_21,3,75,all,21,sweep,2.350000067963265e-05,6021559.143167449,2067.7590792813035,1659.1384088167417,29.0,19.0,6.0
r209_21,3,75,all,21,nearest,0.0004332999997131992,3025168.6689740196,1929.3790112497059,2083.9289962769926,24.0,19.0,3.0
r209_21,3,75,all,21,grasp,0.9847327999996196,1028912.9894749712,2101.744426574196,2451.124504839697,23.0,25.0,1.0
r209_21,3,75,all,21,mp_eavns,5.988461400000233,3917.2849419416816,1617.2849419416818,0.0,23.0,15.0,0.0
r209_21,4,100,depot,1,edd,3.2599997211946175e-05,61007603.45568832,4103.455688323544,0.0,35.0,11.0,61.0
r209_21,4,100,depot,1,sweep,1.9899998733308166e-05,37023264.864730574,2692.3560670897255,1687.250866348223,37.0,1.0,37.0
r209_21,4,100,depot,1,nearest,0.0006848999983048998,34028991.04126343,2838.6588443403894,2295.2382419089085,32.0,2.0,34.0
r209_21,4,100,depot,1,grasp,0.6199242999973649,29021294.978875417,2842.239242712444,1535.2739632706528,31.0,8.0,29.0
r209_21,4,100,depot,1,mp_eavns,8.131804100001318,14005313.441415278,2113.4414152773893,0.0,32.0,1.0,14.0
r209_21,4,100,phased,21,edd,5.199999941396527e-05,27007609.306341417,4109.306341417362,0.0,35.0,39.0,27.0
r209_21,4,100,phased,21,sweep,2.8200000087963417e-05,7029754.500823529,2768.526063977316,2328.59747595521,37.0,26.0,7.0
r209_21,4,100,phased,21,nearest,0.0006976000004215166,6029688.483085385,2884.4955713197046,2360.398751406492,32.0,29.0,6.0
r209_21,4,100,phased,21,grasp,2.340402500001801,2019078.2357309908,2997.495410355344,1288.0740320635527,32.0,34.0,2.0
r209_21,4,100,phased,21,mp_eavns,13.25647409999874,5359.979447921121,2259.979447921122,0.0,31.0,21.0,0.0
r209_21,4,100,all,21,edd,3.739999738172628e-05,27007609.306341417,4109.306341417362,0.0,35.0,39.0,27.0
r209_21,4,100,all,21,sweep,2.3600001441081986e-05,7029754.500823529,2768.526063977316,2328.59747595521,37.0,26.0,7.0
r209_21,4,100,all,21,nearest,0.000693500001943903,6029688.483085385,2884.4955713197046,2360.398751406492,32.0,29.0,6.0
r209_21,4,100,all,21,grasp,2.8326064000029874,1017328.2019371616,3126.61466439938,1110.158727276223,31.0,42.0,1.0
r209_21,4,100,all,21,mp_eavns,15.903175800001918,5298.320304749277,2198.320304749277,0.0,31.0,21.0,0.0
r209C15,1,4,depot,1,edd,5.199999577598646e-06,1000465.5414533798,165.54145337973364,0.0,3.0,0.0,1.0
r209C15,1,4,depot,1,sweep,2.9000002541579306e-06,1000455.3299508308,155.3299508307553,0.0,3.0,0.0,1.0
r209C15,1,4,depot,1,nearest,1.089999932446517e-05,1000355.3299508308,155.3299508307553,0.0,2.0,1.0,1.0
r209C15,1,4,depot,1,grasp,0.0002592999990156386,1000355.3299508308,155.3299508307553,0.0,2.0,1.0,1.0
r209C15,1,4,depot,1,mp_eavns,0.007138799999665935,481.8522569492221,181.85225694922212,0.0,3.0,1.0,0.0
r209C15,1,4,phased,2,edd,3.0000010156072676e-06,1000465.5414533798,165.54145337973364,0.0,3.0,0.0,1.0
r209C15,1,4,phased,2,sweep,2.7999994927085936e-06,1000455.3299508308,155.3299508307553,0.0,3.0,0.0,1.0
r209C15,1,4,phased,2,nearest,7.599999662488699e-06,1000353.7731954345,153.7731954345198,0.0,2.0,1.0,1.0
r209C15,1,4,phased,2,grasp,0.00026559999969322234,1040.4385923270706,162.55565004651092,67.78829422805597,2.0,2.0,0.0
r209C15,1,4,phased,2,mp_eavns,0.007787300000927644,480.29550155298665,180.29550155298665,0.0,3.0,1.0,0.0
r209C15,1,4,all,5,edd,2.4000000848900527e-06,1000465.5414533798,165.54145337973364,0.0,3.0,0.0,1.0
r209C15,1,4,all,5,sweep,2.2999993234407157e-06,1000455.3299508308,155.3299508307553,0.0,3.0,0.0,1.0
r209C15,1,4,all,5,nearest,6.500002200482413e-06,1000353.7731954345,153.7731954345198,0.0,2.0,1.0,1.0
r209C15,1,4,all,5,grasp,0.0002807000018947292,1040.4385923270706,162.55565004651092,67.78829422805597,2.0,2.0,0.0
r209C15,1,4,all,5,mp_eavns,0.008803900000202702,480.29550155298665,180.29550155298665,0.0,3.0,1.0,0.0
r209C15,2,8,depot,1,edd,5.900001269765198e-06,3000852.097596518,352.09759651805,0.0,5.0,1.0,3.0
r209C15,2,8,depot,1,sweep,4.099998477613553e-06,3004264.910199122,314.19682216958387,345.07133769523637,5.0,0.0,3.0
r209C15,2,8,depot,1,nearest,1.8999999156221747e-05,4004157.8508218057,307.13744485306495,345.07133769523637,4.0,0.0,4.0
r209C15,2,8,depot,1,grasp,0.000556200000573881,1004738.333234106,363.20165527117564,397.51315788348086,4.0,3.0,1.0
r209C15,2,8,depot,1,mp_eavns,0.028779000000213273,1000763.2016552712,363.2016552711756,0.0,4.0,3.0,1.0
r209C15,2,8,phased,3,edd,6.900001608300954e-06,1000869.5480155258,369.54801552578414,0.0,5.0,3.0,1.0
r209C15,2,8,phased,3,sweep,5.800000508315861e-06,2004268.072583542,317.3592065896304,345.07133769523637,5.0,1.0,2.0
r209C15,2,8,phased,3,nearest,1.9499999325489625e-05,4004157.8508218057,307.13744485306495,345.07133769523637,4.0,0.0,4.0
r209C15,2,8,phased,3,grasp,0.0006830000020272564,5656.459906062288,366.3640396912221,489.0095866371065,4.0,4.0,0.0
r209C15,2,8,phased,3,mp_eavns,0.033155000000988366,764.8072842949866,364.8072842949866,0.0,4.0,4.0,0.0
r209C15,2,8,all,5,edd,5.500001861946657e-06,865.8736966494185,365.87369664941855,0.0,5.0,3.0,0.0
r209C15,2,8,all,5,sweep,5.700003384845331e-06,2004268.072583542,317.3592065896304,345.07133769523637,5.0,1.0,2.0
r209C15,2,8,all,5,nearest,2.1600000764010474e-05,4004157.8508218057,307.13744485306495,345.07133769523637,4.0,0.0,4.0
r209C15,2,8,all,5,grasp,0.0006640999999945052,764.3556851698086,364.3556851698086,0.0,4.0,4.0,0.0
r209C15,2,8,all,5,mp_eavns,0.03928760000053444,758.3811484297964,358.38114842979644,0.0,4.0,4.0,0.0
r209C15,3,12,depot,1,edd,7.100003131199628e-06,5001055.245733259,455.24573325957175,0.0,6.0,0.0,5.0
r209C15,3,12,depot,1,sweep,4.5000015234109014e-06,4005895.450045992,384.73666903983207,491.07133769523637,6.0,0.0,4.0
r209C15,3,12,depot,1,nearest,2.8599999495781958e-05,5004343.330105254,392.6167283017288,345.07133769523637,5.0,0.0,5.0
r209C15,3,12,depot,1,grasp,0.000833099998999387,4001120.0845032185,406.9996786188586,21.308482459950937,5.0,1.0,4.0
r209C15,3,12,depot,1,mp_eavns,0.0709921999987273,2000930.719415159,430.7194151588487,0.0,5.0,3.0,2.0
r209C15,3,12,phased,4,edd,7.800001185387373e-06,3001077.4250543606,477.4250543608299,0.0,6.0,2.0,3.0
r209C15,3,12,phased,4,sweep,7.300001016119495e-06,2005904.3307398714,393.6173629190746,491.07133769523637,6.0,2.0,2.0
r209C15,3,12,phased,4,nearest,2.8200000087963417e-05,5004343.330105254,392.6167283017288,345.07133769523637,5.0,0.0,5.0
r209C15,3,12,phased,4,grasp,0.0013416999972832855,1003008.5271823494,415.08408453070916,209.3443097818639,5.0,3.0,1.0
r209C15,3,12,phased,4,mp_eavns,0.09134989999802201,941.156378797687,441.156378797687,0.0,5.0,5.0,0.0
r209C15,3,12,all,5,edd,7.699996785959229e-06,1001082.9617390988,482.9617390987164,0.0,6.0,4.0,1.0
r209C15,3,12,all,5,sweep,7.099999493220821e-06,2005904.3307398714,393.6173629190746,491.07133769523637,6.0,2.0,2.0
r209C15,3,12,all,5,nearest,2.8800001018680632e-05,5004343.330105254,392.6167283017288,345.07133769523637,5.0,0.0,5.0
r209C15,3,12,all,5,grasp,0.0010724999992817175,1004548.1379141628,527.7120141139892,352.04259000488105,5.0,6.0,1.0
r209C15,3,12,all,5,mp_eavns,0.11122510000132024,937.7015625075392,437.7015625075391,0.0,5.0,5.0,0.0
r209C15,4,15,depot,1,edd,7.700000423938036e-06,8001360.392118102,660.3921181021533,0.0,7.0,0.0,8.0
r209C15,4,15,depot,1,sweep,4.999998054699972e-06,5006076.459876481,465.74649952919447,491.07133769523637,7.0,0.0,5.0
r209C15,4,15,depot,1,nearest,3.590000051190145e-05,7007958.700062819,543.9560136320521,681.4744049187028,6.0,1.0,7.0
r209C15,4,15,depot,1,grasp,0.0024344999983441085,6004025.16145269,498.2018419436863,292.69596107466316,6.0,1.0,6.0
r209C15,4,15,depot,1,mp_eavns,0.1269904000000679,3001113.862183837,513.8621838370423,0.0,6.0,3.0,3.0
r209C15,4,15,phased,5,edd,1.2200001947348937e-05,4001381.0761411446,681.0761411445524,0.0,7.0,4.0,4.0
r209C15,4,15,phased,5,sweep,7.700000423938036e-06,4006079.6222609016,468.90888394924093,491.07133769523637,7.0,1.0,4.0
r209C15,4,15,phased,5,nearest,3.6299999919719994e-05,5007779.412621269,536.1277425648636,664.3284878704224,6.0,2.0,5.0
r209C15,4,15,phased,5,grasp,0.004080200000316836,1002512.3340400436,613.3679230951537,129.89661169484793,6.0,7.0,1.0
r209C15,4,15,phased,5,mp_eavns,0.12991099999999278,1094.389420782919,494.3894207829188,0.0,6.0,4.0,0.0
r209C15,4,15,all,5,edd,9.60000033956021e-06,4001381.0761411446,681.0761411445524,0.0,7.0,4.0,4.0
r209C15,4,15,all,5,sweep,7.99999907030724e-06,4006079.6222609016,468.90888394924093,491.07133769523637,7.0,1.0,4.0
r209C15,4,15,all,5,nearest,3.460000152699649e-05,5007779.412621269,536.1277425648636,664.3284878704224,6.0,2.0,5.0
r209C15,4,15,all,5,grasp,0.0038858000007166993,11520.24056259721,581.3197681662116,1033.8920794430999,6.0,7.0,0.0
r209C15,4,15,all,5,mp_eavns,0.1325989999968442,1096.8582862207527,496.85828622075275,0.0,6.0,4.0,0.0
r210_21,1,25,depot,1,edd,1.1099997209385037e-05,7001659.092362271,659.0923622705293,0.0,10.0,0.0,7.0
r210_21,1,25,depot,1,sweep,6.999998731771484e-06,8005511.458093544,647.921506409716,376.35365871333744,11.0,0.0,8.0
r210_21,1,25,depot,1,nearest,7.159999950090423e-05,4016393.500862788,523.1732702595285,1497.0327592528363,9.0,0.0,4.0
r210_21,1,25,depot,1,grasp,0.013359600001422223,4010890.1958593787,560.1123552443837,943.0083504134473,9.0,0.0,4.0
r210_21,1,25,depot,1,mp_eavns,0.12238439999782713,3001261.282885464,461.2828854640978,0.0,8.0,0.0,3.0
r210_21,1,25,phased,6,edd,1.4700002793688327e-05,3001670.6568557764,670.6568557766462,0.0,10.0,3.0,3.0
r210_21,1,25,phased,6,sweep,9.60000033956021e-06,8672.593792602838,655.219099783234,691.7374692819603,11.0,6.0,0.0
r210_21,1,25,phased,6,nearest,7.270000060088933e-05,1016403.0023434287,532.6747509002662,1497.0327592528363,9.0,3.0,1.0
r210_21,1,25,phased,6,grasp,0.028306000000156928,3448.2385991184183,571.4688718968034,197.6769727221615,9.0,5.0,0.0
r210_21,1,25,phased,6,mp_eavns,0.1669207999984792,1307.2878225065435,507.2878225065435,0.0,8.0,5.0,0.0
r210_21,1,25,all,21,edd,9.799998224480078e-06,3001670.6568557764,670.6568557766462,0.0,10.0,3.0,3.0
r210_21,1,25,all,21,sweep,8.39999847812578e-06,8672.593792602838,655.219099783234,691.7374692819603,11.0,6.0,0.0
r210_21,1,25,all,21,nearest,6.779999966965988e-05,1016403.0023434287,532.6747509002662,1497.0327592528363,9.0,3.0,1.0
r210_21,1,25,all,21,grasp,0.033888899997691624,1477.7594453932206,577.7594453932205,0.0,9.0,5.0,0.0
r210_21,1,25,all,21,mp_eavns,0.1905094999965513,1273.82579239688,473.8257923968799,0.0,8.0,4.0,0.0
r210_21,2,50,depot,1,edd,2.2099997295299545e-05,24003779.125350364,1632.3774299016975,34.674792046157904,18.0,4.0,24.0
r210_21,2,50,depot,1,sweep,1.1699998140102252e-05,18013205.43359342,1280.0830555088833,1002.535053790826,19.0,0.0,18.0
r210_21,2,50,depot,1,nearest,0.00020399999993969686,15023856.402318893,1261.603094954446,2089.4799223938335,17.0,2.0,15.0
r210_21,2,50,depot,1,grasp,0.10020409999924595,10013280.630173853,1254.9292294220186,1042.5700944431057,16.0,2.0,10.0
r210_21,2,50,depot,1,mp_eavns,0.9433252000017092,7002575.945299131,975.9452991310894,0.0,16.0,0.0,7.0
r210_21,2,50,phased,11,edd,2.2500000341096893e-05,6003766.409509034,1619.6615885722697,34.674792046157904,18.0,16.0,6.0
r210_21,2,50,phased,11,sweep,1.4799999917158857e-05,3016399.430069334,1320.241425739319,1317.918864359449,19.0,13.0,3.0
r210_21,2,50,phased,11,nearest,0.00019980000070063397,2023752.422597458,1240.127299736534,2081.229529772125,17.0,12.0,2.0
r210_21,2,50,phased,11,grasp,0.24467440000080387,5545.368589439317,1385.368589439317,256.0,16.0,18.0,0.0
r210_21,2,50,phased,11,mp_eavns,1.620120899999165,2629.811981268488,1029.8119812684881,0.0,16.0,9.0,0.0
r210_21,2,50,all,21,edd,2.390000008745119e-05,6003766.409509034,1619.6615885722697,34.674792046157904,18.0,16.0,6.0
r210_21,2,50,all,21,sweep,1.3800003216601908e-05,3016399.430069334,1320.241425739319,1317.918864359449,19.0,13.0,3.0
r210_21,2,50,all,21,nearest,0.00021050000214017928,2023752.422597458,1240.127299736534,2081.229529772125,17.0,12.0,2.0
r210_21,2,50,all,21,grasp,0.41386359999887645,4259.241409719056,1408.059870603916,115.11815391151401,17.0,17.0,0.0
r210_21,2,50,all,21,mp_eavns,2.2030942999990657,2616.6853156280495,1016.6853156280492,0.0,16.0,10.0,0.0
r210_21,3,75,depot,1,edd,2.5800000003073364e-05,40006049.22749244,2813.3273061800196,53.59001862546998,27.0,8.0,40.0
r210_21,3,75,depot,1,sweep,1.5699999494245276e-05,27016837.659592006,2030.1136095248291,1190.7545982481188,29.0,1.0,27.0
r210_21,3,75,depot,1,nearest,0.0004015000013168901,21032125.614453144,1917.0946848315673,2780.851976831438,24.0,1.0,21.0
r210_21,3,75,depot,1,grasp,0.2479736999994202,19009550.764785964,2022.6782654978272,512.8086520466848,24.0,3.0,19.0
r210_21,3,75,depot,1,mp_eavns,3.1377505999989808,10007463.2729864,1630.3166849908184,353.295630140987,23.0,3.0,10.0
r210_21,3,75,phased,16,edd,3.050000304938294e-05,12006114.179887246,2878.2797009907176,53.59001862546998,27.0,30.0,12.0
r210_21,3,75,phased,16,sweep,1.880000127130188e-05,6020029.143167449,2067.7590792813035,1506.1384088167417,29.0,19.0,6.0
r210_21,3,75,phased,16,nearest,0.00040380000064033084,3032164.9723219066,1956.452553592348,2780.851976831438,24.0,19.0,3.0
r210_21,3,75,phased,16,grasp,0.7859115999999631,1013745.9755369383,2158.242179742843,928.7733357195451,23.0,26.0,1.0
r210_21,3,75,phased,16,mp_eavns,4.554504100000486,3879.0767074626892,1579.0767074626892,0.0,23.0,14.0,0.0
r210_21,3,75,all,21,edd,2.9499999072868377e-05,12006114.179887246,2878.2797009907176,53.59001862546998,27.0,30.0,12.0
r210_21,3,75,all,21,sweep,1.849999898695387e-05,6020029.143167449,2067.7590792813035,1506.1384088167417,29.0,19.0,6.0
r210_21,3,75,all,21,nearest,0.00039709999691694975,3032164.9723219066,1956.452553592348,2780.851976831438,24.0,19.0,3.0
r210_21,3,75,all,21,grasp,0.9118790000029549,1019339.0701279369,2251.909671517303,1468.7160456419615,24.0,28.0,1.0
r210_21,3,75,all,21,mp_eavns,5.756298300002527,3899.6756693257057,1599.675669325706,0.0,23.0,15.0,0.0
r210_21,4,100,depot,1,edd,3.3200001780642197e-05,54008041.36328912,3983.990977820325,45.7372311299207,36.0,11.0,54.0
r210_21,4,100,depot,1,sweep,1.9699997210409492e-05,37021451.063942455,2692.3560670897255,1505.8707875366476,37.0,1.0,37.0
r210_21,4,100,depot,1,nearest,0.0006694000003335532,34027864.8584506,2810.8687709673504,2185.3989679628107,32.0,2.0,34.0
r210_21,4,100,depot,1,grasp,0.6055207000026712,29016054.584623165,3129.231194989791,972.5353428174246,32.0,9.0,29.0
r210_21,4,100,depot,1,mp_eavns,8.009874200000922,14008890.153569356,2257.197267945457,353.295630140987,31.0,4.0,14.0
r210_21,4,100,phased,21,edd,3.7500001781154424e-05,26008023.134215094,3965.761903795594,45.7372311299207,36.0,33.0,26.0
r210_21,4,100,phased,21,sweep,2.340000355616212e-05,7027130.700035414,2768.526063977316,2066.217397143635,37.0,26.0,7.0
r210_21,4,100,phased,21,nearest,0.0006682999992335681,5028125.898044465,2858.8371618300384,2206.7060882634883,32.0,30.0,5.0
r210_21,4,100,phased,21,grasp,2.212288800001261,1024157.2120141573,2935.126138079975,1812.208587607736,31.0,38.0,1.0
r210_21,4,100,phased,21,mp_eavns,14.602196200001345,5233.406358643913,2133.4063586439133,0.0,31.0,20.0,0.0
r210_21,4,100,all,21,edd,3.7999998312443495e-05,26008023.134215094,3965.761903795594,45.7372311299207,36.0,33.0,26.0
r210_21,4,100,all,21,sweep,2.30999976338353e-05,7027130.700035414,2768.526063977316,2066.217397143635,37.0,26.0,7.0
r210_21,4,100,all,21,nearest,0.000714099998731399,5028125.898044465,2858.8371618300384,2206.7060882634883,32.0,30.0,5.0
r210_21,4,100,all,21,grasp,2.6551801999994495,1031854.4937656006,2941.5941650083178,2581.289960059232,31.0,37.0,1.0
r210_21,4,100,all,21,mp_eavns,15.113724899998488,5299.2060872025195,2199.206087202519,0.0,31.0,21.0,0.0
r211_21,1,25,depot,1,edd,1.1500000255182385e-05,7001501.352796318,601.3527963184333,0.0,9.0,0.0,7.0
r211_21,1,25,depot,1,sweep,7.300001016119495e-06,8001747.9215064095,647.921506409716,0.0,11.0,0.0,8.0
r211_21,1,25,depot,1,nearest,6.930000017746352e-05,4003094.296856394,536.5698660467076,165.77269903474541,9.0,0.0,4.0
r211_21,1,25,depot,1,grasp,0.010596799998893403,4001432.974259398,532.9742593980399,0.0,9.0,0.0,4.0
r211_21,1,25,depot,1,mp_eavns,0.15897319999930914,3001373.8420249913,473.84202499132766,0.0,9.0,0.0,3.0
r211_21,1,25,phased,6,edd,1.1600001016631722e-05,2001513.173243899,613.1732438988179,0.0,9.0,3.0,2.0
r211_21,1,25,phased,6,sweep,9.499999578110874e-06,2979.057205469463,655.219099783234,122.38381056862289,11.0,6.0,0.0
r211_21,1,25,phased,6,nearest,7.17999973858241e-05,1003103.8032290875,546.0762387400868,165.77269903474541,9.0,3.0,1.0
r211_21,1,25,phased,6,grasp,0.018451300002197968,1692.1272113544533,579.6650988421003,21.24621125123531,9.0,5.0,0.0
r211_21,1,25,phased,6,mp_eavns,0.1521232000013697,1286.7565617908667,486.7565617908666,0.0,8.0,4.0,0.0
r211_21,1,25,all,21,edd,1.1599997378652915e-05,2001513.173243899,613.1732438988179,0.0,9.0,3.0,2.0
r211_21,1,25,all,21,sweep,9.499999578110874e-06,2979.057205469463,655.219099783234,122.38381056862289,11.0,6.0,0.0
r211_21,1,25,all,21,nearest,7.360000017797574e-05,1003103.8032290875,546.0762387400868,165.77269903474541,9.0,3.0,1.0
r211_21,1,25,all,21,grasp,0.02891319999980624,1466.9159960963598,566.9159960963598,0.0,9.0,4.0,0.0
r211_21,1,25,all,21,mp_eavns,0.31170709999787505,1405.4740768417046,505.4740768417046,0.0,9.0,4.0,0.0
r211_21,2,50,depot,1,edd,1.7899998056236655e-05,22003514.068727605,1614.068727605956,0.0,19.0,4.0,22.0
r211_21,2,50,depot,1,sweep,1.170000177808106e-05,18003267.292508516,1280.0830555088833,8.720945300709218,19.0,0.0,18.0
r211_21,2,50,depot,1,nearest,0.00020170000061625615,12004552.704662109,1194.9776717619318,165.77269903474541,17.0,1.0,12.0
r211_21,2,50,depot,1,grasp,0.08930010000040056,11004968.198212218,1353.0420003450283,201.51562118716424,16.0,4.0,11.0
r211_21,2,50,depot,1,mp_eavns,1.0663112000002002,7002574.578935866,974.578935866509,0.0,16.0,0.0,7.0
r211_21,2,50,phased,11,edd,2.040000254055485e-05,4003506.5385257914,1606.5385257911792,0.0,19.0,15.0,4.0
r211_21,2,50,phased,11,sweep,1.3299999409355223e-05,3004531.288984433,1320.241425739319,131.1047558693321,19.0,13.0,3.0
r211_21,2,50,phased,11,nearest,0.0002029999996011611,1004548.4955801881,1190.7685898406853,165.77269903474541,17.0,10.0,1.0
r211_21,2,50,phased,11,grasp,0.1918666999990819,3762.701029874158,1326.543298815519,73.61577310586392,17.0,16.0,0.0
r211_21,2,50,phased,11,mp_eavns,1.899942899999587,2592.8491657736367,992.8491657736365,0.0,16.0,10.0,0.0
r211_21,2,50,all,21,edd,1.97000008483883e-05,4003506.5385257914,1606.5385257911792,0.0,19.0,15.0,4.0
r211_21,2,50,all,21,sweep,1.3199998647905886e-05,3004531.288984433,1320.241425739319,131.1047558693321,19.0,13.0,3.0
r211_21,2,50,all,21,nearest,0.00020090000180061907,1004545.2193258523,1187.49233550491,165.77269903474541,17.0,10.0,1.0
r211_21,2,50,all,21,grasp,0.2581021999976656,2907.6373288401637,1307.637328840164,0.0,16.0,16.0,0.0
r211_21,2,50,all,21,mp_eavns,2.849321300000156,2603.7161713409814,1003.7161713409813,0.0,16.0,10.0,0.0
r211_21,3,75,depot,1,edd,2.649999805726111e-05,42005440.204807475,2840.2048074757868,0.0,26.0,8.0,42.0
r211_21,3,75,depot,1,sweep,1.5400000847876072e-05,27005379.518507104,2030.1136095248291,44.94048975800206,29.0,1.0,27.0
r211_21,3,75,depot,1,nearest,0.0003957999979320448,21007452.2857665,1889.1187387018583,316.316702780063,24.0,1.0,21.0
r211_21,3,75,depot,1,grasp,0.25916940000024624,19005027.326163594,2021.8861261388881,60.54400374531758,24.0,5.0,19.0
r211_21,3,75,depot,1,mp_eavns,3.1670482999979868,10003961.84881935,1561.8488193508426,0.0,24.0,1.0,10.0
r211_21,3,75,phased,16,edd,3.429999924264848e-05,17005463.513846114,2863.5138461154256,0.0,26.0,25.0,17.0
r211_21,3,75,phased,16,sweep,2.099999983329326e-05,6006641.002082547,2067.7590792813035,167.32430032662495,29.0,19.0,6.0
r211_21,3,75,phased,16,nearest,0.0004062000007252209,3007492.5460390504,1929.3790112497059,316.316702780063,24.0,19.0,3.0
r211_21,3,75,phased,16,grasp,0.7896518999987165,1004598.0129100449,2298.012910044862,0.0,23.0,29.0,1.0
r211_21,3,75,phased,16,mp_eavns,5.791738800002349,3846.7457989520635,1546.7457989520633,0.0,23.0,15.0,0.0
r211_21,3,75,all,21,edd,3.0499999411404133e-05,17005463.513846114,2863.5138461154256,0.0,26.0,25.0,17.0
r211_21,3,75,all,21,sweep,1.8599999748403206e-05,6006641.002082547,2067.7590792813035,167.32430032662495,29.0,19.0,6.0
r211_21,3,75,all,21,nearest,0.0003972000013163779,3007492.5460390504,1929.3790112497059,316.316702780063,24.0,19.0,3.0
r211_21,3,75,all,21,grasp,0.8190553999993426,2005069.8370179348,2084.396980481684,68.54400374531758,23.0,25.0,2.0
r211_21,3,75,all,21,mp_eavns,7.547912300000462,3973.1203485002807,1573.1203485002807,0.0,24.0,16.0,0.0
r211_21,4,100,depot,1,edd,3.3799999073380604e-05,54007681.44528224,4081.4452822420053,0.0,36.0,13.0,54.0
r211_21,4,100,depot,1,sweep,2.049999966402538e-05,37006892.14501277,2692.3560670897255,49.97889456840733,37.0,1.0,37.0
r211_21,4,100,depot,1,nearest,0.0006883999994897749,34009395.752673246,2845.6842283964274,335.00684448523174,32.0,2.0,34.0
r211_21,4,100,depot,1,grasp,0.47172760000103153,30009314.858357478,3031.3940400312426,318.346431744704,31.0,12.0,30.0
r211_21,4,100,depot,1,mp_eavns,8.516689500000211,15005249.009174466,2149.0091744664924,0.0,31.0,2.0,15.0
r211_21,4,100,phased,21,edd,4.569999873638153e-05,18007684.12103076,4084.121030760812,0.0,36.0,42.0,18.0
r211_21,4,100,phased,21,sweep,2.469999890308827e-05,7009101.781105732,2768.526063977316,263.32550417539466,37.0,26.0,7.0
r211_21,4,100,phased,21,nearest,0.0006876000006741378,6009440.833213894,2890.7647690409326,335.00684448523174,32.0,30.0,6.0
r211_21,4,100,phased,21,grasp,1.874953700000333,1008905.2340775767,2923.167591625382,278.20664859513295,32.0,37.0,1.0
r211_21,4,100,phased,21,mp_eavns,14.151401200000691,5233.289354435714,2133.289354435714,0.0,31.0,21.0,0.0
r211_21,4,100,all,21,edd,3.849999848171137e-05,18007684.12103076,4084.121030760812,0.0,36.0,42.0,18.0
r211_21,4,100,all,21,sweep,2.30999976338353e-05,7009101.781105732,2768.526063977316,263.32550417539466,37.0,26.0,7.0
r211_21,4,100,all,21,nearest,0.0007097000016074162,6009440.833213894,2890.7647690409326,335.00684448523174,32.0,30.0,6.0
r211_21,4,100,all,21,grasp,1.879918299997371,2008882.1288292154,2933.8647534009515,284.8264075814575,31.0,36.0,2.0
r211_21,4,100,all,21,mp_eavns,20.009186399998725,5373.524221421816,2173.5242214218156,0.0,32.0,23.0,0.0
rc101_21,1,25,depot,1,edd,1.2799999240087345e-05,17002836.563925173,1109.454793273911,62.71091318990676,11.0,1.0,17.0
rc101_21,1,25,depot,1,sweep,7.299997378140688e-06,17005180.869790155,990.4727708800376,309.0397019274203,11.0,0.0,17.0
rc101_21,1,25,depot,1,nearest,7.060000280034728e-05,11008203.169770984,876.8114032887432,632.635836769468,10.0,0.0,11.0
rc101_21,1,25,depot,1,grasp,0.007371300001977943,9004798.156097827,942.0847021665613,285.6071395660231,10.0,1.0,9.0
rc101_21,1,25,depot,1,mp_eavns,0.1973080999996455,9001776.760579402,776.7605794020794,0.0,10.0,0.0,9.0
rc101_21,1,25,phased,6,edd,1.21000011858996e-05,12002963.269989852,1110.6134083098195,75.26565815425123,11.0,5.0,12.0
rc101_21,1,25,phased,6,sweep,8.699997124494985e-06,8006091.6315517295,1048.4463264945473,394.3185225235201,11.0,8.0,8.0
rc101_21,1,25,phased,6,nearest,7.00999989931006e-05,2010562.6479053858,911.6554892145459,865.0992416171212,10.0,8.0,2.0
rc101_21,1,25,phased,6,grasp,0.0151387000005343,1008477.0797196267,993.0341201465798,648.4045599480107,10.0,12.0,1.0
rc101_21,1,25,phased,6,mp_eavns,0.3696487999986857,1002093.0260202332,917.9892204747675,17.503679975839006,10.0,9.0,1.0
rc101_21,1,25,all,21,edd,1.2999997125007212e-05,12002961.654068971,1108.9974874279235,75.26565815425123,11.0,5.0,12.0
rc101_21,1,25,all,21,sweep,8.899998647393659e-06,8006084.01601125,1040.8307860146508,394.3185225235201,11.0,8.0,8.0
rc101_21,1,25,all,21,nearest,7.199999890872277e-05,2010562.6479053858,911.6554892145459,865.0992416171212,10.0,8.0,2.0
rc101_21,1,25,all,21,grasp,0.01743210000131512,2006530.3378509702,970.6245203294102,455.9713330640907,10.0,10.0,2.0
rc101_21,1,25,all,21,mp_eavns,0.3864742000005208,1001979.3471273668,908.7133926975512,17.063373466928454,9.0,10.0,1.0
rc101_21,2,50,depot,1,edd,1.9099999917671084e-05,36005602.399431504,2412.431282390208,88.99681491173584,23.0,1.0,36.0
rc101_21,2,50,depot,1,sweep,1.2399999832268804e-05,34008371.18388233,2024.0882490637894,414.7095633272218,22.0,0.0,34.0
rc101_21,2,50,depot,1,nearest,0.0002091999995172955,25017089.39144722,1755.3511880172796,1353.4040259201774,18.0,0.0,25.0
rc101_21,2,50,depot,1,grasp,0.04495419999875594,23012005.49310675,1904.8759705494517,820.061713619905,19.0,2.0,23.0
rc101_21,2,50,depot,1,mp_eavns,1.6384665000005043,17003678.118197557,1660.0316770881313,11.808652046684813,19.0,1.0,17.0
rc101_21,2,50,phased,11,edd,2.0700001186924055e-05,8015134.3870415725,2490.221495776025,1034.416554579617,23.0,25.0,8.0
rc101_21,2,50,phased,11,sweep,1.4599998394260183e-05,15011593.65872658,2131.565341609312,726.2093384970987,22.0,16.0,15.0
rc101_21,2,50,phased,11,nearest,0.00022080000053392723,7020631.119477711,1798.4322151687516,1703.2687262541485,18.0,17.0,7.0
rc101_21,2,50,phased,11,grasp,0.135494900001504,3012861.5309297685,1982.101431995102,897.9429497773243,19.0,21.0,3.0
rc101_21,2,50,phased,11,mp_eavns,3.288099199999124,4385.64828248394,1813.0516315655748,67.2596650918366,19.0,22.0,0.0
rc101_21,2,50,all,21,edd,2.6599998818710446e-05,8015134.3870415725,2490.221495776025,1034.416554579617,23.0,25.0,8.0
rc101_21,2,50,all,21,sweep,1.6999998479150236e-05,15011593.65872658,2131.565341609312,726.2093384970987,22.0,16.0,15.0
rc101_21,2,50,all,21,nearest,0.0002089000008709263,7020631.119477711,1798.4322151687516,1703.2687262541485,18.0,17.0,7.0
rc101_21,2,50,all,21,grasp,0.20288069999878644,3013738.2644483056,2114.600645063722,972.3663803242063,19.0,25.0,3.0
rc101_21,2,50,all,21,mp_eavns,2.8633894000013242,3633.1523638569165,1662.518629187632,17.063373466928454,18.0,20.0,0.0
rc101_21,3,75,depot,1,edd,2.9200000426499173e-05,62008155.57334199,4120.27016827465,83.53031737146746,32.0,1.0,62.0
rc101_21,3,75,depot,1,sweep,1.680000059423037e-05,44015382.380107306,2902.123772599384,928.0256334704875,32.0,0.0,44.0
rc101_21,3,75,depot,1,nearest,0.00043619999996735714,36023733.90996021,2698.07780881773,1833.583215139192,27.0,0.0,36.0
rc101_21,3,75,depot,1,grasp,0.11168149999866728,35015324.59983874,2996.1918572274435,962.8407981510959,27.0,1.0,35.0
rc101_21,3,75,depot,1,mp_eavns,3.3160907000019506,24005550.69686605,2482.610345583818,26.808652046684813,28.0,1.0,24.0
rc101_21,3,75,phased,16,edd,3.429999924264848e-05,33021073.73806137,4232.921118305372,1364.0816943064542,32.0,26.0,33.0
rc101_21,3,75,phased,16,sweep,2.0200001017656177e-05,18020002.141500875,3023.5428794323616,1377.8598621442306,32.0,21.0,18.0
rc101_21,3,75,phased,16,nearest,0.00042179999945801683,10027977.261098683,2810.7522714448887,2246.650882723725,27.0,24.0,10.0
rc101_21,3,75,phased,16,grasp,0.3893822000027285,9020044.02462224,3022.4007174107346,1432.162390482924,27.0,31.0,9.0
rc101_21,3,75,phased,16,mp_eavns,4.269101399997453,5578.251022320357,2624.259613585635,25.399140873472135,27.0,32.0,0.0
rc101_21,3,75,all,21,edd,3.109999670414254e-05,33021073.73806137,4232.921118305372,1364.0816943064542,32.0,26.0,33.0
rc101_21,3,75,all,21,sweep,2.099999983329326e-05,18020002.141500875,3023.5428794323616,1377.8598621442306,32.0,21.0,18.0
rc101_21,3,75,all,21,nearest,0.0004378000012366101,10027977.261098683,2810.7522714448887,2246.650882723725,27.0,24.0,10.0
rc101_21,3,75,all,21,grasp,0.49329559999750927,8023338.4272653265,3126.665572487882,1751.1761692839048,27.0,30.0,8.0
rc101_21,3,75,all,21,mp_eavns,10.650057599999855,8736.401719913525,2631.5475256349296,340.48541942785954,27.0,32.0,0.0
rc101_21,4,100,depot,1,edd,3.7599998904624954e-05,78012143.00151677,5621.494261678233,222.15072551025662,43.0,3.0,78.0
rc101_21,4,100,depot,1,sweep,2.099999983329326e-05,57020922.90143684,3657.442752842762,1306.5458684001878,42.0,0.0,57.0
rc101_21,4,100,depot,1,nearest,0.0007324999969569035,43028398.57488052,3572.8642841828996,2122.5710596334307,36.0,1.0,43.0
rc101_21,4,100,depot,1,grasp,0.26892030000090017,47021013.41104488,3869.68425455179,1354.3726790328658,36.0,4.0,47.0
rc101_21,4,100,depot,1,mp_eavns,5.9086912000020675,31006925.01020628,3075.0102062772467,15.0,37.0,1.0,31.0
rc101_21,4,100,phased,21,edd,4.959999932907522e-05,50019269.64594643,5725.441299703933,924.4204646720798,43.0,28.0,50.0
rc101_21,4,100,phased,21,sweep,2.8100002964492887e-05,22026226.96212968,3792.4504808204283,1823.4511648857965,42.0,28.0,22.0
rc101_21,4,100,phased,21,nearest,0.0007150000019464642,11034846.217076927,3648.5212831397125,2759.769579378855,36.0,33.0,11.0
rc101_21,4,100,phased,21,grasp,0.9023210000013933,10031942.99015778,4126.638303039957,2421.635185473925,36.0,44.0,10.0
rc101_21,4,100,phased,21,mp_eavns,23.58808720000161,7132.468649221502,3313.500092773646,11.896855644785688,37.0,39.0,0.0
rc101_21,4,100,all,21,edd,3.939999805879779e-05,50019269.64594643,5725.441299703933,924.4204646720798,43.0,28.0,50.0
rc101_21,4,100,all,21,sweep,2.4100001610349864e-05,22026226.96212968,3792.4504808204283,1823.4511648857965,42.0,28.0,22.0
rc101_21,4,100,all,21,nearest,0.0006916000020282809,11034846.217076927,3648.5212831397125,2759.769579378855,36.0,33.0,11.0
rc101_21,4,100,all,21,grasp,0.9800619999987248,8039152.535444789,4333.521080258192,3121.901436453004,36.0,51.0,8.0
rc101_21,4,100,all,21,mp_eavns,18.06614890000128,7339.858170729747,3343.521833209453,29.633633752029482,37.0,41.0,0.0
rc102_21,1,25,depot,1,edd,1.3200002285884693e-05,18002661.59433881,1067.2473379969724,49.43470008127022,11.0,1.0,18.0
rc102_21,1,25,depot,1,sweep,6.599999323952943e-06,17003602.276169755,990.4727708800376,151.18033988749895,11.0,0.0,17.0
rc102_21,1,25,depot,1,nearest,7.109999933163635e-05,11007238.766705895,876.8114032887432,536.1955302605575,10.0,0.0,11.0
rc102_21,1,25,depot,1,grasp,0.007505900000978727,11003301.333057616,921.5699265031512,137.97631311136686,10.0,1.0,11.0
rc102_21,1,25,depot,1,mp_eavns,0.1458865999993577,9001677.6387322,777.6387322004717,0.0,9.0,0.0,9.0
rc102_21,1,25,phased,6,edd,1.3900000340072438e-05,5004904.30691809,1082.0230847048183,272.22838333854577,11.0,10.0,5.0
rc102_21,1,25,phased,6,sweep,1.049999991664663e-05,8004513.0379313305,1048.4463264945473,236.45916048359865,11.0,8.0,8.0
rc102_21,1,25,phased,6,nearest,7.689999983995222e-05,2009598.2448402967,911.6554892145459,768.6589351082106,10.0,8.0,2.0
rc102_21,1,25,phased,6,grasp,0.015320600003178697,2004745.8749486243,1016.1707163751385,272.97042322491063,10.0,10.0,2.0
rc102_21,1,25,phased,6,mp_eavns,0.23539570000139065,1001795.9450814683,876.5299135711966,1.941516789714754,9.0,10.0,1.0
rc102_21,1,25,all,21,edd,1.1899999663000926e-05,5004904.30691809,1082.0230847048183,272.22838333854577,11.0,10.0,5.0
rc102_21,1,25,all,21,sweep,9.199997293762863e-06,8004505.42239085,1040.8307860146508,236.45916048359865,11.0,8.0,8.0
rc102_21,1,25,all,21,nearest,7.159999950090423e-05,2009598.2448402967,911.6554892145459,768.6589351082106,10.0,8.0,2.0
rc102_21,1,25,all,21,grasp,0.023656299999856856,1005895.6649992956,990.070267605529,390.5594731690121,10.0,12.0,1.0
rc102_21,1,25,all,21,mp_eavns,0.48279030000048806,2622.8092006246443,1047.8758262047554,67.4933374419889,9.0,14.0,0.0
rc102_21,2,50,depot,1,edd,1.979999797185883e-05,35005627.706248194,2296.1332069159203,113.15730412774198,22.0,2.0,35.0
rc102_21,2,50,depot,1,sweep,1.2299999070819467e-05,34006792.590261936,2024.0882490637894,256.8502012873005,22.0,0.0,34.0
rc102_21,2,50,depot,1,nearest,0.0002069000001938548,25013994.98838213,1755.3511880172796,1043.963719411267,18.0,0.0,25.0
rc102_21,2,50,depot,1,grasp,0.05015289999937522,23008896.1181777,1836.6999534684317,515.9418224230888,19.0,0.0,23.0
rc102_21,2,50,depot,1,mp_eavns,1.0243288000019675,17003487.96989623,1587.9698962314615,0.0,19.0,0.0,17.0
rc102_21,2,50,phased,11,edd,2.1100000594742596e-05,9011762.676953072,2369.7112348025817,719.2965718268439,22.0,22.0,9.0
rc102_21,2,50,phased,11,sweep,1.799999881768599e-05,15008934.190543663,2131.565341609312,460.2625202053755,22.0,16.0,15.0
rc102_21,2,50,phased,11,nearest,0.00020950000180164352,7017461.211060564,1798.4322151687516,1386.2778845395196,18.0,17.0,7.0
rc102_21,2,50,phased,11,grasp,0.13033059999725083,1018191.2896546604,2061.386214313254,1422.9903440347136,19.0,26.0,1.0
rc102_21,2,50,phased,11,mp_eavns,2.8333454000021447,3847.692649901101,1742.2122701415283,30.548037975957286,18.0,24.0,0.0
rc102_21,2,50,all,21,edd,2.1299998479662463e-05,9011755.331465669,2362.3657473998355,719.2965718268439,22.0,22.0,9.0
rc102_21,2,50,all,21,sweep,1.4700002793688327e-05,15008934.190543663,2131.565341609312,460.2625202053755,22.0,16.0,15.0
rc102_21,2,50,all,21,nearest,0.0002187000027333852,7017461.211060564,1798.4322151687516,1386.2778845395196,18.0,17.0,7.0
rc102_21,2,50,all,21,grasp,0.2064658999988751,2010879.2247596788,2011.3552879314905,696.7869471747345,19.0,24.0,2.0
rc102_21,2,50,all,21,mp_eavns,3.8053753999993205,3803.3942580330804,1816.8578047270214,18.653645330605883,18.0,24.0,0.0
rc102_21,3,75,depot,1,edd,2.809999932651408e-05,57007947.2254174,3862.0422154859107,98.51832019108821,31.0,1.0,57.0
rc102_21,3,75,depot,1,sweep,1.6000001778593287e-05,44010437.70568509,2902.123772599384,433.5581912486935,32.0,0.0,44.0
rc102_21,3,75,depot,1,nearest,0.0004098999997950159,35017747.830883615,2703.20206081961,1234.4628822795723,27.0,0.0,35.0
rc102_21,3,75,depot,1,grasp,0.10680299999876297,35009730.475510955,3081.4258225530757,384.9049688400859,28.0,3.0,35.0
rc102_21,3,75,depot,1,mp_eavns,3.9197515999985626,25005140.39740852,2340.397408517927,0.0,28.0,0.0,25.0
rc102_21,3,75,phased,16,edd,3.780000042752363e-05,35013740.56962984,3920.8068648415965,671.9762764995276,31.0,21.0,35.0
rc102_21,3,75,phased,16,sweep,2.0399998902576044e-05,18013976.59251614,3023.5428794323616,775.3049636706348,32.0,21.0,18.0
rc102_21,3,75,phased,16,nearest,0.00043139999979757704,11021896.869216394,2797.0690698098706,1639.9800146583866,27.0,23.0,11.0
rc102_21,3,75,phased,16,grasp,0.32117939999807277,8018782.1738438085,3048.678450004893,1303.3495393803516,27.0,31.0,8.0
rc102_21,3,75,phased,16,mp_eavns,10.702281800000492,5432.86625692117,2613.4510890240226,1.941516789714754,28.0,33.0,0.0
rc102_21,3,75,all,21,edd,3.279999873484485e-05,35013740.56962984,3920.8068648415965,671.9762764995276,31.0,21.0,35.0
rc102_21,3,75,all,21,sweep,1.9099999917671084e-05,18013976.59251614,3023.5428794323616,775.3049636706348,32.0,21.0,18.0
rc102_21,3,75,all,21,nearest,0.00041879999844240956,11021896.869216394,2797.0690698098706,1639.9800146583866,27.0,23.0,11.0
rc102_21,3,75,all,21,grasp,0.4783029999998689,10016876.202530453,3208.670227078958,1086.7532303374032,28.0,28.0,10.0
rc102_21,3,75,all,21,mp_eavns,10.114323099998728,5577.525793857241,2700.76073783095,7.676505602629163,28.0,34.0,0.0
rc102_21,4,100,depot,1,edd,3.5400000342633575e-05,80010053.0989705,5199.718863720756,75.33801067873137,41.0,2.0,80.0
rc102_21,4,100,depot,1,sweep,2.1299998479662463e-05,57013425.93078802,3657.442752842762,556.8488035178518,42.0,0.0,57.0
rc102_21,4,100,depot,1,nearest,0.0006871999976283405,43019785.86917025,3572.8642841828996,1261.3004886062126,36.0,1.0,43.0
rc102_21,4,100,depot,1,grasp,0.19683620000068913,45021130.0392788,3702.9455008313735,1372.7093777964103,37.0,1.0,45.0
rc102_21,4,100,depot,1,mp_eavns,6.233527899999899,30006854.47067537,2919.9344349007483,33.4536240470737,36.0,0.0,30.0
rc102_21,4,100,phased,21,edd,4.220000118948519e-05,43018968.65488091,5302.113080026244,956.654180088829,41.0,34.0,43.0
rc102_21,4,100,phased,21,sweep,2.4599998141638935e-05,22017649.116918337,3792.4504808204283,965.6666437516587,42.0,28.0,22.0
rc102_21,4,100,phased,21,nearest,0.000707499999407446,11024996.753580792,3648.5212831397125,1774.8232297652203,36.0,33.0,11.0
rc102_21,4,100,phased,21,grasp,0.8721788000002562,11018984.101498708,4285.706368243376,1099.8395130463884,37.0,43.0,11.0
rc102_21,4,100,phased,21,mp_eavns,25.854111399999965,7009.472093348075,3290.056925450927,1.941516789714754,37.0,40.0,0.0
rc102_21,4,100,all,21,edd,3.8300000596791506e-05,43018968.65488091,5302.113080026244,956.654180088829,41.0,34.0,43.0
rc102_21,4,100,all,21,sweep,2.3799999326001853e-05,22017649.116918337,3792.4504808204283,965.6666437516587,42.0,28.0,22.0
rc102_21,4,100,all,21,nearest,0.0007081999974616338,11024996.753580792,3648.5212831397125,1774.8232297652203,36.0,33.0,11.0
rc102_21,4,100,all,21,grasp,0.6886144999989483,10019357.408937413,4132.591238403803,1142.4817699009632,38.0,40.0,10.0
rc102_21,4,100,all,21,mp_eavns,17.617439699999522,7101.876266059015,3325.111210032723,7.676505602629163,37.0,41.0,0.0
rc102C10,1,3,depot,1,edd,6.800000846851617e-06,2000349.7224436866,149.72244368646838,0.0,2.0,0.0,2.0
rc102C10,1,3,depot,1,sweep,2.7000023692380637e-06,2000349.7224436866,149.72244368646838,0.0,2.0,0.0,2.0
rc102C10,1,3,depot,1,nearest,9.60000033956021e-06,2000349.7224436866,149.72244368646838,0.0,2.0,0.0,2.0
rc102C10,1,3,depot,1,grasp,0.00019289999909233302,2000349.7224436866,149.72244368646838,0.0,2.0,0.0,2.0
rc102C10,1,3,depot,1,mp_eavns,0.002531399997678818,2000349.7224436866,149.72244368646838,0.0,2.0,0.0,2.0
rc102C10,1,3,phased,2,edd,2.5000008463393897e-06,1000350.0084938678,150.00849386779248,0.0,2.0,1.0,1.0
rc102C10,1,3,phased,2,sweep,2.2999993234407157e-06,1000350.0084938678,150.00849386779248,0.0,2.0,1.0,1.0
rc102C10,1,3,phased,2,nearest,5.899997631786391e-06,1000350.0084938678,150.00849386779248,0.0,2.0,1.0,1.0
rc102C10,1,3,phased,2,grasp,0.00020360000053187832,1000350.0084938678,150.00849386779248,0.0,2.0,1.0,1.0
rc102C10,1,3,phased,2,mp_eavns,0.002838500000507338,1000350.0084938678,150.00849386779248,0.0,2.0,1.0,1.0
rc102C10,1,3,all,4,edd,2.0000006770715117e-06,1000350.0084938678,150.00849386779248,0.0,2.0,1.0,1.0
rc102C10,1,3,all,4,sweep,1.8999999156221747e-06,1000350.0084938678,150.00849386779248,0.0,2.0,1.0,1.0
rc102C10,1,3,all,4,nearest,5.199999577598646e-06,1000350.0084938678,150.00849386779248,0.0,2.0,1.0,1.0
rc102C10,1,3,all,4,grasp,0.00021319999723345973,1000350.0084938678,150.00849386779248,0.0,2.0,1.0,1.0
rc102C10,1,3,all,4,mp_eavns,0.0031238000010489486,1000350.0084938678,150.00849386779248,0.0,2.0,1.0,1.0
rc102C10,2,5,depot,1,edd,4.399997123982757e-06,4000566.9766621743,266.97666217426115,0.0,3.0,0.0,4.0
rc102C10,2,5,depot,1,sweep,3.4000004234258085e-06,4000576.37543908,276.3754390798142,0.0,3.0,0.0,4.0
rc102C10,2,5,depot,1,nearest,1.21000011858996e-05,4001755.8762428816,283.814605551246,117.20616373302047,3.0,0.0,4.0
rc102C10,2,5,depot,1,grasp,0.00030530000003636815,3000966.388960799,286.7300020595896,37.965895873961216,3.0,0.0,3.0
rc102C10,2,5,depot,1,mp_eavns,0.011741300000721822,3000696.299088914,296.2990889141314,0.0,4.0,0.0,3.0
rc102C10,2,5,phased,3,edd,4.400000761961564e-06,3000567.2627123557,267.2627123555852,0.0,3.0,1.0,3.0
rc102C10,2,5,phased,3,sweep,4.300000000512227e-06,2000579.8222072818,279.8222072818387,0.0,3.0,1.0,2.0
rc102C10,2,5,phased,3,nearest,1.179999890155159e-05,2002796.8909003113,289.49600573970565,220.7394894571634,3.0,1.0,2.0
rc102C10,2,5,phased,3,grasp,0.00032619999910821207,2000579.8222072818,279.82220728183876,0.0,3.0,1.0,2.0
rc102C10,2,5,phased,3,mp_eavns,0.007923000001028413,2000579.8222072818,279.82220728183876,0.0,3.0,1.0,2.0
rc102C10,2,5,all,4,edd,4.599998646881431e-06,3000567.2627123557,267.2627123555852,0.0,3.0,1.0,3.0
rc102C10,2,5,all,4,sweep,3.3999967854470015e-06,2000579.8222072818,279.8222072818387,0.0,3.0,1.0,2.0
rc102C10,2,5,all,4,nearest,9.800001862458885e-06,2002796.8909003113,289.49600573970565,220.7394894571634,3.0,1.0,2.0
rc102C10,2,5,all,4,grasp,0.00034779999987222254,2000579.8222072818,279.82220728183876,0.0,3.0,1.0,2.0
rc102C10,2,5,all,4,mp_eavns,0.00867639999705716,2000579.8222072818,279.82220728183876,0.0,3.0,1.0,2.0
rc102C10,3,8,depot,1,edd,4.0000013541430235e-06,5001849.678022101,460.29494172956663,88.93830803710482,5.0,2.0,5.0
rc102C10,3,8,depot,1,sweep,3.6000019463244826e-06,6000764.721493586,364.7214935858222,0.0,4.0,0.0,6.0
rc102C10,3,8,depot,1,nearest,1.340000017080456e-05,4003065.043917613,440.37620209932743,222.46677155137758,4.0,1.0,4.0
rc102C10,3,8,depot,1,grasp,0.0007036000024527311,4001399.1480054935,440.610796656012,45.85372088375313,5.0,0.0,4.0
rc102C10,3,8,depot,1,mp_eavns,0.03356080000230577,4000898.3280126033,398.3280126032745,0.0,5.0,0.0,4.0
rc102C10,3,8,phased,4,edd,6.800000846851617e-06,4001849.964072282,460.5809919108907,88.93830803710482,5.0,3.0,4.0
rc102C10,3,8,phased,4,sweep,6.100002792663872e-06,4000768.168261788,368.1682617878468,0.0,4.0,1.0,4.0
rc102C10,3,8,phased,4,nearest,1.8599999748403206e-05,4003065.043917613,440.37620209932743,222.46677155137758,4.0,1.0,4.0
rc102C10,3,8,phased,4,grasp,0.0009203999979945365,2004347.648027003,381.21278301028474,356.6435243992734,4.0,3.0,2.0
rc102C10,3,8,phased,4,mp_eavns,0.031729900001664646,2001672.042125136,371.53898455241784,90.05031405835692,4.0,3.0,2.0
rc102C10,3,8,all,4,edd,6.100002792663872e-06,4001849.964072282,460.5809919108907,88.93830803710482,5.0,3.0,4.0
rc102C10,3,8,all,4,sweep,5.40000110049732e-06,4000768.168261788,368.1682617878468,0.0,4.0,1.0,4.0
rc102C10,3,8,all,4,nearest,1.6699999832781032e-05,4003065.043917613,440.37620209932743,222.46677155137758,4.0,1.0,4.0
rc102C10,3,8,all,4,grasp,0.0008049000025494024,3003364.2655083556,461.9908285216745,250.2274679833968,4.0,3.0,3.0
rc102C10,3,8,all,4,mp_eavns,0.027793299999757437,2001672.042125136,371.53898455241784,90.05031405835692,4.0,3.0,2.0
rc102C10,4,10,depot,1,edd,5.600002623395994e-06,7001939.451040068,536.062465232731,90.3388574835074,5.0,2.0,7.0
rc102C10,4,10,depot,1,sweep,3.9000005926936865e-06,8000816.924044123,416.9240441227129,0.0,4.0,0.0,8.0
rc102C10,4,10,depot,1,nearest,2.0600000425474718e-05,6002300.384767552,490.38476755187577,131.0,5.0,0.0,6.0
rc102C10,4,10,depot,1,grasp,0.001008499999443302,5001857.773417721,529.148642957239,82.86247747629247,5.0,1.0,5.0
rc102C10,4,10,depot,1,mp_eavns,0.045380900002783164,5000937.81713316,437.8171331606892,0.0,5.0,0.0,5.0
rc102C10,4,10,phased,4,edd,6.800000846851617e-06,6001939.73709025,536.3485154140551,90.3388574835074,5.0,3.0,6.0
rc102C10,4,10,phased,4,sweep,5.999998393235728e-06,6000820.370812325,420.3708123247375,0.0,4.0,1.0,6.0
rc102C10,4,10,phased,4,nearest,2.1599997126031667e-05,6002300.384767552,490.38476755187577,131.0,5.0,0.0,6.0
rc102C10,4,10,phased,4,grasp,0.0013313999988895375,4004061.7505186894,562.1185566172603,299.9631962072235,5.0,4.0,4.0
rc102C10,4,10,phased,4,mp_eavns,0.04198580000229413,3001712.074990324,411.5718497408679,90.05031405835692,4.0,3.0,3.0
rc102C10,4,10,all,4,edd,7.699996785959229e-06,6001939.73709025,536.3485154140551,90.3388574835074,5.0,3.0,6.0
rc102C10,4,10,all,4,sweep,6.499998562503606e-06,6000820.370812325,420.3708123247375,0.0,4.0,1.0,6.0
rc102C10,4,10,all,4,nearest,2.2500000341096893e-05,6002300.384767552,490.38476755187577,131.0,5.0,0.0,6.0
rc102C10,4,10,all,4,grasp,0.0013440999973681755,4003941.3133687023,433.41533354717546,310.7898035155203,4.0,3.0,4.0
rc102C10,4,10,all,4,mp_eavns,0.04929489999994985,3001712.074990324,411.5718497408679,90.05031405835692,4.0,3.0,3.0
rc103_21,1,25,depot,1,edd,1.2500000593718141e-05,18002164.760081347,1064.7600813488596,0.0,11.0,0.0,18.0
rc103_21,1,25,depot,1,sweep,7.99999907030724e-06,17002090.47277088,990.4727708800376,0.0,11.0,0.0,17.0
rc103_21,1,25,depot,1,nearest,9.109999882639386e-05,11005956.571261322,876.8114032887432,407.9759858032645,10.0,0.0,11.0
rc103_21,1,25,depot,1,grasp,0.007527399997343309,9005074.36368909,780.7805346377176,339.3583154452346,9.0,0.0,9.0
rc103_21,1,25,depot,1,mp_eavns,0.13257969999904162,8002255.936215352,794.9859842550907,56.095023109729,9.0,0.0,8.0
rc103_21,1,25,phased,6,edd,1.3100001524435356e-05,8002328.023699259,1098.8595968098089,12.916410244990686,11.0,8.0,8.0
rc103_21,1,25,phased,6,sweep,9.899998985929415e-06,8003001.234532456,1048.4463264945473,85.2788205960997,11.0,8.0,8.0
rc103_21,1,25,phased,6,nearest,7.370000093942508e-05,2007246.0493957237,911.6554892145459,533.4393906509177,10.0,8.0,2.0
rc103_21,1,25,phased,6,grasp,0.01123599999846192,2003342.7498960802,960.8157648434748,138.19341312367524,10.0,9.0,2.0
rc103_21,1,25,phased,6,mp_eavns,0.3636828000016976,1001793.384950298,893.3849502980186,0.0,9.0,10.0,1.0
rc103_21,1,25,all,21,edd,1.4100001862971112e-05,8002328.023699259,1098.8595968098089,12.916410244990686,11.0,8.0,8.0
rc103_21,1,25,all,21,sweep,1.0100000508828089e-05,8002993.618991976,1040.8307860146508,85.2788205960997,11.0,8.0,8.0
rc103_21,1,25,all,21,nearest,7.509999704780057e-05,2007246.0493957237,911.6554892145459,533.4393906509177,10.0,8.0,2.0
rc103_21,1,25,all,21,grasp,0.01830310000150348,2003056.3148633055,991.045794495144,106.5269068810438,10.0,10.0,2.0
rc103_21,1,25,all,21,mp_eavns,0.4106718000002729,1001732.6513350295,832.6513350295369,0.0,9.0,9.0,1.0
rc103_21,2,50,depot,1,edd,1.9800001609837636e-05,39005326.74652483,2433.716953026237,59.30295718053563,23.0,1.0,39.0
rc103_21,2,50,depot,1,sweep,1.2000000424450263e-05,34005280.78686306,2024.0882490637894,105.66986139980152,22.0,0.0,34.0
rc103_21,2,50,depot,1,nearest,0.0002100000019709114,25010183.75175426,1755.2418613645243,662.8509892895668,18.0,0.0,25.0
rc103_21,2,50,depot,1,grasp,0.043063299999630544,23005899.24509788,1923.7318744875495,217.55132233927992,18.0,2.0,23.0
rc103_21,2,50,depot,1,mp_eavns,1.0057112999966193,17003324.65186607,1524.6518660717327,0.0,18.0,0.0,17.0
rc103_21,2,50,phased,11,edd,2.3100001271814108e-05,17008907.6762224,2493.3757658805,411.4300456518345,23.0,20.0,17.0
rc103_21,2,50,phased,11,sweep,1.4299999747890979e-05,15006713.708026843,2131.565341609312,238.21426852336754,22.0,16.0,15.0
rc103_21,2,50,phased,11,nearest,0.00021769999875687063,6012148.13671841,1814.7403061116374,853.3396412298644,18.0,18.0,6.0
rc103_21,2,50,phased,11,grasp,0.13105580000046757,3006135.286743395,1940.2964725832549,229.4990270811765,19.0,20.0,3.0
rc103_21,2,50,phased,11,mp_eavns,2.657323899999028,3493.0079252208507,1693.0079252208504,0.0,18.0,22.0,0.0
rc103_21,2,50,all,21,edd,2.010000025620684e-05,17008907.6762224,2493.3757658805,411.4300456518345,23.0,20.0,17.0
rc103_21,2,50,all,21,sweep,1.4099998224992305e-05,15006713.708026843,2131.565341609312,238.21426852336754,22.0,16.0,15.0
rc103_21,2,50,all,21,nearest,0.0002046999979938846,6012148.13671841,1814.7403061116374,853.3396412298644,18.0,18.0,6.0
rc103_21,2,50,all,21,grasp,0.15785560000222176,3007489.9345854702,2168.1485886905652,342.1785996779661,19.0,25.0,3.0
rc103_21,2,50,all,21,mp_eavns,4.25848760000008,3480.198675213762,1680.1986752137618,0.0,18.0,22.0,0.0
rc103_21,3,75,depot,1,edd,2.8100002964492887e-05,57007870.17007107,3837.141606889088,83.30284641841295,32.0,1.0,57.0
rc103_21,3,75,depot,1,sweep,1.5600002370774746e-05,44008925.90228621,2902.123772599384,282.37785136119453,32.0,0.0,44.0
rc103_21,3,75,depot,1,nearest,0.00041369999962626025,35015067.98566776,2703.20206081961,966.4783606939848,27.0,0.0,35.0
rc103_21,3,75,depot,1,grasp,0.09808510000220849,36010383.20346195,3073.0516318969426,451.01518300547735,28.0,3.0,36.0
rc103_21,3,75,depot,1,mp_eavns,3.524327799997991,24005138.026673425,2338.0266734265288,0.0,28.0,0.0,24.0
rc103_21,3,75,phased,16,edd,3.4199998481199145e-05,31011763.19521877,3873.2631668676304,468.9932051903681,32.0,23.0,31.0
rc103_21,3,75,phased,16,sweep,1.9699997210409492e-05,18010372.76546428,3023.5428794323616,414.92225848476056,32.0,21.0,18.0
rc103_21,3,75,phased,16,nearest,0.0004124999977648258,11017677.024000539,2797.0690698098706,1217.995493072799,27.0,23.0,11.0
rc103_21,3,75,phased,16,grasp,0.4155257000020356,9013430.577570094,3313.0589300362253,741.751864005757,27.0,33.0,9.0
rc103_21,3,75,phased,16,mp_eavns,9.440534100001969,5385.193391506478,2585.193391506478,0.0,28.0,34.0,0.0
rc103_21,3,75,all,21,edd,3.1600000511389226e-05,31011763.19521877,3873.2631668676304,468.9932051903681,32.0,23.0,31.0
rc103_21,3,75,all,21,sweep,1.8599999748403206e-05,18010372.76546428,3023.5428794323616,414.92225848476056,32.0,21.0,18.0
rc103_21,3,75,all,21,nearest,0.0004124999977648258,11017677.024000539,2797.0690698098706,1217.995493072799,27.0,23.0,11.0
rc103_21,3,75,all,21,grasp,0.39829099999769824,9011248.151399774,3110.783168514337,523.7368231261025,29.0,29.0,9.0
rc103_21,3,75,all,21,mp_eavns,10.358103500002471,5362.68430820761,2562.6843082076102,0.0,28.0,32.0,0.0
rc103_21,4,100,depot,1,edd,3.7099998735357076e-05,74011156.04271258,5167.398387271835,178.86443253167272,42.0,3.0,74.0
rc103_21,4,100,depot,1,sweep,2.3300002794712782e-05,57011914.12738915,3657.442752842762,405.6684636303529,42.0,0.0,57.0
rc103_21,4,100,depot,1,nearest,0.0007588000007672235,43015609.54644187,3572.8642841828996,843.6682157686199,36.0,1.0,43.0
rc103_21,4,100,depot,1,grasp,0.21243559999857098,44010790.18102673,3759.009415074433,333.1171611650906,37.0,1.0,44.0
rc103_21,4,100,depot,1,mp_eavns,7.220331100001204,30006552.19763103,2933.703298619651,1.8494332412792005,36.0,0.0,30.0
rc103_21,4,100,phased,21,edd,4.239999907440506e-05,39016243.20327329,5246.746033492474,679.6457239796312,42.0,35.0,39.0
rc103_21,4,100,phased,21,sweep,2.390000008745119e-05,22014045.289866477,3792.4504808204283,605.2839385657844,42.0,28.0,22.0
rc103_21,4,100,phased,21,nearest,0.0007085999968694523,11019750.430852417,3648.5212831397125,1250.1909569276272,36.0,33.0,11.0
rc103_21,4,100,phased,21,grasp,0.8698076000000583,8014880.146763317,4248.939202790339,693.1207560526666,37.0,46.0,8.0
rc103_21,4,100,phased,21,mp_eavns,20.021152100001927,6912.695131352367,3212.695131352367,0.0,37.0,40.0,0.0
rc103_21,4,100,all,21,edd,4.229999831295572e-05,39016243.20327329,5246.746033492474,679.6457239796312,42.0,35.0,39.0
rc103_21,4,100,all,21,sweep,2.510000194888562e-05,22014045.289866477,3792.4504808204283,605.2839385657844,42.0,28.0,22.0
rc103_21,4,100,all,21,nearest,0.0007549000001745299,11019750.430852417,3648.5212831397125,1250.1909569276272,36.0,33.0,11.0
rc103_21,4,100,all,21,grasp,0.8293000999983633,11012991.179461606,3868.7269692373634,552.2452492369197,36.0,35.0,11.0
rc103_21,4,100,all,21,mp_eavns,23.35780039999736,6901.785322261707,3201.785322261707,0.0,37.0,39.0,0.0
rc103C15,1,4,depot,1,edd,9.900002623908222e-06,3000355.998938347,155.99893834734212,0.0,2.0,0.0,3.0
rc103C15,1,4,depot,1,sweep,2.9000002541579306e-06,2001277.415246279,118.73562363793346,95.8679622641132,2.0,0.0,2.0
rc103C15,1,4,depot,1,nearest,1.089999932446517e-05,2002342.1187915034,156.3380791952832,198.57807123080482,2.0,0.0,2.0
rc103C15,1,4,depot,1,grasp,0.0002294000005349517,1000305.8452003868,105.84520038687154,0.0,2.0,0.0,1.0
rc103C15,1,4,depot,1,mp_eavns,0.0052211000001989305,1000305.8452003868,105.84520038687154,0.0,2.0,0.0,1.0
rc103C15,1,4,phased,2,edd,2.7000023692380637e-06,371.84623700640947,171.84623700640947,0.0,2.0,2.0,0.0
rc103C15,1,4,phased,2,sweep,2.2999993234407157e-06,2001277.415246279,118.73562363793346,95.8679622641132,2.0,0.0,2.0
rc103C15,1,4,phased,2,nearest,7.200000254670158e-06,2357.9137217532775,172.13300944522922,198.57807123080482,2.0,2.0,0.0
rc103C15,1,4,phased,2,grasp,0.0002629999980854336,564.4694158380498,193.21867179075022,17.125074404729958,2.0,3.0,0.0
rc103C15,1,4,phased,2,mp_eavns,0.0066597000004549045,371.84623700640947,171.84623700640947,0.0,2.0,2.0,0.0
rc103C15,1,4,all,5,edd,2.2000021999701858e-06,371.84623700640947,171.84623700640947,0.0,2.0,2.0,0.0
rc103C15,1,4,all,5,sweep,2.0000006770715117e-06,2001277.415246279,118.73562363793346,95.8679622641132,2.0,0.0,2.0
rc103C15,1,4,all,5,nearest,6.900001608300954e-06,2357.9137217532775,172.13300944522922,198.57807123080482,2.0,2.0,0.0
rc103C15,1,4,all,5,grasp,0.0002826999989338219,371.84623700640947,171.84623700640947,0.0,2.0,2.0,0.0
rc103C15,1,4,all,5,mp_eavns,0.006785899997339584,371.84623700640947,171.84623700640947,0.0,2.0,2.0,0.0
rc103C15,2,8,depot,1,edd,3.5999983083456755e-06,5000931.721096688,383.70594539024535,24.801515129776334,3.0,0.0,5.0
rc103C15,2,8,depot,1,sweep,3.1000017770566046e-06,4001525.5663042176,266.8866815763412,95.8679622641132,3.0,0.0,4.0
rc103C15,2,8,depot,1,nearest,1.5400000847876072e-05,3002681.7713668975,274.35862482397215,210.74127420734825,3.0,0.0,3.0
rc103C15,2,8,depot,1,grasp,0.0012712000025203452,2002652.1913146426,376.6373432321187,197.5553971410335,3.0,3.0,2.0
rc103C15,2,8,depot,1,mp_eavns,0.029584100000647595,2000547.2066957694,247.2066957694853,0.0,3.0,0.0,2.0
rc103C15,2,8,phased,3,edd,6.300000677583739e-06,4001258.438680003,389.9117927487305,56.85268872540368,3.0,1.0,4.0
rc103C15,2,8,phased,3,sweep,5.099998816149309e-06,4001525.5663042176,266.8866815763412,95.8679622641132,3.0,0.0,4.0
rc103C15,2,8,phased,3,nearest,2.4000000848900527e-05,1002697.5662971474,290.15355507391814,210.74127420734825,3.0,2.0,1.0
rc103C15,2,8,phased,3,grasp,0.0018739000006462447,2600.154565188133,337.93787325826827,196.22166919298647,3.0,4.0,0.0
rc103C15,2,8,phased,3,mp_eavns,0.038633000000118045,531.5748134667729,231.5748134667728,0.0,3.0,3.0,0.0
rc103C15,2,8,all,5,edd,6.199999916134402e-06,4001258.438680003,389.9117927487305,56.85268872540368,3.0,1.0,4.0
rc103C15,2,8,all,5,sweep,6.400001439033076e-06,4001525.5663042176,266.8866815763412,95.8679622641132,3.0,0.0,4.0
rc103C15,2,8,all,5,nearest,1.97000008483883e-05,1002697.5662971474,290.15355507391814,210.74127420734825,3.0,2.0,1.0
rc103C15,2,8,all,5,grasp,0.001972000001842389,2229.4742608042934,400.996384799819,152.84778760044742,3.0,6.0,0.0
rc103C15,2,8,all,5,mp_eavns,0.04062109999722452,531.5748134667729,231.5748134667728,0.0,3.0,3.0,0.0
rc103C15,3,12,depot,1,edd,6.999998731771484e-06,8001003.8714201655,603.8714201651019,0.0,4.0,1.0,8.0
rc103C15,3,12,depot,1,sweep,4.800000169780105e-06,7001721.238320664,362.558698022086,95.8679622641132,4.0,0.0,7.0
rc103C15,3,12,depot,1,nearest,2.719999974942766e-05,7002987.614197641,480.2014555672483,210.74127420734825,4.0,0.0,7.0
rc103C15,3,12,depot,1,grasp,0.00308230000155163,5002288.445768276,523.5694329205297,136.48763353561034,4.0,2.0,5.0
rc103C15,3,12,depot,1,mp_eavns,0.08664449999923818,3000822.737395408,422.73739540830354,0.0,4.0,2.0,3.0
rc103C15,3,12,phased,4,edd,7.99999907030724e-06,7001330.58900348,610.077267523587,32.05117359562735,4.0,2.0,7.0
rc103C15,3,12,phased,4,sweep,7.700000423938036e-06,5001723.084736049,364.4051134084159,95.8679622641132,4.0,1.0,5.0
rc103C15,3,12,phased,4,nearest,2.8399997972883284e-05,3003063.655313102,494.0613426798014,216.95939704223437,4.0,3.0,3.0
rc103C15,3,12,phased,4,grasp,0.004307400002289796,2716.361495734872,497.18189104309835,181.91796046917733,4.0,7.0,0.0
rc103C15,3,12,phased,4,mp_eavns,0.08311239999966347,816.2508132666762,416.2508132666763,0.0,4.0,5.0,0.0
rc103C15,3,12,all,5,edd,7.000002369750291e-06,7001330.58900348,610.077267523587,32.05117359562735,4.0,2.0,7.0
rc103C15,3,12,all,5,sweep,6.599999323952943e-06,5001723.084736049,364.4051134084159,95.8679622641132,4.0,1.0,5.0
rc103C15,3,12,all,5,nearest,2.6199999410891905e-05,3003063.655313102,494.0613426798014,216.95939704223437,4.0,3.0,3.0
rc103C15,3,12,all,5,grasp,0.004404799998155795,1001331.7555097017,491.8307165177759,43.99247931839122,4.0,5.0,1.0
rc103C15,3,12,all,5,mp_eavns,0.07593040000210749,816.2508132666762,416.2508132666763,0.0,4.0,5.0,0.0
rc103C15,4,15,depot,1,edd,8.999999408842996e-06,12001231.253495552,731.2534955508258,0.0,5.0,0.0,12.0
rc103C15,4,15,depot,1,sweep,5.199999577598646e-06,9001903.48280986,444.8031872194405,95.8679622641132,5.0,0.0,9.0
rc103C15,4,15,depot,1,nearest,3.559999822755344e-05,9003192.512654632,585.0999125594618,210.74127420734825,5.0,0.0,9.0
rc103C15,4,15,depot,1,grasp,0.004269400000339374,7004040.83718324,832.9889573471736,270.7848225893075,5.0,6.0,7.0
rc103C15,4,15,depot,1,mp_eavns,0.13366789999781759,4001001.7209111038,501.720911103602,0.0,5.0,2.0,4.0
rc103C15,4,15,phased,5,edd,1.2799999240087345e-05,11001557.971078865,737.459342909311,32.05117359562735,5.0,1.0,11.0
rc103C15,4,15,phased,5,sweep,7.099999493220821e-06,5001918.65044291,459.97082026971407,95.8679622641132,5.0,2.0,5.0
rc103C15,4,15,phased,5,nearest,3.559999822755344e-05,6003297.523240705,604.2829098970552,219.32403308082516,5.0,3.0,6.0
rc103C15,4,15,phased,5,grasp,0.006463999998231884,2004102.1225460907,726.711401622976,287.5411144467857,5.0,8.0,2.0
rc103C15,4,15,phased,5,mp_eavns,0.17714630000045872,1001.3685562074857,501.36855620748565,0.0,5.0,6.0,0.0
rc103C15,4,15,all,5,edd,9.900002623908222e-06,11001557.971078865,737.459342909311,32.05117359562735,5.0,1.0,11.0
rc103C15,4,15,all,5,sweep,7.99999907030724e-06,5001918.65044291,459.97082026971407,95.8679622641132,5.0,2.0,5.0
rc103C15,4,15,all,5,nearest,3.730000025825575e-05,6003297.523240705,604.2829098970552,219.32403308082516,5.0,3.0,6.0
rc103C15,4,15,all,5,grasp,0.008757600000535604,1005772.7568482829,693.4825849299813,457.92742633528746,5.0,8.0,1.0
rc103C15,4,15,all,5,mp_eavns,0.18947539999862784,1001.3685562074857,501.36855620748565,0.0,5.0,6.0,0.0
rc104_21,1,25,depot,1,edd,1.1299998732283711e-05,15002120.329188583,1020.329188583225,0.0,11.0,0.0,15.0
rc104_21,1,25,depot,1,sweep,7.300001016119495e-06,17002090.47277088,990.4727708800376,0.0,11.0,0.0,17.0
rc104_21,1,25,depot,1,nearest,7.46000005165115e-05,11003899.466411147,876.8114032887432,202.2655007857699,10.0,0.0,11.0
rc104_21,1,25,depot,1,grasp,0.006986999997025123,10003004.489866832,945.2366628445938,105.9253203988452,10.0,1.0,10.0
rc104_21,1,25,depot,1,mp_eavns,0.16621240000313264,9001653.037581898,753.0375818988858,0.0,9.0,0.0,9.0
rc104_21,1,25,phased,6,edd,1.3299999409355223e-05,5003158.088716645,1055.1315068807392,100.2957209763604,11.0,8.0,5.0
rc104_21,1,25,phased,6,sweep,9.899998985929415e-06,8002148.446326494,1048.4463264945473,0.0,11.0,8.0,8.0
rc104_21,1,25,phased,6,nearest,7.449999975506216e-05,2003934.3104970723,911.6554892145459,202.2655007857699,10.0,8.0,2.0
rc104_21,1,25,phased,6,grasp,0.011725700001989026,2002290.0735172785,985.4457363372095,30.46277809412365,10.0,9.0,2.0
rc104_21,1,25,phased,6,mp_eavns,0.38154819999908796,1001882.760810972,882.7608109720003,0.0,10.0,9.0,1.0
rc104_21,1,25,all,21,edd,1.4000001101521775e-05,5003158.088716645,1055.1315068807392,100.2957209763604,11.0,8.0,5.0
rc104_21,1,25,all,21,sweep,1.0700001439545304e-05,8002140.830786015,1040.8307860146508,0.0,11.0,8.0,8.0
rc104_21,1,25,all,21,nearest,7.470000127796084e-05,2003934.3104970723,911.6554892145459,202.2655007857699,10.0,8.0,2.0
rc104_21,1,25,all,21,grasp,0.021115700001246296,1001985.4196366181,985.4196366181648,0.0,10.0,11.0,1.0
rc104_21,1,25,all,21,mp_eavns,0.4467255000017758,1001744.0648105589,844.0648105589376,0.0,9.0,9.0,1.0
rc104_21,2,50,depot,1,edd,1.9899998733308166e-05,38005233.16868195,2509.099403286056,52.40692786661742,22.0,1.0,38.0
rc104_21,2,50,depot,1,sweep,1.2299999070819467e-05,34004224.088249065,2024.0882490637894,0.0,22.0,0.0,34.0
rc104_21,2,50,depot,1,nearest,0.0002153999994334299,25005568.806352124,1755.2418613645243,201.35644907598643,18.0,0.0,25.0
rc104_21,2,50,depot,1,grasp,0.0361036000031163,21005845.50674074,1973.561446398977,197.19452943424693,19.0,3.0,21.0
rc104_21,2,50,depot,1,mp_eavns,0.8473957999995037,17003349.52159511,1549.5215951082787,0.0,18.0,0.0,17.0
rc104_21,2,50,phased,11,edd,2.170000152545981e-05,15005969.941351531,2608.8482055344202,116.1093145996868,22.0,22.0,15.0
rc104_21,2,50,phased,11,sweep,1.4299999747890979e-05,15004331.565341609,2131.565341609312,0.0,22.0,16.0,15.0
rc104_21,2,50,phased,11,nearest,0.0002130999964720104,6006639.397785391,1814.7403061116374,302.4657479279082,18.0,18.0,6.0
rc104_21,2,50,phased,11,grasp,0.098808700000518,2004286.6751706812,1919.9546947644105,46.672047591675465,19.0,22.0,2.0
rc104_21,2,50,phased,11,mp_eavns,1.6146601000000373,3534.5030207298437,1719.38588819975,1.5117132530093613,18.0,21.0,0.0
rc104_21,2,50,all,21,edd,2.13999992411118e-05,15005969.941351531,2608.8482055344202,116.1093145996868,22.0,22.0,15.0
rc104_21,2,50,all,21,sweep,1.5100002201506868e-05,15004331.565341609,2131.565341609312,0.0,22.0,16.0,15.0
rc104_21,2,50,all,21,nearest,0.00021950000154902227,6006639.397785391,1814.7403061116374,302.4657479279082,18.0,18.0,6.0
rc104_21,2,50,all,21,grasp,0.13899040000251262,2005532.33139867,2027.0054814272198,170.5325917242921,18.0,25.0,2.0
rc104_21,2,50,all,21,mp_eavns,2.725936400001956,3483.9105773688907,1683.9105773688907,0.0,18.0,22.0,0.0
rc104_21,3,75,depot,1,edd,2.9200000426499173e-05,61007394.83452544,4027.6209299430625,16.721359549995796,32.0,0.0,61.0
rc104_21,3,75,depot,1,sweep,1.6199999663513154e-05,44006102.1237726,2902.123772599384,0.0,32.0,0.0,44.0
rc104_21,3,75,depot,1,nearest,0.00041110000165645033,35007826.37790209,2703.20206081961,242.3175841270225,27.0,0.0,35.0
rc104_21,3,75,depot,1,grasp,0.0952514999989944,34005678.67454142,2978.6745414241686,0.0,27.0,2.0,34.0
rc104_21,3,75,depot,1,mp_eavns,3.341270600001735,25005018.04712671,2318.0471267104767,0.0,27.0,0.0,25.0
rc104_21,3,75,phased,16,edd,3.360000118846074e-05,42008761.44348822,4078.4738856167423,148.29696025980473,32.0,16.0,42.0
rc104_21,3,75,phased,16,sweep,2.4600001779617742e-05,18006223.542879432,3023.5428794323616,0.0,32.0,21.0,18.0
rc104_21,3,75,phased,16,nearest,0.00041680000140331686,11008931.3378996,2797.0690698098706,343.42688297894426,27.0,23.0,11.0
rc104_21,3,75,phased,16,grasp,0.29784060000019963,9006775.603393275,3093.7180277726393,98.18853655031523,27.0,29.0,9.0
rc104_21,3,75,phased,16,mp_eavns,8.680513900002552,5303.41286107881,2588.2957285487164,1.5117132530093613,27.0,32.0,0.0
rc104_21,3,75,all,21,edd,3.739999738172628e-05,42008761.44348822,4078.4738856167423,148.29696025980473,32.0,16.0,42.0
rc104_21,3,75,all,21,sweep,2.0299998141126707e-05,18006223.542879432,3023.5428794323616,0.0,32.0,21.0,18.0
rc104_21,3,75,all,21,nearest,0.00041399999827262945,11008931.3378996,2797.0690698098706,343.42688297894426,27.0,23.0,11.0
rc104_21,3,75,all,21,grasp,0.3881226000012248,8007977.262161232,3191.5306004406602,198.57315607905974,28.0,32.0,8.0
rc104_21,3,75,all,21,mp_eavns,8.213503900002252,5415.426756076382,2715.4267560763815,0.0,27.0,35.0,0.0
rc104_21,4,100,depot,1,edd,3.619999915827066e-05,74010267.05583675,5156.6959898645255,91.03598468857933,42.0,3.0,74.0
rc104_21,4,100,depot,1,sweep,2.1100000594742596e-05,57007869.638197415,3657.442752842762,1.2195444572928835,42.0,0.0,57.0
rc104_21,4,100,depot,1,nearest,0.0006977999983064365,43010651.00115829,3572.8642841828996,347.81368741082395,36.0,1.0,43.0
rc104_21,4,100,depot,1,grasp,0.21920400000090012,47009712.475435354,3776.4050515331965,223.60703838182175,37.0,2.0,47.0
rc104_21,4,100,depot,1,mp_eavns,5.900192200002493,32006532.8528984,2932.852898398752,0.0,36.0,0.0,32.0
rc104_21,4,100,phased,21,edd,4.430000262800604e-05,44012835.030665636,5207.537072280162,342.74935933539183,42.0,31.0,44.0
rc104_21,4,100,phased,21,sweep,2.510000194888562e-05,22008004.645925395,3792.4504808204283,1.2195444572928835,42.0,28.0,22.0
rc104_21,4,100,phased,21,nearest,0.0006953000010980759,11012350.364407776,3648.5212831397125,510.1843124636706,36.0,33.0,11.0
rc104_21,4,100,phased,21,grasp,0.7237296999992395,10010274.246767364,3996.3208324777706,267.79259348875667,36.0,39.0,10.0
rc104_21,4,100,phased,21,mp_eavns,26.07612020000306,6937.882609714486,3222.7654771843922,1.5117132530093613,37.0,38.0,0.0
rc104_21,4,100,all,21,edd,3.899999865097925e-05,44012835.030665636,5207.537072280162,342.74935933539183,42.0,31.0,44.0
rc104_21,4,100,all,21,sweep,2.819999644998461e-05,22008004.645925395,3792.4504808204283,1.2195444572928835,42.0,28.0,22.0
rc104_21,4,100,all,21,nearest,0.000696400002198061,11012350.364407776,3648.5212831397125,510.1843124636706,36.0,33.0,11.0
rc104_21,4,100,all,21,grasp,0.7320061000027636,11009864.907281319,4194.603455720512,197.03038255978055,37.0,41.0,11.0
rc104_21,4,100,all,21,mp_eavns,18.89228450000155,6897.754672010077,3297.7546720100772,0.0,36.0,40.0,0.0
rc105_21,1,25,depot,1,edd,1.3500000932253897e-05,18002376.42774446,1094.3008449234742,18.212689953629535,11.0,0.0,18.0
rc105_21,1,25,depot,1,sweep,7.499998901039362e-06,17004622.986847874,990.4727708800376,253.25140769936442,11.0,0.0,17.0
rc105_21,1,25,depot,1,nearest,7.2900002123788e-05,11007403.169770984,876.8114032887432,552.6358367694679,10.0,0.0,11.0
rc105_21,1,25,depot,1,grasp,0.00793800000246847,8003633.003826347,846.8167088344744,188.61871175130514,9.0,1.0,8.0
rc105_21,1,25,depot,1,mp_eavns,0.140188000001217,9001649.502357973,749.5023579735714,0.0,9.0,0.0,9.0
rc105_21,1,25,phased,6,edd,1.3199998647905886e-05,11002605.652583277,1121.295590966937,38.43569923104167,11.0,6.0,11.0
rc105_21,1,25,phased,6,sweep,9.100000170292333e-06,8005553.748609449,1048.4463264945473,340.5302282954641,11.0,8.0,8.0
rc105_21,1,25,phased,6,nearest,9.589999899617396e-05,2009462.6479053858,911.6554892145459,755.0992416171212,10.0,8.0,2.0
rc105_21,1,25,phased,6,grasp,0.014007500001753215,1006515.2731641665,1071.1476340989202,444.4125530067573,10.0,13.0,1.0
rc105_21,1,25,phased,6,mp_eavns,0.2947088000000804,2447.418773687182,893.0232004666162,65.43955732205657,9.0,11.0,0.0
rc105_21,1,25,all,21,edd,1.349999729427509e-05,11002600.981934253,1116.6249419421993,38.43569923104167,11.0,6.0,11.0
rc105_21,1,25,all,21,sweep,9.499999578110874e-06,8005546.1330689695,1040.8307860146508,340.5302282954641,11.0,8.0,8.0
rc105_21,1,25,all,21,nearest,7.499999992433004e-05,2009462.6479053858,911.6554892145459,755.0992416171212,10.0,8.0,2.0
rc105_21,1,25,all,21,grasp,0.027121300001454074,2004527.7577873468,879.7855565862122,274.7972230760522,9.0,9.0,2.0
rc105_21,1,25,all,21,mp_eavns,0.4040659999991476,1997.9604296591256,902.1433599167789,9.581706974234663,10.0,12.0,0.0
rc105_21,2,50,depot,1,edd,2.000000313273631e-05,40005946.8238493,2658.184579624861,108.8639269672098,22.0,4.0,40.0
rc105_21,2,50,depot,1,sweep,1.1999996786471456e-05,34007326.82948151,2024.0882490637894,310.2741232449097,22.0,0.0,34.0
rc105_21,2,50,depot,1,nearest,0.00021610000112559646,25012489.282120567,1755.2418613645243,893.4040259201774,18.0,0.0,25.0
rc105_21,2,50,depot,1,grasp,0.04652640000131214,22005664.108034227,1850.921111445628,191.31869227822074,19.0,1.0,22.0
rc105_21,2,50,depot,1,mp_eavns,0.9503867999992508,17003349.339504004,1509.188580770548,4.015092323198857,18.0,0.0,17.0
rc105_21,2,50,phased,11,edd,1.9800001609837636e-05,11012713.354583342,2679.7044376087524,783.3650145733508,22.0,26.0,11.0
rc105_21,2,50,phased,11,sweep,1.3900000340072438e-05,15009349.304325758,2131.565341609312,501.77389841478646,22.0,16.0,15.0
rc105_21,2,50,phased,11,nearest,0.00021019999985583127,6015487.312878214,1814.7403061116374,1187.2572572102138,18.0,18.0,6.0
rc105_21,2,50,phased,11,grasp,0.11486949999743956,2013017.2579540433,1962.6408769657446,925.4617077077576,18.0,25.0,2.0
rc105_21,2,50,phased,11,mp_eavns,2.8838844999991124,4231.807794505074,1777.4122212845082,65.43955732205657,18.0,23.0,0.0
rc105_21,2,50,all,21,edd,2.049999966402538e-05,11012713.354583342,2679.7044376087524,783.3650145733508,22.0,26.0,11.0
rc105_21,2,50,all,21,sweep,1.4199998986441642e-05,15009349.304325758,2131.565341609312,501.77389841478646,22.0,16.0,15.0
rc105_21,2,50,all,21,nearest,0.00020900000163237564,6015487.312878214,1814.7403061116374,1187.2572572102138,18.0,18.0,6.0
rc105_21,2,50,all,21,grasp,0.16393339999922318,3012410.184160165,2120.211297557507,838.9972862607594,19.0,25.0,3.0
rc105_21,2,50,all,21,mp_eavns,2.6345117000018945,3697.5782999634257,1781.8090310045118,11.576926895891376,18.0,23.0,0.0
rc105_21,3,75,depot,1,edd,2.930000118794851e-05,59008315.20648221,4167.055419156726,84.81510630550082,33.0,4.0,59.0
rc105_21,3,75,depot,1,sweep,1.5400000847876072e-05,44013658.02570648,2902.123772599384,755.5901933881753,32.0,0.0,44.0
rc105_21,3,75,depot,1,nearest,0.0004056000034324825,36019684.56902827,2698.07780881773,1428.6491219455452,27.0,0.0,36.0
rc105_21,3,75,depot,1,grasp,0.10084019999703742,35014337.14496718,3138.424842046044,849.8720125135619,27.0,3.0,35.0
rc105_21,3,75,depot,1,mp_eavns,2.849599000001035,24004970.11470081,2270.1147008097446,0.0,27.0,0.0,24.0
rc105_21,3,75,phased,16,edd,3.230000220355578e-05,34014926.211111076,4173.320303818879,745.2890807255039,33.0,23.0,34.0
rc105_21,3,75,phased,16,sweep,1.9099999917671084e-05,18016807.78710005,3023.5428794323616,1058.4244220619184,32.0,21.0,18.0
rc105_21,3,75,phased,16,nearest,0.0004096000011486467,10022572.414814688,2810.7522714448887,1706.1662543243592,27.0,24.0,10.0
rc105_21,3,75,phased,16,grasp,0.38185479999810923,7019001.703780604,3032.370661713437,1316.9333118889947,28.0,30.0,7.0
rc105_21,3,75,phased,16,mp_eavns,8.077760100000887,6012.114464861912,2657.7188916413465,65.43955732205657,27.0,32.0,0.0
rc105_21,3,75,all,21,edd,4.640000042854808e-05,34014862.126336694,4168.176143107788,739.3950193584683,33.0,23.0,34.0
rc105_21,3,75,all,21,sweep,3.2899999496294186e-05,18016807.78710005,3023.5428794323616,1058.4244220619184,32.0,21.0,18.0
rc105_21,3,75,all,21,nearest,0.0005323000004864298,10022572.414814688,2810.7522714448887,1706.1662543243592,27.0,24.0,10.0
rc105_21,3,75,all,21,grasp,0.4727982999975211,8018760.724154918,3225.8603921117588,1283.4863762806685,27.0,35.0,8.0
rc105_21,3,75,all,21,mp_eavns,7.5206642000011925,5386.318843020436,2674.3120075867578,1.2006835433678589,27.0,35.0,0.0
rc105_21,4,100,depot,1,edd,3.51999988197349e-05,78011842.47621693,5504.095422170741,183.838079475528,45.0,4.0,78.0
rc105_21,4,100,depot,1,sweep,2.3100001271814108e-05,57017768.54703602,3657.442752842762,991.1104283178757,42.0,0.0,57.0
rc105_21,4,100,depot,1,nearest,0.0007074000022839755,43021409.361077376,3572.8642841828996,1423.6496793192568,36.0,1.0,43.0
rc105_21,4,100,depot,1,grasp,0.2260189000007813,46018883.63523458,3844.4311883014416,1133.9204046280324,37.0,4.0,46.0
rc105_21,4,100,depot,1,mp_eavns,5.103232799996476,32006533.74642728,2933.746427277504,0.0,36.0,0.0,32.0
rc105_21,4,100,phased,21,edd,4.7999998059822246e-05,38021036.68412584,5524.583317672949,1101.210080816585,45.0,39.0,38.0
rc105_21,4,100,phased,21,sweep,2.7499998395796865e-05,22020931.89705074,3792.4504808204283,1293.9446569916188,42.0,28.0,22.0
rc105_21,4,100,phased,21,nearest,0.0007069000021147076,11026711.49792173,3648.521283139713,1946.2976638589626,36.0,33.0,11.0
rc105_21,4,100,phased,21,grasp,0.887243799999851,6022626.240001719,4198.498968192725,1482.7741033527002,36.0,48.0,6.0
rc105_21,4,100,phased,21,mp_eavns,21.010538599999563,6994.360749595363,3232.338110835421,6.202263875994191,37.0,38.0,0.0
rc105_21,4,100,all,21,edd,3.8399997720262036e-05,38021036.68412584,5524.583317672949,1101.210080816585,45.0,39.0,38.0
rc105_21,4,100,all,21,sweep,2.429999949526973e-05,22020931.89705074,3792.4504808204283,1293.9446569916188,42.0,28.0,22.0
rc105_21,4,100,all,21,nearest,0.0007259000012709294,11026711.49792173,3648.521283139713,1946.2976638589626,36.0,33.0,11.0
rc105_21,4,100,all,21,grasp,0.9455942999993567,10026259.295824941,4197.67888752407,1846.1616937416593,36.0,43.0,10.0
rc105_21,4,100,all,21,mp_eavns,17.673431200000778,6927.985533651947,3315.978698218268,1.2006835433678589,36.0,41.0,0.0
rc105C5,1,2,depot,1,edd,5.300000339047983e-06,1000167.5263163504,67.52631635038516,0.0,1.0,0.0,1.0
rc105C5,1,2,depot,1,sweep,2.5000008463393897e-06,1000167.5263163504,67.52631635038516,0.0,1.0,0.0,1.0
rc105C5,1,2,depot,1,nearest,8.899998647393659e-06,1000259.8801569671,67.52631635038517,9.23538406167134,1.0,0.0,1.0
rc105C5,1,2,depot,1,grasp,0.00013789999866276048,1000167.5263163504,67.52631635038516,0.0,1.0,0.0,1.0
rc105C5,1,2,depot,1,mp_eavns,0.0011076000009779818,1000167.5263163504,67.52631635038516,0.0,1.0,0.0,1.0
rc105C5,1,2,phased,2,edd,2.0000006770715117e-06,1000167.5263163504,67.52631635038516,0.0,1.0,0.0,1.0
rc105C5,1,2,phased,2,sweep,1.7999991541728377e-06,1000167.5263163504,67.52631635038516,0.0,1.0,0.0,1.0
rc105C5,1,2,phased,2,nearest,3.5999983083456755e-06,273.7925395681846,81.43869895147122,9.23538406167134,1.0,1.0,0.0
rc105C5,1,2,phased,2,grasp,0.00014370000280905515,273.7925395681846,81.43869895147122,9.23538406167134,1.0,1.0,0.0
rc105C5,1,2,phased,2,mp_eavns,0.0012870000027760398,273.7925395681846,81.43869895147122,9.23538406167134,1.0,1.0,0.0
rc105C5,1,2,all,4,edd,1.6000012692529708e-06,1000167.5263163504,67.52631635038516,0.0,1.0,0.0,1.0
rc105C5,1,2,all,4,sweep,1.7000020307023078e-06,1000167.5263163504,67.52631635038516,0.0,1.0,0.0,1.0
rc105C5,1,2,all,4,nearest,3.5000011848751456e-06,273.7925395681846,81.43869895147122,9.23538406167134,1.0,1.0,0.0
rc105C5,1,2,all,4,grasp,0.00014589999773306772,273.7925395681846,81.43869895147122,9.23538406167134,1.0,1.0,0.0
rc105C5,1,2,all,4,mp_eavns,0.0013694000008399598,273.7925395681846,81.43869895147122,9.23538406167134,1.0,1.0,0.0
rc105C5,2,3,depot,1,edd,2.5999979698099196e-06,3000347.687739598,147.68773959806052,0.0,2.0,0.0,3.0
rc105C5,2,3,depot,1,sweep,1.1400003131711856e-05,2000337.5263163503,137.52631635038517,0.0,2.0,0.0,2.0
rc105C5,2,3,depot,1,nearest,6.60000296193175e-06,2000429.880156967,137.52631635038517,9.23538406167134,2.0,0.0,2.0
rc105C5,2,3,depot,1,grasp,0.00020080000103916973,2000337.5263163503,137.52631635038517,0.0,2.0,0.0,2.0
rc105C5,2,3,depot,1,mp_eavns,0.002560199998697499,2000337.5263163503,137.52631635038517,0.0,2.0,0.0,2.0
rc105C5,2,3,phased,3,edd,2.4000000848900527e-06,370.191609346654,162.58343718215238,0.7608172164501639,2.0,2.0,0.0
rc105C5,2,3,phased,3,sweep,2.1000014385208488e-06,1000337.5925016665,137.59250166650105,0.0,2.0,1.0,1.0
rc105C5,2,3,phased,3,nearest,5.49999822396785e-06,443.8587248843005,151.5048842675871,9.23538406167134,2.0,2.0,0.0
rc105C5,2,3,phased,3,grasp,0.0002485999975760933,370.191609346654,162.58343718215238,0.7608172164501639,2.0,2.0,0.0
rc105C5,2,3,phased,3,mp_eavns,0.0036276999999245163,370.191609346654,162.58343718215238,0.7608172164501639,2.0,2.0,0.0
rc105C5,2,3,all,4,edd,2.0000006770715117e-06,370.191609346654,162.58343718215238,0.7608172164501639,2.0,2.0,0.0
rc105C5,2,3,all,4,sweep,2.2999993234407157e-06,1000337.5925016665,137.59250166650105,0.0,2.0,1.0,1.0
rc105C5,2,3,all,4,nearest,5.000001692678779e-06,443.8587248843005,151.5048842675871,9.23538406167134,2.0,2.0,0.0
rc105C5,2,3,all,4,grasp,0.00024569999732193537,370.191609346654,162.58343718215238,0.7608172164501639,2.0,2.0,0.0
rc105C5,2,3,all,4,mp_eavns,0.0037021999996795785,370.191609346654,162.58343718215238,0.7608172164501639,2.0,2.0,0.0
rc105C5,3,4,depot,1,edd,2.6000016077887267e-06,4000533.7109922683,233.71099226848676,0.0,3.0,0.0,4.0
rc105C5,3,4,depot,1,sweep,2.2000021999701858e-06,3000523.549569021,223.54956902081142,0.0,3.0,0.0,3.0
rc105C5,3,4,depot,1,nearest,6.999998731771484e-06,3000615.9034096375,223.54956902081142,9.23538406167134,3.0,0.0,3.0
rc105C5,3,4,depot,1,grasp,0.00025770000138436444,3000523.549569021,223.54956902081142,0.0,3.0,0.0,3.0
rc105C5,3,4,depot,1,mp_eavns,0.004577000003337162,3000523.549569021,223.54956902081142,0.0,3.0,0.0,3.0
rc105C5,3,4,phased,4,edd,2.6000016077887267e-06,557.9825812911715,250.37440912666992,0.7608172164501639,3.0,3.0,0.0
rc105C5,3,4,phased,4,sweep,2.7999994927085936e-06,1000525.383473611,225.3834736110186,0.0,3.0,2.0,1.0
rc105C5,3,4,phased,4,nearest,6.499998562503606e-06,631.649696828818,239.29585621210464,9.23538406167134,3.0,3.0,0.0
rc105C5,3,4,phased,4,grasp,0.0003628999984357506,557.9825812911715,250.37440912666995,0.7608172164501639,3.0,3.0,0.0
rc105C5,3,4,phased,4,mp_eavns,0.00768900000184658,557.9825812911715,250.37440912666995,0.7608172164501639,3.0,3.0,0.0
rc105C5,3,4,all,4,edd,2.7000023692380637e-06,557.9825812911715,250.37440912666992,0.7608172164501639,3.0,3.0,0.0
rc105C5,3,4,all,4,sweep,2.5000008463393897e-06,1000525.383473611,225.3834736110186,0.0,3.0,2.0,1.0
rc105C5,3,4,all,4,nearest,7.399998139590025e-06,631.649696828818,239.29585621210464,9.23538406167134,3.0,3.0,0.0
rc105C5,3,4,all,4,grasp,0.00036019999970449135,557.9825812911715,250.37440912666995,0.7608172164501639,3.0,3.0,0.0
rc105C5,3,4,all,4,mp_eavns,0.00763820000065607,557.9825812911715,250.37440912666995,0.7608172164501639,3.0,3.0,0.0
rc105C5,4,5,depot,1,edd,2.7999994927085936e-06,4000661.995263516,261.9952635159487,0.0,4.0,0.0,4.0
rc105C5,4,5,depot,1,sweep,2.7999994927085936e-06,3000651.833840268,251.83384026827332,0.0,4.0,0.0,3.0
rc105C5,4,5,depot,1,nearest,9.69999746303074e-06,3000669.245106313,269.2451063129835,0.0,4.0,0.0,3.0
rc105C5,4,5,depot,1,grasp,0.0003055000015592668,3000651.833840268,251.83384026827332,0.0,4.0,0.0,3.0
rc105C5,4,5,depot,1,mp_eavns,0.007854200001020217,3000651.833840268,251.83384026827332,0.0,4.0,0.0,3.0
rc105C5,4,5,phased,4,edd,3.4999975468963385e-06,686.2668525386334,278.65868037413185,0.7608172164501639,4.0,3.0,0.0
rc105C5,4,5,phased,4,sweep,3.5000011848751456e-06,1000653.6677448584,253.6677448584805,0.0,4.0,2.0,1.0
rc105C5,4,5,phased,4,nearest,9.199997293762863e-06,684.9913935042767,284.99139350427674,0.0,4.0,3.0,0.0
rc105C5,4,5,phased,4,grasp,0.00041029999920283444,684.9913935042767,284.99139350427674,0.0,4.0,3.0,0.0
rc105C5,4,5,phased,4,mp_eavns,0.011273599997366546,684.9913935042767,284.99139350427674,0.0,4.0,3.0,0.0
rc105C5,4,5,all,4,edd,2.6999987312592566e-06,686.2668525386334,278.65868037413185,0.7608172164501639,4.0,3.0,0.0
rc105C5,4,5,all,4,sweep,2.7999994927085936e-06,1000653.6677448584,253.6677448584805,0.0,4.0,2.0,1.0
rc105C5,4,5,all,4,nearest,8.400002116104588e-06,684.9913935042767,284.99139350427674,0.0,4.0,3.0,0.0
rc105C5,4,5,all,4,grasp,0.00041870000131893903,684.9913935042767,284.99139350427674,0.0,4.0,3.0,0.0
rc105C5,4,5,all,4,mp_eavns,0.011630900000454858,684.9913935042767,284.99139350427674,0.0,4.0,3.0,0.0
rc106_21,1,25,depot,1,edd,1.0700001439545304e-05,18002154.132601116,1054.1326011168628,0.0,11.0,0.0,18.0
rc106_21,1,25,depot,1,sweep,6.199999916134402e-06,17003192.276169755,990.4727708800376,110.18033988749895,11.0,0.0,17.0
rc106_21,1,25,depot,1,nearest,6.839999696239829e-05,11005184.928634638,876.8114032887432,330.8117231348699,10.0,0.0,11.0
rc106_21,1,25,depot,1,grasp,0.007834899999579648,10003290.341583196,933.9316841469143,135.6409899049837,10.0,1.0,10.0
rc106_21,1,25,depot,1,mp_eavns,0.171203300000343,8001933.13200213,772.1817710332987,26.095023109729,9.0,0.0,8.0
rc106_21,1,25,phased,6,edd,1.2299999070819467e-05,6002589.900445995,1077.8092794165836,41.20911665781854,11.0,9.0,6.0
rc106_21,1,25,phased,6,sweep,9.399998816661537e-06,8003803.0379313305,1048.4463264945473,165.45916048359865,11.0,8.0,8.0
rc106_21,1,25,phased,6,nearest,7.499999992433004e-05,2006644.4067690398,911.6554892145459,473.27512798252314,10.0,8.0,2.0
rc106_21,1,25,phased,6,grasp,0.015169199999945704,1006078.9206185743,1071.1099438933263,400.78106746809624,10.0,13.0,1.0
rc106_21,1,25,phased,6,mp_eavns,0.28012519999901997,1001768.7859148446,860.186968274751,0.8598946569841246,9.0,9.0,1.0
rc106_21,1,25,all,21,edd,1.2000000424450263e-05,6002556.13775472,1074.406802607458,38.17309521121474,11.0,9.0,6.0
rc106_21,1,25,all,21,sweep,8.799997885944322e-06,8003795.42239085,1040.8307860146508,165.45916048359865,11.0,8.0,8.0
rc106_21,1,25,all,21,nearest,7.190000178525224e-05,2006644.4067690398,911.6554892145459,473.27512798252314,10.0,8.0,2.0
rc106_21,1,25,all,21,grasp,0.020833500002481742,2005408.5911780878,1039.1723120502843,336.9418866037521,10.0,11.0,2.0
rc106_21,1,25,all,21,mp_eavns,0.42728559999886784,2181.0281685095656,917.4133289799801,36.361483952958565,9.0,13.0,0.0
rc106_21,2,50,depot,1,edd,2.2100000933278352e-05,39005758.40063952,2472.6687613480417,108.57318781702341,22.0,2.0,39.0
rc106_21,2,50,depot,1,sweep,1.1899999663000926e-05,34005896.1188034,2024.0882490637894,167.20305543304417,22.0,0.0,34.0
rc106_21,2,50,depot,1,nearest,0.00020899999799439684,25010488.160390962,1755.3511880172796,693.2809202945598,18.0,0.0,25.0
rc106_21,2,50,depot,1,grasp,0.04002250000121421,23005464.7332453,1838.5240170803224,172.6209228216253,19.0,1.0,23.0
rc106_21,2,50,depot,1,mp_eavns,0.9055249999983062,18003393.60496395,1593.6049639520338,0.0,18.0,0.0,18.0
rc106_21,2,50,phased,11,edd,2.3299999156733975e-05,8010884.516671069,2568.293031610718,611.6223639458256,22.0,28.0,8.0
rc106_21,2,50,phased,11,sweep,1.5199999324977398e-05,15007898.593647638,2131.565341609312,356.70283060292104,22.0,16.0,15.0
rc106_21,2,50,phased,11,nearest,0.00020589999985531904,7012254.383069397,1798.4322151687516,865.5950854228124,18.0,17.0,7.0
rc106_21,2,50,phased,11,grasp,0.14946490000147605,3010093.9993024617,2197.3909864534935,599.660831600842,19.0,27.0,3.0
rc106_21,2,50,phased,11,mp_eavns,1.7785853999994288,3520.372365174352,1720.3723651743521,0.0,18.0,22.0,0.0
rc106_21,2,50,all,21,edd,2.3600001441081986e-05,8010884.516671069,2568.293031610718,611.6223639458256,22.0,28.0,8.0
rc106_21,2,50,all,21,sweep,1.5000001440057531e-05,15007898.593647638,2131.565341609312,356.70283060292104,22.0,16.0,15.0
rc106_21,2,50,all,21,nearest,0.000207199998840224,7012254.383069397,1798.4322151687516,865.5950854228124,18.0,17.0,7.0
rc106_21,2,50,all,21,grasp,0.14638840000043274,3009442.267452931,2185.960548003277,535.6306904927682,19.0,24.0,3.0
rc106_21,2,50,all,21,mp_eavns,3.686029899999994,4001.993816685991,1786.3103827793602,41.5683433906631,18.0,24.0,0.0
rc106_21,3,75,depot,1,edd,3.0300001526484266e-05,63006972.4169307,3772.4169306955614,0.0,32.0,0.0,63.0
rc106_21,3,75,depot,1,sweep,1.620000330149196e-05,44010572.46089716,2902.123772599384,447.03371245634173,32.0,0.0,44.0
rc106_21,3,75,depot,1,nearest,0.00043290000030538067,36015281.056127355,2698.07780881773,988.2978318534063,27.0,0.0,36.0
rc106_21,3,75,depot,1,grasp,0.11499360000016168,37011674.882328786,3274.915655487804,549.9966673294786,29.0,3.0,37.0
rc106_21,3,75,depot,1,mp_eavns,4.023303199999646,25005137.744895156,2337.744895154619,0.0,28.0,0.0,25.0
rc106_21,3,75,phased,16,edd,3.719999949680641e-05,29012991.909395266,3905.037261557928,588.6872133709197,32.0,26.0,29.0
rc106_21,3,75,phased,16,sweep,1.939999856404029e-05,18013572.222290732,3023.5428794323616,734.867941130085,32.0,21.0,18.0
rc106_21,3,75,phased,16,nearest,0.0004152000001340639,10017708.901913768,2810.7522714448887,1219.8149642322205,27.0,24.0,10.0
rc106_21,3,75,phased,16,grasp,0.3384483000008913,8012938.781230205,3314.9617663973427,692.3819463807421,27.0,38.0,8.0
rc106_21,3,75,phased,16,mp_eavns,8.324937000001228,5381.375375382087,2668.5858856678583,1.2789489714229774,27.0,34.0,0.0
rc106_21,3,75,all,21,edd,3.520000245771371e-05,29012991.909395266,3905.037261557928,588.6872133709197,32.0,26.0,29.0
rc106_21,3,75,all,21,sweep,1.97000008483883e-05,18013572.222290732,3023.5428794323616,734.867941130085,32.0,21.0,18.0
rc106_21,3,75,all,21,nearest,0.0004208000027574599,10017708.901913768,2810.7522714448887,1219.8149642322205,27.0,24.0,10.0
rc106_21,3,75,all,21,grasp,0.4099032999984047,9013258.421471216,3076.1131661259706,738.2308305089134,28.0,29.0,9.0
rc106_21,3,75,all,21,mp_eavns,7.010015299998486,5728.151732536687,2664.536893007101,36.361483952958565,27.0,35.0,0.0
rc106_21,4,100,depot,1,edd,3.4100001357728615e-05,77010958.51801758,5501.962222762249,115.6555794805645,43.0,4.0,77.0
rc106_21,4,100,depot,1,sweep,1.9900002371286973e-05,57014082.9822267,3657.442752842762,622.5539473860421,42.0,0.0,57.0
rc106_21,4,100,depot,1,nearest,0.0006835999993199948,43018149.68279717,3572.8642841828996,1097.681851298943,36.0,1.0,43.0
rc106_21,4,100,depot,1,grasp,0.19827770000119926,43014424.93605296,3572.799352771177,725.2136700189701,36.0,3.0,43.0
rc106_21,4,100,depot,1,mp_eavns,9.038887099999556,32006755.127127934,3055.127127933123,0.0,37.0,1.0,32.0
rc106_21,4,100,phased,21,edd,3.989999822806567e-05,39017556.359300405,5631.883338142808,762.4475962259967,43.0,37.0,39.0
rc106_21,4,100,phased,21,sweep,2.4199998733820394e-05,22017317.042919535,3792.4504808204283,932.459243871651,42.0,28.0,22.0
rc106_21,4,100,phased,21,nearest,0.0006982999984757043,11022581.819641527,3648.521283139713,1533.3298358386496,36.0,33.0,11.0
rc106_21,4,100,phased,21,grasp,0.8972341000007873,10017667.955258284,4216.560345226859,985.1394913057354,36.0,43.0,10.0
rc106_21,4,100,phased,21,mp_eavns,16.972405900000012,6813.10330988346,3213.1033098834596,0.0,36.0,39.0,0.0
rc106_21,4,100,all,21,edd,3.719999949680641e-05,39017556.359300405,5631.883338142808,762.4475962259967,43.0,37.0,39.0
rc106_21,4,100,all,21,sweep,2.3600001441081986e-05,22017317.042919535,3792.4504808204283,932.459243871651,42.0,28.0,22.0
rc106_21,4,100,all,21,nearest,0.0007044999983918387,11022581.819641527,3648.521283139713,1533.3298358386496,36.0,33.0,11.0
rc106_21,4,100,all,21,grasp,0.9207984000022407,7022104.328387195,4182.416505608594,1422.1911881586882,37.0,47.0,7.0
rc106_21,4,100,all,21,mp_eavns,20.28314560000217,7007.203104200205,3307.2031042002054,0.0,37.0,40.0,0.0
rc107_21,1,25,depot,1,edd,1.2799995602108538e-05,18002111.951187517,1011.9511875180618,0.0,11.0,0.0,18.0
rc107_21,1,25,depot,1,sweep,7.199996616691351e-06,17002590.47277088,990.4727708800376,50.0,11.0,0.0,17.0
rc107_21,1,25,depot,1,nearest,7.020000339252874e-05,11003818.330124976,876.8114032887432,194.15187216866647,10.0,0.0,11.0
rc107_21,1,25,depot,1,grasp,0.006663699998171069,10002186.362343501,837.9975841188092,44.83647593826967,9.0,1.0,10.0
rc107_21,1,25,depot,1,mp_eavns,0.1417617999977665,8001650.079205016,750.0792050157298,0.0,9.0,0.0,8.0
rc107_21,1,25,phased,6,edd,1.32000059238635e-05,12002575.353364343,1048.6161812611044,42.673718308171416,11.0,4.0,12.0
rc107_21,1,25,phased,6,sweep,9.60000033956021e-06,8003071.234532456,1048.4463264945473,92.2788205960997,11.0,8.0,8.0
rc107_21,1,25,phased,6,nearest,7.230000483104959e-05,2004487.8082593777,911.6554892145459,257.61527701631974,10.0,8.0,2.0
rc107_21,1,25,phased,6,grasp,0.012840600000345148,2002850.459920838,1005.9115228570342,84.45483979809529,10.0,10.0,2.0
rc107_21,1,25,phased,6,mp_eavns,0.27888220000022557,1001737.095779449,837.0957794490384,0.0,9.0,9.0,1.0
rc107_21,1,25,all,21,edd,1.1500000255182385e-05,12002570.682715317,1043.9455322363667,42.673718308171416,11.0,4.0,12.0
rc107_21,1,25,all,21,sweep,8.600000001024455e-06,8003063.618991976,1040.8307860146508,92.2788205960997,11.0,8.0,8.0
rc107_21,1,25,all,21,nearest,7.000000186963007e-05,2004487.8082593777,911.6554892145459,257.61527701631974,10.0,8.0,2.0
rc107_21,1,25,all,21,grasp,0.021993800000927877,2002749.7125850723,950.4524443863587,89.92601406858847,9.0,11.0,2.0
rc107_21,1,25,all,21,mp_eavns,0.5474417000004905,1002592.2688639609,876.2939719026488,71.59748920581873,10.0,9.0,1.0
rc107_21,2,50,depot,1,edd,1.9500002963468432e-05,36004271.910537064,2171.910537065792,0.0,21.0,0.0,36.0
rc107_21,2,50,depot,1,sweep,1.2700002116616815e-05,34004734.31540452,2024.0882490637894,51.02271554554524,22.0,0.0,34.0
rc107_21,2,50,depot,1,nearest,0.0002103000006172806,25005933.243879344,1755.2418613645243,237.8002017980652,18.0,0.0,25.0
rc107_21,2,50,depot,1,grasp,0.042307800002163276,22004537.132566888,1913.4341331624555,72.3698433726841,19.0,2.0,22.0
rc107_21,2,50,depot,1,mp_eavns,0.8577240999948117,17003362.005040117,1562.0050401175033,0.0,18.0,0.0,17.0
rc107_21,2,50,phased,11,edd,2.300000051036477e-05,18004757.60826877,2230.8710856899315,42.673718308171416,21.0,13.0,18.0
rc107_21,2,50,phased,11,sweep,1.5199999324977398e-05,15005495.455265544,2131.565341609312,116.38899239344677,22.0,16.0,15.0
rc107_21,2,50,phased,11,nearest,0.00025400000595254824,6006410.181648473,1814.7403061116374,279.54413423617973,18.0,18.0,6.0
rc107_21,2,50,phased,11,grasp,0.11713509999390226,3005503.1452325024,1995.88605539695,160.72591771056216,19.0,22.0,3.0
rc107_21,2,50,phased,11,mp_eavns,2.208725800002867,3464.453673797339,1664.453673797339,0.0,18.0,22.0,0.0
rc107_21,2,50,all,21,edd,2.269999822601676e-05,18004757.60826877,2230.8710856899315,42.673718308171416,21.0,13.0,18.0
rc107_21,2,50,all,21,sweep,1.4899997040629387e-05,15005495.455265544,2131.565341609312,116.38899239344677,22.0,16.0,15.0
rc107_21,2,50,all,21,nearest,0.00020610000501619652,6006410.181648473,1814.7403061116374,279.54413423617973,18.0,18.0,6.0
rc107_21,2,50,all,21,grasp,0.13757469999836758,2007741.9009925027,2139.7403669917094,370.2160625510887,19.0,24.0,2.0
rc107_21,2,50,all,21,mp_eavns,2.3062658999988344,3504.2046762956506,1704.2046762956504,0.0,18.0,20.0,0.0
rc107_21,3,75,depot,1,edd,3.1299998227041215e-05,57007283.961329274,3877.6265653599003,20.633476391733282,32.0,3.0,57.0
rc107_21,3,75,depot,1,sweep,1.6400001186411828e-05,44008002.21339625,2902.123772599384,190.00896236513088,32.0,0.0,44.0
rc107_21,3,75,depot,1,nearest,0.00041110000165645033,36009637.15630577,2698.07780881773,423.90784969509696,27.0,0.0,36.0
rc107_21,3,75,depot,1,grasp,0.09117970000079367,35006252.89189906,2910.639714180949,64.22521848764848,27.0,1.0,35.0
rc107_21,3,75,depot,1,mp_eavns,2.473945300000196,24005207.747762993,2407.7477629917184,0.0,28.0,0.0,24.0
rc107_21,3,75,phased,16,edd,3.2999996619764715e-05,31010206.371002875,3959.3703948681054,304.7000608008743,32.0,23.0,31.0
rc107_21,3,75,phased,16,sweep,2.4300003133248538e-05,18009260.639806602,3023.5428794323616,303.7096927168987,32.0,21.0,18.0
rc107_21,3,75,phased,16,nearest,0.0004568999938783236,10010333.909103666,2810.7522714448887,482.3156832219894,27.0,24.0,10.0
rc107_21,3,75,phased,16,grasp,0.2806138999949326,9010404.957851915,3318.7299813655773,418.62278705483,29.0,33.0,9.0
rc107_21,3,75,phased,16,mp_eavns,9.742900900004315,5242.827948894359,2542.8279488943585,0.0,27.0,33.0,0.0
rc107_21,3,75,all,21,edd,3.190000279573724e-05,31010206.371002875,3959.3703948681054,304.7000608008743,32.0,23.0,31.0
rc107_21,3,75,all,21,sweep,1.9099999917671084e-05,18009260.639806602,3023.5428794323616,303.7096927168987,32.0,21.0,18.0
rc107_21,3,75,all,21,nearest,0.00041990000318037346,10010333.909103666,2810.7522714448887,482.3156832219894,27.0,24.0,10.0
rc107_21,3,75,all,21,grasp,0.5079859000034048,5010356.214919257,3386.9960868966964,426.9218832360333,27.0,41.0,5.0
rc107_21,3,75,all,21,mp_eavns,8.084862299998349,5319.491175683343,2619.491175683343,0.0,27.0,32.0,0.0
rc107_21,4,100,depot,1,edd,3.85999956051819e-05,78009588.35291937,5236.804074489618,35.15488448812897,40.0,4.0,78.0
rc107_21,4,100,depot,1,sweep,2.099999983329326e-05,57010082.02404767,3657.442752842762,222.45812948296572,42.0,0.0,57.0
rc107_21,4,100,depot,1,nearest,0.0006926999994902872,43011649.658881664,3572.8642841828996,447.67945974789376,36.0,1.0,43.0
rc107_21,4,100,depot,1,grasp,0.1818730999948457,46009330.23812131,3978.6440074084153,175.15941138992494,36.0,4.0,46.0
rc107_21,4,100,depot,1,mp_eavns,6.6256694000039715,32006776.62871909,3076.628719091953,0.0,37.0,0.0,32.0
rc107_21,4,100,phased,21,edd,4.7900000936351717e-05,37011924.96266867,5291.83014502041,263.31325236548753,40.0,38.0,37.0
rc107_21,4,100,phased,21,sweep,2.830000448739156e-05,22011354.039079167,3792.4504808204283,336.15885983473356,42.0,28.0,22.0
rc107_21,4,100,phased,21,nearest,0.0007985999982338399,11014228.537270559,3648.5212831397125,698.0015987420139,36.0,33.0,11.0
rc107_21,4,100,phased,21,grasp,0.9158213999980944,6010731.537125497,4087.173880296359,304.43632452012093,36.0,47.0,6.0
rc107_21,4,100,phased,21,mp_eavns,17.122497000003932,6832.879315874418,3232.8793158744184,0.0,36.0,41.0,0.0
rc107_21,4,100,all,21,edd,3.779999678954482e-05,37011924.96266867,5291.83014502041,263.31325236548753,40.0,38.0,37.0
rc107_21,4,100,all,21,sweep,2.479999966453761e-05,22011354.039079167,3792.4504808204283,336.15885983473356,42.0,28.0,22.0
rc107_21,4,100,all,21,nearest,0.000709400002961047,11014228.537270559,3648.5212831397125,698.0015987420139,36.0,33.0,11.0
rc107_21,4,100,all,21,grasp,0.7646739000047091,7012271.6010320345,4027.317357230673,464.42836748037166,36.0,45.0,7.0
rc107_21,4,100,all,21,mp_eavns,23.011780799999542,7011.655107166919,3311.655107166919,0.0,37.0,39.0,0.0
rc108_21,1,25,depot,1,edd,1.340000017080456e-05,20002160.767721243,1060.7677212450021,0.0,11.0,0.0,20.0
rc108_21,1,25,depot,1,sweep,9.700001101009548e-06,17002340.47277088,990.4727708800376,25.0,11.0,0.0,17.0
rc108_21,1,25,depot,1,nearest,8.420000085607171e-05,11002828.47621601,876.8114032887432,95.16648127217714,10.0,0.0,11.0
rc108_21,1,25,depot,1,grasp,0.005709199998818804,9001942.998611271,942.9986112706665,0.0,10.0,1.0,9.0
rc108_21,1,25,depot,1,mp_eavns,0.1114192999957595,8001649.924297974,749.9242979741421,0.0,9.0,0.0,8.0
rc108_21,1,25,phased,6,edd,1.2999997125007212e-05,9002423.774588866,1100.2078495376338,22.356673932838618,11.0,7.0,9.0
rc108_21,1,25,phased,6,sweep,1.0099996870849282e-05,8002624.438418685,1048.4463264945473,47.599209219130614,11.0,8.0,8.0
rc108_21,1,25,phased,6,nearest,7.480000203941017e-05,2003023.7626832835,911.6554892145459,111.21071940689085,10.0,8.0,2.0
rc108_21,1,25,phased,6,grasp,0.014034899999387562,1002569.7216790734,999.2792977262342,57.04423813471371,10.0,12.0,1.0
rc108_21,1,25,phased,6,mp_eavns,0.34413710000080755,1990.8713588677003,916.9822134011116,17.388914546658867,9.0,13.0,0.0
rc108_21,1,25,all,21,edd,1.2600001355167478e-05,9002419.10393984,1095.537200512896,22.356673932838618,11.0,7.0,9.0
rc108_21,1,25,all,21,sweep,1.0099996870849282e-05,8002616.822878206,1040.8307860146508,47.599209219130614,11.0,8.0,8.0
rc108_21,1,25,all,21,nearest,7.789999654050916e-05,2003023.7626832835,911.6554892145459,111.21071940689085,10.0,8.0,2.0
rc108_21,1,25,all,21,grasp,0.017819900000176858,1002031.244635137,1031.2446351370224,0.0,10.0,13.0,1.0
rc108_21,1,25,all,21,mp_eavns,0.3995963000052143,1001729.6322016892,829.6322016891637,0.0,9.0,9.0,1.0
rc108_21,2,50,depot,1,edd,1.840000186348334e-05,38004341.54945056,2241.54945056351,0.0,21.0,1.0,38.0
rc108_21,2,50,depot,1,sweep,1.1999996786471456e-05,34004474.088249065,2024.0882490637894,25.0,22.0,0.0,34.0
rc108_21,2,50,depot,1,nearest,0.00020820000645471737,25004460.795318406,1755.2418613645243,90.55534570397013,18.0,0.0,25.0
rc108_21,2,50,depot,1,grasp,0.034907000001112465,22003807.291279335,1907.2912793357316,0.0,19.0,1.0,22.0
rc108_21,2,50,depot,1,mp_eavns,0.8012455999996746,16003310.940357871,1510.9403578717634,0.0,18.0,0.0,16.0
rc108_21,2,50,phased,11,edd,2.0699997548945248e-05,10004930.016394155,2313.840888554368,51.617550560112846,21.0,22.0,10.0
rc108_21,2,50,phased,11,sweep,1.4199998986441642e-05,15004807.5574338,2131.565341609312,47.599209219130614,22.0,16.0,15.0
rc108_21,2,50,phased,11,nearest,0.000207500001124572,6004520.293763151,1814.7403061116374,90.55534570397013,18.0,18.0,6.0
rc108_21,2,50,phased,11,grasp,0.09791799999948125,3004568.0757678114,2027.9402771637858,64.01354906477911,19.0,24.0,3.0
rc108_21,2,50,phased,11,mp_eavns,2.2394694999966305,3526.9252290742525,1726.9252290742525,0.0,18.0,22.0,0.0
rc108_21,2,50,all,21,edd,2.710000262595713e-05,10004923.537121775,2307.3616161728105,51.617550560112846,21.0,22.0,10.0
rc108_21,2,50,all,21,sweep,1.6600002709310502e-05,15004807.5574338,2131.565341609312,47.599209219130614,22.0,16.0,15.0
rc108_21,2,50,all,21,nearest,0.00020629999926313758,6004520.293763151,1814.7403061116374,90.55534570397013,18.0,18.0,6.0
rc108_21,2,50,all,21,grasp,0.15265260000160197,3003993.1490507745,1884.2196749766279,20.89293757978737,19.0,19.0,3.0
rc108_21,2,50,all,21,mp_eavns,2.6797215000042343,3468.6006533723585,1668.6006533723585,0.0,18.0,21.0,0.0
rc108_21,3,75,depot,1,edd,3.190000279573724e-05,60007209.109289855,4009.109289852984,0.0,32.0,3.0,60.0
rc108_21,3,75,depot,1,sweep,1.630000042496249e-05,44006745.26085759,2902.123772599384,64.31370849898475,32.0,0.0,44.0
rc108_21,3,75,depot,1,nearest,0.00041789999522734433,36007236.44257386,2698.07780881773,183.83647650388582,27.0,0.0,36.0
rc108_21,3,75,depot,1,grasp,0.08279120000224793,34007617.79949551,2952.4013702650554,186.53981252466423,28.0,2.0,34.0
rc108_21,3,75,depot,1,mp_eavns,2.3987133000046015,23004986.894093115,2286.89409311491,0.0,27.0,0.0,23.0
rc108_21,3,75,phased,16,edd,4.230000195093453e-05,23011218.29726967,4109.749110102342,390.854815956715,32.0,35.0,23.0
rc108_21,3,75,phased,16,sweep,2.5999994250014424e-05,18007176.016591653,3023.5428794323616,95.24737122198165,32.0,21.0,18.0
rc108_21,3,75,phased,16,nearest,0.0004599999956553802,10007349.40184087,2810.7522714448887,183.8649569424024,27.0,24.0,10.0
rc108_21,3,75,phased,16,grasp,0.31942159999744035,10007271.035440333,3210.0892702558326,136.09461700776188,27.0,33.0,10.0
rc108_21,3,75,phased,16,mp_eavns,8.348803799999587,5386.082304254213,2686.0823042542133,0.0,27.0,34.0,0.0
rc108_21,3,75,all,21,edd,3.670000296551734e-05,23011211.817997288,4103.269837720784,390.854815956715,32.0,35.0,23.0
rc108_21,3,75,all,21,sweep,2.02999945031479e-05,18007176.016591653,3023.5428794323616,95.24737122198165,32.0,21.0,18.0
rc108_21,3,75,all,21,nearest,0.0004346999994595535,10007349.40184087,2810.7522714448887,183.8649569424024,27.0,24.0,10.0
rc108_21,3,75,all,21,grasp,0.3284568000017316,10006716.475622898,3173.2965702327115,84.31790526655621,27.0,31.0,10.0
rc108_21,3,75,all,21,mp_eavns,9.924370000000636,5282.255175615739,2582.2551756157395,0.0,27.0,32.0,0.0
rc108_21,4,100,depot,1,edd,3.760000254260376e-05,76009566.7677378,5266.7677377994,0.0,43.0,4.0,76.0
rc108_21,4,100,depot,1,sweep,2.1899999410379678e-05,57008521.82595581,3657.442752842762,66.43832029648286,42.0,0.0,57.0
rc108_21,4,100,depot,1,nearest,0.0007401999973808415,43008773.30343099,3572.8642841828996,160.0439146805815,36.0,1.0,43.0
rc108_21,4,100,depot,1,grasp,0.1789814000003389,45008899.80037609,3777.68414451696,152.2116231572782,36.0,3.0,45.0
rc108_21,4,100,depot,1,mp_eavns,5.527026800002204,30006526.392873175,2926.392873175719,0.0,36.0,0.0,30.0
rc108_21,4,100,phased,21,edd,4.690000059781596e-05,35012804.988118194,5385.23339443889,311.9754723758065,43.0,39.0,35.0
rc108_21,4,100,phased,21,sweep,2.559999848017469e-05,22008966.170311015,3792.4504808204283,97.37198301947976,42.0,28.0,22.0
rc108_21,4,100,phased,21,nearest,0.0007036000024527311,11010277.990152758,3648.521283139713,302.9468869617622,36.0,33.0,11.0
rc108_21,4,100,phased,21,grasp,0.7204259000063757,10009245.364442416,4174.838965014135,137.05254774014318,37.0,42.0,10.0
rc108_21,4,100,phased,21,mp_eavns,18.466989799999283,6868.004226573317,3268.0042265733177,0.0,36.0,40.0,0.0
rc108_21,4,100,all,21,edd,3.880000440403819e-05,35012804.988118194,5385.23339443889,311.9754723758065,43.0,39.0,35.0
rc108_21,4,100,all,21,sweep,2.4499997380189598e-05,22008966.170311015,3792.4504808204283,97.37198301947976,42.0,28.0,22.0
rc108_21,4,100,all,21,nearest,0.0006860000066808425,11010277.990152758,3648.521283139713,302.9468869617622,36.0,33.0,11.0
rc108_21,4,100,all,21,grasp,0.751043899996148,11009650.112323135,4178.717263439536,187.13950596958097,36.0,43.0,11.0
rc108_21,4,100,all,21,mp_eavns,22.918423100003565,6882.950894576078,3182.950894576078,0.0,37.0,38.0,0.0
rc108C10,1,3,depot,1,edd,5.599998985417187e-06,1000304.0402371589,104.04023715888167,0.0,2.0,0.0,1.0
rc108C10,1,3,depot,1,sweep,2.3000029614195228e-06,1000725.7168002672,103.11388401252016,42.26029162546931,2.0,0.0,1.0
rc108C10,1,3,depot,1,nearest,8.700000762473792e-06,1000304.0402371589,104.04023715888167,0.0,2.0,0.0,1.0
rc108C10,1,3,depot,1,grasp,0.00017459999799029902,1000291.2627974094,91.26279740945145,0.0,2.0,0.0,1.0
rc108C10,1,3,depot,1,mp_eavns,0.0030292999945231713,1000291.2627974094,91.26279740945145,0.0,2.0,0.0,1.0
rc108C10,1,3,phased,2,edd,2.6999987312592566e-06,1000304.0402371589,104.04023715888167,0.0,2.0,0.0,1.0
rc108C10,1,3,phased,2,sweep,2.0000006770715117e-06,1000725.7168002672,103.11388401252016,42.26029162546931,2.0,0.0,1.0
rc108C10,1,3,phased,2,nearest,6.000002031214535e-06,1000304.0402371589,104.04023715888167,0.0,2.0,0.0,1.0
rc108C10,1,3,phased,2,grasp,0.00017519999528303742,1000291.2627974094,91.26279740945145,0.0,2.0,0.0,1.0
rc108C10,1,3,phased,2,mp_eavns,0.0028844999978900887,1000291.2627974094,91.26279740945145,0.0,2.0,0.0,1.0
rc108C10,1,3,all,4,edd,2.0000006770715117e-06,1000304.0402371589,104.04023715888167,0.0,2.0,0.0,1.0
rc108C10,1,3,all,4,sweep,1.8999999156221747e-06,1000725.7168002672,103.11388401252016,42.26029162546931,2.0,0.0,1.0
rc108C10,1,3,all,4,nearest,5.500005499925464e-06,1000304.0402371589,104.04023715888167,0.0,2.0,0.0,1.0
rc108C10,1,3,all,4,grasp,0.00018509999790694565,1000291.2627974094,91.26279740945145,0.0,2.0,0.0,1.0
rc108C10,1,3,all,4,mp_eavns,0.0032886000044527464,1000291.2627974094,91.26279740945145,0.0,2.0,0.0,1.0
rc108C10,2,5,depot,1,edd,3.2000025385059416e-06,3000371.0169516127,171.01695161288774,0.0,2.0,0.0,3.0
rc108C10,2,5,depot,1,sweep,2.6999987312592566e-06,3000770.1445405325,147.54162427789555,42.26029162546931,2.0,0.0,3.0
rc108C10,2,5,depot,1,nearest,9.199997293762863e-06,2000357.8039670244,157.80396702443235,0.0,2.0,0.0,2.0
rc108C10,2,5,depot,1,grasp,0.0005779999992228113,2000346.868389018,146.8683890181934,0.0,2.0,0.0,2.0
rc108C10,2,5,depot,1,mp_eavns,0.0068428000013227575,2000345.026527275,145.02652727500217,0.0,2.0,0.0,2.0
rc108C10,2,5,phased,3,edd,2.5999979698099196e-06,3000371.0169516127,171.01695161288774,0.0,2.0,0.0,3.0
rc108C10,2,5,phased,3,sweep,2.6999987312592566e-06,3000770.1445405325,147.54162427789555,42.26029162546931,2.0,0.0,3.0
rc108C10,2,5,phased,3,nearest,8.000002708286047e-06,2000357.8039670244,157.80396702443235,0.0,2.0,0.0,2.0
rc108C10,2,5,phased,3,grasp,0.0006565000003320165,1000380.2709232961,180.27092329606168,0.0,2.0,1.0,1.0
rc108C10,2,5,phased,3,mp_eavns,0.00936809999984689,1000370.5892644777,170.58926447776668,0.0,2.0,1.0,1.0
rc108C10,2,5,all,4,edd,5.299996701069176e-06,3000371.0169516127,171.01695161288774,0.0,2.0,0.0,3.0
rc108C10,2,5,all,4,sweep,5.599998985417187e-06,3000770.1445405325,147.54162427789555,42.26029162546931,2.0,0.0,3.0
rc108C10,2,5,all,4,nearest,1.1999996786471456e-05,2000357.8039670244,157.80396702443235,0.0,2.0,0.0,2.0
rc108C10,2,5,all,4,grasp,0.0008761999997659586,1000404.4688417013,204.46884170124855,0.0,2.0,2.0,1.0
rc108C10,2,5,all,4,mp_eavns,0.010204300000623334,1000370.5892644777,170.58926447776668,0.0,2.0,1.0,1.0
rc108C10,3,8,depot,1,edd,4.29999636253342e-06,7000700.494774746,400.4947747460392,0.0,3.0,0.0,7.0
rc108C10,3,8,depot,1,sweep,3.3000032999552786e-06,6001058.149144459,335.54622820368115,42.26029162546931,3.0,0.0,6.0
rc108C10,3,8,depot,1,nearest,1.4999997802078724e-05,5000655.671861403,355.671861402745,0.0,3.0,0.0,5.0
rc108C10,3,8,depot,1,grasp,0.0019261000052210875,4001021.4213902843,383.1726001488819,33.82487901354202,3.0,1.0,4.0
rc108C10,3,8,depot,1,mp_eavns,0.030181800000718795,4000573.0020522755,273.0020522753926,0.0,3.0,0.0,4.0
rc108C10,3,8,phased,4,edd,6.300004315562546e-06,6000703.942684108,403.942684108237,0.0,3.0,1.0,6.0
rc108C10,3,8,phased,4,sweep,5.699999746866524e-06,5001060.62072062,338.01780436597795,42.26029162546931,3.0,1.0,5.0
rc108C10,3,8,phased,4,nearest,1.7099999240599573e-05,4000658.143437565,358.1434375650418,0.0,3.0,1.0,4.0
rc108C10,3,8,phased,4,grasp,0.002517400003853254,1001897.6207517796,372.80750014395034,122.48132516356509,3.0,5.0,1.0
rc108C10,3,8,phased,4,mp_eavns,0.05842500000289874,1000648.5047050541,348.5047050541081,0.0,3.0,5.0,1.0
rc108C10,3,8,all,4,edd,6.70000008540228e-06,6000703.942684108,403.942684108237,0.0,3.0,1.0,6.0
rc108C10,3,8,all,4,sweep,6.300004315562546e-06,5001060.62072062,338.01780436597795,42.26029162546931,3.0,1.0,5.0
rc108C10,3,8,all,4,nearest,1.7300000763498247e-05,4000658.143437565,358.1434375650418,0.0,3.0,1.0,4.0
rc108C10,3,8,all,4,grasp,0.0022146000046632253,1002902.109106468,419.62625171323606,218.24828547547696,3.0,6.0,1.0
rc108C10,3,8,all,4,mp_eavns,0.05465060000278754,1000648.5047050541,348.5047050541081,0.0,3.0,5.0,1.0
rc108C10,4,10,depot,1,edd,6.400005077011883e-06,9000931.579123015,531.5791230145752,0.0,4.0,0.0,9.0
rc108C10,4,10,depot,1,sweep,4.199995601084083e-06,8001275.71818038,453.1152641252587,42.26029162546931,4.0,0.0,8.0
rc108C10,4,10,depot,1,nearest,2.1699997887481004e-05,7000788.833081296,488.8330812959339,0.0,3.0,0.0,7.0
rc108C10,4,10,depot,1,grasp,0.0018469999995431863,5001133.9206983335,495.67190819843825,33.82487901354202,3.0,1.0,5.0
rc108C10,4,10,depot,1,mp_eavns,0.04957599999761442,5000769.0077348,369.007734800185,0.0,4.0,0.0,5.0
rc108C10,4,10,phased,4,edd,7.200003892648965e-06,7001166.512899241,542.6839432432341,22.382895599839344,4.0,2.0,7.0
rc108C10,4,10,phased,4,sweep,5.800000508315861e-06,6001284.678265681,462.0753494263133,42.26029162546931,4.0,2.0,6.0
rc108C10,4,10,phased,4,nearest,2.099999983329326e-05,7000788.833081296,488.8330812959339,0.0,3.0,0.0,7.0
rc108C10,4,10,phased,4,grasp,0.0027399000027799048,2003064.1411697515,481.658314996721,218.24828547547696,4.0,5.0,2.0
rc108C10,4,10,phased,4,mp_eavns,0.08218490000581369,2000844.510387579,444.5103875789005,0.0,4.0,5.0,2.0
rc108C10,4,10,all,4,edd,6.200003554113209e-06,7001166.512899241,542.6839432432341,22.382895599839344,4.0,2.0,7.0
rc108C10,4,10,all,4,sweep,7.700000423938036e-06,6001284.678265681,462.0753494263133,42.26029162546931,4.0,2.0,6.0
rc108C10,4,10,all,4,nearest,2.02999945031479e-05,7000788.833081296,488.8330812959339,0.0,3.0,0.0,7.0
rc108C10,4,10,all,4,grasp,0.002648800000315532,3003142.592702916,560.1098481610313,218.24828547547696,4.0,6.0,3.0
rc108C10,4,10,all,4,mp_eavns,0.08773780000046827,2000844.510387579,444.5103875789005,0.0,4.0,5.0,2.0
rc108C15,1,4,depot,1,edd,4.5000051613897085e-06,2000495.0376695357,195.0376695356182,0.0,3.0,0.0,2.0
rc108C15,1,4,depot,1,sweep,2.6000052457675338e-06,3000372.640007814,172.64000781377848,0.0,2.0,0.0,3.0
rc108C15,1,4,depot,1,nearest,1.0099996870849282e-05,3000410.21035887,210.21035886999155,0.0,2.0,0.0,3.0
rc108C15,1,4,depot,1,grasp,0.0002463000055286102,2000372.6400078137,172.64000781377848,0.0,2.0,0.0,2.0
rc108C15,1,4,depot,1,mp_eavns,0.003930300001229625,2000372.6400078137,172.64000781377845,0.0,2.0,0.0,2.0
rc108C15,1,4,phased,2,edd,2.9000002541579306e-06,2000495.0376695357,195.0376695356182,0.0,3.0,0.0,2.0
rc108C15,1,4,phased,2,sweep,2.2000021999701858e-06,3000372.640007814,172.64000781377848,0.0,2.0,0.0,3.0
rc108C15,1,4,phased,2,nearest,6.799993570894003e-06,3000410.21035887,210.21035886999155,0.0,2.0,0.0,3.0
rc108C15,1,4,phased,2,grasp,0.00023399999918183312,2000372.6400078137,172.64000781377845,0.0,2.0,0.0,2.0
rc108C15,1,4,phased,2,mp_eavns,0.0044246000034036115,2000372.6400078137,172.64000781377845,0.0,2.0,0.0,2.0
rc108C15,1,4,all,5,edd,2.7999994927085936e-06,2000495.0376695357,195.0376695356182,0.0,3.0,0.0,2.0
rc108C15,1,4,all,5,sweep,6.200003554113209e-06,3000372.640007814,172.64000781377848,0.0,2.0,0.0,3.0
rc108C15,1,4,all,5,nearest,7.700000423938036e-06,3000410.21035887,210.21035886999155,0.0,2.0,0.0,3.0
rc108C15,1,4,all,5,grasp,0.00026839999918593094,2000372.6400078137,172.64000781377848,0.0,2.0,0.0,2.0
rc108C15,1,4,all,5,mp_eavns,0.004819100002350751,2000372.6400078137,172.64000781377845,0.0,2.0,0.0,2.0
rc108C15,2,8,depot,1,edd,3.8000071072019637e-06,6000794.566512621,394.5665126208586,0.0,4.0,0.0,6.0
rc108C15,2,8,depot,1,sweep,3.3000032999552786e-06,6000767.282911375,367.2829113749158,0.0,4.0,0.0,6.0
rc108C15,2,8,depot,1,nearest,1.5199999324977398e-05,6000824.031980275,424.03198027558096,0.0,4.0,0.0,6.0
rc108C15,2,8,depot,1,grasp,0.0007441999987349845,5000787.296657626,387.29665762583977,0.0,4.0,1.0,5.0
rc108C15,2,8,depot,1,mp_eavns,0.020522500002698507,4000780.681023023,380.6810230231128,0.0,4.0,0.0,4.0
rc108C15,2,8,phased,3,edd,5.900001269765198e-06,4000801.1052795984,401.1052795985094,0.0,4.0,1.0,4.0
rc108C15,2,8,phased,3,sweep,5.000001692678779e-06,3000797.128858297,397.12885829697296,0.0,4.0,3.0,3.0
rc108C15,2,8,phased,3,nearest,1.5700003132224083e-05,5000824.281656382,424.2816563816077,0.0,4.0,1.0,5.0
rc108C15,2,8,phased,3,grasp,0.0009843000007094815,2000788.9391900196,388.939190019675,0.0,4.0,3.0,2.0
rc108C15,2,8,phased,3,mp_eavns,0.03595769999810727,2000788.0246863286,388.0246863284973,0.0,4.0,3.0,2.0
rc108C15,2,8,all,5,edd,5.49999822396785e-06,4000801.1052795984,401.1052795985094,0.0,4.0,1.0,4.0
rc108C15,2,8,all,5,sweep,5.100002454128116e-06,3000771.9868519534,371.9868519534719,0.0,4.0,3.0,3.0
rc108C15,2,8,all,5,nearest,1.5700003132224083e-05,5000824.281656382,424.2816563816077,0.0,4.0,1.0,5.0
rc108C15,2,8,all,5,grasp,0.0010250999985146336,2000772.6677844096,372.6677844094857,0.0,4.0,3.0,2.0
rc108C15,2,8,all,5,mp_eavns,0.03062579999823356,2000771.9868519534,371.9868519534719,0.0,4.0,3.0,2.0
rc108C15,3,12,depot,1,edd,6.800000846851617e-06,11001252.509386787,752.509386786316,0.0,5.0,0.0,11.0
rc108C15,3,12,depot,1,sweep,4.599998646881431e-06,9001136.717259761,536.717259760395,0.0,6.0,0.0,9.0
rc108C15,3,12,depot,1,nearest,2.6500005333218724e-05,9001214.354655378,614.3546553776144,0.0,6.0,0.0,9.0
rc108C15,3,12,depot,1,grasp,0.0011659999945550226,8001235.368328471,635.3683284711506,0.0,6.0,0.0,8.0
rc108C15,3,12,depot,1,mp_eavns,0.034648299995751586,6001091.946132955,591.9461329551253,0.0,5.0,1.0,6.0
rc108C15,3,12,phased,4,edd,5.400004738476127e-06,11001252.509386787,752.509386786316,0.0,5.0,0.0,11.0
rc108C15,3,12,phased,4,sweep,5.30000397702679e-06,5001185.271383301,585.2713833009567,0.0,6.0,4.0,5.0
rc108C15,3,12,phased,4,nearest,2.4900000425986946e-05,8001214.604331484,614.6043314836412,0.0,6.0,1.0,8.0
rc108C15,3,12,phased,4,grasp,0.0019768999991356395,4001215.5833965647,615.5833965648145,0.0,6.0,4.0,4.0
rc108C15,3,12,phased,4,mp_eavns,0.12225830000534188,3001170.2250039885,570.225003988674,0.0,6.0,4.0,3.0
rc108C15,3,12,all,5,edd,8.600000001024455e-06,11001252.509386787,752.509386786316,0.0,5.0,0.0,11.0
rc108C15,3,12,all,5,sweep,7.999995432328433e-06,5001150.021314371,550.0213143716138,0.0,6.0,3.0,5.0
rc108C15,3,12,all,5,nearest,0.00024869999469956383,8001214.604331484,614.6043314836412,0.0,6.0,1.0,8.0
rc108C15,3,12,all,5,grasp,0.002164099998481106,4001182.791632816,582.7916328161275,0.0,6.0,4.0,4.0
rc108C15,3,12,all,5,mp_eavns,0.07954709999467013,3001074.7156613176,574.7156613177813,0.0,5.0,5.0,3.0
rc108C15,4,15,depot,1,edd,8.800001523923129e-06,13001658.45276942,958.4527694184462,0.0,7.0,0.0,13.0
rc108C15,4,15,depot,1,sweep,5.599998985417187e-06,10001151.889634766,551.8896347648837,0.0,6.0,0.0,10.0
rc108C15,4,15,depot,1,nearest,4.030000127386302e-05,11001328.833515398,728.8335153986923,0.0,6.0,0.0,11.0
rc108C15,4,15,depot,1,grasp,0.0019130000000586733,9001242.530902795,642.5309027955861,0.0,6.0,0.0,9.0
rc108C15,4,15,depot,1,mp_eavns,0.07335710000188556,6001209.618280378,609.6182803779672,0.0,6.0,1.0,6.0
rc108C15,4,15,phased,5,edd,7.700000423938036e-06,9001795.226023652,981.9173810031975,11.330864264918915,7.0,3.0,9.0
rc108C15,4,15,phased,5,sweep,7.399998139590025e-06,7001156.578263227,556.578263226692,0.0,6.0,2.0,7.0
rc108C15,4,15,phased,5,nearest,3.290000313427299e-05,10001329.083191505,729.0831915047189,0.0,6.0,1.0,10.0
rc108C15,4,15,phased,5,grasp,0.0032040000005508773,5001339.9474867955,739.9474867951023,0.0,6.0,4.0,5.0
rc108C15,4,15,phased,5,mp_eavns,0.1594011999986833,2001336.7571664168,736.7571664167426,0.0,6.0,8.0,2.0
rc108C15,4,15,all,5,edd,7.999995432328433e-06,9001795.226023652,981.9173810031975,11.330864264918915,7.0,3.0,9.0
rc108C15,4,15,all,5,sweep,7.800001185387373e-06,7001156.578263227,556.578263226692,0.0,6.0,2.0,7.0
rc108C15,4,15,all,5,nearest,3.489999653538689e-05,10001329.083191505,729.0831915047189,0.0,6.0,1.0,10.0
rc108C15,4,15,all,5,grasp,0.0037860999946133234,4001339.940928485,739.9409284847569,0.0,6.0,6.0,4.0
rc108C15,4,15,all,5,mp_eavns,0.1418589000022621,1001324.8970206425,724.8970206425792,0.0,6.0,9.0,1.0
rc108C5,1,2,depot,1,edd,3.7000063457526267e-06,2000374.920287448,174.92028744789238,0.0,2.0,0.0,2.0
rc108C5,1,2,depot,1,sweep,2.0000006770715117e-06,2000374.920287448,174.92028744789235,0.0,2.0,0.0,2.0
rc108C5,1,2,depot,1,nearest,1.1599993740674108e-05,2000374.920287448,174.92028744789235,0.0,2.0,0.0,2.0
rc108C5,1,2,depot,1,grasp,0.00015469999925699085,2000374.920287448,174.92028744789235,0.0,2.0,0.0,2.0
rc108C5,1,2,depot,1,mp_eavns,0.0010836000001290813,2000374.920287448,174.92028744789235,0.0,2.0,0.0,2.0
rc108C5,1,2,phased,2,edd,1.7999991541728377e-06,387.94855356644587,187.94855356644584,0.0,2.0,2.0,0.0
rc108C5,1,2,phased,2,sweep,1.7999991541728377e-06,387.94855356644587,187.94855356644584,0.0,2.0,2.0,0.0
rc108C5,1,2,phased,2,nearest,3.7999998312443495e-06,387.94855356644587,187.94855356644584,0.0,2.0,2.0,0.0
rc108C5,1,2,phased,2,grasp,0.00020379999477881938,387.94855356644587,187.94855356644584,0.0,2.0,2.0,0.0
rc108C5,1,2,phased,2,mp_eavns,0.0014947000017855316,387.94855356644587,187.94855356644584,0.0,2.0,2.0,0.0
rc108C5,1,2,all,4,edd,1.5999976312741637e-06,387.94855356644587,187.94855356644584,0.0,2.0,2.0,0.0
rc108C5,1,2,all,4,sweep,1.400003384333104e-06,387.94855356644587,187.94855356644584,0.0,2.0,2.0,0.0
rc108C5,1,2,all,4,nearest,3.9000005926936865e-06,387.94855356644587,187.94855356644584,0.0,2.0,2.0,0.0
rc108C5,1,2,all,4,grasp,0.00022039999748812988,387.94855356644587,187.94855356644584,0.0,2.0,2.0,0.0
rc108C5,1,2,all,4,mp_eavns,0.0016245000006165355,387.94855356644587,187.94855356644584,0.0,2.0,2.0,0.0
rc108C5,2,3,depot,1,edd,2.6000052457675338e-06,3000410.0292275506,210.02922755073246,0.0,2.0,0.0,3.0
rc108C5,2,3,depot,1,sweep,2.2999956854619086e-06,3000410.0292275506,210.02922755073246,0.0,2.0,0.0,3.0
rc108C5,2,3,depot,1,nearest,5.699999746866524e-06,3000432.2888874514,232.28888745147333,0.0,2.0,0.0,3.0
rc108C5,2,3,depot,1,grasp,0.00018959999579237774,3000410.0292275506,210.02922755073246,0.0,2.0,0.0,3.0
rc108C5,2,3,depot,1,mp_eavns,0.002766400000837166,3000410.0292275506,210.02922755073246,0.0,2.0,0.0,3.0
rc108C5,2,3,phased,3,edd,2.0999941625632346e-06,444.53638940065116,244.5363894006512,0.0,2.0,3.0,0.0
rc108C5,2,3,phased,3,sweep,1.7999991541728377e-06,444.5363894006512,244.53638940065122,0.0,2.0,3.0,0.0
rc108C5,2,3,phased,3,nearest,4.900000931229442e-06,444.53638940065116,244.5363894006512,0.0,2.0,3.0,0.0
rc108C5,2,3,phased,3,grasp,0.00029009999707341194,423.0621548522326,223.0621548522326,0.0,2.0,3.0,0.0
rc108C5,2,3,phased,3,mp_eavns,0.004612500000803266,423.0621548522326,223.0621548522326,0.0,2.0,3.0,0.0
rc108C5,2,3,all,4,edd,2.0000006770715117e-06,444.53638940065116,244.5363894006512,0.0,2.0,3.0,0.0
rc108C5,2,3,all,4,sweep,2.3000029614195228e-06,444.5363894006512,244.53638940065122,0.0,2.0,3.0,0.0
rc108C5,2,3,all,4,nearest,4.900000931229442e-06,444.53638940065116,244.5363894006512,0.0,2.0,3.0,0.0
rc108C5,2,3,all,4,grasp,0.00030189999961294234,423.0621548522326,223.0621548522326,0.0,2.0,3.0,0.0
rc108C5,2,3,all,4,mp_eavns,0.005079700000351295,423.0621548522326,223.0621548522326,0.0,2.0,3.0,0.0
rc108C5,3,4,depot,1,edd,3.5999983083456755e-06,4000621.4377214825,321.43772148237787,0.0,3.0,0.0,4.0
rc108C5,3,4,depot,1,sweep,2.3000029614195228e-06,4000604.897557356,304.8975573557839,0.0,3.0,0.0,4.0
rc108C5,3,4,depot,1,nearest,9.199997293762863e-06,4000627.1572172567,327.1572172565247,0.0,3.0,0.0,4.0
rc108C5,3,4,depot,1,grasp,0.0002538999979151413,4000501.3200930683,301.32009306843077,0.0,2.0,0.0,4.0
rc108C5,3,4,depot,1,mp_eavns,0.0036359000005177222,4000501.3200930683,301.32009306843077,0.0,2.0,0.0,4.0
rc108C5,3,4,phased,4,edd,2.7999994927085936e-06,645.4587966913707,345.4587966913707,0.0,3.0,4.0,0.0
rc108C5,3,4,phased,4,sweep,2.4000037228688598e-06,643.4640171248598,343.4640171248597,0.0,3.0,4.0,0.0
rc108C5,3,4,phased,4,nearest,7.100003131199628e-06,643.4640171248597,343.46401712485965,0.0,3.0,4.0,0.0
rc108C5,3,4,phased,4,grasp,0.0003728000010596588,643.4640171248597,343.46401712485965,0.0,3.0,4.0,0.0
rc108C5,3,4,phased,4,mp_eavns,0.012059799999406096,621.989782576441,321.9897825764411,0.0,3.0,4.0,0.0
rc108C5,3,4,all,4,edd,4.2000028770416975e-06,645.4587966913707,345.4587966913707,0.0,3.0,4.0,0.0
rc108C5,3,4,all,4,sweep,3.999994078185409e-06,643.4640171248598,343.4640171248597,0.0,3.0,4.0,0.0
rc108C5,3,4,all,4,nearest,8.199996955227107e-06,643.4640171248597,343.46401712485965,0.0,3.0,4.0,0.0
rc108C5,3,4,all,4,grasp,0.0003695999985211529,643.4640171248597,343.46401712485965,0.0,3.0,4.0,0.0
rc108C5,3,4,all,4,mp_eavns,0.012600900001416449,621.989782576441,321.9897825764411,0.0,3.0,4.0,0.0
rc108C5,4,5,depot,1,edd,4.0000013541430235e-06,4000672.4279166185,372.42791661830574,0.0,3.0,1.0,4.0
rc108C5,4,5,depot,1,sweep,2.7999994927085936e-06,5000611.242761268,311.242761268684,0.0,3.0,0.0,5.0
rc108C5,4,5,depot,1,nearest,1.1100004485342652e-05,4000633.5024211695,333.50242116942485,0.0,3.0,0.0,4.0
rc108C5,4,5,depot,1,grasp,0.000312700001813937,4000611.2427612687,311.242761268684,0.0,3.0,0.0,4.0
rc108C5,4,5,depot,1,mp_eavns,0.008400900005653966,4000611.2427612687,311.2427612686839,0.0,3.0,0.0,4.0
rc108C5,4,5,phased,4,edd,2.6999987312592566e-06,696.4489918272985,396.4489918272985,0.0,3.0,5.0,0.0
rc108C5,4,5,phased,4,sweep,2.800006768666208e-06,811.5810051006019,354.63048225092155,15.695052284968042,3.0,4.0,0.0
rc108C5,4,5,phased,4,nearest,8.600000001024455e-06,1000645.7499231186,345.74992311860274,0.0,3.0,3.0,1.0
rc108C5,4,5,phased,4,grasp,0.000447300000814721,694.4542122607876,394.4542122607876,0.0,3.0,5.0,0.0
rc108C5,4,5,phased,4,mp_eavns,0.01590330000180984,672.979977712369,372.9799777123689,0.0,3.0,5.0,0.0
rc108C5,4,5,all,4,edd,2.9000002541579306e-06,696.4489918272985,396.4489918272985,0.0,3.0,5.0,0.0
rc108C5,4,5,all,4,sweep,3.0000010156072676e-06,811.5810051006019,354.63048225092155,15.695052284968042,3.0,4.0,0.0
rc108C5,4,5,all,4,nearest,8.700000762473792e-06,1000645.7499231186,345.74992311860274,0.0,3.0,3.0,1.0
rc108C5,4,5,all,4,grasp,0.00044750000233761966,694.4542122607876,394.4542122607876,0.0,3.0,5.0,0.0
rc108C5,4,5,all,4,mp_eavns,0.016579800001636613,672.979977712369,372.9799777123689,0.0,3.0,5.0,0.0
rc201_21,1,25,depot,1,edd,1.1600001016631722e-05,19002389.319450274,1189.319450272893,0.0,12.0,1.0,19.0
rc201_21,1,25,depot,1,sweep,7.199996616691351e-06,17016536.077529088,990.4727708800376,1444.5604758207073,11.0,0.0,17.0
rc201_21,1,25,depot,1,nearest,7.380000170087442e-05,11027154.032490434,876.8114032887432,2527.722108714502,10.0,0.0,11.0
rc201_21,1,25,depot,1,grasp,0.00738390000333311,10008688.215328103,918.7086330843701,676.950669501768,10.0,1.0,10.0
rc201_21,1,25,depot,1,mp_eavns,0.12131419999786885,8004573.082192015,786.7807338874555,288.63014581273467,9.0,0.0,8.0
rc201_21,1,25,phased,6,edd,1.2099997547920793e-05,8002405.8960588,1205.8960587998827,0.0,12.0,9.0,8.0
rc201_21,1,25,phased,6,sweep,8.799994247965515e-06,8027723.247063124,1048.4463264945473,2557.480073662869,11.0,8.0,8.0
rc201_21,1,25,phased,6,nearest,7.100000220816582e-05,2029929.3189577067,911.6554892145459,2801.7663468492156,10.0,8.0,2.0
rc201_21,1,25,phased,6,grasp,0.014890699996612966,1009387.0942637691,950.6798878183399,743.641437595079,10.0,11.0,1.0
rc201_21,1,25,phased,6,mp_eavns,0.2877317000020412,1881.0975978094689,981.0975978094689,0.0,9.0,13.0,0.0
rc201_21,1,25,all,21,edd,1.2700002116616815e-05,8002405.8960588,1205.8960587998827,0.0,12.0,9.0,8.0
rc201_21,1,25,all,21,sweep,9.700001101009548e-06,8027715.631522643,1040.8307860146508,2557.480073662869,11.0,8.0,8.0
rc201_21,1,25,all,21,nearest,7.719999848632142e-05,2029929.3189577067,911.6554892145459,2801.7663468492156,10.0,8.0,2.0
rc201_21,1,25,all,21,grasp,0.020314900000812486,1035742.0257598297,973.9664548354788,3376.805930499415,10.0,11.0,1.0
rc201_21,1,25,all,21,mp_eavns,0.7244705999983125,1001943.2359208256,943.2359208256615,0.0,10.0,10.0,1.0
rc201_21,2,50,depot,1,edd,1.9899998733308166e-05,39004825.17193292,2525.171932918059,0.0,23.0,1.0,39.0
rc201_21,2,50,depot,1,sweep,1.2799995602108538e-05,34033509.98215811,2024.0882490637894,2928.5893909046727,22.0,0.0,34.0
rc201_21,2,50,depot,1,nearest,0.00021009999909438193,25053224.25309832,1755.2418613645243,4966.901123695614,18.0,0.0,25.0
rc201_21,2,50,depot,1,grasp,0.05147460000443971,22038658.842341997,1831.0393305138612,3482.7803011481496,20.0,0.0,22.0
rc201_21,2,50,depot,1,mp_eavns,1.137605000003532,15006386.192402683,1595.4878794663684,299.07045232164523,18.0,1.0,15.0
rc201_21,2,50,phased,11,edd,2.1200001356191933e-05,16004904.43575448,2550.479365930189,5.395638855058053,23.0,17.0,16.0
rc201_21,2,50,phased,11,sweep,1.4400000509340316e-05,15056968.864774816,2131.565341609312,5263.729943320613,22.0,16.0,15.0
rc201_21,2,50,phased,11,nearest,0.00024590000248281285,6064939.405873766,1814.7403061116374,6132.46655676549,18.0,18.0,6.0
rc201_21,2,50,phased,11,grasp,0.15737210000224877,4024811.5598141626,1958.425557780297,2095.3134256382023,19.0,21.0,4.0
rc201_21,2,50,phased,11,mp_eavns,2.743751899994095,3642.311090848196,1842.3110908481958,0.0,18.0,23.0,0.0
rc201_21,2,50,all,21,edd,1.9599996448960155e-05,16004904.43575448,2550.479365930189,5.395638855058053,23.0,17.0,16.0
rc201_21,2,50,all,21,sweep,1.4800003555137664e-05,15056968.864774816,2131.565341609312,5263.729943320613,22.0,16.0,15.0
rc201_21,2,50,all,21,nearest,0.00021530000230995938,6064939.405873766,1814.7403061116374,6132.46655676549,18.0,18.0,6.0
rc201_21,2,50,all,21,grasp,0.18961599999602186,3046599.9670525123,2084.433952426134,4261.5533100086295,19.0,24.0,3.0
rc201_21,2,50,all,21,mp_eavns,2.9669247999991057,3701.3142554004694,1801.3142554004694,0.0,19.0,22.0,0.0
rc201_21,3,75,depot,1,edd,2.6400004571769387e-05,57007349.98036909,3949.980369093857,0.0,34.0,3.0,57.0
rc201_21,3,75,depot,1,sweep,1.5899997379165143e-05,44046547.52994097,2902.123772599384,4044.5406168370528,32.0,0.0,44.0
rc201_21,3,75,depot,1,nearest,0.00042920000123558566,36075023.11754189,2698.07780881773,6962.503973306883,27.0,0.0,36.0
rc201_21,3,75,depot,1,grasp,0.08966930000315187,34061243.407330714,3116.1104372790937,5532.729689343541,28.0,4.0,34.0
rc201_21,3,75,depot,1,mp_eavns,4.218500900002255,23008185.511467364,2394.806944148817,299.07045232164523,28.0,0.0,23.0
rc201_21,3,75,phased,16,edd,3.560000186553225e-05,27007636.30787628,4022.0018746199416,21.43060016602095,34.0,30.0,27.0
rc201_21,3,75,phased,16,sweep,1.990000600926578e-05,18073397.39188448,3023.5428794323616,6717.384900504609,32.0,21.0,18.0
rc201_21,3,75,phased,16,nearest,0.0004538000066531822,10083967.800541716,2810.7522714448887,7845.704827027022,27.0,24.0,10.0
rc201_21,3,75,phased,16,grasp,0.4237522999974317,5060619.041207388,3172.895703583886,5464.614550380405,28.0,35.0,5.0
rc201_21,3,75,phased,16,mp_eavns,7.501620799994271,5717.496414480501,2933.37952119309,8.41168932874109,27.0,37.0,0.0
rc201_21,3,75,all,21,edd,2.7599999157246202e-05,27007636.30787628,4022.0018746199416,21.43060016602095,34.0,30.0,27.0
rc201_21,3,75,all,21,sweep,2.0200001017656177e-05,18073397.39188448,3023.5428794323616,6717.384900504609,32.0,21.0,18.0
rc201_21,3,75,all,21,nearest,0.00042720000055851415,10083967.800541716,2810.7522714448887,7845.704827027022,27.0,24.0,10.0
rc201_21,3,75,all,21,grasp,0.4586949000004097,9065878.966814391,3121.5559180043724,5995.74108963861,28.0,30.0,9.0
rc201_21,3,75,all,21,mp_eavns,9.8889360999965,5476.339250847424,2776.339250847424,0.0,27.0,35.0,0.0
rc201_21,4,100,depot,1,edd,2.8700000257231295e-05,76009582.52141748,5282.5214174897255,0.0,43.0,8.0,76.0
rc201_21,4,100,depot,1,sweep,2.1200001356191933e-05,57062543.29253496,3657.442752842762,5468.584978211684,42.0,0.0,57.0
rc201_21,4,100,depot,1,nearest,0.0007000999976298772,43073661.791569054,3572.8642841828996,6648.892728487342,36.0,1.0,43.0
rc201_21,4,100,depot,1,grasp,0.24848370000108844,44102026.69363664,3765.513521262893,9456.118011537768,37.0,2.0,44.0
rc201_21,4,100,depot,1,mp_eavns,5.517605799999728,30009743.15015042,3052.4456272021366,299.07045232164523,37.0,1.0,30.0
rc201_21,4,100,phased,21,edd,3.2999996619764715e-05,33010387.636039842,5366.044839803023,72.15912000388562,43.0,46.0,33.0
rc201_21,4,100,phased,21,sweep,2.3300002794712782e-05,22089406.74309961,3792.4504808204283,8141.42926187924,42.0,28.0,22.0
rc201_21,4,100,phased,21,nearest,0.0006840999994892627,11088244.74897308,3648.5212831397125,8099.6227689941525,36.0,33.0,11.0
rc201_21,4,100,phased,21,grasp,0.8537155000012717,8077025.987338103,4051.2148791578406,6937.477245894511,36.0,44.0,8.0
rc201_21,4,100,phased,21,mp_eavns,15.609447800001362,7168.0942637269745,3468.094263726974,0.0,37.0,42.0,0.0
rc201_21,4,100,all,21,edd,3.309999738121405e-05,33010387.636039842,5366.044839803023,72.15912000388562,43.0,46.0,33.0
rc201_21,4,100,all,21,sweep,2.7800000680144876e-05,22089406.74309961,3792.4504808204283,8141.42926187924,42.0,28.0,22.0
rc201_21,4,100,all,21,nearest,0.000717100003384985,11088244.74897308,3648.5212831397125,8099.6227689941525,36.0,33.0,11.0
rc201_21,4,100,all,21,grasp,1.047625599996536,8073326.672163759,3981.834277903096,6574.483788585587,36.0,41.0,8.0
rc201_21,4,100,all,21,mp_eavns,20.885532400003285,7114.26380143668,3414.2638014366803,0.0,37.0,42.0,0.0
rc201C10,1,3,depot,1,edd,6.199996278155595e-06,2000399.0201970672,199.02019706710774,0.0,2.0,1.0,2.0
rc201C10,1,3,depot,1,sweep,3.0000010156072676e-06,2000374.7625802942,174.7625802942448,0.0,2.0,0.0,2.0
rc201C10,1,3,depot,1,nearest,9.999996109399945e-06,2000399.0201970672,199.02019706710774,0.0,2.0,1.0,2.0
rc201C10,1,3,depot,1,grasp,0.00021150000247871503,2000374.7625802942,174.7625802942448,0.0,2.0,0.0,2.0
rc201C10,1,3,depot,1,mp_eavns,0.00352990000101272,2000374.7625802942,174.7625802942448,0.0,2.0,0.0,2.0
rc201C10,1,3,phased,2,edd,2.2000021999701858e-06,1000399.0863823832,199.08638238322362,0.0,2.0,2.0,1.0
rc201C10,1,3,phased,2,sweep,2.1000014385208488e-06,2000374.7625802942,174.7625802942448,0.0,2.0,0.0,2.0
rc201C10,1,3,phased,2,nearest,5.299996701069176e-06,1000373.4244315944,173.42443159446373,0.0,2.0,1.0,1.0
rc201C10,1,3,phased,2,grasp,0.00022149999858811498,1000373.4244315944,173.42443159446373,0.0,2.0,1.0,1.0
rc201C10,1,3,phased,2,mp_eavns,0.003882799996063113,1000373.4244315944,173.42443159446373,0.0,2.0,1.0,1.0
rc201C10,1,3,all,4,edd,1.7999991541728377e-06,407.8879932853847,207.8879932853847,0.0,2.0,3.0,0.0
rc201C10,1,3,all,4,sweep,1.6999983927235007e-06,1000396.4159043416,196.41590434159616,0.0,2.0,1.0,1.0
rc201C10,1,3,all,4,nearest,4.800000169780105e-06,382.2260424966248,182.22604249662479,0.0,2.0,2.0,0.0
rc201C10,1,3,all,4,grasp,0.0002764999953797087,382.2260424966248,182.22604249662479,0.0,2.0,2.0,0.0
rc201C10,1,3,all,4,mp_eavns,0.005218500002229121,382.2260424966248,182.22604249662479,0.0,2.0,2.0,0.0
rc201C10,2,5,depot,1,edd,4.599998646881431e-06,4000448.128418623,248.12841862319019,0.0,2.0,1.0,4.0
rc201C10,2,5,depot,1,sweep,3.0999945010989904e-06,3000391.099826394,191.09982639391123,0.0,2.0,0.0,3.0
rc201C10,2,5,depot,1,nearest,1.170000177808106e-05,3005126.317461902,211.6749699362025,471.46424919657295,2.0,0.0,3.0
rc201C10,2,5,depot,1,grasp,0.0007157000000006519,3003571.6290512024,263.71482770384193,310.7914223498433,2.0,2.0,3.0
rc201C10,2,5,depot,1,mp_eavns,0.0113201000058325,2000523.8853597813,223.88535978129374,0.0,3.0,0.0,2.0
rc201C10,2,5,phased,3,edd,4.599998646881431e-06,1000455.9205341603,255.92053416037635,0.0,2.0,3.0,1.0
rc201C10,2,5,phased,3,sweep,3.5999983083456755e-06,2000412.7531504412,212.7531504412626,0.0,2.0,1.0,2.0
rc201C10,2,5,phased,3,nearest,1.0100004146806896e-05,2005126.383647218,211.74115525231838,471.46424919657295,2.0,1.0,2.0
rc201C10,2,5,phased,3,grasp,0.0008127999972202815,4909.778130271012,281.60435620658717,442.81737740644246,2.0,4.0,0.0
rc201C10,2,5,phased,3,mp_eavns,0.012841399999160785,470.54728152978237,270.54728152978237,0.0,2.0,3.0,0.0
rc201C10,2,5,all,4,edd,4.1000021155923605e-06,1000455.9205341603,255.92053416037635,0.0,2.0,3.0,1.0
rc201C10,2,5,all,4,sweep,4.900000931229442e-06,2000412.7531504412,212.7531504412626,0.0,2.0,1.0,2.0
rc201C10,2,5,all,4,nearest,1.0799994925037026e-05,2005126.383647218,211.74115525231838,471.46424919657295,2.0,1.0,2.0
rc201C10,2,5,all,4,grasp,0.0010260999988531694,4909.778130271012,281.60435620658717,442.81737740644246,2.0,4.0,0.0
rc201C10,2,5,all,4,mp_eavns,0.010380100000475068,470.54728152978237,270.54728152978237,0.0,2.0,3.0,0.0
rc201C10,3,8,depot,1,edd,4.499997885432094e-06,7000697.516622047,397.516622047182,0.0,3.0,1.0,7.0
rc201C10,3,8,depot,1,sweep,3.4999975468963385e-06,6000619.853063488,319.8530634879423,0.0,3.0,0.0,6.0
rc201C10,3,8,depot,1,nearest,1.5700003132224083e-05,5011304.807358606,340.42820703023364,1066.4379151575833,3.0,0.0,5.0
rc201C10,3,8,depot,1,grasp,0.0016296999965561554,4009953.574786371,341.1937819482605,931.2381004422714,3.0,1.0,4.0
rc201C10,3,8,depot,1,mp_eavns,0.031865899996773805,3001420.9935477297,350.77625906506285,67.02172886644269,4.0,1.0,3.0
rc201C10,3,8,phased,4,edd,4.699999408330768e-06,1000716.3696138861,416.36961388605965,0.0,3.0,5.0,1.0
rc201C10,3,8,phased,4,sweep,4.899993655271828e-06,4000833.5822510286,346.1334001799073,18.74488508489094,3.0,2.0,4.0
rc201C10,3,8,phased,4,nearest,1.4099998224992305e-05,3011496.949407416,345.12140499096313,1085.1828002424743,3.0,2.0,3.0
rc201C10,3,8,phased,4,grasp,0.0024478000050294213,3821.04277444424,379.7719476605218,314.12708267837183,3.0,5.0,0.0
rc201C10,3,8,phased,4,mp_eavns,0.033595400003832765,605.5408308191203,305.5408308191203,0.0,3.0,3.0,0.0
rc201C10,3,8,all,4,edd,4.800000169780105e-06,1000716.3696138861,416.36961388605965,0.0,3.0,5.0,1.0
rc201C10,3,8,all,4,sweep,5.000001692678779e-06,4000833.5822510286,346.1334001799073,18.74488508489094,3.0,2.0,4.0
rc201C10,3,8,all,4,nearest,1.6099998902063817e-05,3011496.949407416,345.12140499096313,1085.1828002424743,3.0,2.0,3.0
rc201C10,3,8,all,4,grasp,0.0020115999941481277,4530.424279631371,405.43389844928174,382.49903811820894,3.0,6.0,0.0
rc201C10,3,8,all,4,mp_eavns,0.0353389999945648,605.5408308191203,305.5408308191203,0.0,3.0,3.0,0.0
rc201C10,4,10,depot,1,edd,5.399997462518513e-06,7000833.99384907,433.99384907026746,0.0,4.0,1.0,7.0
rc201C10,4,10,depot,1,sweep,4.399997123982757e-06,6003101.453851456,358.2082982520083,234.3245553203368,4.0,0.0,6.0
rc201C10,4,10,depot,1,nearest,2.179999864893034e-05,6015712.369748517,372.07799412154424,1494.0291754395573,4.0,0.0,6.0
rc201C10,4,10,depot,1,grasp,0.002516300002753269,4012295.8212442966,412.57434108347655,1148.3246903212928,4.0,2.0,4.0
rc201C10,4,10,depot,1,mp_eavns,0.061809599996195175,3001559.3487824937,389.1314938291289,67.02172886644269,5.0,1.0,3.0
rc201C10,4,10,phased,4,edd,7.599999662488699e-06,3000845.1209106883,445.12091068807484,0.0,4.0,4.0,3.0
rc201C10,4,10,phased,4,sweep,6.200003554113209e-06,4003315.183038996,384.4886349439733,253.06944040522774,4.0,2.0,4.0
rc201C10,4,10,phased,4,nearest,2.1599997126031667e-05,2019456.922662969,387.62241499270516,1866.9300247976234,4.0,4.0,2.0
rc201C10,4,10,phased,4,grasp,0.003543599996191915,6270.9018144878755,411.7436584647671,545.9158156023108,4.0,5.0,0.0
rc201C10,4,10,phased,4,mp_eavns,0.049266499998338986,742.2406586446991,342.2406586446991,0.0,4.0,3.0,0.0
rc201C10,4,10,all,4,edd,6.900001608300954e-06,3000845.1209106883,445.12091068807484,0.0,4.0,4.0,3.0
rc201C10,4,10,all,4,sweep,7.499998901039362e-06,4003315.183038996,384.4886349439733,253.06944040522774,4.0,2.0,4.0
rc201C10,4,10,all,4,nearest,2.3100001271814108e-05,2019456.922662969,387.62241499270516,1866.9300247976234,4.0,4.0,2.0
rc201C10,4,10,all,4,grasp,0.0032518000007257797,10994.706863732956,427.76320557110387,1016.6943658161852,4.0,5.0,0.0
rc201C10,4,10,all,4,mp_eavns,0.04426879999664379,742.2406586446991,342.2406586446991,0.0,4.0,3.0,0.0
rc202_21,1,25,depot,1,edd,9.800001862458885e-06,17002164.01208307,1064.0120830685694,0.0,11.0,1.0,17.0
rc202_21,1,25,depot,1,sweep,7.000002369750291e-06,17010507.483908687,990.4727708800376,841.7011137807859,11.0,0.0,17.0
rc202_21,1,25,depot,1,nearest,7.030000415397808e-05,11016119.629425345,876.8114032887432,1424.2818022055915,10.0,0.0,11.0
rc202_21,1,25,depot,1,grasp,0.006347199996525887,10012386.675231827,935.1254293462058,1045.1549802480936,10.0,1.0,10.0
rc202_21,1,25,depot,1,mp_eavns,0.15120320000278298,8001811.35169453,811.3516945301809,0.0,10.0,0.0,8.0
rc202_21,1,25,phased,6,edd,1.09999964479357e-05,8002157.188466097,1057.1884660975863,0.0,11.0,7.0,8.0
rc202_21,1,25,phased,6,sweep,1.0199997632298619e-05,8021694.653442724,1048.4463264945473,1954.6207116229475,11.0,8.0,8.0
rc202_21,1,25,phased,6,nearest,7.229999755509198e-05,2018894.9158926175,911.6554892145459,1698.326040340305,10.0,8.0,2.0
rc202_21,1,25,phased,6,grasp,0.010186699997575488,2015328.7884815808,955.1948111054434,1337.3593670475293,10.0,9.0,2.0
rc202_21,1,25,phased,6,mp_eavns,0.35835429999860935,1001868.1841856831,868.1841856831522,0.0,10.0,9.0,1.0
rc202_21,1,25,all,21,edd,1.1100004485342652e-05,8002157.188466097,1057.1884660975863,0.0,11.0,7.0,8.0
rc202_21,1,25,all,21,sweep,9.800001862458885e-06,8021687.037902244,1040.8307860146508,1954.6207116229475,11.0,8.0,8.0
rc202_21,1,25,all,21,nearest,7.399999594781548e-05,2018894.9158926175,911.6554892145459,1698.326040340305,10.0,8.0,2.0
rc202_21,1,25,all,21,grasp,0.021726399994804524,1011445.4080138396,1004.5968131064826,944.0811200733184,10.0,12.0,1.0
rc202_21,1,25,all,21,mp_eavns,0.3905263999986346,1001758.9334644373,858.9334644372634,0.0,9.0,9.0,1.0
rc202_21,2,50,depot,1,edd,1.85999961104244e-05,35004731.44953419,2431.449534196091,0.0,23.0,2.0,35.0
rc202_21,2,50,depot,1,sweep,1.1900003300979733e-05,34023019.40814744,2024.0882490637894,1879.5319898375656,22.0,0.0,34.0
rc202_21,2,50,depot,1,nearest,0.00021410000044852495,25034477.65458866,1755.2418613645243,3092.2412727294104,18.0,0.0,25.0
rc202_21,2,50,depot,1,grasp,0.044967000001634005,23024635.07963765,1967.1864276680417,2076.7893209981457,19.0,1.0,23.0
rc202_21,2,50,depot,1,mp_eavns,1.052342700000736,16003492.407358196,1592.4073581950527,0.0,19.0,0.0,16.0
rc202_21,2,50,phased,11,edd,1.790000533219427e-05,11004808.324186264,2508.3241862642503,0.0,23.0,20.0,11.0
rc202_21,2,50,phased,11,sweep,1.460000203223899e-05,15039957.416201627,2131.565341609312,3562.5850860017026,22.0,16.0,15.0
rc202_21,2,50,phased,11,nearest,0.00020799999765586108,6041058.246021925,1814.7403061116374,3744.350571581332,18.0,18.0,6.0
rc202_21,2,50,phased,11,grasp,0.10848360000090906,2023158.2978427098,2099.0337505231005,1915.9264092186816,19.0,25.0,2.0
rc202_21,2,50,phased,11,mp_eavns,2.357414099999005,3616.218868464518,1816.2188684645182,0.0,18.0,25.0,0.0
rc202_21,2,50,all,21,edd,1.799999881768599e-05,11004808.324186264,2508.3241862642503,0.0,23.0,20.0,11.0
rc202_21,2,50,all,21,sweep,1.3700002455152571e-05,15039957.416201627,2131.565341609312,3562.5850860017026,22.0,16.0,15.0
rc202_21,2,50,all,21,nearest,0.00020529999892460182,6041058.246021925,1814.7403061116374,3744.350571581332,18.0,18.0,6.0
rc202_21,2,50,all,21,grasp,0.17015759999776492,3028944.8838279713,2063.5469797954693,2498.133684817602,19.0,24.0,3.0
rc202_21,2,50,all,21,mp_eavns,2.6186854999978095,3618.7170322334887,1818.717032233489,0.0,18.0,22.0,0.0
rc202_21,3,75,depot,1,edd,2.5499997718725353e-05,53007257.12495636,3957.124956365235,0.0,33.0,5.0,53.0
rc202_21,3,75,depot,1,sweep,1.630000042496249e-05,44026557.44367097,2902.123772599384,2045.5319898375656,32.0,0.0,44.0
rc202_21,3,75,depot,1,nearest,0.0004237000030116178,35047686.560164705,2703.20206081961,4228.335810388206,27.0,0.0,35.0
rc202_21,3,75,depot,1,grasp,0.08755029999883845,34032739.80027004,2927.31654829266,2711.248372174791,27.0,1.0,34.0
rc202_21,3,75,depot,1,mp_eavns,3.5600546000059694,23005158.98605174,2358.986051739258,0.0,28.0,0.0,23.0
rc202_21,3,75,phased,16,edd,2.970000059576705e-05,20007802.355798617,4070.093737940919,43.2262060677142,33.0,35.0,20.0
rc202_21,3,75,phased,16,sweep,1.8500002624932677e-05,18046712.73827449,3023.5428794323616,4048.919539505569,32.0,21.0,18.0
rc202_21,3,75,phased,16,nearest,0.0004186000005574897,11054301.520162212,2797.0690698098706,4880.445109240127,27.0,23.0,11.0
rc202_21,3,75,phased,16,grasp,0.3632570999980089,8018020.229476121,3365.5136830140227,1185.471579310707,28.0,37.0,8.0
rc202_21,3,75,phased,16,mp_eavns,12.565468599997985,5486.98579432153,2786.98579432153,0.0,27.0,38.0,0.0
rc202_21,3,75,all,21,edd,2.9100003303028643e-05,20007802.355798617,4070.093737940919,43.2262060677142,33.0,35.0,20.0
rc202_21,3,75,all,21,sweep,1.9500002963468432e-05,18046712.73827449,3023.5428794323616,4048.919539505569,32.0,21.0,18.0
rc202_21,3,75,all,21,nearest,0.0004165999998804182,11054301.520162212,2797.0690698098706,4880.445109240127,27.0,23.0,11.0
rc202_21,3,75,all,21,grasp,0.46707810000225436,9031388.553858232,3359.2173769823034,2522.93364812494,28.0,31.0,9.0
rc202_21,3,75,all,21,mp_eavns,8.13842730000033,5474.521447315797,2774.5214473157966,0.0,27.0,35.0,0.0
rc202_21,4,100,depot,1,edd,2.9599999834317714e-05,69011068.55836928,5250.647369419696,161.7910999860302,42.0,7.0,69.0
rc202_21,4,100,depot,1,sweep,1.9999999494757503e-05,57032733.63771843,3657.442752842762,2487.619496558971,42.0,0.0,57.0
rc202_21,4,100,depot,1,nearest,0.0007046000027912669,43044438.590017706,3572.8642841828996,3726.5725733523236,36.0,1.0,43.0
rc202_21,4,100,depot,1,grasp,0.22496469999896362,46041417.55679659,4106.759906550746,3371.079689003698,36.0,7.0,46.0
rc202_21,4,100,depot,1,mp_eavns,6.364684200001648,31006707.939240303,3007.9392403038596,0.0,37.0,0.0,31.0
rc202_21,4,100,phased,21,edd,3.760000254260376e-05,35011295.97187288,5344.528181478179,175.1443691402656,42.0,36.0,35.0
rc202_21,4,100,phased,21,sweep,2.4500004656147212e-05,22052902.52094309,3792.4504808204283,4491.007046226975,42.0,28.0,22.0
rc202_21,4,100,phased,21,nearest,0.0007213999997475185,11057226.042069674,3648.5212831397125,4997.752078653416,36.0,33.0,11.0
rc202_21,4,100,phased,21,grasp,0.8223935999994865,9049719.026580235,3953.1857266760417,4206.584085355854,37.0,41.0,9.0
rc202_21,4,100,phased,21,mp_eavns,16.787910300001386,6928.684967912695,3328.684967912696,0.0,36.0,41.0,0.0
rc202_21,4,100,all,21,edd,3.429999924264848e-05,35011295.97187288,5344.528181478179,175.1443691402656,42.0,36.0,35.0
rc202_21,4,100,all,21,sweep,2.469999890308827e-05,22052902.52094309,3792.4504808204283,4491.007046226975,42.0,28.0,22.0
rc202_21,4,100,all,21,nearest,0.0007536000048276037,11057226.042069674,3648.5212831397125,4997.752078653416,36.0,33.0,11.0
rc202_21,4,100,all,21,grasp,0.8655451000013272,9027866.51667953,4191.9355899221655,1997.4581089606058,37.0,43.0,9.0
rc202_21,4,100,all,21,mp_eavns,18.668496900005266,7059.347125539572,3459.3471255395716,0.0,36.0,42.0,0.0
rc202C15,1,4,depot,1,edd,5.500005499925464e-06,2000355.4536629778,155.45366297773512,0.0,2.0,0.0,2.0
rc202C15,1,4,depot,1,sweep,3.0000010156072676e-06,1000329.7151874317,129.7151874316648,0.0,2.0,0.0,1.0
rc202C15,1,4,depot,1,nearest,1.6099998902063817e-05,2000922.1863857056,154.95555647254776,56.72308292331604,2.0,0.0,2.0
rc202C15,1,4,depot,1,grasp,0.0002421000026515685,1000329.7151874317,129.7151874316648,0.0,2.0,0.0,1.0
rc202C15,1,4,depot,1,mp_eavns,0.005321399999957066,1000329.7151874317,129.7151874316648,0.0,2.0,0.0,1.0
rc202C15,1,4,phased,2,edd,3.4000040614046156e-06,1000359.5368521353,159.5368521353197,0.0,2.0,1.0,1.0
rc202C15,1,4,phased,2,sweep,2.7999994927085936e-06,1000329.7151874317,129.7151874316648,0.0,2.0,0.0,1.0
rc202C15,1,4,phased,2,nearest,7.800001185387373e-06,2000922.1863857056,154.95555647254776,56.72308292331604,2.0,0.0,2.0
rc202C15,1,4,phased,2,grasp,0.000258400003076531,1000359.5368521353,159.5368521353197,0.0,2.0,1.0,1.0
rc202C15,1,4,phased,2,mp_eavns,0.006100200000219047,1000329.7151874317,129.7151874316648,0.0,2.0,0.0,1.0
rc202C15,1,4,all,5,edd,2.4000037228688598e-06,1000359.5368521353,159.5368521353197,0.0,2.0,1.0,1.0
rc202C15,1,4,all,5,sweep,2.3000029614195228e-06,1000329.7151874317,129.7151874316648,0.0,2.0,0.0,1.0
rc202C15,1,4,all,5,nearest,6.400005077011883e-06,2000922.1863857056,154.95555647254776,56.72308292331604,2.0,0.0,2.0
rc202C15,1,4,all,5,grasp,0.0002879999956348911,1000359.5368521353,159.5368521353197,0.0,2.0,1.0,1.0
rc202C15,1,4,all,5,mp_eavns,0.006209900006069802,1000329.7151874317,129.7151874316648,0.0,2.0,0.0,1.0
rc202C15,2,8,depot,1,edd,3.6999990697950125e-06,5000634.61857843,334.61857843024376,0.0,3.0,0.0,5.0
rc202C15,2,8,depot,1,sweep,2.7999994927085936e-06,4002733.274110335,242.56343221639605,219.07106781186553,3.0,0.0,4.0
rc202C15,2,8,depot,1,nearest,1.4800003555137664e-05,3001012.6066769646,311.04004579904125,40.15666311654388,3.0,1.0,3.0
rc202C15,2,8,depot,1,grasp,0.0015211999998427927,2004810.0438548052,284.9296540034935,422.511420080172,3.0,1.0,2.0
rc202C15,2,8,depot,1,mp_eavns,0.020855000002484303,2000542.9157488954,242.9157488952691,0.0,3.0,0.0,2.0
rc202C15,2,8,phased,3,edd,4.599998646881431e-06,1000655.7574818846,355.757481884608,0.0,3.0,3.0,1.0
rc202C15,2,8,phased,3,sweep,3.7999998312443495e-06,1002735.4577216399,244.74704352117698,219.07106781186553,3.0,1.0,1.0
rc202C15,2,8,phased,3,nearest,1.3600001693703234e-05,1001020.9729917658,319.40636060043107,40.15666311654388,3.0,3.0,1.0
rc202C15,2,8,phased,3,grasp,0.0019017999948118813,640.7933497251996,340.7933497251996,0.0,3.0,5.0,0.0
rc202C15,2,8,phased,3,mp_eavns,0.0435282999969786,584.5860584062671,284.58605840626706,0.0,3.0,4.0,0.0
rc202C15,2,8,all,5,edd,6.400005077011883e-06,1000655.7574818846,355.757481884608,0.0,3.0,3.0,1.0
rc202C15,2,8,all,5,sweep,6.599999323952943e-06,1002735.4577216399,244.74704352117698,219.07106781186553,3.0,1.0,1.0
rc202C15,2,8,all,5,nearest,1.769999653333798e-05,1001020.9729917658,319.40636060043107,40.15666311654388,3.0,3.0,1.0
rc202C15,2,8,all,5,grasp,0.0020153000004938804,1188.0906524175555,347.2227248052516,54.086792761230384,3.0,5.0,0.0
rc202C15,2,8,all,5,mp_eavns,0.041868000000249594,584.5860584062671,284.5860584062671,0.0,3.0,4.0,0.0
rc202C15,3,12,depot,1,edd,6.100002792663872e-06,9001086.72125248,586.7212524804293,0.0,5.0,0.0,9.0
rc202C15,3,12,depot,1,sweep,4.199995601084083e-06,8003133.819078792,443.10840067302894,219.07106781186553,5.0,0.0,8.0
rc202C15,3,12,depot,1,nearest,2.460000541759655e-05,6006917.764248939,494.27735021202574,602.3486898726954,4.0,1.0,6.0
rc202C15,3,12,depot,1,grasp,0.0024403999996138737,5006151.087384859,507.59427210714614,514.3493112752228,5.0,1.0,5.0
rc202C15,3,12,depot,1,mp_eavns,0.06539850000262959,4000926.1639759983,426.1639759983613,0.0,5.0,0.0,4.0
rc202C15,3,12,phased,4,edd,8.000002708286047e-06,5001107.8601559345,607.8601559347935,0.0,5.0,3.0,5.0
rc202C15,3,12,phased,4,sweep,6.299997039604932e-06,4003137.7647177065,447.0540395879412,219.07106781186553,5.0,2.0,4.0
rc202C15,3,12,phased,4,nearest,2.5200002710334957e-05,5006920.3419376,496.85503887258363,602.3486898726954,4.0,2.0,5.0
rc202C15,3,12,phased,4,grasp,0.0036745000033988617,2005983.2258658828,644.4353449245926,483.87905209583425,5.0,7.0,2.0
rc202C15,3,12,phased,4,mp_eavns,0.11532900000020163,1000949.059169859,449.0591698590868,0.0,5.0,5.0,1.0
rc202C15,3,12,all,5,edd,7.899994670879096e-06,5001107.8601559345,607.8601559347935,0.0,5.0,3.0,5.0
rc202C15,3,12,all,5,sweep,6.800000846851617e-06,4003137.7647177065,447.0540395879412,219.07106781186553,5.0,2.0,4.0
rc202C15,3,12,all,5,nearest,2.6599998818710446e-05,5006920.3419376,496.85503887258363,602.3486898726954,4.0,2.0,5.0
rc202C15,3,12,all,5,grasp,0.00384699999995064,2006726.3279659578,424.9859991391613,590.1341966818558,4.0,3.0,2.0
rc202C15,3,12,all,5,mp_eavns,0.13258869999845047,1000949.059169859,449.0591698590868,0.0,5.0,5.0,1.0
rc202C15,4,15,depot,1,edd,7.700000423938036e-06,13001380.008972151,780.0089721509162,0.0,6.0,1.0,13.0
rc202C15,4,15,depot,1,sweep,5.299996701069176e-06,11003343.711390637,553.0007125177342,219.07106781186553,6.0,0.0,11.0
rc202C15,4,15,depot,1,nearest,3.340000694151968e-05,7011346.5827054065,578.2177452364133,1026.8364960170331,5.0,1.0,7.0
rc202C15,4,15,depot,1,grasp,0.004153000001679175,7010700.178959755,582.8933774156989,961.7285582339198,5.0,1.0,7.0
rc202C15,4,15,depot,1,mp_eavns,0.0866290999983903,6001117.847896115,617.8478961146111,0.0,5.0,3.0,6.0
rc202C15,4,15,phased,5,edd,8.199996955227107e-06,7001404.124070199,804.1240701988936,0.0,6.0,6.0,7.0
rc202C15,4,15,phased,5,sweep,6.900001608300954e-06,4003358.517380881,567.806702762384,219.07106781186553,6.0,4.0,4.0
rc202C15,4,15,phased,5,nearest,3.3299998904112726e-05,5011353.632530022,585.2675698519707,1026.8364960170331,5.0,3.0,5.0
rc202C15,4,15,phased,5,grasp,0.005501100000401493,3001756.9976769527,777.1644574517452,47.983321950080835,5.0,10.0,3.0
rc202C15,4,15,phased,5,mp_eavns,0.2664489000017056,1001138.1189206245,538.1189206244367,0.0,6.0,6.0,1.0
rc202C15,4,15,all,5,edd,9.400006092619151e-06,7001404.124070199,804.1240701988936,0.0,6.0,6.0,7.0
rc202C15,4,15,all,5,sweep,7.800001185387373e-06,4003358.517380881,567.806702762384,219.07106781186553,6.0,4.0,4.0
rc202C15,4,15,all,5,nearest,3.599999763537198e-05,5011353.632530022,585.2675698519707,1026.8364960170331,5.0,3.0,5.0
rc202C15,4,15,all,5,grasp,0.00705510000261711,3001288.307143871,788.3071438710706,0.0,5.0,10.0,3.0
rc202C15,4,15,all,5,mp_eavns,0.24487749999389052,1001138.1189206245,538.1189206244367,0.0,6.0,6.0,1.0
rc203_21,1,25,depot,1,edd,1.1600001016631722e-05,17002169.891134117,1069.8911341175772,0.0,11.0,1.0,17.0
rc203_21,1,25,depot,1,sweep,6.70000008540228e-06,17008045.680509813,990.4727708800376,595.520773893287,11.0,0.0,17.0
rc203_21,1,25,depot,1,nearest,7.159999950090423e-05,11010237.433980772,876.8114032887432,836.0622577482985,10.0,0.0,11.0
rc203_21,1,25,depot,1,grasp,0.006064000001060776,9017715.467445405,873.8946368252005,1584.1572808580274,10.0,0.0,9.0
rc203_21,1,25,depot,1,mp_eavns,0.189537799997197,9001793.03305926,793.0330592592884,0.0,10.0,0.0,9.0
rc203_21,1,25,phased,6,edd,1.1699994502123445e-05,4002206.196679849,1106.1966798492072,0.0,11.0,10.0,4.0
rc203_21,1,25,phased,6,sweep,9.399998816661537e-06,8008103.654065427,1048.4463264945473,595.520773893287,11.0,8.0,8.0
rc203_21,1,25,phased,6,nearest,7.360000017797574e-05,2013012.7204480446,911.6554892145459,1110.1064958830123,10.0,8.0,2.0
rc203_21,1,25,phased,6,grasp,0.011946999999054242,2003472.6038580395,1026.6949996802841,144.5908858359295,10.0,10.0,2.0
rc203_21,1,25,phased,6,mp_eavns,0.3784446999998181,5147.2939107612365,899.5906146185458,324.77032961426903,10.0,11.0,0.0
rc203_21,1,25,all,21,edd,1.0700001439545304e-05,4002206.196679849,1106.1966798492072,0.0,11.0,10.0,4.0
rc203_21,1,25,all,21,sweep,8.900002285372466e-06,8008096.038524947,1040.8307860146508,595.520773893287,11.0,8.0,8.0
rc203_21,1,25,all,21,nearest,7.390000246232376e-05,2013012.7204480446,911.6554892145459,1110.1064958830123,10.0,8.0,2.0
rc203_21,1,25,all,21,grasp,0.020297300005040597,1006681.772214923,906.5433473449103,487.5228867578188,9.0,10.0,1.0
rc203_21,1,25,all,21,mp_eavns,0.4129402000035043,1001777.7784638165,877.7784638164725,0.0,9.0,10.0,1.0
rc203_21,2,50,depot,1,edd,1.799999881768599e-05,34004369.2346521,2169.2346521002632,0.0,22.0,0.0,34.0
rc203_21,2,50,depot,1,sweep,1.170000177808106e-05,34016275.76744654,2024.0882490637894,1205.1679197475432,22.0,0.0,34.0
rc203_21,2,50,depot,1,nearest,0.00020880000374745578,25022713.87205824,1755.2418613645243,1915.8630196873546,18.0,0.0,25.0
rc203_21,2,50,depot,1,grasp,0.03277479999815114,22014890.84842174,1923.3190891680697,1116.75293325733,18.0,3.0,22.0
rc203_21,2,50,depot,1,mp_eavns,1.2335047000015038,17003450.085128423,1550.085128422267,0.0,19.0,0.0,17.0
rc203_21,2,50,phased,11,edd,2.1899999410379678e-05,8004592.041745334,2270.7755090892724,12.126623624427708,22.0,22.0,8.0
rc203_21,2,50,phased,11,sweep,1.4500001270789653e-05,15019615.90040436,2131.565341609312,1528.4335062750097,22.0,16.0,15.0
rc203_21,2,50,phased,11,nearest,0.00020670000230893493,6029294.463491504,1814.7403061116374,2567.9723185392763,18.0,18.0,6.0
rc203_21,2,50,phased,11,grasp,0.11275790000217967,2016626.8946058745,2143.113734654303,1258.378087122027,19.0,26.0,2.0
rc203_21,2,50,phased,11,mp_eavns,2.5999551999993855,3498.318746064265,1694.7648256026705,0.3553920461594089,18.0,20.0,0.0
rc203_21,2,50,all,21,edd,1.8999999156221747e-05,8004592.041745334,2270.7755090892724,12.126623624427708,22.0,22.0,8.0
rc203_21,2,50,all,21,sweep,1.4800003555137664e-05,15019615.90040436,2131.565341609312,1528.4335062750097,22.0,16.0,15.0
rc203_21,2,50,all,21,nearest,0.00021220000053290278,6029294.463491504,1814.7403061116374,2567.9723185392763,18.0,18.0,6.0
rc203_21,2,50,all,21,grasp,0.15028239999810467,3011213.947386786,2164.777329036976,714.9170057749033,19.0,25.0,3.0
rc203_21,2,50,all,21,mp_eavns,2.5373515999963274,3528.043398142635,1728.043398142635,0.0,18.0,23.0,0.0
rc203_21,3,75,depot,1,edd,2.6599998818710446e-05,52006983.15350886,3783.1535088572973,0.0,32.0,5.0,52.0
rc203_21,3,75,depot,1,sweep,2.0300001779105514e-05,44018153.802970074,2902.123772599384,1205.1679197475432,32.0,0.0,44.0
rc203_21,3,75,depot,1,nearest,0.00043960000039078295,35031656.185540535,2703.20206081961,2625.2983479717723,27.0,0.0,35.0
rc203_21,3,75,depot,1,grasp,0.07691099999647122,35009177.864717424,2971.44815154801,340.6416565875885,28.0,2.0,35.0
rc203_21,3,75,depot,1,mp_eavns,3.6522291000001132,25005164.478126395,2364.478126395302,0.0,28.0,0.0,25.0
rc203_21,3,75,phased,16,edd,4.2299994674976915e-05,27007148.010184452,3826.7439482073187,12.126623624427708,32.0,26.0,27.0
rc203_21,3,75,phased,16,sweep,2.0200001017656177e-05,18021507.877942182,3023.5428794323616,1528.4335062750097,32.0,21.0,18.0
rc203_21,3,75,phased,16,nearest,0.0004321000014897436,11038271.145538047,2797.0690698098706,3277.407646823694,27.0,23.0,11.0
rc203_21,3,75,phased,16,grasp,0.29627820000314387,7035003.430272431,3321.9231290801317,2888.1507143350773,28.0,34.0,7.0
rc203_21,3,75,phased,16,mp_eavns,7.8559290999983205,5284.224769416027,2584.224769416027,0.0,27.0,31.0,0.0
rc203_21,3,75,all,21,edd,2.9599999834317714e-05,27007140.501798432,3819.2355621898632,12.126623624427708,32.0,26.0,27.0
rc203_21,3,75,all,21,sweep,1.8200000340584666e-05,18021507.877942182,3023.5428794323616,1528.4335062750097,32.0,21.0,18.0
rc203_21,3,75,all,21,nearest,0.00041259999852627516,11038271.145538047,2797.0690698098706,3277.407646823694,27.0,23.0,11.0
rc203_21,3,75,all,21,grasp,0.34577010000066366,10015605.078790925,3232.019103170646,967.3059687755315,27.0,31.0,10.0
rc203_21,3,75,all,21,mp_eavns,10.82903229999647,5358.126537651627,2658.1265376516267,0.0,27.0,35.0,0.0
rc203_21,4,100,depot,1,edd,3.2000003557186574e-05,70010234.33517954,5192.898466703459,64.143671283451,44.0,5.0,70.0
rc203_21,4,100,depot,1,sweep,2.2300002456177026e-05,57024141.31739489,3657.442752842762,1628.387464204836,42.0,0.0,57.0
rc203_21,4,100,depot,1,nearest,0.000694800000928808,43024053.24479615,3572.8642841828996,1688.0380511962885,36.0,1.0,43.0
rc203_21,4,100,depot,1,grasp,0.2105807999978424,44017792.091511674,3607.4488067200336,1058.4642704956161,36.0,4.0,44.0
rc203_21,4,100,depot,1,mp_eavns,6.059476100002939,30006692.562721487,2992.5627214880715,0.0,37.0,1.0,30.0
rc203_21,4,100,phased,21,edd,4.429999535204843e-05,39011330.36884121,5336.04098792531,159.4327853285619,44.0,36.0,39.0
rc203_21,4,100,phased,21,sweep,2.800000220304355e-05,22027508.980988145,3792.4504808204283,1951.6530507323025,42.0,28.0,22.0
rc203_21,4,100,phased,21,nearest,0.0006933999975444749,11029237.340902649,3648.5212831397125,2198.8819619508886,36.0,33.0,11.0
rc203_21,4,100,phased,21,grasp,0.9208278000005521,7033759.361149334,3922.998817651006,2623.636233168358,36.0,38.0,7.0
rc203_21,4,100,phased,21,mp_eavns,20.02624239999568,6951.075026914381,3251.075026914381,0.0,37.0,39.0,0.0
rc203_21,4,100,all,21,edd,5.3499999921768904e-05,39011330.36884121,5336.04098792531,159.4327853285619,44.0,36.0,39.0
rc203_21,4,100,all,21,sweep,3.510000533424318e-05,22027508.980988145,3792.4504808204283,1951.6530507323025,42.0,28.0,22.0
rc203_21,4,100,all,21,nearest,0.0008908999952836893,11029237.340902649,3648.5212831397125,2198.8819619508886,36.0,33.0,11.0
rc203_21,4,100,all,21,grasp,0.9492284999942058,9038788.405170767,4340.426372496584,3074.7978798269905,37.0,46.0,9.0
rc203_21,4,100,all,21,mp_eavns,14.448432299999695,6850.715813091649,3250.715813091649,0.0,36.0,42.0,0.0
rc204_21,1,25,depot,1,edd,1.1500000255182385e-05,14002162.63336814,1062.6333681406654,0.0,11.0,0.0,14.0
rc204_21,1,25,depot,1,sweep,7.100003131199628e-06,17007204.812582202,990.4727708800376,511.4339811320566,11.0,0.0,17.0
rc204_21,1,25,depot,1,nearest,7.009999535512179e-05,11001876.81140329,876.8114032887432,0.0,10.0,0.0,11.0
rc204_21,1,25,depot,1,grasp,0.0057310000047436915,8001723.545926048,823.5459260483249,0.0,9.0,1.0,8.0
rc204_21,1,25,depot,1,mp_eavns,0.1690641000022879,8001788.344177847,788.3441778468276,0.0,10.0,0.0,8.0
rc204_21,1,25,phased,6,edd,1.2999997125007212e-05,7002208.816490863,1108.8164908636345,0.0,11.0,6.0,7.0
rc204_21,1,25,phased,6,sweep,9.10000380827114e-06,8007262.786137816,1048.4463264945473,511.4339811320566,11.0,8.0,8.0
rc204_21,1,25,phased,6,nearest,9.730000601848587e-05,2004592.0978705618,911.6554892145459,268.0442381347137,10.0,8.0,2.0
rc204_21,1,25,phased,6,grasp,0.010352299999794923,2001977.336052683,977.3360526829607,0.0,10.0,10.0,2.0
rc204_21,1,25,phased,6,mp_eavns,0.25958779999928083,1802.3603248958404,902.3603248958404,0.0,9.0,12.0,0.0
rc204_21,1,25,all,21,edd,1.309999788645655e-05,7002208.816490863,1108.8164908636345,0.0,11.0,6.0,7.0
rc204_21,1,25,all,21,sweep,9.499999578110874e-06,8007255.170597335,1040.8307860146508,511.4339811320566,11.0,8.0,8.0
rc204_21,1,25,all,21,nearest,7.259999983943999e-05,2004592.0978705618,911.6554892145459,268.0442381347137,10.0,8.0,2.0
rc204_21,1,25,all,21,grasp,0.018438099999912083,1006323.2779221598,1108.8477582684116,421.443016389131,10.0,14.0,1.0
rc204_21,1,25,all,21,mp_eavns,0.39202859999932116,1001784.7484860787,884.7484860786595,0.0,9.0,10.0,1.0
rc204_21,2,50,depot,1,edd,1.9599996448960155e-05,37004597.284996875,2397.2849968753158,0.0,22.0,1.0,37.0
rc204_21,2,50,depot,1,sweep,1.2399999832268804e-05,34009338.42806038,2024.0882490637894,511.4339811320566,22.0,0.0,34.0
rc204_21,2,50,depot,1,nearest,0.00022499999613501132,25003555.241861366,1755.2418613645243,0.0,18.0,0.0,25.0
rc204_21,2,50,depot,1,grasp,0.034532300000137184,23003735.924133945,1835.9241339462415,0.0,19.0,0.0,23.0
rc204_21,2,50,depot,1,mp_eavns,0.9640495999992709,17003343.307202835,1543.3072028353722,0.0,18.0,0.0,17.0
rc204_21,2,50,phased,11,edd,2.1400002879090607e-05,13004663.019121801,2463.0191218018904,0.0,22.0,22.0,13.0
rc204_21,2,50,phased,11,sweep,1.479999627918005e-05,15009445.90515293,2131.565341609312,511.4339811320566,22.0,16.0,15.0
rc204_21,2,50,phased,11,nearest,0.0002106000029016286,6004385.833294631,1814.7403061116374,77.10929885192172,18.0,18.0,6.0
rc204_21,2,50,phased,11,grasp,0.11744900000485359,2003862.8915042072,1911.76823061731,5.112327358991422,19.0,22.0,2.0
rc204_21,2,50,phased,11,mp_eavns,1.6783406000031391,3489.129599383692,1689.129599383692,0.0,18.0,22.0,0.0
rc204_21,2,50,all,21,edd,1.9500002963468432e-05,13004663.019121801,2463.0191218018904,0.0,22.0,22.0,13.0
rc204_21,2,50,all,21,sweep,1.4199998986441642e-05,15009445.90515293,2131.565341609312,511.4339811320566,22.0,16.0,15.0
rc204_21,2,50,all,21,nearest,0.00021130000095581636,6004385.833294631,1814.7403061116374,77.10929885192172,18.0,18.0,6.0
rc204_21,2,50,all,21,grasp,0.1076178000002983,4003935.8347249078,2035.8347249076546,0.0,19.0,21.0,4.0
rc204_21,2,50,all,21,mp_eavns,2.9634608999986085,3621.7523617465927,1821.7523617465927,0.0,18.0,24.0,0.0
rc204_21,3,75,depot,1,edd,2.819999644998461e-05,56006984.22311926,3784.2231192611493,0.0,32.0,0.0,56.0
rc204_21,3,75,depot,1,sweep,1.679999695625156e-05,44011216.46358392,2902.123772599384,511.4339811320566,32.0,0.0,44.0
rc204_21,3,75,depot,1,nearest,0.00042100000428035855,35006613.20206082,2703.20206081961,121.0,27.0,0.0,35.0
rc204_21,3,75,depot,1,grasp,0.0762613999977475,35011200.95836777,3070.9583677714704,533.0,28.0,3.0,35.0
rc204_21,3,75,depot,1,mp_eavns,2.398002300004009,23005019.08295513,2319.0829551290185,0.0,27.0,0.0,23.0
rc204_21,3,75,phased,16,edd,3.2300005841534585e-05,39007031.440218054,3831.4402180544553,0.0,32.0,15.0,39.0
rc204_21,3,75,phased,16,sweep,1.920000067912042e-05,18011337.882690754,3023.5428794323616,511.4339811320566,32.0,21.0,18.0
rc204_21,3,75,phased,16,nearest,0.00044079999497625977,11007478.16205833,2797.0690698098706,198.10929885192172,27.0,23.0,11.0
rc204_21,3,75,phased,16,grasp,0.2350905999992392,9007132.02245796,3120.872435701134,131.11500222587375,27.0,31.0,9.0
rc204_21,3,75,phased,16,mp_eavns,8.191703999997117,5267.324899812408,2567.324899812408,0.0,27.0,33.0,0.0
rc204_21,3,75,all,21,edd,3.0499999411404133e-05,39007031.440218054,3831.4402180544553,0.0,32.0,15.0,39.0
rc204_21,3,75,all,21,sweep,1.9099999917671084e-05,18011337.882690754,3023.5428794323616,511.4339811320566,32.0,21.0,18.0
rc204_21,3,75,all,21,nearest,0.0004104999970877543,11007478.16205833,2797.0690698098706,198.10929885192172,27.0,23.0,11.0
rc204_21,3,75,all,21,grasp,0.3188808999984758,9005968.799678875,3217.676405284865,5.112327358991422,27.0,32.0,9.0
rc204_21,3,75,all,21,mp_eavns,8.630995300001814,5368.883599739358,2668.883599739358,0.0,27.0,34.0,0.0
rc204_21,4,100,depot,1,edd,3.499999729683623e-05,75009057.11642823,4957.116428225753,0.0,41.0,1.0,75.0
rc204_21,4,100,depot,1,sweep,2.1599997126031667e-05,57014803.97800874,3657.442752842762,694.6535255893494,42.0,0.0,57.0
rc204_21,4,100,depot,1,nearest,0.0007094999964465387,43007172.86428418,3572.8642841828996,0.0,36.0,1.0,43.0
rc204_21,4,100,depot,1,grasp,0.16222230000130367,46007986.42114842,3952.3899060468943,43.40312423743285,36.0,7.0,46.0
rc204_21,4,100,depot,1,mp_eavns,4.8788646000029985,30006561.78402565,2961.7840256494787,0.0,36.0,0.0,30.0
rc204_21,4,100,phased,21,edd,4.1799998143687844e-05,48009138.58067086,5038.580670860426,0.0,41.0,25.0,48.0
rc204_21,4,100,phased,21,sweep,2.479999966453761e-05,22014938.985736713,3792.4504808204283,694.6535255893494,42.0,28.0,22.0
rc204_21,4,100,phased,21,nearest,0.0006961000035516918,11011552.009415006,3648.5212831397125,430.3488131866366,36.0,33.0,11.0
rc204_21,4,100,phased,21,grasp,0.7427793999959249,11009163.495553564,4025.1860346163135,153.83095189484527,36.0,41.0,11.0
rc204_21,4,100,phased,21,mp_eavns,21.216214100000798,6790.073357673989,3190.073357673989,0.0,36.0,39.0,0.0
rc204_21,4,100,all,21,edd,4.0099999750964344e-05,48009138.58067086,5038.580670860426,0.0,41.0,25.0,48.0
rc204_21,4,100,all,21,sweep,2.4900000425986946e-05,22014938.985736713,3792.4504808204283,694.6535255893494,42.0,28.0,22.0
rc204_21,4,100,all,21,nearest,0.0008306999952765182,11011552.009415006,3648.5212831397125,430.3488131866366,36.0,33.0,11.0
rc204_21,4,100,all,21,grasp,0.6620377999934135,10011845.5196179,4131.890737188199,411.3628880712549,36.0,44.0,10.0
rc204_21,4,100,all,21,mp_eavns,18.807009200005268,6921.177646623935,3321.1776466239357,0.0,36.0,41.0,0.0
rc204C15,1,4,depot,1,edd,5.800000508315861e-06,4000541.928009401,241.92800940097928,0.0,3.0,0.0,4.0
rc204C15,1,4,depot,1,sweep,2.9000002541579306e-06,3000396.3679896723,196.36798967243485,0.0,2.0,0.0,3.0
rc204C15,1,4,depot,1,nearest,1.09999964479357e-05,2000404.0897094593,204.0897094592362,0.0,2.0,0.0,2.0
rc204C15,1,4,depot,1,grasp,0.0002325000023120083,2000404.0897094593,204.08970945923616,0.0,2.0,0.0,2.0
rc204C15,1,4,depot,1,mp_eavns,0.0038318000006256625,2000404.0897094593,204.0897094592362,0.0,2.0,0.0,2.0
rc204C15,1,4,phased,3,edd,2.6000052457675338e-06,2000549.7354102244,249.73541022437507,0.0,3.0,2.0,2.0
rc204C15,1,4,phased,3,sweep,2.3000029614195228e-06,399.4095577622337,199.4095577622337,0.0,2.0,3.0,0.0
rc204C15,1,4,phased,3,nearest,6.599999323952943e-06,2000404.0897094593,204.0897094592362,0.0,2.0,0.0,2.0
rc204C15,1,4,phased,3,grasp,0.00031660000240663067,399.1703261380543,199.1703261380543,0.0,2.0,3.0,0.0
rc204C15,1,4,phased,3,mp_eavns,0.005967999997665174,399.1703261380543,199.17032613805426,0.0,2.0,3.0,0.0
rc204C15,1,4,all,7,edd,6.299997039604932e-06,2000549.7354102244,249.73541022437507,0.0,3.0,2.0,2.0
rc204C15,1,4,all,7,sweep,2.7999994927085936e-06,399.4095577622337,199.4095577622337,0.0,2.0,3.0,0.0
rc204C15,1,4,all,7,nearest,7.599999662488699e-06,2000404.0897094593,204.0897094592362,0.0,2.0,0.0,2.0
rc204C15,1,4,all,7,grasp,0.0003476000056252815,399.1703261380543,199.1703261380543,0.0,2.0,3.0,0.0
rc204C15,1,4,all,7,mp_eavns,0.007271400005265605,399.1703261380543,199.17032613805426,0.0,2.0,3.0,0.0
rc204C15,2,8,depot,1,edd,3.7999998312443495e-06,7000774.758790099,374.75879009878486,0.0,4.0,0.0,7.0
rc204C15,2,8,depot,1,sweep,3.3000032999552786e-06,5000762.720142685,362.7201426846383,0.0,4.0,0.0,5.0
rc204C15,2,8,depot,1,nearest,1.4999997802078724e-05,6000804.052803657,404.05280365719443,0.0,4.0,0.0,6.0
rc204C15,2,8,depot,1,grasp,0.00047649999760324135,5000766.250634273,366.2506342723054,0.0,4.0,0.0,5.0
rc204C15,2,8,depot,1,mp_eavns,0.026437399996211752,5000744.692523501,344.69252350070747,0.0,4.0,0.0,5.0
rc204C15,2,8,phased,4,edd,5.49999822396785e-06,3000782.6110717747,382.6110717749059,0.0,4.0,3.0,3.0
rc204C15,2,8,phased,4,sweep,5.399997462518513e-06,1000788.575484479,388.57548447898904,0.0,4.0,4.0,1.0
rc204C15,2,8,phased,4,nearest,1.6600002709310502e-05,5000825.040673624,425.0406736240047,0.0,4.0,1.0,5.0
rc204C15,2,8,phased,4,grasp,0.000744799996027723,811.7872319694486,411.7872319694486,0.0,4.0,6.0,0.0
rc204C15,2,8,phased,4,mp_eavns,0.051543400004447903,810.4160839684021,410.41608396840206,0.0,4.0,6.0,0.0
rc204C15,2,8,all,7,edd,1.1299998732283711e-05,3000782.6110717747,382.6110717749059,0.0,4.0,3.0,3.0
rc204C15,2,8,all,7,sweep,5.800000508315861e-06,1000788.575484479,388.57548447898904,0.0,4.0,4.0,1.0
rc204C15,2,8,all,7,nearest,1.700000575510785e-05,5000825.040673624,425.0406736240047,0.0,4.0,1.0,5.0
rc204C15,2,8,all,7,grasp,0.0007691999999224208,1000785.7349974393,385.73499743933576,0.0,4.0,4.0,1.0
rc204C15,2,8,all,7,mp_eavns,0.06316659999720287,810.4160839684021,410.41608396840206,0.0,4.0,6.0,0.0
rc204C15,3,12,depot,1,edd,7.200003892648965e-06,10001224.342215044,624.342215043597,0.0,6.0,0.0,10.0
rc204C15,3,12,depot,1,sweep,4.699999408330768e-06,8001156.309353292,556.3093532923241,0.0,6.0,0.0,8.0
rc204C15,3,12,depot,1,nearest,2.7199996111448854e-05,10003397.599075923,584.7563634487299,231.2842712474619,5.0,0.0,10.0
rc204C15,3,12,depot,1,grasp,0.0013292000003275461,8001080.926110785,580.926110785237,0.0,5.0,1.0,8.0
rc204C15,3,12,depot,1,mp_eavns,0.06247840000287397,7001021.6326045515,521.6326045513104,0.0,5.0,1.0,7.0
rc204C15,3,12,phased,6,edd,8.299997716676444e-06,6001234.114100269,634.1141002686918,0.0,6.0,3.0,6.0
rc204C15,3,12,phased,6,sweep,6.900001608300954e-06,2001198.0545566431,598.0545566431929,0.0,6.0,6.0,2.0
rc204C15,3,12,phased,6,nearest,2.6900001103058457e-05,5003402.18221185,589.3394993751273,231.2842712474619,5.0,4.0,5.0
rc204C15,3,12,phased,6,grasp,0.002086200001940597,1001098.6455893755,598.6455893755301,0.0,5.0,6.0,1.0
rc204C15,3,12,phased,6,mp_eavns,0.12158000000636093,1076.8927792652598,576.8927792652597,0.0,5.0,8.0,0.0
rc204C15,3,12,all,7,edd,8.100003469735384e-06,6001234.114100269,634.1141002686918,0.0,6.0,3.0,6.0
rc204C15,3,12,all,7,sweep,7.100003131199628e-06,2001198.0545566431,598.0545566431929,0.0,6.0,6.0,2.0
rc204C15,3,12,all,7,nearest,2.7600006433203816e-05,5003402.18221185,589.3394993751273,231.2842712474619,5.0,4.0,5.0
rc204C15,3,12,all,7,grasp,0.0017033999974955805,1001069.5312308719,569.531230871917,0.0,5.0,8.0,1.0
rc204C15,3,12,all,7,mp_eavns,0.13181189999886556,1085.8425114280055,585.8425114280055,0.0,5.0,8.0,0.0
rc204C15,4,15,depot,1,edd,7.299997378140688e-06,14001609.385175813,809.3851758123142,0.0,8.0,0.0,14.0
rc204C15,4,15,depot,1,sweep,5.000001692678779e-06,10001337.70203857,637.702038570219,0.0,7.0,0.0,10.0
rc204C15,4,15,depot,1,nearest,3.499999729683623e-05,11001297.171253124,697.1712531235535,0.0,6.0,0.0,11.0
rc204C15,4,15,depot,1,grasp,0.0013796999992337078,10001353.991280582,653.9912805820056,0.0,7.0,0.0,10.0
rc204C15,4,15,depot,1,mp_eavns,0.1030213999983971,7001333.972796289,633.9727962889201,0.0,7.0,0.0,7.0
rc204C15,4,15,phased,7,edd,9.700001101009548e-06,6001649.132287003,849.1322870031412,0.0,8.0,7.0,6.0
rc204C15,4,15,phased,7,sweep,8.199996955227107e-06,2001390.6319272607,690.6319272607183,0.0,7.0,7.0,2.0
rc204C15,4,15,phased,7,nearest,3.680000372696668e-05,5007290.478869976,710.4089123539627,598.0069957621536,6.0,4.0,5.0
rc204C15,4,15,phased,7,grasp,0.0023500000024796464,1321.4497383832254,721.4497383832254,0.0,6.0,10.0,0.0
rc204C15,4,15,phased,7,mp_eavns,0.2147465000016382,1374.2312289213041,674.231228921304,0.0,7.0,9.0,0.0
rc204C15,4,15,all,7,edd,1.0099996870849282e-05,6001649.132287003,849.1322870031412,0.0,8.0,7.0,6.0
rc204C15,4,15,all,7,sweep,8.700000762473792e-06,2001390.6319272607,690.6319272607183,0.0,7.0,7.0,2.0
rc204C15,4,15,all,7,nearest,0.00011900000390596688,5007290.478869976,710.4089123539627,598.0069957621536,6.0,4.0,5.0
rc204C15,4,15,all,7,grasp,0.0023978999961400405,1478.3574377316072,778.3574377316073,0.0,7.0,11.0,0.0
rc204C15,4,15,all,7,mp_eavns,0.22314600000390783,1374.2312289213041,674.231228921304,0.0,7.0,9.0,0.0
rc204C5,1,2,depot,1,edd,3.9000005926936865e-06,2000370.1887826144,170.18878261444482,0.0,2.0,0.0,2.0
rc204C5,1,2,depot,1,sweep,2.9000002541579306e-06,2000370.1887826144,170.18878261444482,0.0,2.0,0.0,2.0
rc204C5,1,2,depot,1,nearest,8.600000001024455e-06,2000370.1887826144,170.18878261444482,0.0,2.0,0.0,2.0
rc204C5,1,2,depot,1,grasp,0.00014830000145593658,2000370.1887826144,170.18878261444482,0.0,2.0,0.0,2.0
rc204C5,1,2,depot,1,mp_eavns,0.0011349999986123294,2000370.1887826144,170.18878261444482,0.0,2.0,0.0,2.0
rc204C5,1,2,phased,2,edd,3.0000010156072676e-06,1000370.4384587205,170.43845872047157,0.0,2.0,1.0,1.0
rc204C5,1,2,phased,2,sweep,3.0000010156072676e-06,1000370.4384587205,170.43845872047157,0.0,2.0,1.0,1.0
rc204C5,1,2,phased,2,nearest,5.699999746866524e-06,1000370.4384587205,170.43845872047157,0.0,2.0,1.0,1.0
rc204C5,1,2,phased,2,grasp,0.00017840000509750098,1000370.4384587205,170.43845872047157,0.0,2.0,1.0,1.0
rc204C5,1,2,phased,2,mp_eavns,0.0013327999986358918,1000370.4384587205,170.43845872047157,0.0,2.0,1.0,1.0
rc204C5,1,2,all,4,edd,1.5999976312741637e-06,1000370.4384587205,170.43845872047157,0.0,2.0,1.0,1.0
rc204C5,1,2,all,4,sweep,1.400003384333104e-06,1000370.4384587205,170.43845872047157,0.0,2.0,1.0,1.0
rc204C5,1,2,all,4,nearest,3.7999998312443495e-06,1000370.4384587205,170.43845872047157,0.0,2.0,1.0,1.0
rc204C5,1,2,all,4,grasp,0.00018799999816110358,1000370.4384587205,170.43845872047157,0.0,2.0,1.0,1.0
rc204C5,1,2,all,4,mp_eavns,0.0013947000043117441,1000370.4384587205,170.43845872047157,0.0,2.0,1.0,1.0
rc204C5,2,3,depot,1,edd,2.2000021999701858e-06,2000370.1914090062,170.19140900632414,0.0,2.0,0.0,2.0
rc204C5,2,3,depot,1,sweep,2.1000014385208488e-06,2000370.1914090062,170.19140900632414,0.0,2.0,0.0,2.0
rc204C5,2,3,depot,1,nearest,5.199995939619839e-06,2000370.1914090062,170.19140900632414,0.0,2.0,0.0,2.0
rc204C5,2,3,depot,1,grasp,0.0001832999987527728,2000370.1914090062,170.19140900632414,0.0,2.0,0.0,2.0
rc204C5,2,3,depot,1,mp_eavns,0.002647099994646851,2000370.1914090062,170.19140900632414,0.0,2.0,0.0,2.0
rc204C5,2,3,phased,3,edd,2.1999949240125716e-06,1000370.4774591876,170.4774591876482,0.0,2.0,1.0,1.0
rc204C5,2,3,phased,3,sweep,1.6999983927235007e-06,1000370.4774591876,170.4774591876482,0.0,2.0,1.0,1.0
rc204C5,2,3,phased,3,nearest,4.900000931229442e-06,1000370.4410851124,170.4410851123509,0.0,2.0,1.0,1.0
rc204C5,2,3,phased,3,grasp,0.00021630000264849514,1000370.4410851124,170.4410851123509,0.0,2.0,1.0,1.0
rc204C5,2,3,phased,3,mp_eavns,0.0033428999959141947,1000370.4410851124,170.4410851123509,0.0,2.0,1.0,1.0
rc204C5,2,3,all,4,edd,2.0000006770715117e-06,1000370.4774591876,170.4774591876482,0.0,2.0,1.0,1.0
rc204C5,2,3,all,4,sweep,1.700005668681115e-06,1000370.4774591876,170.4774591876482,0.0,2.0,1.0,1.0
rc204C5,2,3,all,4,nearest,4.900000931229442e-06,1000370.4410851124,170.4410851123509,0.0,2.0,1.0,1.0
rc204C5,2,3,all,4,grasp,0.0002234999992651865,1000370.4410851124,170.4410851123509,0.0,2.0,1.0,1.0
rc204C5,2,3,all,4,mp_eavns,0.0037767000030726194,1000370.4410851124,170.4410851123509,0.0,2.0,1.0,1.0
rc204C5,3,4,depot,1,edd,3.6999990697950125e-06,2000494.274598164,194.2745981639087,0.0,3.0,0.0,2.0
rc204C5,3,4,depot,1,sweep,2.3999964469112456e-06,2000494.274598164,194.2745981639087,0.0,3.0,0.0,2.0
rc204C5,3,4,depot,1,nearest,9.60000033956021e-06,3000391.7777729197,191.77777291984222,0.0,2.0,0.0,3.0
rc204C5,3,4,depot,1,grasp,0.0002519000045140274,2000395.342402183,195.34240218298802,0.0,2.0,1.0,2.0
rc204C5,3,4,depot,1,mp_eavns,0.005219500002567656,2000394.274598164,194.27459816390873,0.0,2.0,1.0,2.0
rc204C5,3,4,phased,4,edd,3.5000048228539526e-06,1000494.5606483453,194.56064834523278,0.0,3.0,1.0,1.0
rc204C5,3,4,phased,4,sweep,2.5999979698099196e-06,1000494.5606483453,194.56064834523278,0.0,3.0,1.0,1.0
rc204C5,3,4,phased,4,nearest,7.599999662488699e-06,2000392.0274490258,192.02744902586898,0.0,2.0,1.0,2.0
rc204C5,3,4,phased,4,grasp,0.0003388999975868501,391.9883602653679,191.98836026536785,0.0,2.0,3.0,0.0
rc204C5,3,4,phased,4,mp_eavns,0.0076113000031909905,391.9883602653679,191.98836026536785,0.0,2.0,3.0,0.0
rc204C5,3,4,all,4,edd,2.4000037228688598e-06,1000494.5606483453,194.56064834523278,0.0,3.0,1.0,1.0
rc204C5,3,4,all,4,sweep,2.2999956854619086e-06,1000494.5606483453,194.56064834523278,0.0,3.0,1.0,1.0
rc204C5,3,4,all,4,nearest,6.499998562503606e-06,2000392.0274490258,192.02744902586898,0.0,2.0,1.0,2.0
rc204C5,3,4,all,4,grasp,0.00032249999640043825,391.9883602653679,191.98836026536785,0.0,2.0,3.0,0.0
rc204C5,3,4,all,4,mp_eavns,0.008024700000532903,391.9883602653679,191.98836026536785,0.0,2.0,3.0,0.0
rc204C5,4,5,depot,1,edd,2.9000002541579306e-06,3000666.385623673,266.38562367318855,0.0,4.0,0.0,3.0
rc204C5,4,5,depot,1,sweep,2.5999979698099196e-06,3000554.689065786,254.6890657861589,0.0,3.0,0.0,3.0
rc204C5,4,5,depot,1,nearest,1.0100004146806896e-05,3000554.689065786,254.68906578615895,0.0,3.0,0.0,3.0
rc204C5,4,5,depot,1,grasp,0.00030560000595869496,3000554.689065786,254.68906578615895,0.0,3.0,0.0,3.0
rc204C5,4,5,depot,1,mp_eavns,0.007112899998901412,3000554.689065786,254.6890657861589,0.0,3.0,0.0,3.0
rc204C5,4,5,phased,4,edd,3.2999960239976645e-06,1000679.9701237521,279.9701237521095,0.0,4.0,2.0,1.0
rc204C5,4,5,phased,4,sweep,2.3999964469112456e-06,2000554.9751159674,254.97511596748296,0.0,3.0,1.0,2.0
rc204C5,4,5,phased,4,nearest,8.700000762473792e-06,2000554.938741892,254.9387418921857,0.0,3.0,1.0,2.0
rc204C5,4,5,phased,4,grasp,0.00041280000004917383,1000575.3928049137,275.3928049136478,0.0,3.0,2.0,1.0
rc204C5,4,5,phased,4,mp_eavns,0.014656499995908234,577.3978356722446,277.3978356722445,0.0,3.0,4.0,0.0
rc204C5,4,5,all,4,edd,2.9000002541579306e-06,1000679.9701237521,279.9701237521095,0.0,4.0,2.0,1.0
rc204C5,4,5,all,4,sweep,2.6000052457675338e-06,2000554.9751159674,254.97511596748296,0.0,3.0,1.0,2.0
rc204C5,4,5,all,4,nearest,8.800001523923129e-06,2000554.938741892,254.9387418921857,0.0,3.0,1.0,2.0
rc204C5,4,5,all,4,grasp,0.0004214000000501983,577.3978356722446,277.3978356722445,0.0,3.0,4.0,0.0
rc204C5,4,5,all,4,mp_eavns,0.014268899998569395,577.3978356722446,277.3978356722445,0.0,3.0,4.0,0.0
rc205_21,1,25,depot,1,edd,1.0399999155197293e-05,21002288.242490813,1188.2424908121602,0.0,11.0,1.0,21.0
rc205_21,1,25,depot,1,sweep,6.599999323952943e-06,17014137.326659195,990.4727708800376,1204.6853888314208,11.0,0.0,17.0
rc205_21,1,25,depot,1,nearest,7.529999857069924e-05,11023701.837045861,876.8114032887432,2182.502564257209,10.0,0.0,11.0
rc205_21,1,25,depot,1,grasp,0.006233799998881295,10011848.740774957,903.8715362589173,994.4869238699404,10.0,0.0,10.0
rc205_21,1,25,depot,1,mp_eavns,0.13854880000144476,9003535.143078184,800.7277370472442,183.4415341135766,9.0,0.0,9.0
rc205_21,1,25,phased,6,edd,1.1399999493733048e-05,7002299.63897069,1199.6389706895673,0.0,11.0,10.0,7.0
rc205_21,1,25,phased,6,sweep,9.2999980552122e-06,8024194.49619323,1048.4463264945473,2204.6049866735825,11.0,8.0,8.0
rc205_21,1,25,phased,6,nearest,6.929999653948471e-05,2025307.1235131337,911.6554892145459,2339.546802391923,10.0,8.0,2.0
rc205_21,1,25,phased,6,grasp,0.010772500005259644,2014772.151141732,1036.6718153797376,1273.5479326352254,10.0,11.0,2.0
rc205_21,1,25,phased,6,mp_eavns,0.2418344999969122,1788.6860185044702,888.6860185044702,0.0,9.0,12.0,0.0
rc205_21,1,25,all,21,edd,1.09999964479357e-05,7002299.63897069,1199.6389706895673,0.0,11.0,10.0,7.0
rc205_21,1,25,all,21,sweep,9.400006092619151e-06,8024186.880652751,1040.8307860146508,2204.6049866735825,11.0,8.0,8.0
rc205_21,1,25,all,21,nearest,7.110000296961516e-05,2025307.1235131337,911.6554892145459,2339.546802391923,10.0,8.0,2.0
rc205_21,1,25,all,21,grasp,0.02114889999938896,1029014.0471065913,890.7859461467364,2722.326116044461,9.0,10.0,1.0
rc205_21,1,25,all,21,mp_eavns,0.2805219000001671,1001766.8832125877,866.8832125876285,0.0,9.0,10.0,1.0
rc205_21,2,50,depot,1,edd,1.8300001102034003e-05,36004761.11418896,2341.114188964788,12.0,23.0,0.0,36.0
rc205_21,2,50,depot,1,sweep,1.200000406242907e-05,34020709.80993198,2024.0882490637894,1648.572168291655,22.0,0.0,34.0
rc205_21,2,50,depot,1,nearest,0.0002116999967256561,25036900.011390008,1755.2418613645243,3334.476952864443,18.0,0.0,25.0
rc205_21,2,50,depot,1,grasp,0.044359400002576876,24021808.02281105,2001.1657360389795,1780.6857075013381,20.0,2.0,24.0
rc205_21,2,50,depot,1,mp_eavns,0.8725428999969154,16004089.7269274,1553.4254692718966,73.63014581273467,18.0,0.0,16.0
rc205_21,2,50,phased,11,edd,2.6699999580159783e-05,15004868.146610187,2448.1466101871856,12.0,23.0,19.0,15.0
rc205_21,2,50,phased,11,sweep,1.4499993994832039e-05,15035590.01343074,2131.565341609312,3125.844808913085,22.0,16.0,15.0
rc205_21,2,50,phased,11,nearest,0.00021869999909540638,6044409.75396883,1814.7403061116374,4079.501366271822,18.0,18.0,6.0
rc205_21,2,50,phased,11,grasp,0.14921619999950053,3022404.290655455,2195.5995490382966,1820.8691106416793,20.0,25.0,3.0
rc205_21,2,50,phased,11,mp_eavns,2.3594317000024603,3593.2849880847025,1793.2849880847023,0.0,18.0,23.0,0.0
rc205_21,2,50,all,21,edd,2.2100000933278352e-05,15004868.146610187,2448.1466101871856,12.0,23.0,19.0,15.0
rc205_21,2,50,all,21,sweep,1.550000160932541e-05,15035590.01343074,2131.565341609312,3125.844808913085,22.0,16.0,15.0
rc205_21,2,50,all,21,nearest,0.0002052000054391101,6044409.75396883,1814.7403061116374,4079.501366271822,18.0,18.0,6.0
rc205_21,2,50,all,21,grasp,0.16515119999530725,4020887.068718357,2100.2788748095936,1688.678984354765,19.0,23.0,4.0
rc205_21,2,50,all,21,mp_eavns,2.8222402000028524,3535.987097576948,1735.9870975769484,0.0,18.0,22.0,0.0
rc205_21,3,75,depot,1,edd,2.8399997972883284e-05,56007447.36088033,4036.339338909095,21.10215414239991,32.0,5.0,56.0
rc205_21,3,75,depot,1,sweep,1.599999814061448e-05,44028422.85810005,2902.123772599384,2232.0734327448595,32.0,0.0,44.0
rc205_21,3,75,depot,1,nearest,0.00041230000351788476,35049361.10295908,2703.20206081961,4395.790089826143,27.0,0.0,35.0
rc205_21,3,75,depot,1,grasp,0.09526630000618752,36026626.976926714,2811.5315656549656,2111.5445361058632,27.0,0.0,36.0
rc205_21,3,75,depot,1,mp_eavns,2.5669426000022213,23005913.113784164,2376.8123260359807,73.63014581273467,28.0,0.0,23.0
rc205_21,3,75,phased,16,edd,3.2800002372823656e-05,31007516.33336384,4105.311822413743,21.10215414239991,32.0,27.0,31.0
rc205_21,3,75,phased,16,sweep,1.9800005247816443e-05,18045230.348148134,3023.5428794323616,3900.680526870156,32.0,21.0,18.0
rc205_21,3,75,phased,16,nearest,0.00042779999785125256,11055161.568308648,2797.0690698098706,4966.449923883783,27.0,23.0,11.0
rc205_21,3,75,phased,16,grasp,0.4464510000034352,9035329.380613055,3197.6856716671005,2933.1694941388323,28.0,28.0,9.0
rc205_21,3,75,phased,16,mp_eavns,8.475431200000457,5480.996930962476,2780.9969309624757,0.0,27.0,36.0,0.0
rc205_21,3,75,all,21,edd,3.480000304989517e-05,28007535.887122758,4124.865581334731,21.10215414239991,32.0,30.0,28.0
rc205_21,3,75,all,21,sweep,2.0899999071843922e-05,18045230.348148134,3023.5428794323616,3900.680526870156,32.0,21.0,18.0
rc205_21,3,75,all,21,nearest,0.00042579999717418104,11055161.568308648,2797.0690698098706,4966.449923883783,27.0,23.0,11.0
rc205_21,3,75,all,21,grasp,0.3885091999982251,8046826.427573219,3184.9223766904533,4084.1505196528524,28.0,29.0,8.0
rc205_21,3,75,all,21,mp_eavns,10.634595300005458,5303.229661678705,2603.2296616787053,0.0,27.0,33.0,0.0
rc205_21,4,100,depot,1,edd,3.089999518124387e-05,78010373.61377619,5309.127979989093,76.44857962072405,43.0,5.0,78.0
rc205_21,4,100,depot,1,sweep,2.0700004824902862e-05,57035954.22980489,3657.442752842762,2809.6787052049062,42.0,0.0,57.0
rc205_21,4,100,depot,1,nearest,0.0006995000003371388,43048949.79479861,3572.8642841828996,4177.6930514426185,36.0,1.0,43.0
rc205_21,4,100,depot,1,grasp,0.21647429999575252,46038997.310945645,3885.2074390125854,3151.210350663081,36.0,1.0,46.0
rc205_21,4,100,depot,1,mp_eavns,4.951550500001758,29007570.191652827,3018.483602415666,95.17080504127267,36.0,1.0,29.0
rc205_21,4,100,phased,21,edd,4.509999416768551e-05,32012346.760402635,5377.782760115398,266.89776425194157,43.0,45.0,32.0
rc205_21,4,100,phased,21,sweep,2.6900001103058457e-05,22052775.308474123,3792.4504808204283,4478.285799330201,42.0,28.0,22.0
rc205_21,4,100,phased,21,nearest,0.0007053000008454546,11057922.752202634,3648.521283139713,5067.42309194943,36.0,33.0,11.0
rc205_21,4,100,phased,21,grasp,0.9065362999972422,8047955.913008477,4321.0359005596165,3993.487710791659,37.0,48.0,8.0
rc205_21,4,100,phased,21,mp_eavns,21.51787840000179,6906.043483053712,3306.043483053712,0.0,36.0,40.0,0.0
rc205_21,4,100,all,21,edd,3.989999822806567e-05,32012346.760402635,5377.782760115398,266.89776425194157,43.0,45.0,32.0
rc205_21,4,100,all,21,sweep,2.5800000003073364e-05,22052775.308474123,3792.4504808204283,4478.285799330201,42.0,28.0,22.0
rc205_21,4,100,all,21,nearest,0.0006838000044808723,11057922.752202634,3648.521283139713,5067.42309194943,36.0,33.0,11.0
rc205_21,4,100,all,21,grasp,0.8557187999977032,8052766.437081159,4133.432841190008,4493.300423996945,37.0,44.0,8.0
rc205_21,4,100,all,21,mp_eavns,19.051448199999868,6870.61537142401,3270.6153714240095,0.0,36.0,40.0,0.0
rc205C10,1,3,depot,1,edd,4.29999636253342e-06,3000226.8905052557,126.89050525571136,0.0,1.0,0.0,3.0
rc205C10,1,3,depot,1,sweep,2.5999979698099196e-06,3000226.8905052557,126.89050525571136,0.0,1.0,0.0,3.0
rc205C10,1,3,depot,1,nearest,8.09999619377777e-06,1000959.2083563452,97.133987606944,76.20743687382037,1.0,0.0,1.0
rc205C10,1,3,depot,1,grasp,0.00016419999883510172,1000959.2083563452,97.133987606944,76.20743687382037,1.0,0.0,1.0
rc205C10,1,3,depot,1,mp_eavns,0.0038931000017328188,1000325.9013201424,125.90132014244261,0.0,2.0,0.0,1.0
rc205C10,1,3,phased,2,edd,3.0000010156072676e-06,1000229.8267724344,129.8267724343998,0.0,1.0,1.0,1.0
rc205C10,1,3,phased,2,sweep,3.2000025385059416e-06,2927.367006169846,142.26926191243876,268.5097744257407,1.0,2.0,0.0
rc205C10,1,3,phased,2,nearest,5.999994755256921e-06,1000959.2083563452,97.133987606944,76.20743687382037,1.0,0.0,1.0
rc205C10,1,3,phased,2,grasp,0.00018549999367678538,2927.367006169846,142.26926191243876,268.5097744257407,1.0,2.0,0.0
rc205C10,1,3,phased,2,mp_eavns,0.004735499998787418,371.0365944479373,171.03659444793735,0.0,2.0,2.0,0.0
rc205C10,1,3,all,4,edd,2.0000006770715117e-06,1000229.8267724344,129.8267724343998,0.0,1.0,1.0,1.0
rc205C10,1,3,all,4,sweep,1.8999999156221747e-06,2927.367006169846,142.26926191243876,268.5097744257407,1.0,2.0,0.0
rc205C10,1,3,all,4,nearest,4.800000169780105e-06,1000959.2083563452,97.133987606944,76.20743687382037,1.0,0.0,1.0
rc205C10,1,3,all,4,grasp,0.00018429999909130856,2927.367006169846,142.26926191243876,268.5097744257407,1.0,2.0,0.0
rc205C10,1,3,all,4,mp_eavns,0.005554600000323262,371.0365944479373,171.03659444793735,0.0,2.0,2.0,0.0
rc205C10,2,5,depot,1,edd,2.9999937396496534e-06,5000476.188142126,276.1881421262379,0.0,2.0,0.0,5.0
rc205C10,2,5,depot,1,sweep,2.5999979698099196e-06,5000501.511741654,301.51174165415676,0.0,2.0,0.0,5.0
rc205C10,2,5,depot,1,nearest,9.60000033956021e-06,3002543.5150902355,276.1881421262379,206.7326948109171,2.0,0.0,3.0
rc205C10,2,5,depot,1,grasp,0.00028759999986505136,3001233.8295927434,271.7552240053893,76.20743687382037,2.0,0.0,3.0
rc205C10,2,5,depot,1,mp_eavns,0.0072473999971407466,3000500.522556541,300.52255654088793,0.0,2.0,1.0,3.0
rc205C10,2,5,phased,3,edd,4.399997123982757e-06,5000476.188142126,276.1881421262379,0.0,2.0,0.0,5.0
rc205C10,2,5,phased,3,sweep,3.7999998312443495e-06,2003201.9882425682,316.89049831088414,268.5097744257407,2.0,2.0,2.0
rc205C10,2,5,phased,3,nearest,1.0600000678095967e-05,3002543.5150902355,276.1881421262379,206.7326948109171,2.0,0.0,3.0
rc205C10,2,5,phased,3,grasp,0.0003405999959795736,2003808.0203472518,294.3345548064147,331.3685792445407,2.0,2.0,2.0
rc205C10,2,5,phased,3,mp_eavns,0.011836500001663808,1003060.5894292251,308.97800551791744,255.1611423707203,2.0,4.0,1.0
rc205C10,2,5,all,4,edd,4.499997885432094e-06,5000476.188142126,276.1881421262379,0.0,2.0,0.0,5.0
rc205C10,2,5,all,4,sweep,4.4000043999403715e-06,2003201.9882425682,316.89049831088414,268.5097744257407,2.0,2.0,2.0
rc205C10,2,5,all,4,nearest,1.170000177808106e-05,3002543.5150902355,276.1881421262379,206.7326948109171,2.0,0.0,3.0
rc205C10,2,5,all,4,grasp,0.00035319999733474106,2003046.8097006173,294.2226554969312,255.2587045120431,2.0,2.0,2.0
rc205C10,2,5,all,4,mp_eavns,0.01101619999826653,1003060.5894292251,308.97800551791744,255.1611423707203,2.0,4.0,1.0
rc205C10,3,8,depot,1,edd,4.699999408330768e-06,6001108.161557199,491.0966398095126,31.706491738960835,3.0,1.0,6.0
rc205C10,3,8,depot,1,sweep,3.5999983083456755e-06,7000688.826753414,388.8267534138323,0.0,3.0,0.0,7.0
rc205C10,3,8,depot,1,nearest,1.4899997040629387e-05,5002764.33289392,397.0059458108532,206.7326948109171,3.0,0.0,5.0
rc205C10,3,8,depot,1,grasp,0.0005368999991333112,5000731.387321859,368.14176865529123,6.324555320336742,3.0,0.0,5.0
rc205C10,3,8,depot,1,mp_eavns,0.018674699997063726,4000693.9911717493,393.99117174930115,0.0,3.0,1.0,4.0
rc205C10,3,8,phased,4,edd,3.999994078185409e-06,6001108.161557199,491.0966398095126,31.706491738960835,3.0,1.0,6.0
rc205C10,3,8,phased,4,sweep,4.2000028770416975e-06,3003391.0652819383,405.967537680691,268.5097744257407,3.0,3.0,3.0
rc205C10,3,8,phased,4,nearest,1.4500001270789653e-05,4002766.09492153,398.7679734209845,206.7326948109171,3.0,1.0,4.0
rc205C10,3,8,phased,4,grasp,0.0006572999991476536,2003242.0477150413,390.43629133413316,255.1611423707203,3.0,4.0,2.0
rc205C10,3,8,phased,4,mp_eavns,0.034292500000447035,1003255.8200720437,404.208648336462,255.1611423707203,3.0,5.0,1.0
rc205C10,3,8,all,4,edd,1.2299999070819467e-05,6001108.161557199,491.0966398095126,31.706491738960835,3.0,1.0,6.0
rc205C10,3,8,all,4,sweep,2.0300001779105514e-05,3003391.0652819383,405.967537680691,268.5097744257407,3.0,3.0,3.0
rc205C10,3,8,all,4,nearest,2.319999475730583e-05,4002766.09492153,398.7679734209845,206.7326948109171,3.0,1.0,4.0
rc205C10,3,8,all,4,grasp,0.0012101999964215793,3257.9520827342035,405.36503761377253,255.2587045120431,3.0,7.0,0.0
rc205C10,3,8,all,4,mp_eavns,0.034903800005849916,1003255.8200720437,404.208648336462,255.1611423707203,3.0,5.0,1.0
rc205C10,4,10,depot,1,edd,5.699999746866524e-06,7001268.659744127,551.5948267366963,31.706491738960835,4.0,1.0,7.0
rc205C10,4,10,depot,1,sweep,4.3000036384910345e-06,9000866.586575167,466.5865751675709,0.0,4.0,0.0,9.0
rc205C10,4,10,depot,1,nearest,2.1700005163438618e-05,7002930.716660081,463.38971197229773,206.7326948109171,4.0,0.0,7.0
rc205C10,4,10,depot,1,grasp,0.0012458000055630691,5005643.0176025685,486.4088918441796,475.66087107240526,4.0,1.0,5.0
rc205C10,4,10,depot,1,mp_eavns,0.04511929999716813,5000860.11116433,460.11116432970044,0.0,4.0,1.0,5.0
rc205C10,4,10,phased,4,edd,8.600000001024455e-06,7001268.659744127,551.5948267366963,31.706491738960835,4.0,1.0,7.0
rc205C10,4,10,phased,4,sweep,7.700000423938036e-06,4003570.685289397,485.5875451393696,268.5097744257407,4.0,3.0,4.0
rc205C10,4,10,phased,4,nearest,2.2899999748915434e-05,6002932.4786876915,465.15173958242906,206.7326948109171,4.0,1.0,6.0
rc205C10,4,10,phased,4,grasp,0.002352999996219296,2007716.8534284723,536.787929286916,678.0065499185329,4.0,6.0,2.0
rc205C10,4,10,phased,4,mp_eavns,0.07038050000119256,2003419.4650853158,467.8536616085254,255.1611423707203,4.0,4.0,2.0
rc205C10,4,10,all,4,edd,6.800000846851617e-06,7001268.659744127,551.5948267366963,31.706491738960835,4.0,1.0,7.0
rc205C10,4,10,all,4,sweep,6.300004315562546e-06,4003570.685289397,485.5875451393696,268.5097744257407,4.0,3.0,4.0
rc205C10,4,10,all,4,nearest,2.2199994418770075e-05,6002932.4786876915,465.15173958242906,206.7326948109171,4.0,1.0,6.0
rc205C10,4,10,all,4,grasp,0.0023045999987516552,2007716.8534284723,536.787929286916,678.0065499185329,4.0,6.0,2.0
rc205C10,4,10,all,4,mp_eavns,0.06187089999730233,2003419.4650853158,467.8536616085254,255.1611423707203,4.0,4.0,2.0
rc206_21,1,25,depot,1,edd,1.0700001439545304e-05,20002251.880383365,1151.8803833636894,0.0,11.0,0.0,20.0
rc206_21,1,25,depot,1,sweep,6.800000846851617e-06,17008007.326659195,990.4727708800376,591.6853888314209,11.0,0.0,17.0
rc206_21,1,25,depot,1,nearest,7.110000296961516e-05,11016961.837045861,876.8114032887432,1508.502564257209,10.0,0.0,11.0
rc206_21,1,25,depot,1,grasp,0.006913299999723677,10006055.961914565,1003.3351495490843,405.2626765016321,10.0,1.0,10.0
rc206_21,1,25,depot,1,mp_eavns,0.15407740000227932,9001669.981702076,769.981702076594,0.0,9.0,0.0,9.0
rc206_21,1,25,phased,6,edd,1.1100004485342652e-05,10002277.896010673,1177.8960106717436,0.0,11.0,7.0,10.0
rc206_21,1,25,phased,6,sweep,9.499999578110874e-06,8016194.49619323,1048.4463264945473,1404.6049866735825,11.0,8.0,8.0
rc206_21,1,25,phased,6,nearest,7.510000432375818e-05,2017937.1235131337,911.6554892145459,1602.546802391923,10.0,8.0,2.0
rc206_21,1,25,phased,6,grasp,0.010637400002451614,2007540.0295348112,878.0730297375401,576.1956505073681,9.0,9.0,2.0
rc206_21,1,25,phased,6,mp_eavns,0.20165930000075605,1001784.2400683253,884.2400683253419,0.0,9.0,10.0,1.0
rc206_21,1,25,all,21,edd,1.1699994502123445e-05,10002269.825413175,1169.8254131742829,0.0,11.0,7.0,10.0
rc206_21,1,25,all,21,sweep,8.700000762473792e-06,8016186.880652751,1040.8307860146508,1404.6049866735825,11.0,8.0,8.0
rc206_21,1,25,all,21,nearest,6.999999459367245e-05,2017937.1235131337,911.6554892145459,1602.546802391923,10.0,8.0,2.0
rc206_21,1,25,all,21,grasp,0.02126190000126371,1013540.76325212,986.218972108441,1155.4544280011578,10.0,11.0,1.0
rc206_21,1,25,all,21,mp_eavns,0.3593726999970386,1798.0187640527333,898.0187640527334,0.0,9.0,11.0,0.0
rc206_21,2,50,depot,1,edd,1.840000186348334e-05,38004855.28216039,2555.2821603893713,0.0,23.0,3.0,38.0
rc206_21,2,50,depot,1,sweep,1.1600001016631722e-05,34019369.80993198,2024.0882490637894,1514.572168291655,22.0,0.0,34.0
rc206_21,2,50,depot,1,nearest,0.00020230000518495217,25032173.86208519,1755.2418613645243,2861.862022382332,18.0,0.0,25.0
rc206_21,2,50,depot,1,grasp,0.042936900004860945,22025235.784966543,1939.6348436639641,2149.6150122880913,18.0,4.0,22.0
rc206_21,2,50,depot,1,mp_eavns,0.9714638000004925,17003486.870488882,1586.8704888831744,0.0,19.0,0.0,17.0
rc206_21,2,50,phased,11,edd,2.0899999071843922e-05,16004856.195092194,2556.195092193298,0.0,23.0,19.0,16.0
rc206_21,2,50,phased,11,sweep,1.4400000509340316e-05,15034428.692548685,2131.565341609312,3009.712720707594,22.0,16.0,15.0
rc206_21,2,50,phased,11,nearest,0.00021639999613398686,6038393.604664009,1814.7403061116374,3477.886435789711,18.0,18.0,6.0
rc206_21,2,50,phased,11,grasp,0.11881510000239359,1028580.5212465962,1927.729860075868,2485.279138652033,18.0,25.0,1.0
rc206_21,2,50,phased,11,mp_eavns,2.0229344999970635,3645.566086391047,1845.566086391047,0.0,18.0,24.0,0.0
rc206_21,2,50,all,21,edd,1.9599996448960155e-05,16004856.195092194,2556.195092193298,0.0,23.0,19.0,16.0
rc206_21,2,50,all,21,sweep,1.4199998986441642e-05,15034428.692548685,2131.565341609312,3009.712720707594,22.0,16.0,15.0
rc206_21,2,50,all,21,nearest,0.00020539999968605116,6038393.604664009,1814.7403061116374,3477.886435789711,18.0,18.0,6.0
rc206_21,2,50,all,21,grasp,0.15607710000040242,2023104.4884394442,2050.054904720017,1915.4433534724226,19.0,24.0,2.0
rc206_21,2,50,all,21,mp_eavns,3.7799572000003536,3590.639372614038,1790.6393726140382,0.0,18.0,23.0,0.0
rc206_21,3,75,depot,1,edd,3.139999898849055e-05,57007433.336114235,4033.336114236112,0.0,34.0,5.0,57.0
rc206_21,3,75,depot,1,sweep,1.6600002709310502e-05,44026282.85810005,2902.123772599384,2018.0734327448595,32.0,0.0,44.0
rc206_21,3,75,depot,1,nearest,0.0004284000024199486,35046032.29077301,2703.20206081961,4062.908871219098,27.0,0.0,35.0
rc206_21,3,75,depot,1,grasp,0.10417640000378015,35026494.129366614,2976.8389980291035,2071.7290368581607,28.0,3.0,35.0
rc206_21,3,75,depot,1,mp_eavns,2.4629955000054906,24005134.559192307,2434.5591923082366,0.0,27.0,1.0,24.0
rc206_21,3,75,phased,16,edd,3.0000002880115062e-05,23007508.070707012,4108.07070701083,0.0,34.0,34.0,23.0
rc206_21,3,75,phased,16,sweep,1.8399994587525725e-05,18043339.027266078,3023.5428794323616,3711.548438664665,32.0,21.0,18.0
rc206_21,3,75,phased,16,nearest,0.0004085000036866404,11051262.756122578,2797.0690698098706,4576.568705276739,27.0,23.0,11.0
rc206_21,3,75,phased,16,grasp,0.36111240000172984,6043876.0576968435,3251.549906464375,3792.450779037931,27.0,33.0,6.0
rc206_21,3,75,phased,16,mp_eavns,8.383578200002376,5388.956430758382,2688.956430758382,0.0,27.0,34.0,0.0
rc206_21,3,75,all,21,edd,3.479999577393755e-05,21007529.291977726,4129.291977727579,0.0,34.0,36.0,21.0
rc206_21,3,75,all,21,sweep,1.9099999917671084e-05,18043339.027266078,3023.5428794323616,3711.548438664665,32.0,21.0,18.0
rc206_21,3,75,all,21,nearest,0.0004088000059709884,11051262.756122578,2797.0690698098706,4576.568705276739,27.0,23.0,11.0
rc206_21,3,75,all,21,grasp,0.41560520000348333,7030007.9734242195,2997.551845009001,2431.042157921057,27.0,29.0,7.0
rc206_21,3,75,all,21,mp_eavns,9.15725399999792,5409.452034801303,2609.4520348013034,0.0,28.0,32.0,0.0
rc206_21,4,100,depot,1,edd,3.68999972124584e-05,77009751.34859797,5451.348597968882,0.0,43.0,8.0,77.0
rc206_21,4,100,depot,1,sweep,2.0499996026046574e-05,57035275.55018225,3657.442752842762,2741.810742940792,42.0,0.0,57.0
rc206_21,4,100,depot,1,nearest,0.0006887999988975935,43045755.9894794,3572.8642841828996,3858.3125195220755,36.0,1.0,43.0
rc206_21,4,100,depot,1,grasp,0.2333472000027541,46039949.27484374,4031.6138733724224,3221.7660970364695,37.0,3.0,46.0
rc206_21,4,100,depot,1,mp_eavns,5.494548299997405,31006693.77840814,3093.7784081399277,0.0,36.0,2.0,31.0
rc206_21,4,100,phased,21,edd,4.1300001612398773e-05,36009855.15860447,5555.158604470706,0.0,43.0,43.0,36.0
rc206_21,4,100,phased,21,sweep,2.5300003471784294e-05,22052345.307969425,3792.4504808204283,4435.285748860597,42.0,28.0,22.0
rc206_21,4,100,phased,21,nearest,0.000702800003637094,11052688.946883429,3648.521283139713,4544.042560028886,36.0,33.0,11.0
rc206_21,4,100,phased,21,grasp,0.9536162000003969,10044144.317794954,4045.459437346184,3649.8858357608915,36.0,38.0,10.0
rc206_21,4,100,phased,21,mp_eavns,18.005342099997506,7027.871178347931,3327.871178347931,0.0,37.0,40.0,0.0
rc206_21,4,100,all,21,edd,3.760000254260376e-05,36009855.15860447,5555.158604470706,0.0,43.0,43.0,36.0
rc206_21,4,100,all,21,sweep,2.4499997380189598e-05,22052345.307969425,3792.4504808204283,4435.285748860597,42.0,28.0,22.0
rc206_21,4,100,all,21,nearest,0.0006766000005882233,11052688.946883429,3648.521283139713,4544.042560028886,36.0,33.0,11.0
rc206_21,4,100,all,21,grasp,0.7225707999969018,8048109.29470926,4177.375771583545,4033.191893767611,36.0,46.0,8.0
rc206_21,4,100,all,21,mp_eavns,23.64059619999898,7004.060145418546,3304.060145418546,0.0,37.0,39.0,0.0
rc207_21,1,25,depot,1,edd,1.1799995263572782e-05,20002355.022936467,1155.0229364675688,0.0,12.0,0.0,20.0
rc207_21,1,25,depot,1,sweep,1.2999997125007212e-05,17007826.615981076,990.4727708800376,573.6143210195555,11.0,0.0,17.0
rc207_21,1,25,depot,1,nearest,7.009999535512179e-05,11013531.837045861,876.8114032887432,1165.502564257209,10.0,0.0,11.0
rc207_21,1,25,depot,1,grasp,0.006220000002940651,9007432.899258459,772.2766809768544,576.0622577482985,9.0,0.0,9.0
rc207_21,1,25,depot,1,mp_eavns,0.13915840000117896,8001653.447969632,753.447969632409,0.0,9.0,0.0,8.0
rc207_21,1,25,phased,6,edd,1.1600001016631722e-05,9002373.353732001,1173.3537320002004,0.0,12.0,9.0,9.0
rc207_21,1,25,phased,6,sweep,8.900002285372466e-06,8014553.785515112,1048.4463264945473,1240.5339188617172,11.0,8.0,8.0
rc207_21,1,25,phased,6,nearest,7.449999975506216e-05,2013697.1235131337,911.6554892145459,1178.546802391923,10.0,8.0,2.0
rc207_21,1,25,phased,6,grasp,0.012964200002897996,1008094.717083074,1023.3919010046199,607.1325182069388,10.0,12.0,1.0
rc207_21,1,25,phased,6,mp_eavns,0.24155479999899399,1001785.9998008449,885.9998008448752,0.0,9.0,9.0,1.0
rc207_21,1,25,all,21,edd,1.1800002539530396e-05,9002373.353732001,1173.3537320002004,0.0,12.0,9.0,9.0
rc207_21,1,25,all,21,sweep,8.800001523923129e-06,8014546.169974632,1040.8307860146508,1240.5339188617172,11.0,8.0,8.0
rc207_21,1,25,all,21,nearest,7.370000093942508e-05,2013697.1235131337,911.6554892145459,1178.546802391923,10.0,8.0,2.0
rc207_21,1,25,all,21,grasp,0.019712000001163688,2005404.5691387302,1010.294729840462,339.42744088897575,10.0,11.0,2.0
rc207_21,1,25,all,21,mp_eavns,0.4836743999985629,3486.564183096653,936.6654423810338,164.98987407156193,9.0,12.0,0.0
rc207_21,2,50,depot,1,edd,2.2499996703118086e-05,38004789.11441547,2489.1144154634067,0.0,23.0,0.0,38.0
rc207_21,2,50,depot,1,sweep,1.309999788645655e-05,34010402.21184953,2024.0882490637894,617.8123600467411,22.0,0.0,34.0
rc207_21,2,50,depot,1,nearest,0.0002094999945256859,25019151.90566761,1755.2418613645243,1559.666380624501,18.0,0.0,25.0
rc207_21,2,50,depot,1,grasp,0.04402329999720678,23009569.308834758,1863.7793811836748,580.5529453572468,19.0,1.0,23.0
rc207_21,2,50,depot,1,mp_eavns,0.9186636000013095,15003312.977607815,1512.9776078150642,0.0,18.0,0.0,15.0
rc207_21,2,50,phased,11,edd,2.5499997718725353e-05,14004891.63761441,2591.6376144109945,0.0,23.0,21.0,14.0
rc207_21,2,50,phased,11,sweep,1.3899996702093631e-05,15019419.759483017,2131.565341609312,1508.8194141407048,22.0,16.0,15.0
rc207_21,2,50,phased,11,nearest,0.0002449000021442771,6021722.497100876,1814.7403061116374,1810.7756794764227,18.0,18.0,6.0
rc207_21,2,50,phased,11,grasp,0.1347620000015013,2017735.770311932,1993.9600644051623,1384.1810247526819,19.0,22.0,2.0
rc207_21,2,50,phased,11,mp_eavns,2.4095235999993747,3563.1879720177226,1763.1879720177226,0.0,18.0,22.0,0.0
rc207_21,2,50,all,21,edd,2.2199994418770075e-05,14004891.63761441,2591.6376144109945,0.0,23.0,21.0,14.0
rc207_21,2,50,all,21,sweep,1.670000347075984e-05,15019419.759483017,2131.565341609312,1508.8194141407048,22.0,16.0,15.0
rc207_21,2,50,all,21,nearest,0.00024419999681413174,6021722.497100876,1814.7403061116374,1810.7756794764227,18.0,18.0,6.0
rc207_21,2,50,all,21,grasp,0.1776624999984051,2009073.729047367,2024.1122338145685,514.9616813552359,19.0,23.0,2.0
rc207_21,2,50,all,21,mp_eavns,2.9850592000002507,3542.0706977955724,1742.0706977955724,0.0,18.0,22.0,0.0
rc207_21,3,75,depot,1,edd,3.0399998649954796e-05,58007451.1467227,4151.146722694799,0.0,33.0,4.0,58.0
rc207_21,3,75,depot,1,sweep,1.679999695625156e-05,44014275.260017596,2902.123772599384,817.3136244999455,32.0,0.0,44.0
rc207_21,3,75,depot,1,nearest,0.00046920000022510067,35025235.42340543,2703.20206081961,1983.2221344614343,27.0,0.0,35.0
rc207_21,3,75,depot,1,grasp,0.1060453999962192,35016980.23946755,2969.3526744748688,1121.0886793068978,28.0,1.0,35.0
rc207_21,3,75,depot,1,mp_eavns,2.9315367999952286,23005101.287821736,2401.2878217379057,0.0,27.0,1.0,23.0
rc207_21,3,75,phased,16,edd,3.680000372696668e-05,26007573.07132168,4273.071321680348,0.0,33.0,32.0,26.0
rc207_21,3,75,phased,16,sweep,2.469999890308827e-05,18023890.09420041,3023.5428794323616,1766.6551320977755,32.0,21.0,18.0
rc207_21,3,75,phased,16,nearest,0.0004095999975106679,11027840.383402944,2797.0690698098706,2234.331433313356,27.0,23.0,11.0
rc207_21,3,75,phased,16,grasp,0.3300450000024284,7021403.096890982,3117.2776535110042,1548.5819237471128,28.0,33.0,7.0
rc207_21,3,75,phased,16,mp_eavns,8.543112100000144,5363.893842134495,2663.8938421344947,0.0,27.0,33.0,0.0
rc207_21,3,75,all,21,edd,3.740000101970509e-05,26007565.725834277,4265.725834277602,0.0,33.0,32.0,26.0
rc207_21,3,75,all,21,sweep,2.1200001356191933e-05,18023890.09420041,3023.5428794323616,1766.6551320977755,32.0,21.0,18.0
rc207_21,3,75,all,21,nearest,0.0004448000036063604,11027840.383402944,2797.0690698098706,2234.331433313356,27.0,23.0,11.0
rc207_21,3,75,all,21,grasp,0.3685120999944047,8013283.432036894,2985.61214121914,759.7819895674771,27.0,29.0,8.0
rc207_21,3,75,all,21,mp_eavns,7.382813199998054,5271.74862800413,2571.7486280041303,0.0,27.0,32.0,0.0
rc207_21,4,100,depot,1,edd,3.3700001949910074e-05,79010492.41688928,5447.5619295402175,64.48549597409306,44.0,5.0,79.0
rc207_21,4,100,depot,1,sweep,2.08000055863522e-05,57016103.561210655,3657.442752842762,824.6118457812925,42.0,0.0,57.0
rc207_21,4,100,depot,1,nearest,0.000698499999998603,43026032.48340695,3572.8642841828996,1885.961912277322,36.0,1.0,43.0
rc207_21,4,100,depot,1,grasp,0.17912909999722615,47017610.35948973,3872.71208901012,1013.7647400721455,36.0,3.0,47.0
rc207_21,4,100,depot,1,mp_eavns,3.985259599998244,28006519.79798152,2919.797981520703,0.0,36.0,1.0,28.0
rc207_21,4,100,phased,21,edd,4.3000000005122274e-05,36011041.86776884,5555.149905163845,108.67178636750805,44.0,43.0,36.0
rc207_21,4,100,phased,21,sweep,2.5800000003073364e-05,22025731.98401461,3792.4504808204283,1773.9533533791225,42.0,28.0,22.0
rc207_21,4,100,phased,21,nearest,0.0006921000021975487,11028646.584443208,3648.521283139713,2139.806316006841,36.0,33.0,11.0
rc207_21,4,100,phased,21,grasp,0.7984182000000146,10024700.46678493,4270.325687343382,1673.0141097585965,37.0,44.0,10.0
rc207_21,4,100,phased,21,mp_eavns,18.627627000001667,6876.037949952267,3276.037949952267,0.0,36.0,39.0,0.0
rc207_21,4,100,all,21,edd,3.7999998312443495e-05,36011041.86776884,5555.149905163845,108.67178636750805,44.0,43.0,36.0
rc207_21,4,100,all,21,sweep,2.340000355616212e-05,22025731.98401461,3792.4504808204283,1773.9533533791225,42.0,28.0,22.0
rc207_21,4,100,all,21,nearest,0.0006995000003371388,11028646.584443208,3648.521283139713,2139.806316006841,36.0,33.0,11.0
rc207_21,4,100,all,21,grasp,0.9685668000020087,11022000.457898082,4104.323128950233,1429.6134769132073,36.0,39.0,11.0
rc207_21,4,100,all,21,mp_eavns,26.550612300001376,6955.746157136584,3251.023284349362,0.4722872787222059,37.0,40.0,0.0
rc208_21,1,25,depot,1,edd,1.1900003300979733e-05,18002207.444299836,1107.444299835344,0.0,11.0,0.0,18.0
rc208_21,1,25,depot,1,sweep,7.200003892648965e-06,17002090.47277088,990.4727708800376,0.0,11.0,0.0,17.0
rc208_21,1,25,depot,1,nearest,7.000000186963007e-05,11002181.214468379,876.8114032887432,30.440306508910567,10.0,0.0,11.0
rc208_21,1,25,depot,1,grasp,0.005450999997265171,10002026.30711115,881.9040460601387,14.440306508910567,10.0,0.0,10.0
rc208_21,1,25,depot,1,mp_eavns,0.21074770000268472,9001794.506138787,794.50613878696,0.0,10.0,0.0,9.0
rc208_21,1,25,phased,6,edd,1.809999957913533e-05,8002240.109355326,1140.1093553258606,0.0,11.0,8.0,8.0
rc208_21,1,25,phased,6,sweep,9.800001862458885e-06,8003357.642304916,1048.4463264945473,120.91959784216158,11.0,8.0,8.0
rc208_21,1,25,phased,6,nearest,7.31999971321784e-05,2002216.0585543036,911.6554892145459,30.440306508910567,10.0,8.0,2.0
rc208_21,1,25,phased,6,grasp,0.011094000001321547,2001957.9385477146,957.9385477145044,0.0,10.0,9.0,2.0
rc208_21,1,25,phased,6,mp_eavns,0.2697411000044667,1763.2812863584481,863.281286358448,0.0,9.0,11.0,0.0
rc208_21,1,25,all,21,edd,1.1499992979224771e-05,8002240.109355326,1140.1093553258606,0.0,11.0,8.0,8.0
rc208_21,1,25,all,21,sweep,9.200004569720477e-06,8003350.026764437,1040.8307860146508,120.91959784216158,11.0,8.0,8.0
rc208_21,1,25,all,21,nearest,7.270000060088933e-05,2002216.0585543036,911.6554892145459,30.440306508910567,10.0,8.0,2.0
rc208_21,1,25,all,21,grasp,0.016363499998988118,1002201.9331592034,1017.5947341339493,18.43384250694055,10.0,11.0,1.0
rc208_21,1,25,all,21,mp_eavns,0.4829957999972976,1793.8995318993816,893.8995318993817,0.0,9.0,12.0,0.0
rc208_21,2,50,depot,1,edd,1.9099999917671084e-05,43004691.39200104,2491.3920010409474,0.0,22.0,2.0,43.0
rc208_21,2,50,depot,1,sweep,1.2099997547920793e-05,34004224.088249065,2024.0882490637894,0.0,22.0,0.0,34.0
rc208_21,2,50,depot,1,nearest,0.00021130000095581636,25003859.644926455,1755.2418613645243,30.440306508910567,18.0,0.0,25.0
rc208_21,2,50,depot,1,grasp,0.04105200000049081,23003646.78958495,1846.7895849483293,0.0,18.0,1.0,23.0
rc208_21,2,50,depot,1,mp_eavns,0.8006591000012122,17003356.803604007,1556.8036040076688,0.0,18.0,0.0,17.0
rc208_21,2,50,phased,11,edd,4.260000423528254e-05,15004730.830608254,2530.830608253497,0.0,22.0,22.0,15.0
rc208_21,2,50,phased,11,sweep,1.6399993910454214e-05,15005811.635882549,2131.565341609312,148.00705409396335,22.0,16.0,15.0
rc208_21,2,50,phased,11,nearest,0.00020909999875584617,6003930.23635972,1814.7403061116374,31.549605360832288,18.0,18.0,6.0
rc208_21,2,50,phased,11,grasp,0.09004680000361986,2004370.4017629544,1905.5580581777215,56.48437047768141,19.0,22.0,2.0
rc208_21,2,50,phased,11,mp_eavns,2.7104480000052718,3511.888506172103,1711.8885061721032,0.0,18.0,22.0,0.0
rc208_21,2,50,all,21,edd,2.3100001271814108e-05,15004730.830608254,2530.830608253497,0.0,22.0,22.0,15.0
rc208_21,2,50,all,21,sweep,2.499999391147867e-05,15005811.635882549,2131.565341609312,148.00705409396335,22.0,16.0,15.0
rc208_21,2,50,all,21,nearest,0.00021729999571107328,6003930.23635972,1814.7403061116374,31.549605360832288,18.0,18.0,6.0
rc208_21,2,50,all,21,grasp,0.13048449999769218,2004016.0576860749,1995.7662883170676,12.029139775791691,19.0,23.0,2.0
rc208_21,2,50,all,21,mp_eavns,2.753716000006534,3495.7941080727487,1695.794108072749,0.0,18.0,23.0,0.0
rc208_21,3,75,depot,1,edd,2.710000262595713e-05,60007564.8985716,4264.898571606569,0.0,33.0,4.0,60.0
rc208_21,3,75,depot,1,sweep,1.6099998902063817e-05,44006102.1237726,2902.123772599384,0.0,32.0,0.0,44.0
rc208_21,3,75,depot,1,nearest,0.0004071000003023073,36005702.480873905,2698.07780881773,30.440306508910567,27.0,0.0,36.0
rc208_21,3,75,depot,1,grasp,0.08467940000264207,36005627.124237426,2861.1405549983238,6.598368242730885,27.0,1.0,36.0
rc208_21,3,75,depot,1,mp_eavns,2.4324485000033746,24005066.7790425,2366.779042501714,0.0,27.0,1.0,24.0
rc208_21,3,75,phased,16,edd,3.399999695830047e-05,34007617.55816737,4317.558167370554,0.0,33.0,26.0,34.0
rc208_21,3,75,phased,16,sweep,1.9999999494757503e-05,18007703.61342037,3023.5428794323616,148.00705409396335,32.0,21.0,18.0
rc208_21,3,75,phased,16,nearest,0.0004138000003877096,10005826.248325054,2810.7522714448887,31.549605360832288,27.0,24.0,10.0
rc208_21,3,75,phased,16,grasp,0.27553420000185724,7005847.857376412,3147.857376411438,0.0,27.0,33.0,7.0
rc208_21,3,75,phased,16,mp_eavns,8.726521999997203,5396.464290479416,2696.464290479417,0.0,27.0,35.0,0.0
rc208_21,3,75,all,21,edd,3.0000002880115062e-05,33007626.60277355,4326.602773549691,0.0,33.0,27.0,33.0
rc208_21,3,75,all,21,sweep,1.9599996448960155e-05,18007703.61342037,3023.5428794323616,148.00705409396335,32.0,21.0,18.0
rc208_21,3,75,all,21,nearest,0.0004177000009804033,10005826.248325054,2810.7522714448887,31.549605360832288,27.0,24.0,10.0
rc208_21,3,75,all,21,grasp,0.3436920999956783,8006641.305119419,3062.3670797773952,87.89380396409024,27.0,30.0,8.0
rc208_21,3,75,all,21,mp_eavns,10.255218799997238,5270.183453826951,2570.1834538269513,0.0,27.0,34.0,0.0
rc208_21,4,100,depot,1,edd,3.779999678954482e-05,79009751.3979808,5451.397980792067,0.0,43.0,7.0,79.0
rc208_21,4,100,depot,1,sweep,2.1200001356191933e-05,57007857.442752846,3657.442752842762,0.0,42.0,0.0,57.0
rc208_21,4,100,depot,1,nearest,0.0007005000006756745,43007477.26734927,3572.8642841828996,30.440306508910567,36.0,1.0,43.0
rc208_21,4,100,depot,1,grasp,0.1913736999995308,45007353.312918104,3697.7517888858333,5.55611292200058,36.0,1.0,45.0
rc208_21,4,100,depot,1,mp_eavns,5.306298399998923,30006542.502123967,2942.502123966082,0.0,36.0,0.0,30.0
rc208_21,4,100,phased,21,edd,3.970000398112461e-05,29009913.9598532,5613.959853197426,0.0,43.0,49.0,29.0
rc208_21,4,100,phased,21,sweep,2.469999890308827e-05,22009472.52102176,3792.4504808204283,148.00705409396335,42.0,28.0,22.0
rc208_21,4,100,phased,21,nearest,0.0006998999961069785,11007666.182803685,3648.521283139713,41.766152054496274,36.0,33.0,11.0
rc208_21,4,100,phased,21,grasp,0.6652886000010767,9008167.725987483,3866.2917197694587,70.1434267713039,36.0,40.0,9.0
rc208_21,4,100,phased,21,mp_eavns,14.864735700000892,6844.765703106665,3244.7657031066647,0.0,36.0,40.0,0.0
rc208_21,4,100,all,21,edd,4.08000050811097e-05,29009913.9598532,5613.959853197426,0.0,43.0,49.0,29.0
rc208_21,4,100,all,21,sweep,2.5699999241624027e-05,22009472.52102176,3792.4504808204283,148.00705409396335,42.0,28.0,22.0
rc208_21,4,100,all,21,nearest,0.0007496999969589524,11007666.182803685,3648.521283139713,41.766152054496274,36.0,33.0,11.0
rc208_21,4,100,all,21,grasp,0.7777425000022049,10007976.444943117,3932.8851535552144,44.35597895613546,36.0,38.0,10.0
rc208_21,4,100,all,21,mp_eavns,21.437998000001244,6809.412029114113,3209.4120291141126,0.0,36.0,40.0,0.0
rc208C5,1,2,depot,1,edd,3.759999526664615e-05,2000210.6463364635,110.64633646342119,0.0,1.0,0.0,2.0
rc208C5,1,2,depot,1,sweep,2.7999994927085936e-06,1000210.6463364634,110.64633646342119,0.0,1.0,0.0,1.0
rc208C5,1,2,depot,1,nearest,8.400005754083395e-06,1000210.6463364634,110.64633646342119,0.0,1.0,0.0,1.0
rc208C5,1,2,depot,1,grasp,0.00014869999722577631,1000210.6463364634,110.64633646342119,0.0,1.0,0.0,1.0
rc208C5,1,2,depot,1,mp_eavns,0.0011640000011539087,1000210.6463364634,110.64633646342119,0.0,1.0,0.0,1.0
rc208C5,1,2,phased,2,edd,2.0000006770715117e-06,2000210.6463364635,110.64633646342119,0.0,1.0,0.0,2.0
rc208C5,1,2,phased,2,sweep,1.3999961083754897e-06,1000210.6463364634,110.64633646342119,0.0,1.0,0.0,1.0
rc208C5,1,2,phased,2,nearest,3.6999990697950125e-06,1000210.6463364634,110.64633646342119,0.0,1.0,0.0,1.0
rc208C5,1,2,phased,2,grasp,0.00012599999899975955,1000210.6463364634,110.64633646342119,0.0,1.0,0.0,1.0
rc208C5,1,2,phased,2,mp_eavns,0.0012163000064902008,1000210.6463364634,110.64633646342119,0.0,1.0,0.0,1.0
rc208C5,1,2,all,3,edd,1.400003384333104e-06,2000210.6463364635,110.64633646342119,0.0,1.0,0.0,2.0
rc208C5,1,2,all,3,sweep,1.2999953469261527e-06,1000210.6463364634,110.64633646342119,0.0,1.0,0.0,1.0
rc208C5,1,2,all,3,nearest,3.3999967854470015e-06,1000210.6463364634,110.64633646342119,0.0,1.0,0.0,1.0
rc208C5,1,2,all,3,grasp,0.00012900000001536682,1000210.6463364634,110.64633646342119,0.0,1.0,0.0,1.0
rc208C5,1,2,all,3,mp_eavns,0.0013079999989713542,1000210.6463364634,110.64633646342119,0.0,1.0,0.0,1.0
rc208C5,2,3,depot,1,edd,2.6000052457675338e-06,1000332.6793554736,132.67935547355916,0.0,2.0,0.0,1.0
rc208C5,2,3,depot,1,sweep,2.0000006770715117e-06,1000341.694685856,141.69468585594123,0.0,2.0,0.0,1.0
rc208C5,2,3,depot,1,nearest,5.399997462518513e-06,1000352.7420373652,152.74203736518763,0.0,2.0,0.0,1.0
rc208C5,2,3,depot,1,grasp,0.0001771000024746172,1000332.6793554736,132.67935547355916,0.0,2.0,0.0,1.0
rc208C5,2,3,depot,1,mp_eavns,0.00296840000373777,1000332.6793554736,132.67935547355916,0.0,2.0,0.0,1.0
rc208C5,2,3,phased,2,edd,2.0000006770715117e-06,1000332.6793554736,132.67935547355916,0.0,2.0,0.0,1.0
rc208C5,2,3,phased,2,sweep,1.8999999156221747e-06,1000341.694685856,141.69468585594123,0.0,2.0,0.0,1.0
rc208C5,2,3,phased,2,nearest,5.399997462518513e-06,1000352.7420373652,152.74203736518763,0.0,2.0,0.0,1.0
rc208C5,2,3,phased,2,grasp,0.00017980000120587647,1000332.6793554736,132.67935547355916,0.0,2.0,0.0,1.0
rc208C5,2,3,phased,2,mp_eavns,0.0027889000048162416,1000332.6793554736,132.67935547355916,0.0,2.0,0.0,1.0
rc208C5,2,3,all,3,edd,1.8999999156221747e-06,1000332.6793554736,132.67935547355916,0.0,2.0,0.0,1.0
rc208C5,2,3,all,3,sweep,1.7999991541728377e-06,1000341.694685856,141.69468585594123,0.0,2.0,0.0,1.0
rc208C5,2,3,all,3,nearest,5.200003215577453e-06,1000352.7420373652,152.74203736518763,0.0,2.0,0.0,1.0
rc208C5,2,3,all,3,grasp,0.00017980000120587647,1000332.6793554736,132.67935547355916,0.0,2.0,0.0,1.0
rc208C5,2,3,all,3,mp_eavns,0.0031560999996145256,1000332.6793554736,132.67935547355916,0.0,2.0,0.0,1.0
rc208C5,3,4,depot,1,edd,2.3000029614195228e-06,2000378.6712421796,178.67124217953693,0.0,2.0,0.0,2.0
rc208C5,3,4,depot,1,sweep,1.7999991541728377e-06,2000396.5105296627,196.51052966281213,0.0,2.0,0.0,2.0
rc208C5,3,4,depot,1,nearest,7.299997378140688e-06,2000398.733924071,198.73392407116543,0.0,2.0,0.0,2.0
rc208C5,3,4,depot,1,grasp,0.0002345000029890798,2000378.6712421796,178.67124217953693,0.0,2.0,0.0,2.0
rc208C5,3,4,depot,1,mp_eavns,0.004911399999400601,2000378.6712421796,178.67124217953693,0.0,2.0,0.0,2.0
rc208C5,3,4,phased,3,edd,2.5999979698099196e-06,2000378.6712421796,178.67124217953693,0.0,2.0,0.0,2.0
rc208C5,3,4,phased,3,sweep,2.1000014385208488e-06,1000400.1379905184,200.13799051830512,0.0,2.0,1.0,1.0
rc208C5,3,4,phased,3,nearest,6.999995093792677e-06,2000398.733924071,198.73392407116543,0.0,2.0,0.0,2.0
rc208C5,3,4,phased,3,grasp,0.0002521999995224178,1000420.4369453337,220.436945333778,0.0,2.0,2.0,1.0
rc208C5,3,4,phased,3,mp_eavns,0.006738700001733378,1000400.1379905184,200.13799051830512,0.0,2.0,1.0,1.0
rc208C5,3,4,all,3,edd,2.0000006770715117e-06,2000378.6712421796,178.67124217953693,0.0,2.0,0.0,2.0
rc208C5,3,4,all,3,sweep,1.9999934011138976e-06,1000400.1379905184,200.13799051830512,0.0,2.0,1.0,1.0
rc208C5,3,4,all,3,nearest,6.499998562503606e-06,2000398.733924071,198.73392407116543,0.0,2.0,0.0,2.0
rc208C5,3,4,all,3,grasp,0.0002520000052754767,1000420.4369453337,220.436945333778,0.0,2.0,2.0,1.0
rc208C5,3,4,all,3,mp_eavns,0.006680999998934567,1000400.1379905184,200.13799051830512,0.0,2.0,1.0,1.0
rc208C5,4,5,depot,1,edd,3.6999990697950125e-06,3000411.346289201,211.34628920126426,0.0,2.0,0.0,3.0
rc208C5,4,5,depot,1,sweep,2.4999972083605826e-06,3000558.122216866,258.1222168658096,0.0,3.0,0.0,3.0
rc208C5,4,5,depot,1,nearest,1.1500000255182385e-05,2000398.8313816008,198.8313816007819,0.0,2.0,0.0,2.0
rc208C5,4,5,depot,1,grasp,0.000294700002996251,2000398.8313816008,198.8313816007819,0.0,2.0,0.0,2.0
rc208C5,4,5,depot,1,mp_eavns,0.006705599997076206,2000398.8313816008,198.8313816007819,0.0,2.0,0.0,2.0
rc208C5,4,5,phased,3,edd,3.999994078185409e-06,2000416.1061049462,216.10610494630245,0.0,2.0,1.0,2.0
rc208C5,4,5,phased,3,sweep,4.1000021155923605e-06,1000574.2502437957,274.2502437956562,0.0,3.0,2.0,1.0
rc208C5,4,5,phased,3,nearest,1.0600000678095967e-05,2000398.8313816008,198.8313816007819,0.0,2.0,0.0,2.0
rc208C5,4,5,phased,3,grasp,0.0003193000011378899,2000398.8313816008,198.8313816007819,0.0,2.0,0.0,2.0
rc208C5,4,5,phased,3,mp_eavns,0.008758099997066893,1000426.4931410946,226.49314109451706,0.0,2.0,2.0,1.0
rc208C5,4,5,all,3,edd,2.9000002541579306e-06,2000416.1061049462,216.10610494630245,0.0,2.0,1.0,2.0
rc208C5,4,5,all,3,sweep,2.6000052457675338e-06,1000574.2502437957,274.2502437956562,0.0,3.0,2.0,1.0
rc208C5,4,5,all,3,nearest,9.000003046821803e-06,2000398.8313816008,198.8313816007819,0.0,2.0,0.0,2.0
rc208C5,4,5,all,3,grasp,0.0003209999995306134,2000433.4004982207,233.400498220612,0.0,2.0,1.0,2.0
rc208C5,4,5,all,3,mp_eavns,0.009383599994180258,1000426.4931410946,226.49314109451706,0.0,2.0,2.0,1.0
