instance,period,customers,station_policy,active_stations,algorithm,runtime_seconds,objective,distance,tardiness,routes,recharges,infeasible_legs
c101C10,1,3,depot,1,edd,5.800000508315861e-06,3000417.372635388,217.3726353879336,0.0,2.0,0.0,3.0
c101C10,1,3,depot,1,sweep,4.100000296602957e-06,3000388.7112682476,188.71126824742169,0.0,2.0,0.0,3.0
c101C10,1,3,depot,1,nearest,1.160000010713702e-05,2002758.4170232767,188.71126824742169,236.97057550292607,2.0,0.0,2.0
c101C10,1,3,depot,1,grasp,0.00022360000002663583,2001886.45182301,229.3814479109881,145.70703750990492,2.0,1.0,2.0
c101C10,1,3,depot,1,mp_eavns,0.008308200000101351,2000529.381447911,229.3814479109881,0.0,3.0,0.0,2.0
c101C10,1,3,phased,2,edd,4.400000761961564e-06,2000429.9777182958,229.97771829576425,0.0,2.0,1.0,2.0
c101C10,1,3,phased,2,sweep,4.000000444648322e-06,1000397.715693539,197.71569353904908,0.0,2.0,1.0,1.0
c101C10,1,3,phased,2,nearest,7.999999979801942e-06,2002758.4170232767,188.71126824742169,236.97057550292607,2.0,0.0,2.0
c101C10,1,3,phased,2,grasp,0.0002795999998852494,1000397.715693539,197.71569353904908,0.0,2.0,1.0,1.0
c101C10,1,3,phased,2,mp_eavns,0.004399600000397186,1000397.715693539,197.71569353904908,0.0,2.0,1.0,1.0
c101C10,1,3,all,5,edd,3.9000005926936865e-06,1000436.1110585709,236.1110585709348,0.0,2.0,2.0,1.0
c101C10,1,3,all,5,sweep,2.4000000848900527e-06,406.7453967232481,206.74539672324812,0.0,2.0,2.0,0.0
c101C10,1,3,all,5,nearest,6.50000038149301e-06,1002767.4467264608,197.74097143162078,236.97057550292607,2.0,1.0,1.0
c101C10,1,3,all,5,grasp,0.0003361999997650855,406.7453967232482,206.74539672324818,0.0,2.0,2.0,0.0
c101C10,1,3,all,5,mp_eavns,0.005643100000270351,406.7453967232481,206.74539672324812,0.0,2.0,2.0,0.0
c101C10,2,5,depot,1,edd,3.7999998312443495e-06,4000591.7837537024,291.78375370234176,0.0,3.0,0.0,4.0
c101C10,2,5,depot,1,sweep,3.1999998100218363e-06,4000947.153628936,263.1223865618298,38.40312423743285,3.0,0.0,4.0
c101C10,2,5,depot,1,nearest,1.1399999493733048e-05,4007644.0654903087,296.86503884211805,704.7200451466693,3.0,0.0,4.0
c101C10,2,5,depot,1,grasp,0.00037229999998089625,3002444.8941836986,303.79256622539623,184.11016174733777,3.0,1.0,3.0
c101C10,2,5,depot,1,mp_eavns,0.022196799999619543,3000703.7925662254,303.79256622539623,0.0,4.0,0.0,3.0
c101C10,2,5,phased,3,edd,5.899999450775795e-06,2000608.807192806,308.80719280581724,0.0,3.0,2.0,2.0
c101C10,2,5,phased,3,sweep,5.700000656361226e-06,1000968.6586203021,284.6273779278108,38.40312423743285,3.0,2.0,1.0
c101C10,2,5,phased,3,nearest,1.9699999938893598e-05,2010706.5103837766,314.6572158906654,1009.1853167885871,3.0,2.0,2.0
c101C10,2,5,phased,3,grasp,0.0008933999997680075,2001000.9206450589,316.88940268452603,38.40312423743285,3.0,2.0,2.0
c101C10,2,5,phased,3,mp_eavns,0.019149499999912223,1000576.545168049,276.5451680491021,0.0,3.0,2.0,1.0
c101C10,2,5,all,5,edd,4.800000169780105e-06,1000614.940533081,314.9405330809878,0.0,3.0,3.0,1.0
c101C10,2,5,all,5,sweep,4.900000021734741e-06,977.6883234863383,293.65708111200985,38.40312423743285,3.0,3.0,0.0
c101C10,2,5,all,5,nearest,1.340000017080456e-05,1010715.5400869608,323.6869190748644,1009.1853167885871,3.0,3.0,1.0
c101C10,2,5,all,5,grasp,0.000478300000395393,585.5748712333011,285.5748712333011,0.0,3.0,3.0,0.0
c101C10,2,5,all,5,mp_eavns,0.017106000000239874,585.5748712333011,285.5748712333011,0.0,3.0,3.0,0.0
c101C10,3,8,depot,1,edd,4.600000465870835e-06,7000815.953849772,415.9538497719389,0.0,4.0,0.0,7.0
c101C10,3,8,depot,1,sweep,3.4000004234258085e-06,6001129.791914338,345.76067196364266,38.40312423743285,4.0,0.0,6.0
c101C10,3,8,depot,1,nearest,1.8200000340584666e-05,5008085.213617453,352.07698545021185,733.3136632002804,4.0,0.0,5.0
c101C10,3,8,depot,1,grasp,0.0008598000003985362,4017804.299079275,349.20227639847934,1705.5096802876633,4.0,0.0,4.0
c101C10,3,8,depot,1,mp_eavns,0.029893300000367162,4000781.817204911,381.81720491060594,0.0,4.0,1.0,4.0
c101C10,3,8,phased,4,edd,6.000000212225132e-06,2000843.332324841,443.3323248409807,0.0,4.0,4.0,2.0
c101C10,3,8,phased,4,sweep,5.9000003602704965e-06,2484.3860659376924,379.0182677589372,170.53677981787553,4.0,4.0,0.0
c101C10,3,8,phased,4,nearest,1.9099999917671084e-05,8114.751012873173,381.61438087036834,733.3136632002804,4.0,4.0,0.0
c101C10,3,8,phased,4,grasp,0.001226400000632566,3604.5640642495036,381.3259884556921,282.3238075793812,4.0,4.0,0.0
c101C10,3,8,phased,4,mp_eavns,0.05370260000017879,769.9021723398407,369.9021723398407,0.0,4.0,4.0,0.0
c101C10,3,8,all,5,edd,6.100000064179767e-06,2000843.332324841,443.3323248409807,0.0,4.0,4.0,2.0
c101C10,3,8,all,5,sweep,6.000000212225132e-06,2484.3860659376924,379.0182677589372,170.53677981787553,4.0,4.0,0.0
c101C10,3,8,all,5,nearest,1.9500000234984327e-05,8114.751012873173,381.61438087036834,733.3136632002804,4.0,4.0,0.0
c101C10,3,8,all,5,grasp,0.001509700000497105,2145.2744655788583,423.93790977443126,132.13365558044268,4.0,5.0,0.0
c101C10,3,8,all,5,mp_eavns,0.057479300000522926,769.9021723398407,369.9021723398407,0.0,4.0,4.0,0.0
c101C10,4,10,depot,1,edd,5.699999746866524e-06,9001005.757719325,505.75771932480524,0.0,5.0,0.0,9.0
c101C10,4,10,depot,1,sweep,4.100000296602957e-06,7008890.954018239,416.70548720020776,797.4248531038754,5.0,0.0,7.0
c101C10,4,10,depot,1,nearest,2.5399999685760122e-05,6015165.765833584,427.51328257925707,1423.8252551004732,5.0,0.0,6.0
c101C10,4,10,depot,1,grasp,0.0011514999996506958,6004601.694268088,425.3611915597712,367.63330765278397,5.0,0.0,6.0
c101C10,4,10,depot,1,mp_eavns,0.03454799999963143,5000928.28915648,473.74349573293046,5.454566074687364,4.0,2.0,5.0
c101C10,4,10,phased,5,edd,6.50000038149301e-06,4001031.169049144,531.1690491436335,0.0,5.0,4.0,4.0
c101C10,4,10,phased,5,sweep,5.899999450775795e-06,1010245.5481698387,449.9630829955023,929.5585086843181,5.0,4.0,1.0
c101C10,4,10,phased,5,nearest,2.3600000531587284e-05,2015192.9480276708,454.695476666229,1423.8252551004732,5.0,4.0,2.0
c101C10,4,10,phased,5,grasp,0.001426799999535433,1008236.228165823,549.6464719644348,718.6581693858619,5.0,7.0,1.0
c101C10,4,10,phased,5,mp_eavns,0.1007739999995465,1000940.8469875765,440.8469875764058,0.0,5.0,4.0,1.0
c101C10,4,10,all,5,edd,7.100000402715523e-06,4001031.169049144,531.1690491436335,0.0,5.0,4.0,4.0
c101C10,4,10,all,5,sweep,6.000000212225132e-06,1010245.5481698387,449.9630829955023,929.5585086843181,5.0,4.0,1.0
c101C10,4,10,all,5,nearest,2.4399999347224366e-05,2015192.9480276708,454.695476666229,1423.8252551004732,5.0,4.0,2.0
c101C10,4,10,all,5,grasp,0.0017114000002038665,1026285.9484689102,448.59464283200697,2533.735382607823,5.0,4.0,1.0
c101C10,4,10,all,5,mp_eavns,0.11413089999950898,1000940.8469875765,440.8469875764058,0.0,5.0,4.0,1.0
c101C5,1,2,depot,1,edd,4.599999556376133e-06,1000187.3283094778,87.32830947781493,0.0,1.0,0.0,1.0
c101C5,1,2,depot,1,sweep,3.1999998100218363e-06,1000187.3283094778,87.32830947781493,0.0,1.0,0.0,1.0
c101C5,1,2,depot,1,nearest,1.0800000382005237e-05,1000187.3283094778,87.32830947781493,0.0,1.0,0.0,1.0
c101C5,1,2,depot,1,grasp,0.00026670000079320744,5054.469973162011,102.54559344635005,485.19243797156616,1.0,1.0,0.0
c101C5,1,2,depot,1,mp_eavns,0.004517200000009325,302.54559344635004,102.54559344635005,0.0,2.0,0.0,0.0
c101C5,1,2,phased,2,edd,5.800000508315861e-06,1000187.3283094778,87.32830947781493,0.0,1.0,0.0,1.0
c101C5,1,2,phased,2,sweep,7.3999999585794285e-06,1000187.3283094778,87.32830947781493,0.0,1.0,0.0,1.0
c101C5,1,2,phased,2,nearest,1.2399999832268804e-05,1000187.3283094778,87.32830947781493,0.0,1.0,0.0,1.0
c101C5,1,2,phased,2,grasp,0.0003341999999975087,5054.469973162011,102.54559344635005,485.19243797156616,1.0,1.0,0.0
c101C5,1,2,phased,2,mp_eavns,0.005676100000528095,302.54559344635004,102.54559344635005,0.0,2.0,0.0,0.0
c101C5,1,2,all,3,edd,3.2999996619764715e-06,1000187.3283094778,87.32830947781493,0.0,1.0,0.0,1.0
c101C5,1,2,all,3,sweep,3.5000002753804438e-06,1000187.3283094778,87.32830947781493,0.0,1.0,0.0,1.0
c101C5,1,2,all,3,nearest,6.70000008540228e-06,1000187.3283094778,87.32830947781493,0.0,1.0,0.0,1.0
c101C5,1,2,all,3,grasp,0.00016200000027311035,5054.469973162011,102.54559344635005,485.19243797156616,1.0,1.0,0.0
c101C5,1,2,all,3,mp_eavns,0.0037463999997271458,302.54559344635004,102.54559344635005,0.0,2.0,0.0,0.0
c101C5,2,3,depot,1,edd,3.6999999792897142e-06,1000378.703324505,178.70332450498913,0.0,2.0,1.0,1.0
c101C5,2,3,depot,1,sweep,2.3000002329354174e-06,2000363.4860405365,163.48604053645403,0.0,2.0,0.0,2.0
c101C5,2,3,depot,1,nearest,8.299999535665847e-06,2000363.4860405365,163.48604053645403,0.0,2.0,0.0,2.0
c101C5,2,3,depot,1,grasp,0.00021079999987705378,1000339.0703270882,139.07032708824332,0.0,2.0,0.0,1.0
c101C5,2,3,depot,1,mp_eavns,0.004660499999772583,1000339.0703270882,139.07032708824332,0.0,2.0,0.0,1.0
c101C5,2,3,phased,2,edd,3.899999683198985e-06,1000378.703324505,178.70332450498913,0.0,2.0,1.0,1.0
c101C5,2,3,phased,2,sweep,3.1999998100218363e-06,2000363.4860405365,163.48604053645403,0.0,2.0,0.0,2.0
c101C5,2,3,phased,2,nearest,7.999999979801942e-06,2000363.4860405365,163.48604053645403,0.0,2.0,0.0,2.0
c101C5,2,3,phased,2,grasp,0.0002148000003217021,1000339.0703270882,139.07032708824332,0.0,2.0,0.0,1.0
c101C5,2,3,phased,2,mp_eavns,0.004712699999799952,1000339.0703270882,139.07032708824332,0.0,2.0,0.0,1.0
c101C5,2,3,all,3,edd,2.7999994927085936e-06,1000378.703324505,178.70332450498913,0.0,2.0,1.0,1.0
c101C5,2,3,all,3,sweep,2.3000002329354174e-06,2000363.4860405365,163.48604053645403,0.0,2.0,0.0,2.0
c101C5,2,3,all,3,nearest,6.399999620043673e-06,2000363.4860405365,163.48604053645403,0.0,2.0,0.0,2.0
c101C5,2,3,all,3,grasp,0.00024510000002919696,1000339.0703270882,139.07032708824332,0.0,2.0,0.0,1.0
c101C5,2,3,all,3,mp_eavns,0.005621199999950477,1000339.0703270882,139.07032708824332,0.0,2.0,0.0,1.0
c101C5,3,4,depot,1,edd,4.399999852466863e-06,3000450.6811053935,250.68110539358509,0.0,2.0,0.0,3.0
c101C5,3,4,depot,1,sweep,2.8000004022032954e-06,3000393.4860405363,193.48604053645403,0.0,2.0,0.0,3.0
c101C5,3,4,depot,1,nearest,1.1799999811046291e-05,3000393.4860405363,193.48604053645403,0.0,2.0,0.0,3.0
c101C5,3,4,depot,1,grasp,0.0003102999999100575,2000408.703324505,208.70332450498915,0.0,2.0,1.0,2.0
c101C5,3,4,depot,1,mp_eavns,0.013216800000009243,2000408.703324505,208.70332450498915,0.0,2.0,1.0,2.0
c101C5,3,4,phased,3,edd,5.699999746866524e-06,2000453.7611530996,253.76115309960045,0.0,2.0,1.0,2.0
c101C5,3,4,phased,3,sweep,4.699999408330768e-06,3000393.4860405363,193.48604053645403,0.0,2.0,0.0,3.0
c101C5,3,4,phased,3,nearest,1.2299999980314169e-05,1000414.7025969254,214.7025969254279,0.0,2.0,2.0,1.0
c101C5,3,4,phased,3,grasp,0.0003607000007832539,1570.7371061581525,229.91988089396304,114.08172252641896,2.0,3.0,0.0
c101C5,3,4,phased,3,mp_eavns,0.017835099999501836,529.9198808939631,229.91988089396304,0.0,3.0,2.0,0.0
c101C5,3,4,all,3,edd,5.500000042957254e-06,2000453.7611530996,253.76115309960045,0.0,2.0,1.0,2.0
c101C5,3,4,all,3,sweep,5.599999894911889e-06,3000393.4860405363,193.48604053645403,0.0,2.0,0.0,3.0
c101C5,3,4,all,3,nearest,1.2399999832268804e-05,1000414.7025969254,214.7025969254279,0.0,2.0,2.0,1.0
c101C5,3,4,all,3,grasp,0.0003691000001708744,5281.844260609624,229.91988089396304,485.19243797156616,2.0,3.0,0.0
c101C5,3,4,all,3,mp_eavns,0.01837630000045465,529.9198808939631,229.91988089396304,0.0,3.0,2.0,0.0
c101C5,4,5,depot,1,edd,5.099999725644011e-06,5000451.83548529,251.83548528997758,0.0,2.0,0.0,5.0
c101C5,4,5,depot,1,sweep,2.9000002541579306e-06,4000406.4365157867,206.43651578671387,0.0,2.0,0.0,4.0
c101C5,4,5,depot,1,nearest,1.3600000784208532e-05,3002030.5746423015,206.43651578671387,162.41381265149107,2.0,0.0,3.0
c101C5,4,5,depot,1,grasp,0.00033679999978630804,2000449.934380761,249.93438076116576,0.0,2.0,2.0,2.0
c101C5,4,5,depot,1,mp_eavns,0.013346800000363146,2000449.934380761,249.93438076116576,0.0,2.0,2.0,2.0
c101C5,4,5,phased,3,edd,5.2999994295532815e-06,4000454.915532996,254.9155329959929,0.0,2.0,1.0,4.0
c101C5,4,5,phased,3,sweep,1.1699999959091656e-05,4000406.4365157867,206.43651578671387,0.0,2.0,0.0,4.0
c101C5,4,5,phased,3,nearest,1.3500000022759195e-05,1002051.7911986907,227.65307217568773,162.41381265149107,2.0,2.0,1.0
c101C5,4,5,phased,3,grasp,0.0003817000006165472,1009757.2440235566,266.5313985517602,929.0712625004796,2.0,3.0,1.0
c101C5,4,5,phased,3,mp_eavns,0.02981309999995574,571.1509371501396,271.1509371501396,0.0,3.0,3.0,0.0
c101C5,4,5,all,3,edd,5.899999450775795e-06,4000454.915532996,254.9155329959929,0.0,2.0,1.0,4.0
c101C5,4,5,all,3,sweep,6.000000212225132e-06,4000406.4365157867,206.43651578671387,0.0,2.0,0.0,4.0
c101C5,4,5,all,3,nearest,1.4899999769113492e-05,1002051.7911986907,227.65307217568773,162.41381265149107,2.0,2.0,1.0
c101C5,4,5,all,3,grasp,0.0004797000001417473,6918.932862374795,242.87035614422285,647.6062506230572,2.0,3.0,0.0
c101C5,4,5,all,3,mp_eavns,0.03035100000033708,571.1509371501396,271.1509371501396,0.0,3.0,3.0,0.0
c103C15,1,4,depot,1,edd,4.70000031782547e-06,1000328.1046497035,128.1046497035028,0.0,2.0,0.0,1.0
c103C15,1,4,depot,1,sweep,3.099999958067201e-06,1000328.1046497035,128.1046497035028,0.0,2.0,0.0,1.0
c103C15,1,4,depot,1,nearest,1.1300000551273115e-05,2000354.2095019708,154.2095019707516,0.0,2.0,0.0,2.0
c103C15,1,4,depot,1,grasp,0.00026810000053956173,1000328.1046497035,128.1046497035028,0.0,2.0,0.0,1.0
c103C15,1,4,depot,1,mp_eavns,0.006522000000586559,1000328.1046497035,128.1046497035028,0.0,2.0,0.0,1.0
c103C15,1,4,phased,2,edd,3.099999958067201e-06,331.1383596976942,131.13835969769423,0.0,2.0,1.0,0.0
c103C15,1,4,phased,2,sweep,2.7999994927085936e-06,331.1383596976942,131.13835969769423,0.0,2.0,1.0,0.0
c103C15,1,4,phased,2,nearest,8.199999683711212e-06,1000359.9981281116,159.99812811158358,0.0,2.0,1.0,1.0
c103C15,1,4,phased,2,grasp,0.00030169999990903307,331.1383596976942,131.13835969769423,0.0,2.0,1.0,0.0
c103C15,1,4,phased,2,mp_eavns,0.008130400000482041,331.1383596976942,131.13835969769423,0.0,2.0,1.0,0.0
c103C15,1,4,all,5,edd,4.499999704421498e-06,331.1383596976942,131.13835969769423,0.0,2.0,1.0,0.0
c103C15,1,4,all,5,sweep,4.399999852466863e-06,331.1383596976942,131.13835969769423,0.0,2.0,1.0,0.0
c103C15,1,4,all,5,nearest,1.3699999726668466e-05,1000359.9981281116,159.99812811158358,0.0,2.0,1.0,1.0
c103C15,1,4,all,5,grasp,0.00034749999940686394,331.1383596976942,131.13835969769423,0.0,2.0,1.0,0.0
c103C15,1,4,all,5,mp_eavns,0.008452500000203145,331.1383596976942,131.13835969769423,0.0,2.0,1.0,0.0
c103C15,2,8,depot,1,edd,4.600000465870835e-06,4000722.114545567,322.11454556705246,0.0,4.0,0.0,4.0
c103C15,2,8,depot,1,sweep,3.5000002753804438e-06,3000918.8659619,225.8953764923136,39.29705854077835,3.0,0.0,3.0
c103C15,2,8,depot,1,nearest,1.7299999854003545e-05,4001236.3250861573,294.99301248728034,64.13320736702158,3.0,1.0,4.0
c103C15,2,8,depot,1,grasp,0.0018792999999277527,3000543.0227807215,243.02278072153308,0.0,3.0,0.0,3.0
c103C15,2,8,depot,1,mp_eavns,0.04077419999975973,2000564.103779841,264.1037798409292,0.0,3.0,1.0,2.0
c103C15,2,8,phased,3,edd,6.399999620043673e-06,2000734.2104059816,334.2104059815766,0.0,4.0,2.0,2.0
c103C15,2,8,phased,3,sweep,5.200000487093348e-06,925.4403601098969,232.4697747021134,39.29705854077835,3.0,2.0,0.0
c103C15,2,8,phased,3,nearest,1.9100000827165786e-05,2001245.1474222925,303.81534862230376,64.13320736702158,3.0,3.0,2.0
c103C15,2,8,phased,3,grasp,0.0026434000001245295,539.2803649215114,239.28036492151134,0.0,3.0,2.0,0.0
c103C15,2,8,phased,3,mp_eavns,0.05430549999982759,539.2803649215114,239.2803649215113,0.0,3.0,2.0,0.0
c103C15,2,8,all,5,edd,5.700000656361226e-06,2000734.2104059816,334.2104059815766,0.0,4.0,2.0,2.0
c103C15,2,8,all,5,sweep,6.100000064179767e-06,925.4403601098969,232.4697747021134,39.29705854077835,3.0,2.0,0.0
c103C15,2,8,all,5,nearest,1.9600000086938962e-05,2001245.1474222925,303.81534862230376,64.13320736702158,3.0,3.0,2.0
c103C15,2,8,all,5,grasp,0.002903600000536244,539.2803649215114,239.28036492151134,0.0,3.0,2.0,0.0
c103C15,2,8,all,5,mp_eavns,0.06020249999983207,539.2803649215114,239.2803649215113,0.0,3.0,2.0,0.0
c103C15,3,12,depot,1,edd,3.4699999559961725e-05,5000972.518624178,472.5186241777068,0.0,5.0,1.0,5.0
c103C15,3,12,depot,1,sweep,6.8999997893115506e-06,5001256.657366731,363.68678132330257,39.29705854077835,5.0,0.0,5.0
c103C15,3,12,depot,1,nearest,3.239999932702631e-05,7001442.476984758,460.9220405436099,48.15549442140352,5.0,0.0,7.0
c103C15,3,12,depot,1,grasp,0.002727500000219152,7000940.26077203,440.26077202958663,0.0,5.0,0.0,7.0
c103C15,3,12,depot,1,mp_eavns,0.12388100000043778,4000901.895184672,401.8951846719182,0.0,5.0,1.0,4.0
c103C15,3,12,phased,4,edd,1.1000000085914508e-05,2000997.1150506665,497.1150506665846,0.0,5.0,4.0,2.0
c103C15,3,12,phased,4,sweep,9.999999747378752e-06,1001275.7323310153,382.761745607456,39.29705854077835,5.0,3.0,1.0
c103C15,3,12,phased,4,nearest,5.380000038712751e-05,4001465.1845331686,483.62958895444035,48.15549442140352,5.0,3.0,4.0
c103C15,3,12,phased,4,grasp,0.00626769999962562,1012471.5023340506,510.95571330771503,1146.0546620742832,5.0,6.0,1.0
c103C15,3,12,phased,4,mp_eavns,0.1371804999998858,1000881.4901259481,381.49012594814513,0.0,5.0,3.0,1.0
c103C15,3,12,all,5,edd,8.099999831756577e-06,2000997.1150506665,497.1150506665846,0.0,5.0,4.0,2.0
c103C15,3,12,all,5,sweep,7.999999979801942e-06,1291.0676106913588,398.0970252835754,39.29705854077835,5.0,4.0,0.0
c103C15,3,12,all,5,nearest,3.329999981360743e-05,2001487.0574736653,505.5025294512378,48.15549442140352,5.0,5.0,2.0
c103C15,3,12,all,5,grasp,0.004609600000549108,7160.670714713512,509.8176698603023,615.085304485321,5.0,6.0,0.0
c103C15,3,12,all,5,mp_eavns,0.1370747000000847,896.8254056242645,396.82540562426453,0.0,5.0,4.0,0.0
c103C15,4,15,depot,1,edd,7.900000127847306e-06,11001364.208340697,664.2083406976287,0.0,7.0,0.0,11.0
c103C15,4,15,depot,1,sweep,5.899999450775795e-06,6006876.114744762,457.12090668388373,581.8993838078211,6.0,0.0,6.0
c103C15,4,15,depot,1,nearest,4.27999993917183e-05,8007180.8884402225,513.5331138821639,606.7355326340643,6.0,0.0,8.0
c103C15,4,15,depot,1,grasp,0.004226600000038161,7006533.842438114,507.8191854435876,542.6023252670427,6.0,0.0,7.0
c103C15,4,15,depot,1,mp_eavns,0.19367489999967802,5001087.177489308,487.1774893076281,0.0,6.0,1.0,5.0
c103C15,4,15,phased,5,edd,8.300000445160549e-06,2001437.4712809862,737.4712809862157,0.0,7.0,8.0,2.0
c103C15,4,15,phased,5,sweep,7.700000423938036e-06,1006900.9255301285,481.93169205032285,581.8993838078211,6.0,4.0,1.0
c103C15,4,15,phased,5,nearest,4.0299999454873614e-05,3007228.6971960226,561.3418696817973,606.7355326340643,6.0,5.0,3.0
c103C15,4,15,phased,5,grasp,0.009814000000005763,1260.4728291859824,660.4728291859825,0.0,6.0,9.0,0.0
c103C15,4,15,phased,5,mp_eavns,0.22362869999960822,1086.7818366591425,486.7818366591426,0.0,6.0,5.0,0.0
c103C15,4,15,all,5,edd,1.3900000340072438e-05,2001437.4712809862,737.4712809862157,0.0,7.0,8.0,2.0
c103C15,4,15,all,5,sweep,1.2999999853491317e-05,1006900.9255301285,481.93169205032285,581.8993838078211,6.0,4.0,1.0
c103C15,4,15,all,5,nearest,6.41999995423248e-05,3007228.6971960226,561.3418696817973,606.7355326340643,6.0,5.0,3.0
c103C15,4,15,all,5,grasp,0.011212800000066636,1273.97001685628,673.97001685628,0.0,6.0,10.0,0.0
c103C15,4,15,all,5,mp_eavns,0.23221899999953166,1086.7818366591425,486.7818366591426,0.0,6.0,5.0,0.0
c103C5,1,2,depot,1,edd,4.200000148557592e-06,1000174.0550579716,74.05505797167908,0.0,1.0,0.0,1.0
c103C5,1,2,depot,1,sweep,2.2999993234407157e-06,2000174.0550579717,74.05505797167908,0.0,1.0,0.0,2.0
c103C5,1,2,depot,1,nearest,7.700000423938036e-06,1000174.0550579716,74.05505797167908,0.0,1.0,0.0,1.0
c103C5,1,2,depot,1,grasp,0.0001480999999330379,1000174.0550579716,74.05505797167908,0.0,1.0,0.0,1.0
c103C5,1,2,depot,1,mp_eavns,0.0016741999997975654,1000174.0550579716,74.05505797167908,0.0,1.0,0.0,1.0
c103C5,1,2,phased,2,edd,2.100000529026147e-06,174.12124328779498,74.12124328779497,0.0,1.0,1.0,0.0
c103C5,1,2,phased,2,sweep,1.600000359758269e-06,9151.449747937731,75.4949264691462,897.5954821468586,1.0,1.0,0.0
c103C5,1,2,phased,2,nearest,4.200000148557592e-06,174.12124328779498,74.12124328779497,0.0,1.0,1.0,0.0
c103C5,1,2,phased,2,grasp,0.0001750999999785563,174.12124328779498,74.12124328779497,0.0,1.0,1.0,0.0
c103C5,1,2,phased,2,mp_eavns,0.0021006999995734077,174.12124328779498,74.12124328779497,0.0,1.0,1.0,0.0
c103C5,1,2,all,2,edd,1.8999999156221747e-06,174.12124328779498,74.12124328779497,0.0,1.0,1.0,0.0
c103C5,1,2,all,2,sweep,1.4000006558489986e-06,9151.449747937731,75.4949264691462,897.5954821468586,1.0,1.0,0.0
c103C5,1,2,all,2,nearest,4.000000444648322e-06,174.12124328779498,74.12124328779497,0.0,1.0,1.0,0.0
c103C5,1,2,all,2,grasp,0.00017279999974562088,174.12124328779498,74.12124328779497,0.0,1.0,1.0,0.0
c103C5,1,2,all,2,mp_eavns,0.002103200000419747,174.12124328779498,74.12124328779497,0.0,1.0,1.0,0.0
c103C5,2,3,depot,1,edd,3.000000106112566e-06,2000335.6667451747,135.66674517467652,0.0,2.0,0.0,2.0
c103C5,2,3,depot,1,sweep,2.499999936844688e-06,3000335.6667451747,135.66674517467652,0.0,2.0,0.0,3.0
c103C5,2,3,depot,1,nearest,6.999999641266186e-06,2000335.6667451747,135.66674517467652,0.0,2.0,0.0,2.0
c103C5,2,3,depot,1,grasp,0.00021629999992001103,2000335.6667451747,135.66674517467652,0.0,2.0,0.0,2.0
c103C5,2,3,depot,1,mp_eavns,0.0037829000002602697,2000335.6667451747,135.66674517467652,0.0,2.0,0.0,2.0
c103C5,2,3,phased,2,edd,4.100000296602957e-06,1000335.7329304907,135.73293049079243,0.0,2.0,1.0,1.0
c103C5,2,3,phased,2,sweep,3.6999999792897142e-06,1009313.0614351408,137.10661367214365,897.5954821468586,2.0,1.0,1.0
c103C5,2,3,phased,2,nearest,9.000000318337698e-06,1000335.7329304907,135.73293049079243,0.0,2.0,1.0,1.0
c103C5,2,3,phased,2,grasp,0.0002708000001803157,1000335.7329304907,135.73293049079243,0.0,2.0,1.0,1.0
c103C5,2,3,phased,2,mp_eavns,0.005036200000176905,1000335.7329304907,135.73293049079243,0.0,2.0,1.0,1.0
c103C5,2,3,all,2,edd,4.300000000512227e-06,1000335.7329304907,135.73293049079243,0.0,2.0,1.0,1.0
c103C5,2,3,all,2,sweep,4.70000031782547e-06,1009313.0614351408,137.10661367214365,897.5954821468586,2.0,1.0,1.0
c103C5,2,3,all,2,nearest,9.500000487605575e-06,1000335.7329304907,135.73293049079243,0.0,2.0,1.0,1.0
c103C5,2,3,all,2,grasp,0.00025939999977708794,1000335.7329304907,135.73293049079243,0.0,2.0,1.0,1.0
c103C5,2,3,all,2,mp_eavns,0.004911799999717914,1000335.7329304907,135.73293049079243,0.0,2.0,1.0,1.0
c103C5,3,4,depot,1,edd,3.99999953515362e-06,3000352.3975503314,152.39755033142472,0.0,2.0,0.0,3.0
c103C5,3,4,depot,1,sweep,2.5000008463393897e-06,4000352.3975503314,152.39755033142472,0.0,2.0,0.0,4.0
c103C5,3,4,depot,1,nearest,1.0000000656873453e-05,2000375.00919596,175.00919595983714,0.0,2.0,1.0,2.0
c103C5,3,4,depot,1,grasp,0.0002685999997993349,2000352.3975503314,152.39755033142472,0.0,2.0,0.0,2.0
c103C5,3,4,depot,1,mp_eavns,0.006178100000397535,2000352.3975503314,152.39755033142472,0.0,2.0,0.0,2.0
c103C5,3,4,phased,2,edd,4.699999408330768e-06,2000352.4637356475,152.4637356475406,0.0,2.0,1.0,2.0
c103C5,3,4,phased,2,sweep,4.699999408330768e-06,2009329.7922402974,153.83741882889183,897.5954821468586,2.0,1.0,2.0
c103C5,3,4,phased,2,nearest,1.0100000508828089e-05,1000375.075381276,175.07538127595302,0.0,2.0,2.0,1.0
c103C5,3,4,phased,2,grasp,0.0003245999996579485,1000352.4637356475,152.46373564754063,0.0,2.0,1.0,1.0
c103C5,3,4,phased,2,mp_eavns,0.008847099999911734,1000352.4637356475,152.46373564754063,0.0,2.0,1.0,1.0
c103C5,3,4,all,2,edd,5.500000042957254e-06,2000352.4637356475,152.4637356475406,0.0,2.0,1.0,2.0
c103C5,3,4,all,2,sweep,5.200000487093348e-06,2009329.7922402974,153.83741882889183,897.5954821468586,2.0,1.0,2.0
c103C5,3,4,all,2,nearest,1.1199999789823778e-05,1000375.075381276,175.07538127595302,0.0,2.0,2.0,1.0
c103C5,3,4,all,2,grasp,0.000313599999572034,1000352.4637356475,152.46373564754063,0.0,2.0,1.0,1.0
c103C5,3,4,all,2,mp_eavns,0.007912799999758136,1000352.4637356475,152.46373564754063,0.0,2.0,1.0,1.0
c103C5,4,5,depot,1,edd,3.899999683198985e-06,4000361.2613846622,161.2613846621467,0.0,2.0,0.0,4.0
c103C5,4,5,depot,1,sweep,3.099999958067201e-06,5000362.397550331,162.39755033142472,0.0,2.0,0.0,5.0
c103C5,4,5,depot,1,nearest,1.2200000128359534e-05,2000384.4978080858,184.49780808583205,0.0,2.0,1.0,2.0
c103C5,4,5,depot,1,grasp,0.0005436000001282082,2000384.4978080858,184.49780808583205,0.0,2.0,1.0,2.0
c103C5,4,5,depot,1,mp_eavns,0.009317199999713921,2000361.2613846622,161.26138466214672,0.0,2.0,0.0,2.0
c103C5,4,5,phased,2,edd,8.099999831756577e-06,3000361.3275699783,161.3275699782626,0.0,2.0,1.0,3.0
c103C5,4,5,phased,2,sweep,3.899999683198985e-06,3009339.7922402974,163.83741882889183,897.5954821468586,2.0,1.0,3.0
c103C5,4,5,phased,2,nearest,1.2100000276404899e-05,1000384.563993402,184.56399340194793,0.0,2.0,2.0,1.0
c103C5,4,5,phased,2,grasp,0.0006615000002057059,1000384.563993402,184.56399340194793,0.0,2.0,2.0,1.0
c103C5,4,5,phased,2,mp_eavns,0.012628500000573695,1000361.3275699783,161.3275699782626,0.0,2.0,1.0,1.0
c103C5,4,5,all,2,edd,4.599999556376133e-06,3000361.3275699783,161.3275699782626,0.0,2.0,1.0,3.0
c103C5,4,5,all,2,sweep,4.70000031782547e-06,3009339.7922402974,163.83741882889183,897.5954821468586,2.0,1.0,3.0
c103C5,4,5,all,2,nearest,1.4500000361294951e-05,1000384.563993402,184.56399340194793,0.0,2.0,2.0,1.0
c103C5,4,5,all,2,grasp,0.000691000000188069,1000384.563993402,184.56399340194793,0.0,2.0,2.0,1.0
c103C5,4,5,all,2,mp_eavns,0.012179700000160665,1000361.3275699783,161.3275699782626,0.0,2.0,1.0,1.0
c104C10,1,3,depot,1,edd,3.899999683198985e-06,2000182.0866422043,82.08664220436576,0.0,1.0,0.0,2.0
c104C10,1,3,depot,1,sweep,2.599999788799323e-06,2000182.0866422043,82.08664220436576,0.0,1.0,0.0,2.0
c104C10,1,3,depot,1,nearest,9.299999874201603e-06,1000182.0866422043,82.08664220436577,0.0,1.0,0.0,1.0
c104C10,1,3,depot,1,grasp,0.0001843999998527579,1000182.0866422043,82.08664220436577,0.0,1.0,0.0,1.0
c104C10,1,3,depot,1,mp_eavns,0.003122099999927741,1000182.0866422043,82.08664220436577,0.0,1.0,0.0,1.0
c104C10,1,3,phased,2,edd,3.6999999792897142e-06,2000182.0866422043,82.08664220436576,0.0,1.0,0.0,2.0
c104C10,1,3,phased,2,sweep,3.000000106112566e-06,2000182.0866422043,82.08664220436576,0.0,1.0,0.0,2.0
c104C10,1,3,phased,2,nearest,7.800000275892671e-06,1000182.0866422043,82.08664220436577,0.0,1.0,0.0,1.0
c104C10,1,3,phased,2,grasp,0.00018079999972542282,1000182.0866422043,82.08664220436577,0.0,1.0,0.0,1.0
c104C10,1,3,phased,2,mp_eavns,0.004124299999602954,190.0820755701828,90.08207557018281,0.0,1.0,1.0,0.0
c104C10,1,3,all,4,edd,3.899999683198985e-06,2000182.0866422043,82.08664220436576,0.0,1.0,0.0,2.0
c104C10,1,3,all,4,sweep,3.1999998100218363e-06,2000182.0866422043,82.08664220436576,0.0,1.0,0.0,2.0
c104C10,1,3,all,4,nearest,8.600000001024455e-06,1000182.0866422043,82.08664220436577,0.0,1.0,0.0,1.0
c104C10,1,3,all,4,grasp,0.00021050000032118987,190.0820755701828,90.08207557018281,0.0,1.0,1.0,0.0
c104C10,1,3,all,4,mp_eavns,0.00386279999929684,190.0820755701828,90.08207557018281,0.0,1.0,1.0,0.0
c104C10,2,5,depot,1,edd,4.100000296602957e-06,3000514.8684061966,214.86840619681237,0.0,3.0,0.0,3.0
c104C10,2,5,depot,1,sweep,3.2999996619764715e-06,3000360.7897963296,160.7897963293981,0.0,2.0,0.0,3.0
c104C10,2,5,depot,1,nearest,1.1699999959091656e-05,2000360.7897963293,160.78979632939811,0.0,2.0,0.0,2.0
c104C10,2,5,depot,1,grasp,0.000352500000190048,2000360.7897963293,160.78979632939811,0.0,2.0,0.0,2.0
c104C10,2,5,depot,1,mp_eavns,0.006664300000011281,2000360.7897963293,160.78979632939811,0.0,2.0,0.0,2.0
c104C10,2,5,phased,3,edd,3.600000127335079e-06,3000514.8684061966,214.86840619681237,0.0,3.0,0.0,3.0
c104C10,2,5,phased,3,sweep,2.599999788799323e-06,3000360.7897963296,160.7897963293981,0.0,2.0,0.0,3.0
c104C10,2,5,phased,3,nearest,1.0099999599333387e-05,2000360.7897963293,160.78979632939811,0.0,2.0,0.0,2.0
c104C10,2,5,phased,3,grasp,0.0003490999997666222,1000368.7852296953,168.78522969521515,0.0,2.0,1.0,1.0
c104C10,2,5,phased,3,mp_eavns,0.009898999999677471,1000368.7852296953,168.78522969521515,0.0,2.0,1.0,1.0
c104C10,2,5,all,4,edd,4.699999408330768e-06,3000514.8684061966,214.86840619681237,0.0,3.0,0.0,3.0
c104C10,2,5,all,4,sweep,4.70000031782547e-06,3000360.7897963296,160.7897963293981,0.0,2.0,0.0,3.0
c104C10,2,5,all,4,nearest,1.2700000297627412e-05,2000360.7897963293,160.78979632939811,0.0,2.0,0.0,2.0
c104C10,2,5,all,4,grasp,0.000382299999728275,1000382.8597556014,182.85975560134176,0.0,2.0,1.0,1.0
c104C10,2,5,all,4,mp_eavns,0.009073400000488618,1000368.7852296953,168.78522969521515,0.0,2.0,1.0,1.0
c104C10,3,8,depot,1,edd,4.200000148557592e-06,7000823.940401696,423.94040169524,0.0,4.0,0.0,7.0
c104C10,3,8,depot,1,sweep,3.5999992178403772e-06,6000609.250276659,309.250276658554,0.0,3.0,0.0,6.0
c104C10,3,8,depot,1,nearest,1.7299999854003545e-05,4000620.224529066,320.2245290660668,0.0,3.0,0.0,4.0
c104C10,3,8,depot,1,grasp,0.000999299999421055,4000682.259108136,382.25910813572926,0.0,3.0,1.0,4.0
c104C10,3,8,depot,1,mp_eavns,0.019831999999951222,4000609.2502766587,309.250276658554,0.0,3.0,0.0,4.0
c104C10,3,8,phased,4,edd,1.4799999917158857e-05,6000833.053625503,433.0536255024438,0.0,4.0,1.0,6.0
c104C10,3,8,phased,4,sweep,1.0799999472510535e-05,6000609.250276659,309.250276658554,0.0,3.0,0.0,6.0
c104C10,3,8,phased,4,nearest,1.9699999938893598e-05,4000620.224529066,320.2245290660668,0.0,3.0,0.0,4.0
c104C10,3,8,phased,4,grasp,0.0010112999998455052,2000714.2981174253,414.2981174252596,0.0,3.0,4.0,2.0
c104C10,3,8,phased,4,mp_eavns,0.061545200000182376,1000684.4162127419,384.416212741915,0.0,3.0,5.0,1.0
c104C10,3,8,all,4,edd,6.499999471998308e-06,6000833.053625503,433.0536255024438,0.0,4.0,1.0,6.0
c104C10,3,8,all,4,sweep,6.600000233447645e-06,6000609.250276659,309.250276658554,0.0,3.0,0.0,6.0
c104C10,3,8,all,4,nearest,2.120000044669723e-05,4000620.224529066,320.2245290660668,0.0,3.0,0.0,4.0
c104C10,3,8,all,4,grasp,0.0012611000001925277,2000707.2079295192,407.20792951934044,0.0,3.0,4.0,2.0
c104C10,3,8,all,4,mp_eavns,0.049929400000110036,1000775.6151949383,375.61519493824517,0.0,4.0,4.0,1.0
c104C10,4,10,depot,1,edd,6.999999641266186e-06,8000980.2537701875,480.25377018733997,0.0,5.0,0.0,8.0
c104C10,4,10,depot,1,sweep,4.800000169780105e-06,6000757.339307089,357.3393070889709,0.0,4.0,0.0,6.0
c104C10,4,10,depot,1,nearest,2.6699999580159783e-05,5000838.00395825,438.0039582505938,0.0,4.0,1.0,5.0
c104C10,4,10,depot,1,grasp,0.0013385000002017478,4000842.685862982,442.68586298238966,0.0,4.0,2.0,4.0
c104C10,4,10,depot,1,mp_eavns,0.046321200000420504,4000757.339307089,357.3393070889709,0.0,4.0,0.0,4.0
c104C10,4,10,phased,4,edd,7.200000254670158e-06,7000989.366993994,489.3669939945438,0.0,5.0,1.0,7.0
c104C10,4,10,phased,4,sweep,6.099999154685065e-06,6000757.339307089,357.3393070889709,0.0,4.0,0.0,6.0
c104C10,4,10,phased,4,nearest,2.4599999960628338e-05,4000843.275506522,443.27550652222163,0.0,4.0,2.0,4.0
c104C10,4,10,phased,4,grasp,0.0013060999999652267,2000901.7016194914,501.7016194913583,0.0,4.0,5.0,2.0
c104C10,4,10,phased,4,mp_eavns,0.06998199999998178,1000797.0788160552,397.0788160552017,0.0,4.0,4.0,1.0
c104C10,4,10,all,4,edd,6.600000233447645e-06,7000989.366993994,489.3669939945438,0.0,5.0,1.0,7.0
c104C10,4,10,all,4,sweep,7.0000005507608876e-06,6000757.339307089,357.3393070889709,0.0,4.0,0.0,6.0
c104C10,4,10,all,4,nearest,2.519999998185085e-05,4000843.275506522,443.27550652222163,0.0,4.0,2.0,4.0
c104C10,4,10,all,4,grasp,0.0015773999994053156,3000827.2271367647,427.227136764884,0.0,4.0,3.0,3.0
c104C10,4,10,all,4,mp_eavns,0.07262809999974706,1000790.1403824305,390.14038243053994,0.0,4.0,4.0,1.0
c106C15,1,4,depot,1,edd,4.200000148557592e-06,1000160.6117270404,60.611727040403494,0.0,1.0,0.0,1.0
c106C15,1,4,depot,1,sweep,2.4000000848900527e-06,1006102.0330832778,60.611727040403494,594.1421356237311,1.0,0.0,1.0
c106C15,1,4,depot,1,nearest,1.1399999493733048e-05,4197.02775637732,57.027756377319946,404.0,1.0,0.0,0.0
c106C15,1,4,depot,1,grasp,0.0005153000001882901,153.63948341772345,53.63948341772344,0.0,1.0,0.0,0.0
c106C15,1,4,depot,1,mp_eavns,0.00745089999963966,153.63948341772345,53.63948341772344,0.0,1.0,0.0,0.0
c106C15,1,4,phased,2,edd,2.70000055024866e-06,174.19277111789316,74.19277111789316,0.0,1.0,1.0,0.0
c106C15,1,4,phased,2,sweep,2.9000002541579306e-06,6112.575506096403,71.15414985909266,594.1421356237311,1.0,1.0,0.0
c106C15,1,4,phased,2,nearest,7.699999514443334e-06,4197.02775637732,57.027756377319946,404.0,1.0,0.0,0.0
c106C15,1,4,phased,2,grasp,0.0006231999996089144,153.63948341772345,53.63948341772344,0.0,1.0,0.0,0.0
c106C15,1,4,phased,2,mp_eavns,0.008939399999690067,153.63948341772345,53.63948341772344,0.0,1.0,0.0,0.0
c106C15,1,4,all,3,edd,4.300000000512227e-06,174.19277111789316,74.19277111789316,0.0,1.0,1.0,0.0
c106C15,1,4,all,3,sweep,2.4000000848900527e-06,6112.575506096403,71.15414985909266,594.1421356237311,1.0,1.0,0.0
c106C15,1,4,all,3,nearest,7.300000106624793e-06,4197.02775637732,57.027756377319946,404.0,1.0,0.0,0.0
c106C15,1,4,all,3,grasp,0.0006278999999267398,153.63948341772345,53.63948341772344,0.0,1.0,0.0,0.0
c106C15,1,4,all,3,mp_eavns,0.009278000000449538,153.63948341772345,53.63948341772344,0.0,1.0,0.0,0.0
c106C15,2,8,depot,1,edd,4.499999704421498e-06,6000441.169654389,241.16965438848226,0.0,2.0,0.0,6.0
c106C15,2,8,depot,1,sweep,3.5000002753804438e-06,2011751.7996102294,216.45754772477267,1133.5342062504706,2.0,1.0,2.0
c106C15,2,8,depot,1,nearest,1.650000012887176e-05,2021864.6904517752,212.6897965204642,2145.2000655254697,2.0,1.0,2.0
c106C15,2,8,depot,1,grasp,0.0018021999994743965,2000414.8991874398,214.89918743971793,0.0,2.0,1.0,2.0
c106C15,2,8,depot,1,mp_eavns,0.04626490000009653,1000499.4853041021,199.4853041020926,0.0,3.0,0.0,1.0
c106C15,2,8,phased,2,edd,6.70000008540228e-06,3000443.229614741,243.22961474120632,0.0,2.0,1.0,3.0
c106C15,2,8,phased,2,sweep,5.4000001910026185e-06,1011700.8597450622,222.0931066536904,1127.876663840852,2.0,2.0,1.0
c106C15,2,8,phased,2,nearest,1.8799999452312477e-05,1021740.5378221745,213.28952961035606,2132.724829256419,2.0,2.0,1.0
c106C15,2,8,phased,2,grasp,0.002229000000625092,1000831.3945983209,229.00307403640258,40.23915242845294,2.0,2.0,1.0
c106C15,2,8,phased,2,mp_eavns,0.042910399999527726,1000499.4853041021,199.4853041020926,0.0,3.0,0.0,1.0
c106C15,2,8,all,3,edd,5.700000656361226e-06,3000443.229614741,243.22961474120632,0.0,2.0,1.0,3.0
c106C15,2,8,all,3,sweep,6.400000529538374e-06,11519.262917389413,206.5820596921593,1111.2680857697255,2.0,3.0,0.0
c106C15,2,8,all,3,nearest,2.4700000722077675e-05,1021740.5378221745,213.28952961035606,2132.724829256419,2.0,2.0,1.0
c106C15,2,8,all,3,grasp,0.0021943000001556356,5940.5930940238395,220.65455103337712,551.9938542990462,2.0,3.0,0.0
c106C15,2,8,all,3,mp_eavns,0.06571470000017143,505.58647589712075,205.58647589712078,0.0,3.0,2.0,0.0
c106C15,3,12,depot,1,edd,6.399999620043673e-06,8000731.327153351,431.3271533515306,0.0,3.0,1.0,8.0
c106C15,3,12,depot,1,sweep,4.200000148557592e-06,3018945.1905653444,293.7929900850261,1835.1397575259346,3.0,1.0,3.0
c106C15,3,12,depot,1,nearest,2.989999939018162e-05,4027672.218263845,286.2938300947893,2708.5924433750183,3.0,1.0,4.0
c106C15,3,12,depot,1,grasp,0.005672699999195174,2018963.5456080898,328.71463765208415,1833.483097043762,3.0,2.0,2.0
c106C15,3,12,depot,1,mp_eavns,0.12948689999939234,2000674.3274920946,274.32749209456813,0.0,4.0,0.0,2.0
c106C15,3,12,phased,3,edd,6.699999175907578e-06,6000765.860610832,465.86061083268527,0.0,3.0,3.0,6.0
c106C15,3,12,phased,3,sweep,6.50000038149301e-06,1018712.6538725044,283.9175020524127,1812.8736370451895,3.0,3.0,1.0
c106C15,3,12,phased,3,nearest,3.0500000320898835e-05,1027699.3192516111,313.394817860914,2708.5924433750183,3.0,4.0,1.0
c106C15,3,12,phased,3,grasp,0.006903500000589702,1014529.711042303,441.7092433583798,1378.800179894461,3.0,5.0,1.0
c106C15,3,12,phased,3,mp_eavns,0.19834890000038286,665.7890024417952,365.7890024417952,0.0,3.0,5.0,0.0
c106C15,3,12,all,3,edd,6.900000698806252e-06,6000765.860610832,465.86061083268527,0.0,3.0,3.0,6.0
c106C15,3,12,all,3,sweep,5.7999995988211595e-06,1018712.6538725044,283.9175020524127,1812.8736370451895,3.0,3.0,1.0
c106C15,3,12,all,3,nearest,2.9000000722589903e-05,1027699.3192516111,313.394817860914,2708.5924433750183,3.0,4.0,1.0
c106C15,3,12,all,3,grasp,0.007018999999672815,13555.760170793154,371.4832430922942,1288.427692770086,3.0,5.0,0.0
c106C15,3,12,all,3,mp_eavns,0.2563341000004584,709.399017496979,409.39901749697907,0.0,3.0,6.0,0.0
c106C15,4,15,depot,1,edd,1.1299999641778413e-05,9000952.711755594,552.7117555949881,0.0,4.0,2.0,9.0
c106C15,4,15,depot,1,sweep,8.999999408842996e-06,4030207.417254951,354.60360024426836,2945.281365470655,4.0,1.0,4.0
c106C15,4,15,depot,1,nearest,6.10999995842576e-05,5017031.901098684,348.9305132770711,1628.2970585407784,4.0,0.0,5.0
c106C15,4,15,depot,1,grasp,0.025006099999700382,2029964.0523871311,459.7680522050852,2910.4284334926037,4.0,3.0,2.0
c106C15,4,15,depot,1,mp_eavns,0.2927857999993648,2000786.2104841839,386.21048418383987,0.0,4.0,3.0,2.0
c106C15,4,15,phased,3,edd,1.2099999366910197e-05,7001001.4186061695,601.4186061694269,0.0,4.0,4.0,7.0
c106C15,4,15,phased,3,sweep,1.160000010713702e-05,2029974.8805621108,344.728112211655,2923.0152449899097,4.0,3.0,2.0
c106C15,4,15,phased,3,nearest,7.479999931092607e-05,3017058.9556217617,375.9850363540259,1628.2970585407784,4.0,2.0,3.0
c106C15,4,15,phased,3,grasp,0.029710800000430027,2007018.823882898,433.4172906127895,618.5406592285381,4.0,3.0,2.0
c106C15,4,15,phased,3,mp_eavns,0.4083386000002065,792.4351242046566,392.4351242046566,0.0,4.0,5.0,0.0
c106C15,4,15,all,3,edd,1.1699999959091656e-05,7001001.4186061695,601.4186061694269,0.0,4.0,4.0,7.0
c106C15,4,15,all,3,sweep,1.1099999937869143e-05,2029974.8805621108,344.728112211655,2923.0152449899097,4.0,3.0,2.0
c106C15,4,15,all,3,nearest,7.069999992381781e-05,3017058.9556217617,375.9850363540259,1628.2970585407784,4.0,2.0,3.0
c106C15,4,15,all,3,grasp,0.020469300000513613,1014263.7597488605,533.8112464332069,1332.9948502427258,4.0,7.0,1.0
c106C15,4,15,all,3,mp_eavns,0.49669879999964905,823.8323725377666,423.8323725377666,0.0,4.0,6.0,0.0
c202C10,1,3,depot,1,edd,5.599999894911889e-06,1000369.042819029,169.04281902890477,0.0,2.0,1.0,1.0
c202C10,1,3,depot,1,sweep,4.499999704421498e-06,2000344.4750776982,144.47507769812634,0.0,2.0,0.0,2.0
c202C10,1,3,depot,1,nearest,1.3099999705445953e-05,1000344.4750776981,144.47507769812634,0.0,2.0,0.0,1.0
c202C10,1,3,depot,1,grasp,0.0004183000000921311,1000344.4750776981,144.47507769812634,0.0,2.0,0.0,1.0
c202C10,1,3,depot,1,mp_eavns,0.006794900000386406,1000344.4750776981,144.47507769812634,0.0,2.0,0.0,1.0
c202C10,1,3,phased,2,edd,3.6999999792897142e-06,382.9083965973216,182.90839659732163,0.0,2.0,2.0,0.0
c202C10,1,3,phased,2,sweep,2.899999344663229e-06,1000375.1066123248,175.10661232486126,0.0,2.0,1.0,1.0
c202C10,1,3,phased,2,nearest,7.3999999585794285e-06,1000344.4750776981,144.47507769812634,0.0,2.0,0.0,1.0
c202C10,1,3,phased,2,grasp,0.00023809999947843608,382.9083965973216,182.90839659732163,0.0,2.0,2.0,0.0
c202C10,1,3,phased,2,mp_eavns,0.004381399999147106,382.9083965973216,182.90839659732163,0.0,2.0,2.0,0.0
c202C10,1,3,all,5,edd,3.1999998100218363e-06,369.05190805910445,169.05190805910445,0.0,2.0,2.0,0.0
c202C10,1,3,all,5,sweep,2.0000006770715117e-06,347.79081584865924,147.7908158486592,0.0,2.0,1.0,0.0
c202C10,1,3,all,5,nearest,5.200000487093348e-06,1000344.4750776981,144.47507769812634,0.0,2.0,0.0,1.0
c202C10,1,3,all,5,grasp,0.0002657000004546717,347.79081584865924,147.7908158486592,0.0,2.0,1.0,0.0
c202C10,1,3,all,5,mp_eavns,0.004946100000779552,347.79081584865924,147.7908158486592,0.0,2.0,1.0,0.0
c202C10,2,5,depot,1,edd,7.899999218352605e-06,3000517.2401434416,217.24014344158053,0.0,3.0,0.0,3.0
c202C10,2,5,depot,1,sweep,5.899999450775795e-06,4000528.189127847,228.18912784691906,0.0,3.0,0.0,4.0
c202C10,2,5,depot,1,nearest,2.0200000108161476e-05,4000549.793951381,249.79395138121512,0.0,3.0,0.0,4.0
c202C10,2,5,depot,1,grasp,0.0006710999996357714,2028604.8467985077,229.1489013063083,2817.569789720135,2.0,2.0,2.0
c202C10,2,5,depot,1,mp_eavns,0.020074899999599438,2000528.1891278469,228.18912784691906,0.0,3.0,0.0,2.0
c202C10,2,5,phased,3,edd,7.099999493220821e-06,2000531.10572101,231.10572100999738,0.0,3.0,1.0,2.0
c202C10,2,5,phased,3,sweep,6.900000698806252e-06,1002663.8229011949,308.5067434236789,205.53161577712217,3.0,3.0,1.0
c202C10,2,5,phased,3,nearest,1.739999970595818e-05,7095.921306973075,315.3860731335379,648.0535233839537,3.0,4.0,0.0
c202C10,2,5,phased,3,grasp,0.0004256000001987559,7095.921306973075,315.3860731335379,648.0535233839537,3.0,4.0,0.0
c202C10,2,5,phased,3,mp_eavns,0.028414100000190956,587.450002609429,287.4500026094291,0.0,3.0,3.0,0.0
c202C10,2,5,all,5,edd,4.5000006139162e-06,2000517.2492324717,217.2492324717802,0.0,3.0,1.0,2.0
c202C10,2,5,all,5,sweep,4.100000296602957e-06,1002604.4098093263,249.09365155506967,205.53161577712217,3.0,2.0,1.0
c202C10,2,5,all,5,nearest,1.3100000614940654e-05,7082.064818434857,301.5295845953207,648.0535233839537,3.0,4.0,0.0
c202C10,2,5,all,5,grasp,0.0004580999993777368,7082.064818434857,301.5295845953207,648.0535233839537,3.0,4.0,0.0
c202C10,2,5,all,5,mp_eavns,0.033196200000020326,555.9729812649286,255.97298126492865,0.0,3.0,3.0,0.0
c202C10,3,8,depot,1,edd,8.600000001024455e-06,3000882.5274366816,382.5274366816008,0.0,5.0,1.0,3.0
c202C10,3,8,depot,1,sweep,7.3999999585794285e-06,5000980.301891224,380.30189122445483,0.0,6.0,0.0,5.0
c202C10,3,8,depot,1,nearest,4.329999956098618e-05,4000882.985374381,382.98537438076926,0.0,5.0,1.0,4.0
c202C10,3,8,depot,1,grasp,0.000942399999985355,3000877.2567435103,377.25674351047786,0.0,5.0,1.0,3.0
c202C10,3,8,depot,1,mp_eavns,0.028166000000055647,3000852.6890021795,352.6890021796994,0.0,5.0,0.0,3.0
c202C10,3,8,phased,4,edd,5.300000339047983e-06,1000896.3966590153,396.3966590153442,0.0,5.0,3.0,1.0
c202C10,3,8,phased,4,sweep,5.100000635138713e-06,1003115.9393093378,460.6231515665413,205.53161577712217,6.0,4.0,1.0
c202C10,3,8,phased,4,nearest,1.7299999854003545e-05,920.8647742828209,420.8647742828209,0.0,5.0,5.0,0.0
c202C10,3,8,phased,4,grasp,0.0007075000003169407,906.351175536292,406.3511755362919,0.0,5.0,4.0,0.0
c202C10,3,8,phased,4,mp_eavns,0.046221999999943364,864.3404416741035,364.34044167410354,0.0,5.0,3.0,0.0
c202C10,3,8,all,5,edd,6.199999916134402e-06,1000882.5401704771,382.54017047712705,0.0,5.0,3.0,1.0
c202C10,3,8,all,5,sweep,5.700000656361226e-06,1003056.5262174691,401.2100596979321,205.53161577712217,6.0,3.0,1.0
c202C10,3,8,all,5,nearest,1.82999992830446e-05,907.0082857446038,407.00828574460377,0.0,5.0,5.0,0.0
c202C10,3,8,all,5,grasp,0.0007278000002770568,7385.877215665252,420.725625473508,646.5151590191745,5.0,5.0,0.0
c202C10,3,8,all,5,mp_eavns,0.050795999999536434,850.4839531358864,350.4839531358864,0.0,5.0,3.0,0.0
c202C10,4,10,depot,1,edd,6.600000233447645e-06,4000892.901753721,392.9017537208547,0.0,5.0,1.0,4.0
c202C10,4,10,depot,1,sweep,5.300000339047983e-06,5001118.014570083,418.01457008245757,0.0,7.0,0.0,5.0
c202C10,4,10,depot,1,nearest,2.860000040527666e-05,3022317.7056535645,418.3452829816921,2139.9360370582713,5.0,2.0,3.0
c202C10,4,10,depot,1,grasp,0.0018851999993785284,3022317.7056535645,418.345282981692,2139.9360370582713,5.0,2.0,3.0
c202C10,4,10,depot,1,mp_eavns,0.059350000000449654,3000862.1450543352,362.1450543351474,0.0,5.0,0.0,3.0
c202C10,4,10,phased,5,edd,1.359999987471383e-05,2000892.9144875163,392.9144875163809,0.0,5.0,3.0,2.0
c202C10,4,10,phased,5,sweep,1.2900000001536682e-05,1003194.2388963272,438.9227385559348,205.53161577712217,7.0,3.0,1.0
c202C10,4,10,phased,5,nearest,4.799999987881165e-05,22332.943597052,433.583226469289,2139.9360370582713,5.0,5.0,0.0
c202C10,4,10,phased,5,grasp,0.002970699999423232,22332.943597052,433.583226469289,2139.9360370582713,5.0,5.0,0.0
c202C10,4,10,phased,5,mp_eavns,0.07992450000074314,859.9400052913343,359.94000529133433,0.0,5.0,3.0,0.0
c202C10,4,10,all,5,edd,7.3999999585794285e-06,2000892.9144875163,392.9144875163809,0.0,5.0,3.0,2.0
c202C10,4,10,all,5,sweep,7.300000106624793e-06,1003194.2388963272,438.9227385559348,205.53161577712217,7.0,3.0,1.0
c202C10,4,10,all,5,nearest,2.59000007645227e-05,22332.943597052,433.583226469289,2139.9360370582713,5.0,5.0,0.0
c202C10,4,10,all,5,grasp,0.0025860000005195616,1401.391053802324,385.3763487149693,51.601470508735474,5.0,4.0,0.0
c202C10,4,10,all,5,mp_eavns,0.09819139999945037,859.9400052913344,359.9400052913344,0.0,5.0,3.0,0.0
c202C15,1,4,depot,1,edd,4.300000000512227e-06,1000336.5724379993,136.57243799927383,0.0,2.0,0.0,1.0
c202C15,1,4,depot,1,sweep,2.9000002541579306e-06,1004491.1497304568,146.80991913623166,414.4339811320566,2.0,0.0,1.0
c202C15,1,4,depot,1,nearest,1.120000069931848e-05,1000345.4453806963,145.44538069633808,0.0,2.0,0.0,1.0
c202C15,1,4,depot,1,grasp,0.00023220000002766028,1000336.5724379993,136.57243799927383,0.0,2.0,0.0,1.0
c202C15,1,4,depot,1,mp_eavns,0.0065818000002764165,1000335.2078995594,135.20789955938022,0.0,2.0,0.0,1.0
c202C15,1,4,phased,2,edd,2.6999996407539584e-06,1000336.5724379993,136.57243799927383,0.0,2.0,0.0,1.0
c202C15,1,4,phased,2,sweep,2.3000002329354174e-06,1004491.1497304568,146.80991913623166,414.4339811320566,2.0,0.0,1.0
c202C15,1,4,phased,2,nearest,7.199999345175456e-06,1000345.4453806963,145.44538069633808,0.0,2.0,0.0,1.0
c202C15,1,4,phased,2,grasp,0.0002722999997786246,341.58344867479315,141.58344867479315,0.0,2.0,2.0,0.0
c202C15,1,4,phased,2,mp_eavns,0.009808499999962805,341.58344867479315,141.58344867479315,0.0,2.0,2.0,0.0
c202C15,1,4,all,5,edd,7.800000275892671e-06,1000336.5724379993,136.57243799927383,0.0,2.0,0.0,1.0
c202C15,1,4,all,5,sweep,7.700000423938036e-06,1004491.1497304568,146.80991913623166,414.4339811320566,2.0,0.0,1.0
c202C15,1,4,all,5,nearest,1.8200000340584666e-05,1000345.4453806963,145.44538069633808,0.0,2.0,0.0,1.0
c202C15,1,4,all,5,grasp,0.00047109999923122814,1000335.2078995594,135.20789955938022,0.0,2.0,0.0,1.0
c202C15,1,4,all,5,mp_eavns,0.015431099999659637,341.58344867479315,141.58344867479315,0.0,2.0,2.0,0.0
c202C15,2,8,depot,1,edd,8.600000001024455e-06,4000819.15361683,419.15361682974697,0.0,4.0,1.0,4.0
c202C15,2,8,depot,1,sweep,6.999999641266186e-06,4004833.0949581685,288.7551468477437,414.4339811320566,4.0,0.0,4.0
c202C15,2,8,depot,1,nearest,3.20999997711624e-05,3000594.440329207,294.4403292068995,0.0,3.0,1.0,3.0
c202C15,2,8,depot,1,grasp,0.0021720999993704027,2000584.3143022768,284.31430227685587,0.0,3.0,1.0,2.0
c202C15,2,8,depot,1,mp_eavns,0.05482930000016495,2000584.3143022768,284.31430227685587,0.0,3.0,1.0,2.0
c202C15,2,8,phased,3,edd,6.600000233447645e-06,4000808.300333569,408.30033356865147,0.0,4.0,1.0,4.0
c202C15,2,8,phased,3,sweep,6.499999471998308e-06,4004833.0949581685,288.7551468477437,414.4339811320566,4.0,0.0,4.0
c202C15,2,8,phased,3,nearest,2.0400000721565448e-05,3000591.6851200513,291.6851200514319,0.0,3.0,1.0,3.0
c202C15,2,8,phased,3,grasp,0.0014324999992822995,1000589.2177496805,289.2177496805642,0.0,3.0,3.0,1.0
c202C15,2,8,phased,3,mp_eavns,0.04344479999963369,1000589.2177496805,289.2177496805642,0.0,3.0,3.0,1.0
c202C15,2,8,all,5,edd,6.70000008540228e-06,4000808.300333569,408.30033356865147,0.0,4.0,1.0,4.0
c202C15,2,8,all,5,sweep,6.100000064179767e-06,4004833.0949581685,288.7551468477437,414.4339811320566,4.0,0.0,4.0
c202C15,2,8,all,5,nearest,2.190000031987438e-05,3000591.6851200513,291.6851200514319,0.0,3.0,1.0,3.0
c202C15,2,8,all,5,grasp,0.0019019999999727588,1000594.5940032527,294.59400325266563,0.0,3.0,3.0,1.0
c202C15,2,8,all,5,mp_eavns,0.0828334999996514,1000604.8328534208,304.83285342078244,0.0,3.0,3.0,1.0
c202C15,3,12,depot,1,edd,1.2200000128359534e-05,8001085.758810853,585.758810852892,0.0,5.0,1.0,8.0
c202C15,3,12,depot,1,sweep,2.2400000489142258e-05,7007462.819572804,397.4300297377268,656.5389543065994,5.0,0.0,7.0
c202C15,3,12,depot,1,nearest,5.4799999816168565e-05,5007848.928073257,407.2129918795031,704.1715081377674,4.0,1.0,5.0
c202C15,3,12,depot,1,grasp,0.005791800000224612,5000851.169524788,451.16952478757116,0.0,4.0,1.0,5.0
c202C15,3,12,depot,1,mp_eavns,0.13609470000028523,4000808.6528773624,408.65287736240526,0.0,4.0,1.0,4.0
c202C15,3,12,phased,4,edd,1.2600000445672777e-05,8001074.905527592,574.9055275917965,0.0,5.0,1.0,8.0
c202C15,3,12,phased,4,sweep,1.1900000572495628e-05,7007462.819572804,397.4300297377268,656.5389543065994,5.0,0.0,7.0
c202C15,3,12,phased,4,nearest,4.73000000056345e-05,5007848.928073257,407.2129918795031,704.1715081377674,4.0,1.0,5.0
c202C15,3,12,phased,4,grasp,0.00529869999991206,3000803.5347755123,403.53477551234516,0.0,4.0,3.0,3.0
c202C15,3,12,phased,4,mp_eavns,0.16186710000056337,1000874.9265548266,474.9265548265988,0.0,4.0,7.0,1.0
c202C15,3,12,all,5,edd,2.969999968627235e-05,8001074.905527592,574.9055275917965,0.0,5.0,1.0,8.0
c202C15,3,12,all,5,sweep,1.1899999663000926e-05,7007462.819572804,397.4300297377268,656.5389543065994,5.0,0.0,7.0
c202C15,3,12,all,5,nearest,4.799999987881165e-05,5007848.928073257,407.2129918795031,704.1715081377674,4.0,1.0,5.0
c202C15,3,12,all,5,grasp,0.009139000000686792,1004482.4926555648,557.9975871138217,352.449506845095,4.0,7.0,1.0
c202C15,3,12,all,5,mp_eavns,0.18081050000000687,872.4754667870103,472.4754667870103,0.0,4.0,7.0,0.0
c202C15,4,15,depot,1,edd,6.799999937356915e-06,11001223.654215803,723.6542158042495,0.0,5.0,2.0,11.0
c202C15,4,15,depot,1,sweep,5.199999577598646e-06,8007639.730641962,474.34109889593327,656.5389543065994,6.0,0.0,8.0
c202C15,4,15,depot,1,nearest,3.689999994094251e-05,9001019.355088446,519.3550884462788,0.0,5.0,0.0,9.0
c202C15,4,15,depot,1,grasp,0.008664400000270689,7001044.9408336915,544.9408336911397,0.0,5.0,1.0,7.0
c202C15,4,15,depot,1,mp_eavns,0.25699770000028366,5000979.767309954,479.76730995454164,0.0,5.0,1.0,5.0
c202C15,4,15,phased,5,edd,1.3199999557400588e-05,10001224.562934475,724.5629344753523,0.0,5.0,3.0,10.0
c202C15,4,15,phased,5,sweep,1.2600000445672777e-05,8007639.730641962,474.34109889593327,656.5389543065994,6.0,0.0,8.0
c202C15,4,15,phased,5,nearest,9.6000000667118e-05,5007206.3380888235,525.9540407198789,618.0384048104053,5.0,3.0,5.0
c202C15,4,15,phased,5,grasp,0.007540000000517466,3043903.9872304955,554.3337821208908,4284.965344837489,5.0,4.0,3.0
c202C15,4,15,phased,5,mp_eavns,0.40425859999959357,1060.123437793915,560.1234377939148,0.0,5.0,8.0,0.0
c202C15,4,15,all,5,edd,8.600000001024455e-06,10001224.562934475,724.5629344753523,0.0,5.0,3.0,10.0
c202C15,4,15,all,5,sweep,9.60000033956021e-06,8007639.730641962,474.34109889593327,656.5389543065994,6.0,0.0,8.0
c202C15,4,15,all,5,nearest,4.059999992023222e-05,5007206.3380888235,525.9540407198789,618.0384048104053,5.0,3.0,5.0
c202C15,4,15,all,5,grasp,0.007664499999918917,2004883.2547966077,718.4407151216511,366.48140814859585,5.0,8.0,2.0
c202C15,4,15,all,5,mp_eavns,0.34159379999982775,1002.1385272163798,502.13852721637977,0.0,5.0,6.0,0.0
c205C10,1,3,depot,1,edd,4.300000000512227e-06,2000383.7184947196,183.71849471949812,0.0,2.0,0.0,2.0
c205C10,1,3,depot,1,sweep,2.599999788799323e-06,2000383.7184947196,183.71849471949812,0.0,2.0,0.0,2.0
c205C10,1,3,depot,1,nearest,9.599999430065509e-06,2000383.7184947196,183.71849471949812,0.0,2.0,0.0,2.0
c205C10,1,3,depot,1,grasp,0.0002266000001327484,1000331.3324384453,131.33243844532697,0.0,2.0,0.0,1.0
c205C10,1,3,depot,1,mp_eavns,0.005406999999649997,1000331.3324384453,131.33243844532697,0.0,2.0,0.0,1.0
c205C10,1,3,phased,2,edd,4.400000761961564e-06,2000383.7184947196,183.71849471949812,0.0,2.0,0.0,2.0
c205C10,1,3,phased,2,sweep,3.600000036385609e-05,2000383.7184947196,183.71849471949812,0.0,2.0,0.0,2.0
c205C10,1,3,phased,2,nearest,1.5999999959603883e-05,2000383.7184947196,183.71849471949812,0.0,2.0,0.0,2.0
c205C10,1,3,phased,2,grasp,0.00040580000040790765,1000331.3324384453,131.33243844532697,0.0,2.0,0.0,1.0
c205C10,1,3,phased,2,mp_eavns,0.009789499999897089,1000331.3324384453,131.33243844532697,0.0,2.0,0.0,1.0
c205C10,1,3,all,3,edd,7.300000106624793e-06,2000383.7184947196,183.71849471949812,0.0,2.0,0.0,2.0
c205C10,1,3,all,3,sweep,8.300000445160549e-06,2000383.7184947196,183.71849471949812,0.0,2.0,0.0,2.0
c205C10,1,3,all,3,nearest,2.1599999854515772e-05,2000383.7184947196,183.71849471949812,0.0,2.0,0.0,2.0
c205C10,1,3,all,3,grasp,0.0004162999994150596,1000331.3324384453,131.33243844532697,0.0,2.0,0.0,1.0
c205C10,1,3,all,3,mp_eavns,0.009105499999350286,1000331.3324384453,131.33243844532697,0.0,2.0,0.0,1.0
c205C10,2,5,depot,1,edd,6.8999997893115506e-06,4000496.9368721773,296.93687217708276,0.0,2.0,1.0,4.0
c205C10,2,5,depot,1,sweep,5.699999746866524e-06,4000460.461137458,260.4611374581373,0.0,2.0,0.0,4.0
c205C10,2,5,depot,1,nearest,2.4900000425986946e-05,3032660.52114548,310.10327219826405,3215.041787328192,2.0,1.0,3.0
c205C10,2,5,depot,1,grasp,0.0008969999998953426,3008980.700379294,262.641943278774,851.8058436014985,2.0,0.0,3.0
c205C10,2,5,depot,1,mp_eavns,0.02458959999967192,2000528.0733894422,228.07338944224168,0.0,3.0,0.0,2.0
c205C10,2,5,phased,2,edd,8.400000297115184e-06,4000496.9368721773,296.93687217708276,0.0,2.0,1.0,4.0
c205C10,2,5,phased,2,sweep,8.900000466383062e-06,4000460.461137458,260.4611374581373,0.0,2.0,0.0,4.0
c205C10,2,5,phased,2,nearest,2.049999966402538e-05,3032331.380175524,280.90407051804686,3185.0476105005805,2.0,1.0,3.0
c205C10,2,5,phased,2,grasp,0.0013303000005180365,2009172.9182704403,281.6603378019954,869.1257932638373,2.0,2.0,2.0
c205C10,2,5,phased,2,mp_eavns,0.02197029999933875,2000528.0733894422,228.07338944224168,0.0,3.0,0.0,2.0
c205C10,2,5,all,3,edd,8.199999683711212e-06,4000496.9368721773,296.93687217708276,0.0,2.0,1.0,4.0
c205C10,2,5,all,3,sweep,6.8999997893115506e-06,4000460.461137458,260.4611374581373,0.0,2.0,0.0,4.0
c205C10,2,5,all,3,nearest,1.880000036180718e-05,3032331.380175524,280.90407051804686,3185.0476105005805,2.0,1.0,3.0
c205C10,2,5,all,3,grasp,0.0012106000003768713,2030477.8103364222,280.87185426448787,2999.693848215777,2.0,2.0,2.0
c205C10,2,5,all,3,mp_eavns,0.035910100000364764,1000531.7008502977,231.70085029773463,0.0,3.0,1.0,1.0
c205C10,3,8,depot,1,edd,8.799999704933725e-06,4000653.889994609,353.88999460933474,0.0,3.0,2.0,4.0
c205C10,3,8,depot,1,sweep,6.799999937356915e-06,6000635.774863261,335.77486326123926,0.0,3.0,0.0,6.0
c205C10,3,8,depot,1,nearest,3.079999987676274e-05,4032835.8348712833,385.416998001366,3215.041787328192,3.0,1.0,4.0
c205C10,3,8,depot,1,grasp,0.002105900000060501,3013366.0074820304,387.77486331813856,1267.823261871211,3.0,2.0,3.0
c205C10,3,8,depot,1,mp_eavns,0.060149299999466166,2000670.7609051876,270.7609051875572,0.0,4.0,0.0,2.0
c205C10,3,8,phased,3,edd,1.3100000614940654e-05,2000659.282284519,359.2822845190451,0.0,3.0,4.0,2.0
c205C10,3,8,phased,3,sweep,1.0099999599333387e-05,6000635.774863261,335.77486326123926,0.0,3.0,0.0,6.0
c205C10,3,8,phased,3,nearest,2.919999951700447e-05,3032512.216650653,361.74054564738503,3185.0476105005805,3.0,2.0,3.0
c205C10,3,8,phased,3,grasp,0.002641899999616726,1020232.403690643,341.13659091391133,1959.1267099729148,3.0,4.0,1.0
c205C10,3,8,phased,3,mp_eavns,0.0538594000008743,1000573.6448418825,273.644841882488,0.0,3.0,2.0,1.0
c205C10,3,8,all,3,edd,6.70000008540228e-06,2000659.282284519,359.2822845190451,0.0,3.0,4.0,2.0
c205C10,3,8,all,3,sweep,5.9000003602704965e-06,6000635.774863261,335.77486326123926,0.0,3.0,0.0,6.0
c205C10,3,8,all,3,nearest,2.009999934671214e-05,3032512.216650653,361.74054564738503,3185.0476105005805,3.0,2.0,3.0
c205C10,3,8,all,3,grasp,0.001467199999751756,1036669.499415265,371.4908905771888,3599.800852468783,3.0,4.0,1.0
c205C10,3,8,all,3,mp_eavns,0.06517160000021249,1000573.6448418825,273.644841882488,0.0,3.0,2.0,1.0
c205C10,4,10,depot,1,edd,1.0599999768601265e-05,7000848.148592516,448.1485925162037,0.0,4.0,0.0,7.0
c205C10,4,10,depot,1,sweep,8.299999535665847e-06,7000807.96043207,407.96043207012605,0.0,4.0,0.0,7.0
c205C10,4,10,depot,1,nearest,4.11000000895001e-05,5033027.00045116,476.5825778772979,3215.041787328192,4.0,1.0,5.0
c205C10,4,10,depot,1,grasp,0.0024958999993032194,4020395.43904927,404.17194954106895,1959.1267099729148,4.0,2.0,4.0
c205C10,4,10,depot,1,mp_eavns,0.09543220000068686,3000842.9464739966,342.946473996444,0.0,5.0,0.0,3.0
c205C10,4,10,phased,3,edd,6.70000008540228e-06,7000848.148592516,448.1485925162037,0.0,4.0,0.0,7.0
c205C10,4,10,phased,3,sweep,6.70000008540228e-06,7000807.96043207,407.96043207012605,0.0,4.0,0.0,7.0
c205C10,4,10,phased,3,nearest,2.5299999833805487e-05,3049465.048903598,452.9833217297636,4861.206558186837,4.0,3.0,3.0
c205C10,4,10,phased,3,grasp,0.003176200000780227,2015227.5632613846,463.0613814007942,1436.4501879983918,4.0,5.0,2.0
c205C10,4,10,phased,3,mp_eavns,0.10125179999977263,2000745.8304106914,345.83041069137477,0.0,4.0,2.0,2.0
c205C10,4,10,all,3,edd,6.799999937356915e-06,7000848.148592516,448.1485925162037,0.0,4.0,0.0,7.0
c205C10,4,10,all,3,sweep,6.999999641266186e-06,7000807.96043207,407.96043207012605,0.0,4.0,0.0,7.0
c205C10,4,10,all,3,nearest,2.4399999347224366e-05,3049465.048903598,452.9833217297636,4861.206558186837,4.0,3.0,3.0
c205C10,4,10,all,3,grasp,0.001758499999596097,2014084.3627330835,440.52612833651966,1324.383660474709,4.0,4.0,2.0
c205C10,4,10,all,3,mp_eavns,0.10219169999982114,2000745.8304106914,345.83041069137477,0.0,4.0,2.0,2.0
c206C5,1,2,depot,1,edd,4.800000169780105e-06,2000200.014105345,100.0141053448006,0.0,1.0,0.0,2.0
c206C5,1,2,depot,1,sweep,3.4000004234258085e-06,2000200.014105345,100.0141053448006,0.0,1.0,0.0,2.0
c206C5,1,2,depot,1,nearest,1.1300000551273115e-05,2000200.014105345,100.0141053448006,0.0,1.0,0.0,2.0
c206C5,1,2,depot,1,grasp,0.0002679999997781124,2000200.014105345,100.0141053448006,0.0,1.0,0.0,2.0
c206C5,1,2,depot,1,mp_eavns,0.003197099999852071,2000200.014105345,100.0141053448006,0.0,1.0,0.0,2.0
c206C5,1,2,phased,2,edd,2.600000698294025e-06,201.13894001032148,101.13894001032148,0.0,1.0,1.0,0.0
c206C5,1,2,phased,2,sweep,3.5000002753804438e-06,8111.277977089683,101.13894001032148,791.0139037079362,1.0,1.0,0.0
c206C5,1,2,phased,2,nearest,6.50000038149301e-06,201.13894001032148,101.13894001032148,0.0,1.0,1.0,0.0
c206C5,1,2,phased,2,grasp,0.0003198000003976631,201.13894001032148,101.13894001032148,0.0,1.0,1.0,0.0
c206C5,1,2,phased,2,mp_eavns,0.003949599999941711,201.13894001032148,101.13894001032148,0.0,1.0,1.0,0.0
c206C5,1,2,all,4,edd,2.4000000848900527e-06,201.13894001032148,101.13894001032148,0.0,1.0,1.0,0.0
c206C5,1,2,all,4,sweep,2.9000002541579306e-06,8111.277977089683,101.13894001032148,791.0139037079362,1.0,1.0,0.0
c206C5,1,2,all,4,nearest,6.100000064179767e-06,201.13894001032148,101.13894001032148,0.0,1.0,1.0,0.0
c206C5,1,2,all,4,grasp,0.00034390000018902356,201.13894001032148,101.13894001032148,0.0,1.0,1.0,0.0
c206C5,1,2,all,4,mp_eavns,0.003880100000060338,201.13894001032148,101.13894001032148,0.0,1.0,1.0,0.0
c206C5,2,3,depot,1,edd,4.900000021734741e-06,2000237.5402460347,137.54024603470833,0.0,1.0,0.0,2.0
c206C5,2,3,depot,1,sweep,2.499999936844688e-06,3000233.352556657,133.35255665688516,0.0,1.0,0.0,3.0
c206C5,2,3,depot,1,nearest,1.3800000488117803e-05,2000237.5402460347,137.54024603470833,0.0,1.0,0.0,2.0
c206C5,2,3,depot,1,grasp,0.00018039999940810958,2000237.5402460347,137.54024603470833,0.0,1.0,0.0,2.0
c206C5,2,3,depot,1,mp_eavns,0.0027963000002273475,2000237.5402460347,137.54024603470833,0.0,1.0,0.0,2.0
c206C5,2,3,phased,3,edd,1.99999976757681e-06,2000237.5402460347,137.54024603470833,0.0,1.0,0.0,2.0
c206C5,2,3,phased,3,sweep,1.7999991541728377e-06,1008144.6164284018,134.47739132240605,791.0139037079362,1.0,1.0,1.0
c206C5,2,3,phased,3,nearest,5.100000635138713e-06,2000237.5402460347,137.54024603470833,0.0,1.0,0.0,2.0
c206C5,2,3,phased,3,grasp,0.00020990000029996736,1000257.4411608739,157.44116087387818,0.0,1.0,1.0,1.0
c206C5,2,3,phased,3,mp_eavns,0.004306499999984226,1000257.4411608739,157.44116087387818,0.0,1.0,1.0,1.0
c206C5,2,3,all,4,edd,1.8999999156221747e-06,2000237.5402460347,137.54024603470833,0.0,1.0,0.0,2.0
c206C5,2,3,all,4,sweep,1.8000000636675395e-06,1008144.6164284018,134.47739132240605,791.0139037079362,1.0,1.0,1.0
c206C5,2,3,all,4,nearest,4.699999408330768e-06,2000237.5402460347,137.54024603470833,0.0,1.0,0.0,2.0
c206C5,2,3,all,4,grasp,0.00021600000036414713,1000257.4411608739,157.44116087387818,0.0,1.0,1.0,1.0
c206C5,2,3,all,4,mp_eavns,0.0044292000002315035,1000257.4411608739,157.44116087387818,0.0,1.0,1.0,1.0
c206C5,3,4,depot,1,edd,2.4000000848900527e-06,4000314.3270014455,214.32700144562762,0.0,1.0,0.0,4.0
c206C5,3,4,depot,1,sweep,1.9000008251168765e-06,4000269.389620609,169.38962060891717,0.0,1.0,0.0,4.0
c206C5,3,4,depot,1,nearest,6.499999471998308e-06,3000304.904968315,204.90496831483273,0.0,1.0,0.0,3.0
c206C5,3,4,depot,1,grasp,0.0005529000000024098,3000299.5918082045,199.59180820455185,0.0,1.0,0.0,3.0
c206C5,3,4,depot,1,mp_eavns,0.008902800000214484,3000299.5918082045,199.59180820455185,0.0,1.0,0.0,3.0
c206C5,3,4,phased,4,edd,3.600000127335079e-06,3000314.455505772,214.455505771957,0.0,1.0,1.0,3.0
c206C5,3,4,phased,4,sweep,3.099999958067201e-06,2008180.6534923539,170.51445527443806,791.0139037079362,1.0,1.0,2.0
c206C5,3,4,phased,4,nearest,8.400000297115184e-06,3000304.904968315,204.90496831483273,0.0,1.0,0.0,3.0
c206C5,3,4,phased,4,grasp,0.0009120999993683654,2000293.4782248258,193.4782248259102,0.0,1.0,1.0,2.0
c206C5,3,4,phased,4,mp_eavns,0.01583539999955974,2000293.4782248258,193.4782248259102,0.0,1.0,1.0,2.0
c206C5,3,4,all,4,edd,3.99999953515362e-06,3000314.455505772,214.455505771957,0.0,1.0,1.0,3.0
c206C5,3,4,all,4,sweep,3.7999998312443495e-06,2008180.6534923539,170.51445527443806,791.0139037079362,1.0,1.0,2.0
c206C5,3,4,all,4,nearest,9.700000191514846e-06,3000304.904968315,204.90496831483273,0.0,1.0,0.0,3.0
c206C5,3,4,all,4,grasp,0.00089159999970434,2000293.4782248258,193.4782248259102,0.0,1.0,1.0,2.0
c206C5,3,4,all,4,mp_eavns,0.017601200000171957,2000293.4782248258,193.4782248259102,0.0,1.0,1.0,2.0
c206C5,4,5,depot,1,edd,9.700000191514846e-06,5000476.337319744,276.3373197434635,0.0,2.0,0.0,5.0
c206C5,4,5,depot,1,sweep,3.7999998312443495e-06,4000401.0123972106,201.01239721060094,0.0,2.0,0.0,4.0
c206C5,4,5,depot,1,nearest,2.370000038354192e-05,4000455.902501131,255.90250113084048,0.0,2.0,0.0,4.0
c206C5,4,5,depot,1,grasp,0.0012004999998680432,4000443.4297393337,243.42973933370627,0.0,2.0,0.0,4.0
c206C5,4,5,depot,1,mp_eavns,0.020868099999461265,3000419.34049905,219.34049904977638,0.0,2.0,0.0,3.0
c206C5,4,5,phased,4,edd,4.800000169780105e-06,3000492.7746123495,292.77461234955496,0.0,2.0,2.0,3.0
c206C5,4,5,phased,4,sweep,4.499999704421498e-06,2008312.2762689556,202.13723187612183,791.0139037079362,2.0,1.0,2.0
c206C5,4,5,phased,4,nearest,1.2100000276404899e-05,4000455.902501131,255.90250113084048,0.0,2.0,0.0,4.0
c206C5,4,5,phased,4,grasp,0.000843699999677483,2000475.2651757544,275.2651757544354,0.0,2.0,3.0,2.0
c206C5,4,5,phased,4,mp_eavns,0.019033600000511797,2000425.1010014275,225.10100142759396,0.0,2.0,1.0,2.0
c206C5,4,5,all,4,edd,3.6999999792897142e-06,3000492.7746123495,292.77461234955496,0.0,2.0,2.0,3.0
c206C5,4,5,all,4,sweep,4.5000006139162e-06,2008312.2762689556,202.13723187612183,791.0139037079362,2.0,1.0,2.0
c206C5,4,5,all,4,nearest,1.0900000233959872e-05,4000455.902501131,255.90250113084048,0.0,2.0,0.0,4.0
c206C5,4,5,all,4,grasp,0.001026599999931932,2000425.1010014275,225.10100142759396,0.0,2.0,1.0,2.0
c206C5,4,5,all,4,mp_eavns,0.018073000000185857,2000425.1010014275,225.10100142759396,0.0,2.0,1.0,2.0
c208C15,1,4,depot,1,edd,3.4000004234258085e-06,2000223.8086193851,123.80861938520135,0.0,1.0,0.0,2.0
c208C15,1,4,depot,1,sweep,2.4000000848900527e-06,2026562.0860860194,122.08608601946236,2634.0,1.0,0.0,2.0
c208C15,1,4,depot,1,nearest,8.799999704933725e-06,2000217.1395629046,117.13956290449534,0.0,1.0,0.0,2.0
c208C15,1,4,depot,1,grasp,0.0005055000001448207,2000217.1395629046,117.13956290449534,0.0,1.0,0.0,2.0
c208C15,1,4,depot,1,mp_eavns,0.00880330000018148,2000217.1395629046,117.13956290449534,0.0,1.0,0.0,2.0
c208C15,1,4,phased,2,edd,3.000000106112566e-06,2000223.8086193851,123.80861938520135,0.0,1.0,0.0,2.0
c208C15,1,4,phased,2,sweep,2.8000004022032954e-06,2026562.0860860194,122.08608601946236,2634.0,1.0,0.0,2.0
c208C15,1,4,phased,2,nearest,7.900000127847306e-06,2000217.1395629046,117.13956290449534,0.0,1.0,0.0,2.0
c208C15,1,4,phased,2,grasp,0.0006556000007549301,1008035.4182153859,140.67086085946733,779.474735452638,1.0,1.0,1.0
c208C15,1,4,phased,2,mp_eavns,0.00927510000019538,1000359.2479023746,159.24790237456241,0.0,2.0,1.0,1.0
c208C15,1,4,all,4,edd,2.3000002329354174e-06,2000223.8086193851,123.80861938520135,0.0,1.0,0.0,2.0
c208C15,1,4,all,4,sweep,1.99999976757681e-06,2026562.0860860194,122.08608601946236,2634.0,1.0,0.0,2.0
c208C15,1,4,all,4,nearest,6.999999641266186e-06,2000217.1395629046,117.13956290449534,0.0,1.0,0.0,2.0
c208C15,1,4,all,4,grasp,0.0007881999999881373,1008035.4182153859,140.67086085946733,779.474735452638,1.0,1.0,1.0
c208C15,1,4,all,4,mp_eavns,0.010128699999768287,1000359.2479023746,159.24790237456241,0.0,2.0,1.0,1.0
c208C15,2,8,depot,1,edd,4.200000148557592e-06,6000739.154666624,439.1546666235744,0.0,3.0,1.0,6.0
c208C15,2,8,depot,1,sweep,3.6999999792897142e-06,5026952.136728308,312.1367283077015,2634.0,3.0,0.0,5.0
c208C15,2,8,depot,1,nearest,1.720000000204891e-05,4000624.673082155,324.67308215506034,0.0,3.0,0.0,4.0
c208C15,2,8,depot,1,grasp,0.0012053000000378233,6000605.848537407,305.84853740729324,0.0,3.0,0.0,6.0
c208C15,2,8,depot,1,mp_eavns,0.05343429999993532,4000622.5486201462,322.54862014612576,0.0,3.0,0.0,4.0
c208C15,2,8,phased,3,edd,6.599999323952943e-06,3000791.1718469537,491.17184695361965,0.0,3.0,4.0,3.0
c208C15,2,8,phased,3,sweep,6.199999916134402e-06,4026957.4409551513,317.44095515113594,2634.0,3.0,1.0,4.0
c208C15,2,8,phased,3,nearest,2.2199999875738285e-05,4000624.673082155,324.67308215506034,0.0,3.0,0.0,4.0
c208C15,2,8,phased,3,grasp,0.0019705000004250905,2000642.9918677013,342.9918677013129,0.0,3.0,3.0,2.0
c208C15,2,8,phased,3,mp_eavns,0.05751790000067558,1000685.1002071714,385.10020717137996,0.0,3.0,5.0,1.0
c208C15,2,8,all,4,edd,6.200000825629104e-06,2000779.0686004208,479.0686004208494,0.0,3.0,5.0,2.0
c208C15,2,8,all,4,sweep,6.199999916134402e-06,4026957.4409551513,317.44095515113594,2634.0,3.0,1.0,4.0
c208C15,2,8,all,4,nearest,1.9300000531075057e-05,4000624.673082155,324.67308215506034,0.0,3.0,0.0,4.0
c208C15,2,8,all,4,grasp,0.0019019000001208042,1000723.5406410409,423.5406410409335,0.0,3.0,6.0,1.0
c208C15,2,8,all,4,mp_eavns,0.06731110000055196,1000675.9395822865,375.9395822865192,0.0,3.0,5.0,1.0
c208C15,3,12,depot,1,edd,6.799999937356915e-06,8001235.626294254,635.6262942544699,0.0,6.0,2.0,8.0
c208C15,3,12,depot,1,sweep,4.399999852466863e-06,6027249.223421469,409.22342146887553,2634.0,5.0,0.0,6.0
c208C15,3,12,depot,1,nearest,3.0500000320898835e-05,7007637.8251773575,569.6849402920201,656.8140237065885,5.0,1.0,7.0
c208C15,3,12,depot,1,grasp,0.0016618999998172512,6001026.700672126,526.7006721260876,0.0,5.0,1.0,6.0
c208C15,3,12,depot,1,mp_eavns,0.17826880000029632,5000953.480257813,453.4802578127173,0.0,5.0,0.0,5.0
c208C15,3,12,phased,4,edd,1.3300000318849925e-05,5001262.632149926,662.6321499259398,0.0,6.0,5.0,5.0
c208C15,3,12,phased,4,sweep,1.2599999536178075e-05,6027249.223421469,409.22342146887553,2634.0,5.0,0.0,6.0
c208C15,3,12,phased,4,nearest,4.669999998441199e-05,6007643.129404201,574.9891671354545,656.8140237065885,5.0,2.0,6.0
c208C15,3,12,phased,4,grasp,0.004043699999783712,2001081.9517442463,581.9517442463704,0.0,5.0,7.0,2.0
c208C15,3,12,phased,4,mp_eavns,0.16733909999948082,1001059.1597856734,559.1597856733842,0.0,5.0,7.0,1.0
c208C15,3,12,all,4,edd,8.399999387620483e-06,5001262.632149926,662.6321499259398,0.0,6.0,5.0,5.0
c208C15,3,12,all,4,sweep,7.199999345175456e-06,6027249.223421469,409.22342146887553,2634.0,5.0,0.0,6.0
c208C15,3,12,all,4,nearest,3.1600000511389226e-05,6007643.129404201,574.9891671354545,656.8140237065885,5.0,2.0,6.0
c208C15,3,12,all,4,grasp,0.0029369000003498513,1027398.5771215848,558.5771215848088,2634.0,5.0,7.0,1.0
c208C15,3,12,all,4,mp_eavns,0.19765379999989818,1001046.1039905908,546.103990590743,0.0,5.0,6.0,1.0
c208C15,4,15,depot,1,edd,1.269999938813271e-05,8001359.069554363,659.0695543636299,0.0,7.0,2.0,8.0
c208C15,4,15,depot,1,sweep,9.899999895424116e-06,6027397.641394852,457.64139485181255,2634.0,6.0,0.0,6.0
c208C15,4,15,depot,1,nearest,6.2199999774748e-05,7026430.348035158,517.868014089502,2541.2480021067986,5.0,1.0,7.0
c208C15,4,15,depot,1,grasp,0.005967199999759032,6004062.311362602,586.1560813205245,297.6155281280883,5.0,2.0,6.0
c208C15,4,15,depot,1,mp_eavns,0.24070019999999204,5001084.251334148,484.25133414877774,0.0,6.0,0.0,5.0
c208C15,4,15,phased,4,edd,1.3699999726668466e-05,5001386.075410035,686.0754100350997,0.0,7.0,5.0,5.0
c208C15,4,15,phased,4,sweep,1.3899999430577736e-05,6027397.641394852,457.64139485181255,2634.0,6.0,0.0,6.0
c208C15,4,15,phased,4,nearest,5.94000002820394e-05,6026435.652262001,523.1722409329365,2541.2480021067986,5.0,2.0,6.0
c208C15,4,15,phased,4,grasp,0.007700499999373278,3043070.8346038735,608.7544125900491,4196.20801912836,5.0,5.0,3.0
c208C15,4,15,phased,4,mp_eavns,0.38295579999976326,1001078.9082750439,578.9082750439798,0.0,5.0,7.0,1.0
c208C15,4,15,all,4,edd,8.099999831756577e-06,5001386.075410035,686.0754100350997,0.0,7.0,5.0,5.0
c208C15,4,15,all,4,sweep,8.69999985297909e-06,6027397.641394852,457.64139485181255,2634.0,6.0,0.0,6.0
c208C15,4,15,all,4,nearest,3.760000072361436e-05,6026435.652262001,523.1722409329365,2541.2480021067986,5.0,2.0,6.0
c208C15,4,15,all,4,grasp,0.004032799999549752,2004129.952939738,653.7976584571505,297.6155281280883,5.0,6.0,2.0
c208C15,4,15,all,4,mp_eavns,0.2979875999999422,1001093.107224485,593.1072244850355,0.0,5.0,8.0,1.0
c208C5,1,2,depot,1,edd,5.300000339047983e-06,1000192.183680951,92.18368095097277,0.0,1.0,0.0,1.0
c208C5,1,2,depot,1,sweep,4.099999387108255e-06,2000192.183680951,92.18368095097277,0.0,1.0,0.0,2.0
c208C5,1,2,depot,1,nearest,1.2599999536178075e-05,1000192.183680951,92.18368095097277,0.0,1.0,0.0,1.0
c208C5,1,2,depot,1,grasp,0.00026619999971444486,1000192.183680951,92.18368095097277,0.0,1.0,0.0,1.0
c208C5,1,2,depot,1,mp_eavns,0.0031916999996610684,1000192.183680951,92.18368095097277,0.0,1.0,0.0,1.0
c208C5,1,2,phased,2,edd,9.200000022246968e-06,1000192.183680951,92.18368095097277,0.0,1.0,0.0,1.0
c208C5,1,2,phased,2,sweep,4.399999852466863e-06,2000192.183680951,92.18368095097277,0.0,1.0,0.0,2.0
c208C5,1,2,phased,2,nearest,9.800000043469481e-06,1000192.183680951,92.18368095097277,0.0,1.0,0.0,1.0
c208C5,1,2,phased,2,grasp,0.0002598999999463558,1000192.183680951,92.18368095097277,0.0,1.0,0.0,1.0
c208C5,1,2,phased,2,mp_eavns,0.00344539999969129,1000192.183680951,92.18368095097277,0.0,1.0,0.0,1.0
c208C5,1,2,all,3,edd,4.70000031782547e-06,1000192.183680951,92.18368095097277,0.0,1.0,0.0,1.0
c208C5,1,2,all,3,sweep,4.70000031782547e-06,2000192.183680951,92.18368095097277,0.0,1.0,0.0,2.0
c208C5,1,2,all,3,nearest,1.1399999493733048e-05,1000192.183680951,92.18368095097277,0.0,1.0,0.0,1.0
c208C5,1,2,all,3,grasp,0.0002812999991874676,1000192.183680951,92.18368095097277,0.0,1.0,0.0,1.0
c208C5,1,2,all,3,mp_eavns,0.0036322000005384325,1000192.183680951,92.18368095097277,0.0,1.0,0.0,1.0
c208C5,2,3,depot,1,edd,4.599999556376133e-06,2000244.7260252486,144.72602524866417,0.0,1.0,0.0,2.0
c208C5,2,3,depot,1,sweep,4.399999852466863e-06,3000243.117597081,143.1175970811925,0.0,1.0,0.0,3.0
c208C5,2,3,depot,1,nearest,1.1999999514955562e-05,2000244.7260252486,144.72602524866417,0.0,1.0,0.0,2.0
c208C5,2,3,depot,1,grasp,0.00033769999936339445,2000244.7260252486,144.72602524866417,0.0,1.0,0.0,2.0
c208C5,2,3,depot,1,mp_eavns,0.0055266999997911626,2000244.7260252486,144.72602524866417,0.0,1.0,0.0,2.0
c208C5,2,3,phased,2,edd,4.70000031782547e-06,2000244.7260252486,144.72602524866417,0.0,1.0,0.0,2.0
c208C5,2,3,phased,2,sweep,4.599999556376133e-06,3000243.117597081,143.1175970811925,0.0,1.0,0.0,3.0
c208C5,2,3,phased,2,nearest,1.0799999472510535e-05,2000244.7260252486,144.72602524866417,0.0,1.0,0.0,2.0
c208C5,2,3,phased,2,grasp,0.00035149999985151226,2000244.7260252486,144.72602524866417,0.0,1.0,0.0,2.0
c208C5,2,3,phased,2,mp_eavns,0.005988699999761593,2000244.7260252486,144.72602524866417,0.0,1.0,0.0,2.0
c208C5,2,3,all,3,edd,5.899999450775795e-06,2000244.7260252486,144.72602524866417,0.0,1.0,0.0,2.0
c208C5,2,3,all,3,sweep,5.7999995988211595e-06,3000243.117597081,143.1175970811925,0.0,1.0,0.0,3.0
c208C5,2,3,all,3,nearest,1.2399999832268804e-05,2000244.7260252486,144.72602524866417,0.0,1.0,0.0,2.0
c208C5,2,3,all,3,grasp,0.00038469999981316505,1003342.7471218274,146.11379481727894,309.6633327010136,1.0,1.0,1.0
c208C5,2,3,all,3,mp_eavns,0.011692199999743025,1000384.8332847788,184.83328477880264,0.0,2.0,1.0,1.0
c208C5,3,4,depot,1,edd,4.300000000512227e-06,3000437.0691012903,237.06910129043374,0.0,2.0,0.0,3.0
c208C5,3,4,depot,1,sweep,2.7999994927085936e-06,4000433.2064421177,233.2064421176342,0.0,2.0,0.0,4.0
c208C5,3,4,depot,1,nearest,9.800000043469481e-06,3000434.8148702853,234.81487028510585,0.0,2.0,0.0,3.0
c208C5,3,4,depot,1,grasp,0.0002538999997341307,2000385.5050291598,185.5050291598807,0.0,2.0,0.0,2.0
c208C5,3,4,depot,1,mp_eavns,0.006325299999843992,2000385.5050291598,185.5050291598807,0.0,2.0,0.0,2.0
c208C5,3,4,phased,3,edd,3.2999996619764715e-06,2000438.183762578,238.1837625780941,0.0,2.0,1.0,2.0
c208C5,3,4,phased,3,sweep,3.1999998100218363e-06,3000442.304547263,242.30454726263412,0.0,2.0,1.0,3.0
c208C5,3,4,phased,3,nearest,7.2999991971300915e-06,2000443.91297543,243.91297543010577,0.0,2.0,1.0,2.0
c208C5,3,4,phased,3,grasp,0.00030169999990903307,1000391.7215662908,191.7215662908764,0.0,2.0,1.0,1.0
c208C5,3,4,phased,3,mp_eavns,0.007633299999724841,1000391.7215662908,191.7215662908764,0.0,2.0,1.0,1.0
c208C5,3,4,all,3,edd,2.7999994927085936e-06,2000438.183762578,238.1837625780941,0.0,2.0,1.0,2.0
c208C5,3,4,all,3,sweep,3.000000106112566e-06,3000442.304547263,242.30454726263412,0.0,2.0,1.0,3.0
c208C5,3,4,all,3,nearest,6.8999997893115506e-06,2000443.91297543,243.91297543010577,0.0,2.0,1.0,2.0
c208C5,3,4,all,3,grasp,0.00028790000033040997,1000391.7215662908,191.7215662908764,0.0,2.0,1.0,1.0
c208C5,3,4,all,3,mp_eavns,0.01273140000012063,1000391.7215662908,191.72156629087638,0.0,2.0,1.0,1.0
c208C5,4,5,depot,1,edd,5.500000042957254e-06,3000573.3853611276,273.38536112769765,0.0,3.0,0.0,3.0
c208C5,4,5,depot,1,sweep,4.100000296602957e-06,4000439.339447592,239.33944759171942,0.0,2.0,0.0,4.0
c208C5,4,5,depot,1,nearest,1.720000000204891e-05,4000445.969603592,245.96960359205272,0.0,2.0,0.0,4.0
c208C5,4,5,depot,1,grasp,0.000483400000121037,3000446.5218974743,246.52189747436725,0.0,2.0,0.0,3.0
c208C5,4,5,depot,1,mp_eavns,0.012846499999795924,3000440.947875759,240.94787575919108,0.0,2.0,0.0,3.0
c208C5,4,5,phased,3,edd,7.300000106624793e-06,3000573.3853611276,273.38536112769765,0.0,3.0,0.0,3.0
c208C5,4,5,phased,3,sweep,6.300000677583739e-06,4000439.339447592,239.33944759171942,0.0,2.0,0.0,4.0
c208C5,4,5,phased,3,nearest,1.8400000044493936e-05,4000445.969603592,245.96960359205272,0.0,2.0,0.0,4.0
c208C5,4,5,phased,3,grasp,0.0005814999994981918,2000454.5669190518,254.56691905182907,0.0,2.0,1.0,2.0
c208C5,4,5,phased,3,mp_eavns,0.01694119999956456,2000454.5669190518,254.56691905182907,0.0,2.0,1.0,2.0
c208C5,4,5,all,3,edd,6.399999620043673e-06,3000573.3853611276,273.38536112769765,0.0,3.0,0.0,3.0
c208C5,4,5,all,3,sweep,6.100000064179767e-06,4000439.339447592,239.33944759171942,0.0,2.0,0.0,4.0
c208C5,4,5,all,3,nearest,1.6799999684735667e-05,4000445.969603592,245.96960359205272,0.0,2.0,0.0,4.0
c208C5,4,5,all,3,grasp,0.0005750999998781481,2000456.051980531,256.05198053096376,0.0,2.0,1.0,2.0
c208C5,4,5,all,3,mp_eavns,0.0162239999999656,2000454.5669190518,254.56691905182905,0.0,2.0,1.0,2.0
r102C10,1,3,depot,1,edd,5.7999995988211595e-06,2000192.5354840113,92.53548401121779,0.0,1.0,0.0,2.0
r102C10,1,3,depot,1,sweep,3.600000127335079e-06,1000170.3094367643,70.3094367643223,0.0,1.0,0.0,1.0
r102C10,1,3,depot,1,nearest,1.160000010713702e-05,1000175.3695674922,75.36956749217043,0.0,1.0,0.0,1.0
r102C10,1,3,depot,1,grasp,0.0002924999998867861,1000170.3094367643,70.3094367643223,0.0,1.0,0.0,1.0
r102C10,1,3,depot,1,mp_eavns,0.008864299999913783,280.12012856181326,80.12012856181327,0.0,2.0,0.0,0.0
r102C10,1,3,phased,2,edd,5.699999746866524e-06,1000689.6891157982,118.9649400816819,47.072417571652636,1.0,1.0,1.0
r102C10,1,3,phased,2,sweep,5.100000635138713e-06,1000170.3094367643,70.3094367643223,0.0,1.0,0.0,1.0
r102C10,1,3,phased,2,nearest,1.1500000255182385e-05,1000175.3695674922,75.36956749217043,0.0,1.0,0.0,1.0
r102C10,1,3,phased,2,grasp,0.0002899000000979868,1000170.3094367643,70.3094367643223,0.0,1.0,0.0,1.0
r102C10,1,3,phased,2,mp_eavns,0.00942510000004404,280.12012856181326,80.12012856181326,0.0,2.0,0.0,0.0
r102C10,1,3,all,4,edd,5.500000042957254e-06,1000689.6891157982,118.9649400816819,47.072417571652636,1.0,1.0,1.0
r102C10,1,3,all,4,sweep,4.799999260285404e-06,1000170.3094367643,70.3094367643223,0.0,1.0,0.0,1.0
r102C10,1,3,all,4,nearest,1.1799999811046291e-05,1000175.3695674922,75.36956749217043,0.0,1.0,0.0,1.0
r102C10,1,3,all,4,grasp,0.0003260000003137975,1000170.3094367643,70.3094367643223,0.0,1.0,0.0,1.0
r102C10,1,3,all,4,mp_eavns,0.010074900000290654,280.12012856181326,80.12012856181326,0.0,2.0,0.0,0.0
r102C10,2,5,depot,1,edd,5.300000339047983e-06,5000414.188218076,214.1882180757212,0.0,2.0,0.0,5.0
r102C10,2,5,depot,1,sweep,4.70000031782547e-06,3000530.1473110714,230.14731107144735,0.0,3.0,0.0,3.0
r102C10,2,5,depot,1,nearest,1.5999999959603883e-05,3000399.9433149346,199.9433149344416,0.0,2.0,0.0,3.0
r102C10,2,5,depot,1,grasp,0.0007966000002852525,2001446.2744841066,204.69387600408442,104.15806081025181,2.0,1.0,2.0
r102C10,2,5,depot,1,mp_eavns,0.02852100000018254,2000503.9024901143,203.90249011429842,0.0,3.0,0.0,2.0
r102C10,2,5,phased,3,edd,7.099999493220821e-06,1000504.4419400011,215.3359281327014,8.910601186841177,2.0,2.0,1.0
r102C10,2,5,phased,3,sweep,6.199999916134402e-06,1000531.2471404783,231.24714047836397,0.0,3.0,2.0,1.0
r102C10,2,5,phased,3,nearest,1.6899999536690302e-05,2000400.608969128,200.60896912799546,0.0,2.0,1.0,2.0
r102C10,2,5,phased,3,grasp,0.001300200000514451,990.897969212605,258.72781871756473,53.21701504950403,2.0,4.0,0.0
r102C10,2,5,phased,3,mp_eavns,0.04378590000033,505.00231952121504,205.00231952121504,0.0,3.0,2.0,0.0
r102C10,2,5,all,4,edd,8.099999831756577e-06,1000504.4419400011,215.3359281327014,8.910601186841177,2.0,2.0,1.0
r102C10,2,5,all,4,sweep,6.999999641266186e-06,1000531.2471404783,231.24714047836397,0.0,3.0,2.0,1.0
r102C10,2,5,all,4,nearest,1.9300000531075057e-05,2000400.608969128,200.60896912799546,0.0,2.0,1.0,2.0
r102C10,2,5,all,4,grasp,0.0017533000000184984,507.7023709538307,218.59635908541895,8.910601186841177,2.0,3.0,0.0
r102C10,2,5,all,4,mp_eavns,0.05554909999955271,505.00231952121504,205.00231952121504,0.0,3.0,2.0,0.0
r102C10,3,8,depot,1,edd,8.200000593205914e-06,4001759.409132699,362.7768582909504,109.66322744079855,3.0,2.0,4.0
r102C10,3,8,depot,1,sweep,6.600000233447645e-06,5001624.589656212,310.4956579983733,91.40939982143925,4.0,0.0,5.0
r102C10,3,8,depot,1,nearest,3.059999926335877e-05,5002216.741324092,291.76725097119345,162.4974073120743,3.0,0.0,5.0
r102C10,3,8,depot,1,grasp,0.0023222999998324667,4001183.8671212527,319.16257441685343,56.47045468359249,3.0,1.0,4.0
r102C10,3,8,depot,1,mp_eavns,0.0556269999997312,3000685.568155601,285.568155601132,0.0,4.0,0.0,3.0
r102C10,3,8,phased,4,edd,5.800000508315861e-06,3001526.53729137,339.85097098653875,88.6686320383188,3.0,2.0,3.0
r102C10,3,8,phased,4,sweep,5.700000656361226e-06,2001625.2553784826,311.1613802683382,91.40939982143925,4.0,2.0,2.0
r102C10,3,8,phased,4,nearest,1.6700000742275734e-05,2003239.217368291,292.9636268255122,264.6253741465417,3.0,2.0,2.0
r102C10,3,8,phased,4,grasp,0.0017228999995495542,1284.8398337655178,372.59304512890475,61.224678863661296,3.0,5.0,0.0
r102C10,3,8,phased,4,mp_eavns,0.0929731999995056,722.4513422810926,333.3453304126808,8.910601186841177,3.0,4.0,0.0
r102C10,3,8,all,4,edd,7.200000254670158e-06,3001526.53729137,339.85097098653875,88.6686320383188,3.0,2.0,3.0
r102C10,3,8,all,4,sweep,6.599999323952943e-06,2001625.2553784826,311.1613802683382,91.40939982143925,4.0,2.0,2.0
r102C10,3,8,all,4,nearest,1.9500000234984327e-05,2003239.217368291,292.9636268255122,264.6253741465417,3.0,2.0,2.0
r102C10,3,8,all,4,grasp,0.002064799999971001,2057.5914853760114,356.18542151974975,140.14060638562617,3.0,5.0,0.0
r102C10,3,8,all,4,mp_eavns,0.09657390000029409,722.4513422810926,333.3453304126808,8.910601186841177,3.0,4.0,0.0
r102C10,4,10,depot,1,edd,9.899999895424116e-06,5001908.948066702,412.31579229452336,109.66322744079855,4.0,2.0,5.0
r102C10,4,10,depot,1,sweep,8.50000014906982e-06,6001768.006870106,353.91287189114803,91.40939982143925,5.0,0.0,6.0
r102C10,4,10,depot,1,nearest,3.679999917949317e-05,5002855.040018812,333.23266440897413,212.18073544032697,4.0,0.0,5.0
r102C10,4,10,depot,1,grasp,0.002831099999639264,4001536.083649129,359.28117021400675,77.6802478915012,4.0,1.0,4.0
r102C10,4,10,depot,1,mp_eavns,0.12495459999990999,3000827.2677888595,327.26778885937637,0.0,5.0,0.0,3.0
r102C10,4,10,phased,4,edd,1.0399999155197293e-05,1002913.3637558257,403.11817100204985,211.02455848236198,4.0,5.0,1.0
r102C10,4,10,phased,4,sweep,7.3999999585794285e-06,3001768.6725923754,354.57859416111296,91.40939982143925,5.0,2.0,3.0
r102C10,4,10,phased,4,nearest,3.1800000215298496e-05,3002856.139848219,334.3324938158908,212.18073544032697,4.0,2.0,3.0
r102C10,4,10,phased,4,grasp,0.0034761999995680526,1685.354624420187,381.7037900961681,90.36508343240189,4.0,4.0,0.0
r102C10,4,10,phased,4,mp_eavns,0.12667309999960708,864.150975539337,375.04496367092514,8.910601186841177,4.0,4.0,0.0
r102C10,4,10,all,4,edd,7.499999810534064e-06,1002913.3637558257,403.11817100204985,211.02455848236198,4.0,5.0,1.0
r102C10,4,10,all,4,sweep,7.300000106624793e-06,3001768.6725923754,354.57859416111296,91.40939982143925,5.0,2.0,3.0
r102C10,4,10,all,4,nearest,2.299999960087007e-05,3002856.139848219,334.3324938158908,212.18073544032697,4.0,2.0,3.0
r102C10,4,10,all,4,grasp,0.0019997999997940497,4249.59693404309,465.24138235193817,328.4355551691152,5.0,5.0,0.0
r102C10,4,10,all,4,mp_eavns,0.09844979999979842,864.150975539337,375.04496367092514,8.910601186841177,4.0,4.0,0.0
r102C15,1,4,depot,1,edd,5.699999746866524e-06,2000405.779894348,120.35602264265756,18.542387170543662,1.0,0.0,2.0
r102C15,1,4,depot,1,sweep,5.500000042957254e-06,2000463.9256988887,114.94312722331092,24.898257166541725,1.0,0.0,2.0
r102C15,1,4,depot,1,nearest,1.579999934619991e-05,2000742.7729001006,107.90721910918288,53.4865680991318,1.0,0.0,2.0
r102C15,1,4,depot,1,grasp,0.0010233000002699555,2000292.0708909414,113.6760439738776,7.839484696748457,1.0,0.0,2.0
r102C15,1,4,depot,1,mp_eavns,0.01632030000018858,2000292.0708909414,113.6760439738776,7.839484696748457,1.0,0.0,2.0
r102C15,1,4,phased,3,edd,5.800000508315861e-06,2000405.779894348,120.35602264265756,18.542387170543662,1.0,0.0,2.0
r102C15,1,4,phased,3,sweep,6.299999768089037e-06,857.7065767633698,116.17940337811969,64.15271733852501,1.0,1.0,0.0
r102C15,1,4,phased,3,nearest,1.3300000318849925e-05,1340.4584326982617,110.64144803745796,112.98169846608036,1.0,1.0,0.0
r102C15,1,4,phased,3,grasp,0.0013081999995847582,857.7065767633698,116.17940337811969,64.15271733852501,1.0,1.0,0.0
r102C15,1,4,phased,3,mp_eavns,0.02653950000058103,375.12045715832073,175.12045715832073,0.0,2.0,2.0,0.0
r102C15,1,4,all,8,edd,5.9000003602704965e-06,2000405.779894348,120.35602264265756,18.542387170543662,1.0,0.0,2.0
r102C15,1,4,all,8,sweep,5.000000783184078e-06,857.7065767633698,116.17940337811969,64.15271733852501,1.0,1.0,0.0
r102C15,1,4,all,8,nearest,1.5300000086426735e-05,1340.4584326982617,110.64144803745796,112.98169846608036,1.0,1.0,0.0
r102C15,1,4,all,8,grasp,0.0017508000000816537,857.7065767633698,116.17940337811969,64.15271733852501,1.0,1.0,0.0
r102C15,1,4,all,8,mp_eavns,0.025068999999348307,375.12045715832073,175.12045715832073,0.0,2.0,2.0,0.0
r102C15,2,8,depot,1,edd,5.199999577598646e-06,5000742.840473552,257.4166018470404,18.542387170543662,3.0,0.0,5.0
r102C15,2,8,depot,1,sweep,3.6999999792897142e-06,3000776.204803662,227.22223199644853,24.898257166541725,3.0,0.0,3.0
r102C15,2,8,depot,1,nearest,1.919999976962572e-05,4001459.4532399555,231.35074319648476,102.81024967590665,2.0,0.0,4.0
r102C15,2,8,depot,1,grasp,0.0022085999999035266,2003948.6435339686,334.69412142008423,331.3949412548461,3.0,3.0,2.0
r102C15,2,8,depot,1,mp_eavns,0.07807839999986754,1000691.8999065034,291.8999065033962,0.0,4.0,1.0,1.0
r102C15,2,8,phased,5,edd,8.69999985297909e-06,2000916.3878414477,290.3539550904385,32.603388635718204,3.0,2.0,2.0
r102C15,2,8,phased,5,sweep,8.099999831756577e-06,1001169.9856815365,228.4585081512573,64.15271733852501,3.0,1.0,1.0
r102C15,2,8,phased,5,nearest,2.8299999939918052e-05,2002857.6574903356,290.6374972566161,236.70199930790963,2.0,2.0,2.0
r102C15,2,8,phased,5,grasp,0.004792799999449926,3184.309592407731,283.6507883132667,270.06588040944644,2.0,4.0,0.0
r102C15,2,8,phased,5,mp_eavns,0.12390859999959503,694.545210389399,294.54521038939896,0.0,4.0,3.0,0.0
r102C15,2,8,all,8,edd,5.599999894911889e-06,2000916.3878414477,290.3539550904385,32.603388635718204,3.0,2.0,2.0
r102C15,2,8,all,8,sweep,6.000000212225132e-06,1001169.9856815365,228.4585081512573,64.15271733852501,3.0,1.0,1.0
r102C15,2,8,all,8,nearest,1.8200000340584666e-05,2002857.6574903356,290.6374972566161,236.70199930790963,2.0,2.0,2.0
r102C15,2,8,all,8,grasp,0.003285400000095251,2577.226216031212,266.4615525513699,211.0764663479842,2.0,4.0,0.0
r102C15,2,8,all,8,mp_eavns,0.09489260000009381,688.5280396369251,288.52803963692514,0.0,4.0,3.0,0.0
r102C15,3,12,depot,1,edd,1.1000000085914508e-05,7001017.5949608935,381.2554487422142,33.633951215158845,3.0,0.0,7.0
r102C15,3,12,depot,1,sweep,8.099999831756577e-06,6002562.640030239,288.8474268445844,197.37926033943737,3.0,0.0,6.0
r102C15,3,12,depot,1,nearest,4.86999997519888e-05,5002053.470538227,295.3680414679446,145.81024967590665,3.0,0.0,5.0
r102C15,3,12,depot,1,grasp,0.01190009999936592,4003955.930688921,467.5756410101932,318.8355047910802,3.0,3.0,4.0
r102C15,3,12,depot,1,mp_eavns,0.20507869999983086,2000906.0429566712,406.0429566712448,0.0,5.0,2.0,2.0
r102C15,3,12,phased,7,edd,1.4000000192027073e-05,3003036.4886985137,387.5789428949315,234.890975561869,3.0,2.0,3.0
r102C15,3,12,phased,7,sweep,1.3199999557400588e-05,1005256.7418644599,290.2089765094313,466.6532887950492,3.0,2.0,1.0
r102C15,3,12,phased,7,nearest,5.140000030223746e-05,3002235.2275388218,354.6930037207274,158.05345351008071,3.0,2.0,3.0
r102C15,3,12,phased,7,grasp,0.015149400000154856,4767.848230149922,459.6591156155087,400.8189114534413,3.0,7.0,0.0
r102C15,3,12,phased,7,mp_eavns,0.30921630000011646,898.1138321418049,415.43920859617026,8.267462354563463,4.0,4.0,0.0
r102C15,3,12,all,8,edd,7.300000106624793e-06,3003036.4886985137,387.5789428949315,234.890975561869,3.0,2.0,3.0
r102C15,3,12,all,8,sweep,6.799999937356915e-06,1005256.7418644599,290.2089765094313,466.6532887950492,3.0,2.0,1.0
r102C15,3,12,all,8,nearest,2.9299999368959107e-05,3002235.2275388218,354.6930037207274,158.05345351008071,3.0,2.0,3.0
r102C15,3,12,all,8,grasp,0.023427000000083353,4508.673880758351,382.0421577037922,382.6631723054559,3.0,5.0,0.0
r102C15,3,12,all,8,mp_eavns,0.3649933999995483,797.1281406050118,397.1281406050119,0.0,4.0,4.0,0.0
r102C15,4,15,depot,1,edd,1.1599999197642319e-05,9001431.446813498,495.1073013459612,33.633951215158845,6.0,0.0,9.0
r102C15,4,15,depot,1,sweep,9.699999282020144e-06,7002876.555304285,402.7627008908688,197.37926033943737,5.0,0.0,7.0
r102C15,4,15,depot,1,nearest,5.980000059935264e-05,6002172.869691557,382.79582733228233,139.0073864224882,4.0,0.0,6.0
r102C15,4,15,depot,1,grasp,0.021921499999734806,4005926.2383463215,480.8844443642612,494.5353901957127,5.0,2.0,4.0
r102C15,4,15,depot,1,mp_eavns,0.3953510000001188,2001213.1333796645,513.1333796644434,0.0,7.0,2.0,2.0
r102C15,4,15,phased,8,edd,1.629999951546779e-05,2003827.6828005023,534.3232110682663,269.335958943404,6.0,4.0,2.0
r102C15,4,15,phased,8,sweep,1.4600000213249587e-05,1006574.7499292905,404.1242505557158,567.0625678734751,5.0,2.0,1.0
r102C15,4,15,phased,8,nearest,6.639999992330559e-05,2002756.1837272218,433.0552471722176,192.3128480049608,4.0,3.0,2.0
r102C15,4,15,phased,8,grasp,0.02724619999935385,4632.1709166681785,587.2991461205141,354.48717705476645,5.0,8.0,0.0
r102C15,4,15,phased,8,mp_eavns,0.5556331999996473,1056.230839293694,456.23083929369403,0.0,6.0,4.0,0.0
r102C15,4,15,all,8,edd,1.1099999937869143e-05,2003827.6828005023,534.3232110682663,269.335958943404,6.0,4.0,2.0
r102C15,4,15,all,8,sweep,1.1499999345687684e-05,1006574.7499292905,404.1242505557158,567.0625678734751,5.0,2.0,1.0
r102C15,4,15,all,8,nearest,5.80000005356851e-05,2002756.1837272218,433.0552471722176,192.3128480049608,4.0,3.0,2.0
r102C15,4,15,all,8,grasp,0.0169065000000046,5033.8340348511965,478.072091305468,405.5761943545728,5.0,5.0,0.0
r102C15,4,15,all,8,mp_eavns,0.5692138000003979,1043.4262240952555,443.4262240952556,0.0,6.0,4.0,0.0
r103C10,1,3,depot,1,edd,4.000000444648322e-06,1000171.2339397497,71.23393974968569,0.0,1.0,0.0,1.0
r103C10,1,3,depot,1,sweep,2.3000002329354174e-06,1000727.9853430814,66.08792760170431,56.1897415479673,1.0,0.0,1.0
r103C10,1,3,depot,1,nearest,8.69999985297909e-06,1000727.9853430814,66.08792760170431,56.1897415479673,1.0,0.0,1.0
r103C10,1,3,depot,1,grasp,0.00016839999989315402,1000171.2339397497,71.23393974968569,0.0,1.0,0.0,1.0
r103C10,1,3,depot,1,mp_eavns,0.0071226000000024214,308.52837617993646,108.52837617993643,0.0,2.0,0.0,0.0
r103C10,1,3,phased,2,edd,6.8999997893115506e-06,1000171.2339397497,71.23393974968569,0.0,1.0,0.0,1.0
r103C10,1,3,phased,2,sweep,6.50000038149301e-06,728.1860232386881,66.2886077590151,56.1897415479673,1.0,1.0,0.0
r103C10,1,3,phased,2,nearest,1.2800000149582047e-05,728.1860232386881,66.2886077590151,56.1897415479673,1.0,1.0,0.0
r103C10,1,3,phased,2,grasp,0.0003806000004260568,345.15351464586456,78.66240823912946,16.649110640673513,1.0,1.0,0.0
r103C10,1,3,phased,2,mp_eavns,0.0086061999991216,308.52837617993646,108.52837617993643,0.0,2.0,0.0,0.0
r103C10,1,3,all,3,edd,6.000000212225132e-06,179.79720963962953,79.79720963962953,0.0,1.0,1.0,0.0
r103C10,1,3,all,3,sweep,6.399999620043673e-06,728.1860232386881,66.2886077590151,56.1897415479673,1.0,1.0,0.0
r103C10,1,3,all,3,nearest,1.2999999853491317e-05,728.1860232386881,66.2886077590151,56.1897415479673,1.0,1.0,0.0
r103C10,1,3,all,3,grasp,0.0004064999993715901,179.79720963962953,79.79720963962953,0.0,1.0,1.0,0.0
r103C10,1,3,all,3,mp_eavns,0.0077054000003045076,179.79720963962953,79.79720963962953,0.0,1.0,1.0,0.0
r103C10,2,5,depot,1,edd,8.199999683711212e-06,2000301.0422041293,101.04220412938079,0.0,2.0,0.0,2.0
r103C10,2,5,depot,1,sweep,6.100000064179767e-06,2000854.265590034,92.36817455425373,56.1897415479673,2.0,0.0,2.0
r103C10,2,5,depot,1,nearest,2.320000021427404e-05,1000339.7771640309,139.77716403095843,0.0,2.0,0.0,1.0
r103C10,2,5,depot,1,grasp,0.0015374999993582605,2224.1225532478657,137.03014178874102,188.70924114591247,2.0,1.0,0.0
r103C10,2,5,depot,1,mp_eavns,0.019569099999898754,337.03014178874105,137.03014178874102,0.0,2.0,1.0,0.0
r103C10,2,5,phased,2,edd,4.399999852466863e-06,2000301.0422041293,101.04220412938079,0.0,2.0,0.0,2.0
r103C10,2,5,phased,2,sweep,4.699999408330768e-06,854.2714255448286,92.37401006515557,56.1897415479673,2.0,1.0,0.0
r103C10,2,5,phased,2,nearest,1.0800000382005237e-05,1000339.7771640309,139.77716403095843,0.0,2.0,0.0,1.0
r103C10,2,5,phased,2,grasp,0.000740100000257371,347.6249079724149,147.62490797241495,0.0,2.0,1.0,0.0
r103C10,2,5,phased,2,mp_eavns,0.017845200000010664,332.2437301653571,132.2437301653571,0.0,2.0,1.0,0.0
r103C10,2,5,all,3,edd,6.8999997893115506e-06,311.0431901795175,111.04319017951755,0.0,2.0,1.0,0.0
r103C10,2,5,all,3,sweep,8.100000741251279e-06,854.2714255448286,92.37401006515557,56.1897415479673,2.0,1.0,0.0
r103C10,2,5,all,3,nearest,1.919999976962572e-05,1000339.7771640309,139.77716403095843,0.0,2.0,0.0,1.0
r103C10,2,5,all,3,grasp,0.0016420000001744484,311.0431901795175,111.04319017951755,0.0,2.0,1.0,0.0
r103C10,2,5,all,3,mp_eavns,0.02537159999974392,303.5119432304266,103.5119432304266,0.0,2.0,1.0,0.0
r103C10,3,8,depot,1,edd,8.799999704933725e-06,2000488.0448679535,188.04486795346114,0.0,3.0,1.0,2.0
r103C10,3,8,depot,1,sweep,6.400000529538374e-06,3001032.4828668954,170.5854514158641,56.1897415479673,3.0,0.0,3.0
r103C10,3,8,depot,1,nearest,3.0100000003585592e-05,2001915.6545241987,205.20091402690886,141.04536101718725,3.0,0.0,2.0
r103C10,3,8,depot,1,grasp,0.0026126000002477667,680.0794361047058,269.48532276834715,11.059411333635865,3.0,2.0,0.0
r103C10,3,8,depot,1,mp_eavns,0.04829569999947125,493.4507096914752,193.4507096914752,0.0,3.0,1.0,0.0
r103C10,3,8,phased,3,edd,6.499999471998308e-06,494.21730787046994,194.21730787046994,0.0,3.0,2.0,0.0
r103C10,3,8,phased,3,sweep,6.100000064179767e-06,1001032.4887024064,170.59128692676595,56.1897415479673,3.0,1.0,1.0
r103C10,3,8,phased,3,nearest,1.920000067912042e-05,1001916.7850777865,206.33146761472412,141.04536101718725,3.0,1.0,1.0
r103C10,3,8,phased,3,grasp,0.0015689000001657405,522.1522435405378,222.1522435405378,0.0,3.0,2.0,0.0
r103C10,3,8,phased,3,mp_eavns,0.06382479999956558,491.0859193176751,191.0859193176751,0.0,3.0,1.0,0.0
r103C10,3,8,all,3,edd,5.899999450775795e-06,494.21730787046994,194.21730787046994,0.0,3.0,2.0,0.0
r103C10,3,8,all,3,sweep,5.7999995988211595e-06,1001032.4887024064,170.59128692676595,56.1897415479673,3.0,1.0,1.0
r103C10,3,8,all,3,nearest,1.9400000383029692e-05,1001916.7850777865,206.33146761472412,141.04536101718725,3.0,1.0,1.0
r103C10,3,8,all,3,grasp,0.0026554999994914397,581.3805811665843,231.0336422886736,5.0346938877910645,3.0,2.0,0.0
r103C10,3,8,all,3,mp_eavns,0.057018699999389355,491.0859193176751,191.08591931767512,0.0,3.0,1.0,0.0
r103C10,4,10,depot,1,edd,5.7999995988211595e-06,3000665.8705395847,265.87053958483233,0.0,4.0,1.0,3.0
r103C10,4,10,depot,1,sweep,3.899999683198985e-06,4001423.5797761492,240.26100443243766,78.33187717169825,4.0,0.0,4.0
r103C10,4,10,depot,1,nearest,2.299999960087007e-05,2001907.7867320813,261.75588302885814,134.60308490524162,3.0,1.0,2.0
r103C10,4,10,depot,1,grasp,0.0020563999996738858,673.3782391170269,323.6079485685605,4.977029054846639,3.0,3.0,0.0
r103C10,4,10,depot,1,mp_eavns,0.08718140000019048,651.7627500237293,251.76275002372924,0.0,4.0,1.0,0.0
r103C10,4,10,phased,3,edd,6.100000064179767e-06,2000666.9120754169,266.9120754167855,0.0,4.0,2.0,2.0
r103C10,4,10,phased,3,sweep,5.300000339047983e-06,1001425.4693300884,242.1505583713262,78.33187717169825,4.0,2.0,1.0
r103C10,4,10,phased,3,nearest,2.1300000298651867e-05,1001909.6704505093,263.63960145684484,134.60308490524162,3.0,2.0,1.0
r103C10,4,10,phased,3,grasp,0.003189600000041537,1560.0464838425453,339.9040910783422,92.01423927642031,3.0,4.0,0.0
r103C10,4,10,phased,3,mp_eavns,0.08180480000009993,521.7168775645619,221.71687756456188,0.0,3.0,3.0,0.0
r103C10,4,10,all,3,edd,6.600000233447645e-06,2000666.9120754169,266.9120754167855,0.0,4.0,2.0,2.0
r103C10,4,10,all,3,sweep,6.299999768089037e-06,1001425.4693300884,242.1505583713262,78.33187717169825,4.0,2.0,1.0
r103C10,4,10,all,3,nearest,2.2900000658410136e-05,1001909.6704505093,263.63960145684484,134.60308490524162,3.0,2.0,1.0
r103C10,4,10,all,3,grasp,0.0031957999999576714,1055.7399624374543,318.38035933926125,33.73596030981932,4.0,4.0,0.0
r103C10,4,10,all,3,mp_eavns,0.10242060000018682,609.4489485431791,209.44894854317906,0.0,4.0,1.0,0.0
r104C5,1,2,depot,1,edd,4.900000021734741e-06,144.51150805005705,44.51150805005705,0.0,1.0,0.0,0.0
r104C5,1,2,depot,1,sweep,3.1999998100218363e-06,144.51150805005705,44.51150805005705,0.0,1.0,0.0,0.0
r104C5,1,2,depot,1,nearest,9.299999874201603e-06,144.51150805005705,44.51150805005705,0.0,1.0,0.0,0.0
r104C5,1,2,depot,1,grasp,0.0002252000003863941,144.51150805005705,44.51150805005705,0.0,1.0,0.0,0.0
r104C5,1,2,depot,1,mp_eavns,0.0028677000000243424,144.51150805005705,44.51150805005705,0.0,1.0,0.0,0.0
r104C5,1,2,phased,2,edd,3.200000719516538e-06,144.51150805005705,44.51150805005705,0.0,1.0,0.0,0.0
r104C5,1,2,phased,2,sweep,3.5999992178403772e-06,144.51150805005705,44.51150805005705,0.0,1.0,0.0,0.0
r104C5,1,2,phased,2,nearest,7.200000254670158e-06,144.51150805005705,44.51150805005705,0.0,1.0,0.0,0.0
r104C5,1,2,phased,2,grasp,0.0002226999995400547,144.51150805005705,44.51150805005705,0.0,1.0,0.0,0.0
r104C5,1,2,phased,2,mp_eavns,0.0029279999998834683,144.51150805005705,44.51150805005705,0.0,1.0,0.0,0.0
r104C5,1,2,all,3,edd,2.9000002541579306e-06,144.51150805005705,44.51150805005705,0.0,1.0,0.0,0.0
r104C5,1,2,all,3,sweep,2.7999994927085936e-06,144.51150805005705,44.51150805005705,0.0,1.0,0.0,0.0
r104C5,1,2,all,3,nearest,7.300000106624793e-06,144.51150805005705,44.51150805005705,0.0,1.0,0.0,0.0
r104C5,1,2,all,3,grasp,0.0002226999995400547,144.51150805005705,44.51150805005705,0.0,1.0,0.0,0.0
r104C5,1,2,all,3,mp_eavns,0.0029640000002473244,144.51150805005705,44.51150805005705,0.0,1.0,0.0,0.0
r104C5,2,3,depot,1,edd,3.9000005926936865e-06,281.28106067175753,81.28106067175752,0.0,2.0,0.0,0.0
r104C5,2,3,depot,1,sweep,3.4000004234258085e-06,281.28106067175753,81.28106067175753,0.0,2.0,0.0,0.0
r104C5,2,3,depot,1,nearest,1.0799999472510535e-05,281.28106067175753,81.28106067175753,0.0,2.0,0.0,0.0
r104C5,2,3,depot,1,grasp,0.00034189999951195205,281.28106067175753,81.28106067175753,0.0,2.0,0.0,0.0
r104C5,2,3,depot,1,mp_eavns,0.006207599999470403,281.28106067175753,81.28106067175753,0.0,2.0,0.0,0.0
r104C5,2,3,phased,2,edd,3.7999998312443495e-06,281.28106067175753,81.28106067175752,0.0,2.0,0.0,0.0
r104C5,2,3,phased,2,sweep,3.7999998312443495e-06,281.28106067175753,81.28106067175753,0.0,2.0,0.0,0.0
r104C5,2,3,phased,2,nearest,1.0199999451288022e-05,281.28106067175753,81.28106067175753,0.0,2.0,0.0,0.0
r104C5,2,3,phased,2,grasp,0.00035029999980906723,281.28106067175753,81.28106067175753,0.0,2.0,0.0,0.0
r104C5,2,3,phased,2,mp_eavns,0.006299900000158232,281.28106067175753,81.28106067175753,0.0,2.0,0.0,0.0
r104C5,2,3,all,3,edd,3.6999999792897142e-06,281.28106067175753,81.28106067175752,0.0,2.0,0.0,0.0
r104C5,2,3,all,3,sweep,3.6999999792897142e-06,281.28106067175753,81.28106067175753,0.0,2.0,0.0,0.0
r104C5,2,3,all,3,nearest,1.0800000382005237e-05,281.28106067175753,81.28106067175753,0.0,2.0,0.0,0.0
r104C5,2,3,all,3,grasp,0.00034099999993486563,281.28106067175753,81.28106067175753,0.0,2.0,0.0,0.0
r104C5,2,3,all,3,mp_eavns,0.006378000000040629,281.28106067175753,81.28106067175753,0.0,2.0,0.0,0.0
r104C5,3,4,depot,1,edd,4.200000148557592e-06,1000986.215921074,160.60318873196528,62.56127323420921,2.0,1.0,1.0
r104C5,3,4,depot,1,sweep,3.899999683198985e-06,1000986.215921074,160.6031887319653,62.56127323420921,2.0,1.0,1.0
r104C5,3,4,depot,1,nearest,1.4100000043981709e-05,1000360.6031887319,160.6031887319653,0.0,2.0,1.0,1.0
r104C5,3,4,depot,1,grasp,0.0005720999997720355,1000360.6031887319,160.6031887319653,0.0,2.0,1.0,1.0
r104C5,3,4,depot,1,mp_eavns,0.01504079999995156,1000360.6031887319,160.6031887319653,0.0,2.0,1.0,1.0
r104C5,3,4,phased,3,edd,4.799999260285404e-06,986.7744572299566,161.16172488786444,62.56127323420921,2.0,2.0,0.0
r104C5,3,4,phased,3,sweep,4.999999873689376e-06,986.7744572299566,161.16172488786444,62.56127323420921,2.0,2.0,0.0
r104C5,3,4,phased,3,nearest,1.4599999303754885e-05,361.16172488786447,161.16172488786447,0.0,2.0,2.0,0.0
r104C5,3,4,phased,3,grasp,0.0007224999999380088,361.16172488786447,161.16172488786447,0.0,2.0,2.0,0.0
r104C5,3,4,phased,3,mp_eavns,0.01916849999997794,361.16172488786447,161.16172488786447,0.0,2.0,2.0,0.0
r104C5,3,4,all,3,edd,4.600000465870835e-06,986.7744572299566,161.16172488786444,62.56127323420921,2.0,2.0,0.0
r104C5,3,4,all,3,sweep,4.5000006139162e-06,986.7744572299566,161.16172488786444,62.56127323420921,2.0,2.0,0.0
r104C5,3,4,all,3,nearest,1.3799999578623101e-05,361.16172488786447,161.16172488786447,0.0,2.0,2.0,0.0
r104C5,3,4,all,3,grasp,0.0007324999996853876,361.16172488786447,161.16172488786447,0.0,2.0,2.0,0.0
r104C5,3,4,all,3,mp_eavns,0.02025679999951535,361.16172488786447,161.16172488786447,0.0,2.0,2.0,0.0
r104C5,4,5,depot,1,edd,5.500000042957254e-06,4000387.4280481366,187.42804813661908,0.0,2.0,0.0,4.0
r104C5,4,5,depot,1,sweep,4.699999408330768e-06,1001116.6790134975,191.06628115542094,62.56127323420921,3.0,1.0,1.0
r104C5,4,5,depot,1,nearest,1.9799999790848233e-05,2000491.5377033476,191.53770334751536,0.0,3.0,0.0,2.0
r104C5,4,5,depot,1,grasp,0.0007042999995974242,1002135.1578532015,198.20761723421091,173.6950235967337,2.0,2.0,1.0
r104C5,4,5,depot,1,mp_eavns,0.028563599999870348,1000461.0131556103,161.01315561033766,0.0,3.0,0.0,1.0
r104C5,4,5,phased,3,edd,6.400000529538374e-06,2000387.4286399235,187.4286399233417,0.0,2.0,1.0,2.0
r104C5,4,5,phased,3,sweep,5.500000042957254e-06,1117.2375496534123,191.62481731132007,62.56127323420921,3.0,2.0,0.0
r104C5,4,5,phased,3,nearest,1.8900000213761814e-05,1000491.6515211408,191.65152114077202,0.0,3.0,1.0,1.0
r104C5,4,5,phased,3,grasp,0.0008438000004389323,1048.9410695499296,207.69565539883197,64.12454141510977,2.0,3.0,0.0
r104C5,4,5,phased,3,mp_eavns,0.026141399999687565,461.5716917662368,161.57169176623682,0.0,3.0,1.0,0.0
r104C5,4,5,all,3,edd,6.299999768089037e-06,2000387.4286399235,187.4286399233417,0.0,2.0,1.0,2.0
r104C5,4,5,all,3,sweep,5.4000001910026185e-06,1117.2375496534123,191.62481731132007,62.56127323420921,3.0,2.0,0.0
r104C5,4,5,all,3,nearest,1.8600000657897908e-05,1000491.6515211408,191.65152114077202,0.0,3.0,1.0,1.0
r104C5,4,5,all,3,grasp,0.0007349000006797723,1203.1589482766335,207.69565539883197,79.54632928778017,2.0,3.0,0.0
r104C5,4,5,all,3,mp_eavns,0.028177999999570602,461.5716917662368,161.57169176623682,0.0,3.0,1.0,0.0
r105C15,1,4,depot,1,edd,6.400000529538374e-06,1000314.1805126917,114.18051269176662,0.0,2.0,0.0,1.0
r105C15,1,4,depot,1,sweep,5.099999725644011e-06,1000436.8049360071,136.80493600710176,0.0,3.0,0.0,1.0
r105C15,1,4,depot,1,nearest,1.7899999875226058e-05,1000922.9852429214,112.98524292138555,61.0,2.0,0.0,1.0
r105C15,1,4,depot,1,grasp,0.0004429000000527594,1000314.1805126917,114.18051269176662,0.0,2.0,0.0,1.0
r105C15,1,4,depot,1,mp_eavns,0.009645000000091386,1000314.1805126917,114.18051269176662,0.0,2.0,0.0,1.0
r105C15,1,4,phased,3,edd,8.100000741251279e-06,315.26375699986676,115.26375699986676,0.0,2.0,1.0,0.0
r105C15,1,4,phased,3,sweep,8.800000614428427e-06,445.29438105355626,145.29438105355626,0.0,3.0,1.0,0.0
r105C15,1,4,phased,3,nearest,1.6900000446185004e-05,929.5649472644355,119.56494726443557,61.0,2.0,1.0,0.0
r105C15,1,4,phased,3,grasp,0.0005588000003626803,320.7602170348166,120.76021703481663,0.0,2.0,1.0,0.0
r105C15,1,4,phased,3,mp_eavns,0.010031900000285532,315.26375699986676,115.26375699986676,0.0,2.0,1.0,0.0
r105C15,1,4,all,6,edd,6.600000233447645e-06,315.26375699986676,115.26375699986676,0.0,2.0,1.0,0.0
r105C15,1,4,all,6,sweep,4.900000021734741e-06,445.29438105355626,145.29438105355626,0.0,3.0,1.0,0.0
r105C15,1,4,all,6,nearest,1.0799999472510535e-05,929.5649472644355,119.56494726443557,61.0,2.0,1.0,0.0
r105C15,1,4,all,6,grasp,0.0003863000001729233,320.7602170348166,120.76021703481663,0.0,2.0,1.0,0.0
r105C15,1,4,all,6,mp_eavns,0.009973499999432534,315.26375699986676,115.26375699986676,0.0,2.0,1.0,0.0
r105C15,2,8,depot,1,edd,8.400000297115184e-06,5001620.86751689,343.8042394246571,97.7063277465825,3.0,2.0,5.0
r105C15,2,8,depot,1,sweep,7.900000127847306e-06,2000863.1260845598,250.32498566699266,21.280109889280524,4.0,0.0,2.0
r105C15,2,8,depot,1,nearest,3.060000017285347e-05,3001130.0813529906,220.08135299066026,61.0,3.0,0.0,3.0
r105C15,2,8,depot,1,grasp,0.0016830000004119938,3001134.6499536233,224.64995362319223,61.0,3.0,0.0,3.0
r105C15,2,8,depot,1,mp_eavns,0.06413479999991978,2000647.0811879209,247.08118792083724,0.0,4.0,0.0,2.0
r105C15,2,8,phased,4,edd,4.800000169780105e-06,2002013.816808088,341.12893648816106,137.2687871599714,3.0,4.0,2.0
r105C15,2,8,phased,4,sweep,5.200000487093348e-06,872.6097138294871,259.8086149366818,21.280109889280524,4.0,2.0,0.0
r105C15,2,8,phased,4,nearest,1.6599999980826396e-05,1148.43145646932,238.43145646931984,61.0,3.0,3.0,0.0
r105C15,2,8,phased,4,grasp,0.0025596999994377256,1673.9306163897934,241.25085089981366,113.26797654899798,3.0,2.0,0.0
r105C15,2,8,phased,4,mp_eavns,0.048665600000276754,523.2689134674813,223.2689134674813,0.0,3.0,2.0,0.0
r105C15,2,8,all,6,edd,8.89999955688836e-06,2002013.816808088,341.12893648816106,137.2687871599714,3.0,4.0,2.0
r105C15,2,8,all,6,sweep,1.3800000488117803e-05,872.6097138294871,259.8086149366818,21.280109889280524,4.0,2.0,0.0
r105C15,2,8,all,6,nearest,2.8700000257231295e-05,1148.43145646932,238.43145646931984,61.0,3.0,3.0,0.0
r105C15,2,8,all,6,grasp,0.002212399999734771,1297.0459845941405,231.44469654423446,76.5601288049906,3.0,2.0,0.0
r105C15,2,8,all,6,mp_eavns,0.05619129999922734,523.2689134674813,223.2689134674813,0.0,3.0,2.0,0.0
r105C15,3,12,depot,1,edd,1.2799999240087345e-05,7001830.646546424,537.3981437333543,69.32484026910248,6.0,2.0,7.0
r105C15,3,12,depot,1,sweep,1.0800000382005237e-05,4002842.5885170614,333.905967150059,200.86825499113547,5.0,0.0,4.0
r105C15,3,12,depot,1,nearest,5.719999990105862e-05,5002536.453211382,340.5717603631037,179.58814510185493,4.0,0.0,5.0
r105C15,3,12,depot,1,grasp,0.008285299999442941,4002972.5145466407,475.6226211843123,199.6891925456184,5.0,2.0,4.0
r105C15,3,12,depot,1,mp_eavns,0.10234209999998711,3000873.2086110716,373.2086110715889,0.0,5.0,1.0,3.0
r105C15,3,12,phased,5,edd,7.3999999585794285e-06,1003615.6255803378,542.691749022921,247.29338313148935,6.0,6.0,1.0
r105C15,3,12,phased,5,sweep,7.200000254670158e-06,3509.532042130698,347.94929463338786,266.158274749731,5.0,3.0,0.0
r105C15,3,12,phased,5,nearest,2.9799999538226984e-05,1005112.7244904719,354.86086125952676,435.78636292123997,4.0,3.0,1.0
r105C15,3,12,phased,5,grasp,0.007055200000650075,3927.7548064420894,458.54237157520134,296.9212434866888,5.0,7.0,0.0
r105C15,3,12,phased,5,mp_eavns,0.19316710000020976,859.9157591418393,359.91575914183926,0.0,5.0,4.0,0.0
r105C15,3,12,all,6,edd,1.0599999768601265e-05,1003569.4607513116,539.6883391268373,242.97724121847284,6.0,6.0,1.0
r105C15,3,12,all,6,sweep,1.0800000382005237e-05,3509.532042130698,347.94929463338786,266.158274749731,5.0,3.0,0.0
r105C15,3,12,all,6,nearest,4.369999987829942e-05,1005112.7244904719,354.86086125952676,435.78636292123997,4.0,3.0,1.0
r105C15,3,12,all,6,grasp,0.01057900000068912,3292.7785287273628,496.8180983001864,229.59604304271767,5.0,7.0,0.0
r105C15,3,12,all,6,mp_eavns,0.14162219999980152,841.7315371626323,341.7315371626324,0.0,5.0,3.0,0.0
r105C15,4,15,depot,1,edd,1.2999999853491317e-05,10001624.699863091,621.2878008006652,40.34120622901162,6.0,1.0,10.0
r105C15,4,15,depot,1,sweep,1.0400000064691994e-05,5005209.635981021,411.2869498350122,419.8349031186789,6.0,0.0,5.0
r105C15,4,15,depot,1,nearest,5.959999998594867e-05,7005429.0882683275,460.6114160183677,446.8476852309144,5.0,1.0,7.0
r105C15,4,15,depot,1,grasp,0.017875700000331562,3003460.9320504903,531.0684453501384,242.986360514007,5.0,4.0,3.0
r105C15,4,15,depot,1,mp_eavns,0.23572469999999157,3001067.9667782355,467.966778235541,0.0,6.0,2.0,3.0
r105C15,4,15,phased,6,edd,8.600000001024455e-06,4002839.0226708045,631.1677106991019,160.78549601053535,6.0,4.0,4.0
r105C15,4,15,phased,6,sweep,7.800000275892671e-06,1005876.5795060911,425.3302773183411,485.1249228772744,6.0,3.0,1.0
r105C15,4,15,phased,6,nearest,3.8500000300700776e-05,1006563.993511623,487.5575297148616,557.6435981908185,5.0,6.0,1.0
r105C15,4,15,phased,6,grasp,0.023718899999948917,3738.105528107734,547.2984007845672,269.08071273231667,5.0,8.0,0.0
r105C15,4,15,phased,6,mp_eavns,0.3802159999995638,940.7462768462744,435.10114703039824,0.564512981587626,5.0,5.0,0.0
r105C15,4,15,all,6,edd,9.499999578110874e-06,4002839.0226708045,631.1677106991019,160.78549601053535,6.0,4.0,4.0
r105C15,4,15,all,6,sweep,9.700000191514846e-06,1005876.5795060911,425.3302773183411,485.1249228772744,6.0,3.0,1.0
r105C15,4,15,all,6,nearest,4.309999985707691e-05,1006563.993511623,487.5575297148616,557.6435981908185,5.0,6.0,1.0
r105C15,4,15,all,6,grasp,0.024123400000462425,3212.269412080885,472.3638148448709,223.99055972360142,5.0,6.0,0.0
r105C15,4,15,all,6,mp_eavns,0.3154738000002908,908.9955506108035,408.9955506108035,0.0,5.0,4.0,0.0
r105C5,1,2,depot,1,edd,3.6999999792897142e-06,151.65890558454885,51.65890558454885,0.0,1.0,0.0,0.0
r105C5,1,2,depot,1,sweep,2.0000006770715117e-06,151.65890558454885,51.65890558454885,0.0,1.0,0.0,0.0
r105C5,1,2,depot,1,nearest,7.300000106624793e-06,543.4623044595382,51.65890558454885,39.180339887498945,1.0,0.0,0.0
r105C5,1,2,depot,1,grasp,0.00011699999959091656,151.65890558454885,51.65890558454885,0.0,1.0,0.0,0.0
r105C5,1,2,depot,1,mp_eavns,0.0016854999994393438,151.65890558454885,51.65890558454885,0.0,1.0,0.0,0.0
r105C5,1,2,phased,2,edd,4.599999556376133e-06,151.65890558454885,51.65890558454885,0.0,1.0,0.0,0.0
r105C5,1,2,phased,2,sweep,5.500000042957254e-06,151.65890558454885,51.65890558454885,0.0,1.0,0.0,0.0
r105C5,1,2,phased,2,nearest,9.800000043469481e-06,543.4623044595382,51.65890558454885,39.180339887498945,1.0,0.0,0.0
r105C5,1,2,phased,2,grasp,0.00021909999941271963,151.65890558454885,51.65890558454885,0.0,1.0,0.0,0.0
r105C5,1,2,phased,2,mp_eavns,0.0023903000001155306,151.65890558454885,51.65890558454885,0.0,1.0,0.0,0.0
r105C5,1,2,all,3,edd,3.099999958067201e-06,151.65890558454885,51.65890558454885,0.0,1.0,0.0,0.0
r105C5,1,2,all,3,sweep,3.099999958067201e-06,151.65890558454885,51.65890558454885,0.0,1.0,0.0,0.0
r105C5,1,2,all,3,nearest,7.499999810534064e-06,543.4623044595382,51.65890558454885,39.180339887498945,1.0,0.0,0.0
r105C5,1,2,all,3,grasp,0.00021829999968758784,151.65890558454885,51.65890558454885,0.0,1.0,0.0,0.0
r105C5,1,2,all,3,mp_eavns,0.0024024000003919355,151.65890558454885,51.65890558454885,0.0,1.0,0.0,0.0
r105C5,2,3,depot,1,edd,3.7999998312443495e-06,374.55719476535694,107.22868154234806,16.73285132230089,1.0,1.0,0.0
r105C5,2,3,depot,1,sweep,4.000000444648322e-06,1351.2266071813524,107.22868154234806,114.39979256390043,1.0,1.0,0.0
r105C5,2,3,depot,1,nearest,1.0300000212737359e-05,2012.2976869554602,107.22868154234806,180.5069005413112,1.0,1.0,0.0
r105C5,2,3,depot,1,grasp,0.0003675999996630708,374.55719476535694,107.22868154234806,16.73285132230089,1.0,1.0,0.0
r105C5,2,3,depot,1,mp_eavns,0.009054300000570947,307.22868154234806,107.22868154234806,0.0,2.0,0.0,0.0
r105C5,2,3,phased,2,edd,4.100000296602957e-06,195.33909575184265,90.62271845919908,0.47163772926435854,1.0,1.0,0.0
r105C5,2,3,phased,2,sweep,4.200000148557592e-06,1246.5840765522792,99.13307868411218,104.7450997868167,1.0,1.0,0.0
r105C5,2,3,phased,2,nearest,8.50000014906982e-06,1801.2756535149736,90.62271845919908,161.06529350557744,1.0,1.0,0.0
r105C5,2,3,phased,2,grasp,0.0002134000005753478,195.33909575184265,90.62271845919908,0.47163772926435854,1.0,1.0,0.0
r105C5,2,3,phased,2,mp_eavns,0.004220099999656668,195.33909575184265,90.62271845919908,0.47163772926435854,1.0,1.0,0.0
r105C5,2,3,all,3,edd,3.099999958067201e-06,195.33909575184265,90.62271845919908,0.47163772926435854,1.0,1.0,0.0
r105C5,2,3,all,3,sweep,2.599999788799323e-06,1246.5840765522792,99.13307868411218,104.7450997868167,1.0,1.0,0.0
r105C5,2,3,all,3,nearest,6.199999916134402e-06,1801.2756535149736,90.62271845919908,161.06529350557744,1.0,1.0,0.0
r105C5,2,3,all,3,grasp,0.00021710000055463752,195.33909575184265,90.62271845919908,0.47163772926435854,1.0,1.0,0.0
r105C5,2,3,all,3,mp_eavns,0.00427399999989575,195.33909575184265,90.62271845919908,0.47163772926435854,1.0,1.0,0.0
r105C5,3,4,depot,1,edd,3.499999365885742e-06,487.2063054060304,119.87779218302157,16.73285132230089,2.0,1.0,0.0
r105C5,3,4,depot,1,sweep,2.099999619531445e-06,1463.8757178220258,119.87779218302157,114.39979256390043,2.0,1.0,0.0
r105C5,3,4,depot,1,nearest,8.300000445160549e-06,1001983.4166576802,119.30269624345462,166.41139614367555,2.0,0.0,1.0
r105C5,3,4,depot,1,grasp,0.0002580999998826883,1463.8757178220258,119.87779218302157,114.39979256390043,2.0,1.0,0.0
r105C5,3,4,depot,1,mp_eavns,0.021330900000066322,419.8777921830216,119.87779218302157,0.0,3.0,0.0,0.0
r105C5,3,4,phased,3,edd,5.4000001910026185e-06,307.9882063925162,103.27182909987259,0.47163772926435854,2.0,1.0,0.0
r105C5,3,4,phased,3,sweep,5.099999725644011e-06,1359.2331871929528,111.78218932478569,104.7450997868167,2.0,1.0,0.0
r105C5,3,4,phased,3,nearest,1.1099999937869143e-05,1983.6173378375208,119.5033764007654,166.41139614367555,2.0,1.0,0.0
r105C5,3,4,phased,3,grasp,0.0004403000002639601,1359.2331871929528,111.78218932478569,104.7450997868167,2.0,1.0,0.0
r105C5,3,4,phased,3,mp_eavns,0.007590600000185077,307.9882063925162,103.27182909987259,0.47163772926435854,2.0,1.0,0.0
r105C5,3,4,all,3,edd,3.7999998312443495e-06,307.9882063925162,103.27182909987259,0.47163772926435854,2.0,1.0,0.0
r105C5,3,4,all,3,sweep,2.899999344663229e-06,1359.2331871929528,111.78218932478569,104.7450997868167,2.0,1.0,0.0
r105C5,3,4,all,3,nearest,7.599999662488699e-06,1983.6173378375208,119.5033764007654,166.41139614367555,2.0,1.0,0.0
r105C5,3,4,all,3,grasp,0.0002595000005385373,1359.2331871929528,111.78218932478569,104.7450997868167,2.0,1.0,0.0
r105C5,3,4,all,3,mp_eavns,0.009137400000327034,307.9882063925162,103.27182909987259,0.47163772926435854,2.0,1.0,0.0
r105C5,4,5,depot,1,edd,7.0000005507608876e-06,1000735.2606529623,182.00669045105786,35.325396251119685,2.0,2.0,1.0
r105C5,4,5,depot,1,sweep,6.499999471998308e-06,1001763.6156116357,169.61768599670293,139.39979256390043,2.0,1.0,1.0
r105C5,4,5,depot,1,nearest,1.9099999917671084e-05,2002045.4813292834,181.367367846614,166.41139614367555,2.0,0.0,2.0
r105C5,4,5,depot,1,grasp,0.0014924000006431015,1000735.2606529623,182.00669045105786,35.325396251119685,2.0,2.0,1.0
r105C5,4,5,depot,1,mp_eavns,0.023119899999983318,1000369.6176859967,169.61768599670296,0.0,2.0,1.0,1.0
r105C5,4,5,phased,3,edd,9.499999578110874e-06,441.85569543915153,178.70222048216638,6.315347495698518,2.0,3.0,0.0
r105C5,4,5,phased,3,sweep,9.399999726156238e-06,1672.2745741208914,174.82357625272456,129.7450997868167,2.0,2.0,0.0
r105C5,4,5,phased,3,nearest,2.1099999685247894e-05,1003177.8604741805,181.46285236024073,279.6397621820257,2.0,1.0,1.0
r105C5,4,5,phased,3,grasp,0.0018918999994639307,441.85569543915153,178.70222048216638,6.315347495698518,2.0,3.0,0.0
r105C5,4,5,phased,3,mp_eavns,0.020583699999406235,412.14172764479395,207.42535035215036,0.47163772926435854,2.0,3.0,0.0
r105C5,4,5,all,3,edd,5.200000487093348e-06,441.85569543915153,178.70222048216638,6.315347495698518,2.0,3.0,0.0
r105C5,4,5,all,3,sweep,5.800000508315861e-06,1672.2745741208914,174.82357625272456,129.7450997868167,2.0,2.0,0.0
r105C5,4,5,all,3,nearest,1.3299999409355223e-05,1003177.8604741805,181.46285236024073,279.6397621820257,2.0,1.0,1.0
r105C5,4,5,all,3,grasp,0.0009664999997767154,441.85569543915153,178.70222048216638,6.315347495698518,2.0,3.0,0.0
r105C5,4,5,all,3,mp_eavns,0.027601400000094145,356.08206946417084,156.08206946417084,0.0,2.0,1.0,0.0
r201C10,1,3,depot,1,edd,4.70000031782547e-06,1000287.2206928993,87.2206928993535,0.0,2.0,0.0,1.0
r201C10,1,3,depot,1,sweep,2.899999344663229e-06,299.9800805169304,99.98008051693041,0.0,2.0,0.0,0.0
r201C10,1,3,depot,1,nearest,9.800000043469481e-06,4327.202865748236,96.78691996031296,403.04159457879234,2.0,0.0,0.0
r201C10,1,3,depot,1,grasp,0.00019070000053034164,296.78691996031296,96.78691996031296,0.0,2.0,0.0,0.0
r201C10,1,3,depot,1,mp_eavns,0.0035527000000001863,296.78691996031296,96.78691996031296,0.0,2.0,0.0,0.0
r201C10,1,3,phased,2,edd,2.599999788799323e-06,295.4482399997771,95.44823999977712,0.0,2.0,1.0,0.0
r201C10,1,3,phased,2,sweep,2.1999994714860804e-06,299.9800805169304,99.98008051693041,0.0,2.0,0.0,0.0
r201C10,1,3,phased,2,nearest,5.499999133462552e-06,4327.202865748236,96.78691996031296,403.04159457879234,2.0,0.0,0.0
r201C10,1,3,phased,2,grasp,0.00017639999987295596,295.4482399997771,95.44823999977712,0.0,2.0,1.0,0.0
r201C10,1,3,phased,2,mp_eavns,0.0036832999994658167,295.4482399997771,95.44823999977712,0.0,2.0,1.0,0.0
r201C10,1,3,all,4,edd,2.3000002329354174e-06,295.4482399997771,95.44823999977712,0.0,2.0,1.0,0.0
r201C10,1,3,all,4,sweep,1.7000002117129043e-06,299.9800805169304,99.98008051693041,0.0,2.0,0.0,0.0
r201C10,1,3,all,4,nearest,5.4000001910026185e-06,4327.202865748236,96.78691996031296,403.04159457879234,2.0,0.0,0.0
r201C10,1,3,all,4,grasp,0.0001785000004019821,295.4482399997771,95.44823999977712,0.0,2.0,1.0,0.0
r201C10,1,3,all,4,mp_eavns,0.004029600000649225,295.4482399997771,95.44823999977712,0.0,2.0,1.0,0.0
r201C10,2,5,depot,1,edd,3.099999958067201e-06,2000352.8354706655,152.83547066548175,0.0,2.0,0.0,2.0
r201C10,2,5,depot,1,sweep,2.599999788799323e-06,1000440.128649359,140.12864935900282,0.0,3.0,0.0,1.0
r201C10,2,5,depot,1,nearest,9.500000487605575e-06,2001405.0320027997,139.7902558371937,106.52417469626005,2.0,0.0,2.0
r201C10,2,5,depot,1,grasp,0.0002928000003521447,5728.634735965496,147.4240100027355,538.121072596276,2.0,1.0,0.0
r201C10,2,5,depot,1,mp_eavns,0.011031500000171945,347.4240100027355,147.4240100027355,0.0,2.0,1.0,0.0
r201C10,2,5,phased,3,edd,7.599999662488699e-06,2000352.8354706655,152.83547066548175,0.0,2.0,0.0,2.0
r201C10,2,5,phased,3,sweep,7.900000127847306e-06,1000440.128649359,140.12864935900282,0.0,3.0,0.0,1.0
r201C10,2,5,phased,3,nearest,2.0399999812070746e-05,1413.322892514418,148.08114555181754,106.52417469626005,2.0,2.0,0.0
r201C10,2,5,phased,3,grasp,0.0006093000001783366,330.71966920645707,130.71966920645707,0.0,2.0,1.0,0.0
r201C10,2,5,phased,3,mp_eavns,0.014235200000257464,330.71966920645707,130.71966920645707,0.0,2.0,1.0,0.0
r201C10,2,5,all,4,edd,4.999999873689376e-06,2000352.8354706655,152.83547066548175,0.0,2.0,0.0,2.0
r201C10,2,5,all,4,sweep,5.4000001910026185e-06,1000440.128649359,140.12864935900282,0.0,3.0,0.0,1.0
r201C10,2,5,all,4,nearest,1.6400000276917126e-05,1413.322892514418,148.08114555181754,106.52417469626005,2.0,2.0,0.0
r201C10,2,5,all,4,grasp,0.00033239999993384117,1413.322892514418,148.08114555181754,106.52417469626005,2.0,2.0,0.0
r201C10,2,5,all,4,mp_eavns,0.00971789999948669,330.71966920645707,130.71966920645707,0.0,2.0,1.0,0.0
r201C10,3,8,depot,1,edd,4.699999408330768e-06,2000693.7865050377,293.7865050377895,0.0,4.0,2.0,2.0
r201C10,3,8,depot,1,sweep,3.499999365885742e-06,2002153.566245853,239.40216720306992,151.41640786499875,4.0,0.0,2.0
r201C10,3,8,depot,1,nearest,1.5900000107649248e-05,1008886.8951772845,254.62660733334897,833.2268569951156,3.0,2.0,1.0
r201C10,3,8,depot,1,grasp,0.0007943999999042717,1002101.7636534392,254.62660733334894,154.71370461059314,3.0,2.0,1.0
r201C10,3,8,depot,1,mp_eavns,0.016887300000234973,1000533.3927563295,233.39275632953905,0.0,3.0,1.0,1.0
r201C10,3,8,phased,4,edd,5.199999577598646e-06,690.4483205903275,290.44832059032757,0.0,4.0,3.0,0.0
r201C10,3,8,phased,4,sweep,4.900000021734741e-06,1002157.3583921517,243.19431350164427,151.41640786499875,4.0,1.0,1.0
r201C10,3,8,phased,4,nearest,1.5699999494245276e-05,8890.687323583079,258.4187536319233,833.2268569951156,3.0,3.0,0.0
r201C10,3,8,phased,4,grasp,0.0009364000006826245,2231.0119564730553,279.96935600477394,155.10426004682813,4.0,2.0,0.0
r201C10,3,8,phased,4,mp_eavns,0.048219199999948614,637.6702680958552,237.67026809585525,0.0,4.0,2.0,0.0
r201C10,3,8,all,4,edd,5.500000042957254e-06,690.4483205903275,290.44832059032757,0.0,4.0,3.0,0.0
r201C10,3,8,all,4,sweep,5.599999894911889e-06,1002157.3583921517,243.19431350164427,151.41640786499875,4.0,1.0,1.0
r201C10,3,8,all,4,nearest,1.7299999854003545e-05,8890.687323583079,258.4187536319233,833.2268569951156,3.0,3.0,0.0
r201C10,3,8,all,4,grasp,0.0008139999999912106,3390.551054266872,277.48690419307326,271.3064150073799,4.0,3.0,0.0
r201C10,3,8,all,4,mp_eavns,0.05168130000038218,637.6702680958552,237.67026809585525,0.0,4.0,2.0,0.0
r201C10,4,10,depot,1,edd,8.69999985297909e-06,3000855.4484803453,355.44848034526285,0.0,5.0,2.0,3.0
r201C10,4,10,depot,1,sweep,5.300000339047983e-06,2002286.1175208478,271.9534421978997,151.41640786499875,5.0,0.0,2.0
r201C10,4,10,depot,1,nearest,2.4699999812582973e-05,1009036.449635378,304.18106542686354,833.2268569951156,4.0,2.0,1.0
r201C10,4,10,depot,1,grasp,0.0008466999997835956,2004273.1657228793,306.7169639113464,356.64487589679175,4.0,1.0,2.0
r201C10,4,10,depot,1,mp_eavns,0.03446230000008654,1000682.9472144231,282.94721442305365,0.0,4.0,1.0,1.0
r201C10,4,10,phased,4,edd,6.799999937356915e-06,2000848.3181495992,348.31814959922656,0.0,5.0,2.0,2.0
r201C10,4,10,phased,4,sweep,6.100000064179767e-06,2002286.1175208478,271.9534421978997,151.41640786499875,5.0,0.0,2.0
r201C10,4,10,phased,4,nearest,2.3099999452824704e-05,9040.241781676592,307.9732117254379,833.2268569951156,4.0,3.0,0.0
r201C10,4,10,phased,4,grasp,0.0008399999996981933,3538.581192831869,349.6722646707977,268.8908928161071,5.0,3.0,0.0
r201C10,4,10,phased,4,mp_eavns,0.09911470000042755,787.2247261893698,287.2247261893698,0.0,5.0,2.0,0.0
r201C10,4,10,all,4,edd,8.300000445160549e-06,2000848.3181495992,348.31814959922656,0.0,5.0,2.0,2.0
r201C10,4,10,all,4,sweep,1.160000010713702e-05,2002286.1175208478,271.9534421978997,151.41640786499875,5.0,0.0,2.0
r201C10,4,10,all,4,nearest,9.980000049836235e-05,9040.241781676592,307.9732117254379,833.2268569951156,4.0,3.0,0.0
r201C10,4,10,all,4,grasp,0.0023561999996672967,5165.356971424163,297.3127049744859,436.80442664496763,5.0,3.0,0.0
r201C10,4,10,all,4,mp_eavns,0.11044630000014877,787.2247261893698,287.2247261893698,0.0,5.0,2.0,0.0
r202C15,1,4,depot,1,edd,7.100000402715523e-06,2000498.3316821025,198.3316821025598,0.0,3.0,0.0,2.0
r202C15,1,4,depot,1,sweep,5.4000001910026185e-06,1000482.1671510047,182.16715100460195,0.0,3.0,0.0,1.0
r202C15,1,4,depot,1,nearest,2.010000025620684e-05,1001995.3302478307,134.83149161955498,166.04987562112092,2.0,0.0,1.0
r202C15,1,4,depot,1,grasp,0.00046720000045752386,1001995.3302478307,134.83149161955498,166.04987562112092,2.0,0.0,1.0
r202C15,1,4,depot,1,mp_eavns,0.012571399999615096,1000482.1671510047,182.16715100460195,0.0,3.0,0.0,1.0
r202C15,1,4,phased,3,edd,7.699999514443334e-06,1000501.1611021664,201.16110216643156,0.0,3.0,1.0,1.0
r202C15,1,4,phased,3,sweep,6.499999471998308e-06,1000482.1671510047,182.16715100460195,0.0,3.0,0.0,1.0
r202C15,1,4,phased,3,nearest,1.5999999959603883e-05,1001995.3302478307,134.83149161955498,166.04987562112092,2.0,0.0,1.0
r202C15,1,4,phased,3,grasp,0.0004560000006677001,362.9987585437609,162.99875854376089,0.0,2.0,2.0,0.0
r202C15,1,4,phased,3,mp_eavns,0.007816999999704421,362.9987585437609,162.99875854376089,0.0,2.0,2.0,0.0
r202C15,1,4,all,6,edd,5.500000042957254e-06,1000501.1611021664,201.16110216643156,0.0,3.0,1.0,1.0
r202C15,1,4,all,6,sweep,5.300000339047983e-06,1000482.1671510047,182.16715100460195,0.0,3.0,0.0,1.0
r202C15,1,4,all,6,nearest,1.160000010713702e-05,1001995.3302478307,134.83149161955498,166.04987562112092,2.0,0.0,1.0
r202C15,1,4,all,6,grasp,0.00029270000050019007,362.9987585437609,162.99875854376089,0.0,2.0,2.0,0.0
r202C15,1,4,all,6,mp_eavns,0.010129799999958777,362.9987585437609,162.99875854376089,0.0,2.0,2.0,0.0
r202C15,2,8,depot,1,edd,5.300000339047983e-06,6000721.456128072,321.4561280723842,0.0,4.0,0.0,6.0
r202C15,2,8,depot,1,sweep,4.300000000512227e-06,3000795.4797180463,295.47971804611683,0.0,5.0,0.0,3.0
r202C15,2,8,depot,1,nearest,1.9600000086938962e-05,4004517.9208361646,294.28034627554763,382.36404898889384,4.0,0.0,4.0
r202C15,2,8,depot,1,grasp,0.0009854999998424319,3000672.4643620388,272.4643620386201,0.0,4.0,0.0,3.0
r202C15,2,8,depot,1,mp_eavns,0.08955349999996542,1000924.9217399216,324.9217399215258,0.0,6.0,0.0,1.0
r202C15,2,8,phased,4,edd,9.399999726156238e-06,3000728.453484679,328.4534846789017,0.0,4.0,2.0,3.0
r202C15,2,8,phased,4,sweep,8.900000466383062e-06,2000797.685870836,297.6858708360259,0.0,5.0,1.0,2.0
r202C15,2,8,phased,4,nearest,3.3600000278966036e-05,1007396.6136804137,294.84577144603963,670.1767908967685,4.0,2.0,1.0
r202C15,2,8,phased,4,grasp,0.0021796000000904314,4438.4991593103505,293.8566673446212,374.46424919657295,4.0,3.0,0.0
r202C15,2,8,phased,4,mp_eavns,0.05463970000073459,677.925462337967,277.92546233796696,0.0,4.0,3.0,0.0
r202C15,2,8,all,6,edd,6.999999641266186e-06,3000728.453484679,328.4534846789017,0.0,4.0,2.0,3.0
r202C15,2,8,all,6,sweep,1.140000040322775e-05,2000797.685870836,297.6858708360259,0.0,5.0,1.0,2.0
r202C15,2,8,all,6,nearest,2.1400000150606502e-05,1007396.6136804137,294.84577144603963,670.1767908967685,4.0,2.0,1.0
r202C15,2,8,all,6,grasp,0.0013875000004190952,743.3461971013058,332.46612219495535,1.08800749063505,4.0,4.0,0.0
r202C15,2,8,all,6,mp_eavns,0.06417500000043219,677.925462337967,277.92546233796696,0.0,4.0,3.0,0.0
r202C15,3,12,depot,1,edd,7.3999999585794285e-06,9001005.230784575,505.2307845752319,0.0,5.0,0.0,9.0
r202C15,3,12,depot,1,sweep,5.699999746866524e-06,5001151.293553857,451.2935538572018,0.0,7.0,0.0,5.0
r202C15,3,12,depot,1,nearest,3.4899999263870995e-05,7004779.712629652,456.07213976286533,382.36404898889384,5.0,0.0,7.0
r202C15,3,12,depot,1,grasp,0.0030172000006132293,4004822.063915218,577.421423252717,374.46424919657295,5.0,4.0,4.0
r202C15,3,12,depot,1,mp_eavns,0.17368790000000445,2001105.8438042921,505.843804292163,0.0,6.0,3.0,2.0
r202C15,3,12,phased,5,edd,1.2700000297627412e-05,6001007.616409418,507.6164094180862,0.0,5.0,2.0,6.0
r202C15,3,12,phased,5,sweep,1.320000046689529e-05,2001172.108172949,472.10817294897123,0.0,7.0,3.0,2.0
r202C15,3,12,phased,5,nearest,4.659999922296265e-05,4004784.479879247,460.8393893580784,382.36404898889384,5.0,3.0,4.0
r202C15,3,12,phased,5,grasp,0.00682059999962803,4763.707923723928,578.3688045893142,368.53391191346134,5.0,8.0,0.0
r202C15,3,12,phased,5,mp_eavns,0.1836463999998159,958.0097845567208,458.0097845567208,0.0,5.0,6.0,0.0
r202C15,3,12,all,6,edd,7.599999662488699e-06,6001007.616409418,507.6164094180862,0.0,5.0,2.0,6.0
r202C15,3,12,all,6,sweep,7.499999810534064e-06,2001172.108172949,472.10817294897123,0.0,7.0,3.0,2.0
r202C15,3,12,all,6,nearest,3.300000025774352e-05,4004784.479879247,460.8393893580784,382.36404898889384,5.0,3.0,4.0
r202C15,3,12,all,6,grasp,0.004173400000581751,1103.0368117416,531.9591386882461,7.107767305335415,5.0,7.0,0.0
r202C15,3,12,all,6,mp_eavns,0.26637290000053326,1022.6390378670178,511.7589629606673,1.08800749063505,5.0,6.0,0.0
r202C15,4,15,depot,1,edd,7.600000571983401e-06,10001416.307426615,716.3074266150838,0.0,7.0,0.0,10.0
r202C15,4,15,depot,1,sweep,5.499999133462552e-06,7003884.99780674,557.9508076332128,252.70469991071963,8.0,0.0,7.0
r202C15,4,15,depot,1,nearest,4.6799999836366624e-05,9004999.614978734,575.9744888447204,382.36404898889384,6.0,0.0,9.0
r202C15,4,15,depot,1,grasp,0.007536099999924772,7002260.110842195,695.4181703063527,96.46926718887232,6.0,3.0,7.0
r202C15,4,15,depot,1,mp_eavns,0.2796682000007422,4001301.3226426276,601.3226426275493,0.0,7.0,3.0,4.0
r202C15,4,15,phased,6,edd,1.2999999853491317e-05,6001444.819556643,744.8195566433536,0.0,7.0,4.0,6.0
r202C15,4,15,phased,6,sweep,1.3500000022759195e-05,2003888.3625627253,561.3155636181517,252.70469991071963,8.0,4.0,2.0
r202C15,4,15,phased,6,nearest,7.480000022042077e-05,12364.96737172549,622.139033696203,1114.2828338029287,6.0,8.0,0.0
r202C15,4,15,phased,6,grasp,0.020024299999931827,2558.286299832471,621.7297668164144,133.65565330160564,6.0,8.0,0.0
r202C15,4,15,phased,6,mp_eavns,0.27284620000045834,1131.653653875223,531.6536538752231,0.0,6.0,6.0,0.0
r202C15,4,15,all,6,edd,1.4100000043981709e-05,6001444.819556643,744.8195566433536,0.0,7.0,4.0,6.0
r202C15,4,15,all,6,sweep,1.5300000086426735e-05,2003888.3625627253,561.3155636181517,252.70469991071963,8.0,4.0,2.0
r202C15,4,15,all,6,nearest,6.149999990157085e-05,12364.96737172549,622.139033696203,1114.2828338029287,6.0,8.0,0.0
r202C15,4,15,all,6,grasp,0.012751600000228791,4934.89294812662,603.0974321190572,373.1795516007562,6.0,7.0,0.0
r202C15,4,15,all,6,mp_eavns,0.30772780000006605,1131.653653875223,531.6536538752231,0.0,6.0,6.0,0.0
r202C5,1,2,depot,1,edd,4.999999873689376e-06,1000169.6547724644,69.65477246440747,0.0,1.0,0.0,1.0
r202C5,1,2,depot,1,sweep,3.499999365885742e-06,1000169.6547724644,69.65477246440747,0.0,1.0,0.0,1.0
r202C5,1,2,depot,1,nearest,2.3999999939405825e-05,1000169.6547724644,69.65477246440747,0.0,1.0,0.0,1.0
r202C5,1,2,depot,1,grasp,0.0002746999998635147,1000169.6547724644,69.65477246440747,0.0,1.0,0.0,1.0
r202C5,1,2,depot,1,mp_eavns,0.0035616999994090293,1000169.6547724644,69.65477246440747,0.0,1.0,0.0,1.0
r202C5,1,2,phased,2,edd,3.6999999792897142e-06,169.78261018085362,69.78261018085362,0.0,1.0,1.0,0.0
r202C5,1,2,phased,2,sweep,3.5999992178403772e-06,169.78261018085362,69.78261018085362,0.0,1.0,1.0,0.0
r202C5,1,2,phased,2,nearest,7.600000571983401e-06,176.2344768074575,76.2344768074575,0.0,1.0,1.0,0.0
r202C5,1,2,phased,2,grasp,0.0003513999999995576,169.78261018085362,69.78261018085362,0.0,1.0,1.0,0.0
r202C5,1,2,phased,2,mp_eavns,0.004469699999390286,169.78261018085362,69.78261018085362,0.0,1.0,1.0,0.0
r202C5,1,2,all,3,edd,3.099999958067201e-06,169.78261018085362,69.78261018085362,0.0,1.0,1.0,0.0
r202C5,1,2,all,3,sweep,3.099999958067201e-06,169.78261018085362,69.78261018085362,0.0,1.0,1.0,0.0
r202C5,1,2,all,3,nearest,7.3999999585794285e-06,176.2344768074575,76.2344768074575,0.0,1.0,1.0,0.0
r202C5,1,2,all,3,grasp,0.00034919999961857684,169.78261018085362,69.78261018085362,0.0,1.0,1.0,0.0
r202C5,1,2,all,3,mp_eavns,0.004403999999340158,169.78261018085362,69.78261018085362,0.0,1.0,1.0,0.0
r202C5,2,3,depot,1,edd,3.99999953515362e-06,1000214.5991825729,114.59918257289593,0.0,1.0,1.0,1.0
r202C5,2,3,depot,1,sweep,3.7999998312443495e-06,2000198.208462211,98.20846221096764,0.0,1.0,0.0,2.0
r202C5,2,3,depot,1,nearest,1.0600000678095967e-05,2000205.9850521095,105.98505210951791,0.0,1.0,0.0,2.0
r202C5,2,3,depot,1,grasp,0.0004034000003230176,1000214.5991825729,114.59918257289593,0.0,1.0,1.0,1.0
r202C5,2,3,depot,1,mp_eavns,0.007131899999876623,1000214.5991825729,114.59918257289593,0.0,1.0,1.0,1.0
r202C5,2,3,phased,2,edd,3.9000005926936865e-06,206.2850368154116,106.28503681541159,0.0,1.0,1.0,0.0
r202C5,2,3,phased,2,sweep,4.399999852466863e-06,199.83317018880774,99.83317018880773,0.0,1.0,1.0,0.0
r202C5,2,3,phased,2,nearest,1.0100000508828089e-05,206.2850368154116,106.28503681541159,0.0,1.0,1.0,0.0
r202C5,2,3,phased,2,grasp,0.0004528999998001382,199.83317018880774,99.83317018880773,0.0,1.0,1.0,0.0
r202C5,2,3,phased,2,mp_eavns,0.009165500000563043,199.83317018880774,99.83317018880773,0.0,1.0,1.0,0.0
r202C5,2,3,all,3,edd,4.000000444648322e-06,206.2850368154116,106.28503681541159,0.0,1.0,1.0,0.0
r202C5,2,3,all,3,sweep,4.999999873689376e-06,199.83317018880774,99.83317018880773,0.0,1.0,1.0,0.0
r202C5,2,3,all,3,nearest,1.1999999514955562e-05,206.2850368154116,106.28503681541159,0.0,1.0,1.0,0.0
r202C5,2,3,all,3,grasp,0.0004898000006505754,199.83317018880774,99.83317018880773,0.0,1.0,1.0,0.0
r202C5,2,3,all,3,mp_eavns,0.01007709999976214,199.83317018880774,99.83317018880773,0.0,1.0,1.0,0.0
r202C5,3,4,depot,1,edd,4.200000148557592e-06,3000230.869196031,130.86919603074455,0.0,1.0,0.0,3.0
r202C5,3,4,depot,1,sweep,3.899999683198985e-06,3000223.0926061324,123.09260613219428,0.0,1.0,0.0,3.0
r202C5,3,4,depot,1,nearest,1.3800000488117803e-05,3000223.0926061324,123.09260613219428,0.0,1.0,0.0,3.0
r202C5,3,4,depot,1,grasp,0.001169300000583462,2000253.308065463,153.30806546312922,0.0,1.0,1.0,2.0
r202C5,3,4,depot,1,mp_eavns,0.020896799999718496,1000353.99461378,153.99461378008033,0.0,2.0,1.0,1.0
r202C5,3,4,phased,3,edd,4.200000148557592e-06,3000230.869196031,130.86919603074455,0.0,1.0,0.0,3.0
r202C5,3,4,phased,3,sweep,4.300000000512227e-06,1000224.71731411,124.71731411003438,0.0,1.0,1.0,1.0
r202C5,3,4,phased,3,nearest,1.3300000318849925e-05,3000223.0926061324,123.09260613219428,0.0,1.0,0.0,3.0
r202C5,3,4,phased,3,grasp,0.0020284000001993263,239.22860139599214,139.22860139599214,0.0,1.0,2.0,0.0
r202C5,3,4,phased,3,mp_eavns,0.01690450000023702,239.22860139599214,139.22860139599214,0.0,1.0,2.0,0.0
r202C5,3,4,all,3,edd,7.40000086807413e-06,3000230.869196031,130.86919603074455,0.0,1.0,0.0,3.0
r202C5,3,4,all,3,sweep,6.299999768089037e-06,1000224.71731411,124.71731411003438,0.0,1.0,1.0,1.0
r202C5,3,4,all,3,nearest,1.7800000023271423e-05,3000223.0926061324,123.09260613219428,0.0,1.0,0.0,3.0
r202C5,3,4,all,3,grasp,0.0014952000001358101,239.22860139599214,139.22860139599214,0.0,1.0,2.0,0.0
r202C5,3,4,all,3,mp_eavns,0.02174020000074961,239.22860139599214,139.22860139599214,0.0,1.0,2.0,0.0
r202C5,4,5,depot,1,edd,6.900000698806252e-06,2000342.9086585208,142.90865852079332,0.0,2.0,0.0,2.0
r202C5,4,5,depot,1,sweep,5.699999746866524e-06,3000354.715382734,154.71538273387804,0.0,2.0,0.0,3.0
r202C5,4,5,depot,1,nearest,2.4599999960628338e-05,2000341.029225445,141.0292254448228,0.0,2.0,0.0,2.0
r202C5,4,5,depot,1,grasp,0.0014071000005060341,1000391.0192055166,191.01920551651864,0.0,2.0,2.0,1.0
r202C5,4,5,depot,1,mp_eavns,0.01900169999953505,1000391.0192055166,191.01920551651864,0.0,2.0,2.0,1.0
r202C5,4,5,phased,3,edd,5.9000003602704965e-06,1000343.0364962373,143.03649623723948,0.0,2.0,1.0,1.0
r202C5,4,5,phased,3,sweep,5.4000001910026185e-06,1000356.3400907117,156.34009071171815,0.0,2.0,1.0,1.0
r202C5,4,5,phased,3,nearest,1.4199999895936344e-05,2813.557475576059,142.65393342266287,247.09035421533963,2.0,1.0,0.0
r202C5,4,5,phased,3,grasp,0.0017457000003560097,343.126080865001,143.12608086500094,0.0,2.0,1.0,0.0
r202C5,4,5,phased,3,mp_eavns,0.029338800000004994,343.126080865001,143.12608086500094,0.0,2.0,1.0,0.0
r202C5,4,5,all,3,edd,1.2700000297627412e-05,1000343.0364962373,143.03649623723948,0.0,2.0,1.0,1.0
r202C5,4,5,all,3,sweep,1.049999991664663e-05,1000356.3400907117,156.34009071171815,0.0,2.0,1.0,1.0
r202C5,4,5,all,3,nearest,2.2400000489142258e-05,2813.557475576059,142.65393342266287,247.09035421533963,2.0,1.0,0.0
r202C5,4,5,all,3,grasp,0.002073999999993248,343.126080865001,143.12608086500094,0.0,2.0,1.0,0.0
r202C5,4,5,all,3,mp_eavns,0.033021999999618856,343.126080865001,143.12608086500094,0.0,2.0,1.0,0.0
r203C10,1,3,depot,1,edd,5.699999746866524e-06,1000161.0293407795,61.0293407795794,0.0,1.0,0.0,1.0
r203C10,1,3,depot,1,sweep,4.699999408330768e-06,1000161.2352089355,61.23520893549528,0.0,1.0,0.0,1.0
r203C10,1,3,depot,1,nearest,1.4799999917158857e-05,1000161.2352089355,61.23520893549528,0.0,1.0,0.0,1.0
r203C10,1,3,depot,1,grasp,0.0003224000001864624,1000161.0293407795,61.0293407795794,0.0,1.0,0.0,1.0
r203C10,1,3,depot,1,mp_eavns,0.005306099999870639,1000161.0293407795,61.0293407795794,0.0,1.0,0.0,1.0
r203C10,1,3,phased,2,edd,4.19999923906289e-06,169.59261066952325,69.59261066952324,0.0,1.0,1.0,0.0
r203C10,1,3,phased,2,sweep,4.599999556376133e-06,173.80930090782408,73.80930090782407,0.0,1.0,1.0,0.0
r203C10,1,3,phased,2,nearest,9.60000033956021e-06,167.63151573623458,67.63151573623458,0.0,1.0,1.0,0.0
r203C10,1,3,phased,2,grasp,0.000386199999411474,167.63151573623458,67.63151573623458,0.0,1.0,1.0,0.0
r203C10,1,3,phased,2,mp_eavns,0.007838800000172341,167.63151573623458,67.63151573623458,0.0,1.0,1.0,0.0
r203C10,1,3,all,5,edd,1.7999999727180693e-05,169.25688788000303,69.25688788000303,0.0,1.0,1.0,0.0
r203C10,1,3,all,5,sweep,5.4000001910026185e-06,169.72465398194979,69.72465398194979,0.0,1.0,1.0,0.0
r203C10,1,3,all,5,nearest,1.1299999641778413e-05,167.63151573623458,67.63151573623458,0.0,1.0,1.0,0.0
r203C10,1,3,all,5,grasp,0.00046349999956873944,167.63151573623458,67.63151573623458,0.0,1.0,1.0,0.0
r203C10,1,3,all,5,mp_eavns,0.007613400000082038,167.63151573623458,67.63151573623458,0.0,1.0,1.0,0.0
r203C10,2,5,depot,1,edd,4.599999556376133e-06,1000313.3467431883,113.34674318834446,0.0,2.0,0.0,1.0
r203C10,2,5,depot,1,sweep,3.099999958067201e-06,1000319.2126363268,119.21263632684308,0.0,2.0,0.0,1.0
r203C10,2,5,depot,1,nearest,1.300000076298602e-05,1000311.9256923283,111.9256923282338,0.0,2.0,0.0,1.0
r203C10,2,5,depot,1,grasp,0.0006934999992154189,1000311.9256923283,111.9256923282338,0.0,2.0,0.0,1.0
r203C10,2,5,depot,1,mp_eavns,0.018856599999708124,1000311.9256923283,111.9256923282338,0.0,2.0,0.0,1.0
r203C10,2,5,phased,3,edd,8.89999955688836e-06,321.5742902887681,121.57429028876808,0.0,2.0,1.0,0.0
r203C10,2,5,phased,3,sweep,8.400000297115184e-06,322.04205639071483,122.04205639071483,0.0,2.0,1.0,0.0
r203C10,2,5,phased,3,nearest,2.0899999981338624e-05,314.75511239210556,114.75511239210556,0.0,2.0,1.0,0.0
r203C10,2,5,phased,3,grasp,0.0016095999999379274,314.75511239210556,114.75511239210556,0.0,2.0,1.0,0.0
r203C10,2,5,phased,3,mp_eavns,0.027538600000298175,314.75511239210556,114.75511239210556,0.0,2.0,1.0,0.0
r203C10,2,5,all,5,edd,7.700000423938036e-06,321.5742902887681,121.57429028876808,0.0,2.0,1.0,0.0
r203C10,2,5,all,5,sweep,7.5000007200287655e-06,322.04205639071483,122.04205639071483,0.0,2.0,1.0,0.0
r203C10,2,5,all,5,nearest,2.1899999410379678e-05,314.75511239210556,114.75511239210556,0.0,2.0,1.0,0.0
r203C10,2,5,all,5,grasp,0.0018033000005743816,314.75511239210556,114.75511239210556,0.0,2.0,1.0,0.0
r203C10,2,5,all,5,mp_eavns,0.030068000000028405,314.75511239210556,114.75511239210556,0.0,2.0,1.0,0.0
r203C10,3,8,depot,1,edd,8.89999955688836e-06,6000561.397041178,361.39704117806394,0.0,2.0,1.0,6.0
r203C10,3,8,depot,1,sweep,6.799999937356915e-06,4000411.9207009426,211.92070094244528,0.0,2.0,0.0,4.0
r203C10,3,8,depot,1,nearest,3.259999994043028e-05,4000404.633756944,204.63375694383598,0.0,2.0,0.0,4.0
r203C10,3,8,depot,1,grasp,0.0039053999998941435,3000438.5840855665,238.58408556629558,0.0,2.0,1.0,3.0
r203C10,3,8,depot,1,mp_eavns,0.08822400000008201,2000554.7134039525,254.71340395262567,0.0,3.0,1.0,2.0
r203C10,3,8,phased,4,edd,7.999999979801942e-06,5000585.4653379945,385.4653379944674,0.0,2.0,2.0,5.0
r203C10,3,8,phased,4,sweep,7.600000571983401e-06,3000414.7501210063,214.75012100631702,0.0,2.0,1.0,3.0
r203C10,3,8,phased,4,nearest,3.0299999707494862e-05,3000407.4631770076,207.46317700770774,0.0,2.0,1.0,3.0
r203C10,3,8,phased,4,grasp,0.0070756000004621455,1000514.7322292855,314.7322292855723,0.0,2.0,4.0,1.0
r203C10,3,8,phased,4,mp_eavns,0.08605679999982385,448.32380460034483,248.32380460034486,0.0,2.0,3.0,0.0
r203C10,3,8,all,5,edd,6.299999768089037e-06,5000585.4653379945,385.4653379944674,0.0,2.0,2.0,5.0
r203C10,3,8,all,5,sweep,6.100000064179767e-06,3000414.7501210063,214.75012100631702,0.0,2.0,1.0,3.0
r203C10,3,8,all,5,nearest,2.0000000404252205e-05,3000407.4631770076,207.46317700770774,0.0,2.0,1.0,3.0
r203C10,3,8,all,5,grasp,0.0051978999999846565,517.8586280064413,317.85862800644134,0.0,2.0,5.0,0.0
r203C10,3,8,all,5,mp_eavns,0.11098560000027646,439.5572405283866,239.5572405283866,0.0,2.0,3.0,0.0
r203C10,4,10,depot,1,edd,7.79999936639797e-06,7000705.692514445,405.69251444486844,0.0,3.0,1.0,7.0
r203C10,4,10,depot,1,sweep,6.900000698806252e-06,6000580.507201298,280.50720129793154,0.0,3.0,0.0,6.0
r203C10,4,10,depot,1,nearest,2.530000074330019e-05,5000591.374399873,291.3743998730526,0.0,3.0,0.0,5.0
r203C10,4,10,depot,1,grasp,0.00784049999947456,4000646.3900193963,346.3900193965127,0.0,3.0,2.0,4.0
r203C10,4,10,depot,1,mp_eavns,0.1323813999997583,3000610.045832093,310.04583209275273,0.0,3.0,2.0,3.0
r203C10,4,10,phased,5,edd,1.0800000382005237e-05,2000734.3309242856,434.3309242855833,0.0,3.0,5.0,2.0
r203C10,4,10,phased,5,sweep,1.0299999303242657e-05,4000583.812263739,283.81226373891366,0.0,3.0,2.0,4.0
r203C10,4,10,phased,5,nearest,3.7200000406301115e-05,1000602.0865093808,302.0865093808775,0.0,3.0,3.0,1.0
r203C10,4,10,phased,5,grasp,0.012371599999823957,613.2182364078087,313.2182364078087,0.0,3.0,5.0,0.0
r203C10,4,10,phased,5,mp_eavns,0.15887490000022808,576.7967295140616,276.79672951406155,0.0,3.0,3.0,0.0
r203C10,4,10,all,5,edd,5.899999450775795e-06,2000734.3309242856,434.3309242855833,0.0,3.0,5.0,2.0
r203C10,4,10,all,5,sweep,5.800000508315861e-06,4000583.812263739,283.81226373891366,0.0,3.0,2.0,4.0
r203C10,4,10,all,5,nearest,2.229999972769292e-05,1000602.0865093808,302.0865093808775,0.0,3.0,3.0,1.0
r203C10,4,10,all,5,grasp,0.00666559999990568,679.5157912190859,379.51579121908594,0.0,3.0,5.0,0.0
r203C10,4,10,all,5,mp_eavns,0.17434570000023086,576.7967295140616,276.79672951406155,0.0,3.0,3.0,0.0
r203C5,1,2,depot,1,edd,5.4000001910026185e-06,2000192.3713990066,92.37139900655453,0.0,1.0,0.0,2.0
r203C5,1,2,depot,1,sweep,3.5999992178403772e-06,1000192.3713990066,92.37139900655453,0.0,1.0,0.0,1.0
r203C5,1,2,depot,1,nearest,1.160000010713702e-05,1000192.3713990066,92.37139900655453,0.0,1.0,0.0,1.0
r203C5,1,2,depot,1,grasp,0.00028339999971649377,1000192.3713990066,92.37139900655453,0.0,1.0,0.0,1.0
r203C5,1,2,depot,1,mp_eavns,0.0040963000001283945,1000192.3713990066,92.37139900655453,0.0,1.0,0.0,1.0
r203C5,1,2,phased,2,edd,5.199999577598646e-06,209.0088098407428,109.00880984074281,0.0,1.0,1.0,0.0
r203C5,1,2,phased,2,sweep,6.099999154685065e-06,1000192.3713990066,92.37139900655453,0.0,1.0,0.0,1.0
r203C5,1,2,phased,2,nearest,1.0400000064691994e-05,1000192.3713990066,92.37139900655453,0.0,1.0,0.0,1.0
r203C5,1,2,phased,2,grasp,0.00031550000039715087,209.0088098407428,109.00880984074281,0.0,1.0,1.0,0.0
r203C5,1,2,phased,2,mp_eavns,0.0026540999997450854,209.0088098407428,109.00880984074281,0.0,1.0,1.0,0.0
r203C5,1,2,all,4,edd,2.9000002541579306e-06,209.0088098407428,109.00880984074281,0.0,1.0,1.0,0.0
r203C5,1,2,all,4,sweep,6.600000233447645e-06,1000192.3713990066,92.37139900655453,0.0,1.0,0.0,1.0
r203C5,1,2,all,4,nearest,5.899999450775795e-06,1000192.3713990066,92.37139900655453,0.0,1.0,0.0,1.0
r203C5,1,2,all,4,grasp,0.00015110000003915047,209.0088098407428,109.00880984074281,0.0,1.0,1.0,0.0
r203C5,1,2,all,4,mp_eavns,0.001936599999680766,209.0088098407428,109.00880984074281,0.0,1.0,1.0,0.0
r203C5,2,3,depot,1,edd,3.9000005926936865e-06,3000218.742460006,118.74246000600978,0.0,1.0,0.0,3.0
r203C5,2,3,depot,1,sweep,2.499999936844688e-06,2000213.5046835796,113.50468357954102,0.0,1.0,0.0,2.0
r203C5,2,3,depot,1,nearest,8.900000466383062e-06,2000218.742460006,118.74246000600976,0.0,1.0,0.0,2.0
r203C5,2,3,depot,1,grasp,0.0001830000001064036,1000243.4791283633,143.47912836327706,0.0,1.0,1.0,1.0
r203C5,2,3,depot,1,mp_eavns,0.0031723999991299934,1000243.4791283633,143.47912836327706,0.0,1.0,1.0,1.0
r203C5,2,3,phased,3,edd,2.4000000848900527e-06,1000219.6898116252,119.6898116252194,0.0,1.0,1.0,1.0
r203C5,2,3,phased,3,sweep,1.99999976757681e-06,2000213.5046835796,113.50468357954102,0.0,1.0,0.0,2.0
r203C5,2,3,phased,3,nearest,5.300000339047983e-06,2000218.742460006,118.74246000600976,0.0,1.0,0.0,2.0
r203C5,2,3,phased,3,grasp,0.00020929999936925014,260.1165391974654,160.11653919746536,0.0,1.0,2.0,0.0
r203C5,2,3,phased,3,mp_eavns,0.005935400000453228,260.1165391974654,160.11653919746536,0.0,1.0,2.0,0.0
r203C5,2,3,all,4,edd,6.100000064179767e-06,1000219.6898116252,119.6898116252194,0.0,1.0,1.0,1.0
r203C5,2,3,all,4,sweep,5.699999746866524e-06,2000213.5046835796,113.50468357954102,0.0,1.0,0.0,2.0
r203C5,2,3,all,4,nearest,1.2600000445672777e-05,2000218.742460006,118.74246000600976,0.0,1.0,0.0,2.0
r203C5,2,3,all,4,grasp,0.0004231999992043711,260.1165391974654,160.11653919746536,0.0,1.0,2.0,0.0
r203C5,2,3,all,4,mp_eavns,0.007912699999906181,260.1165391974654,160.11653919746536,0.0,1.0,2.0,0.0
r203C5,3,4,depot,1,edd,6.399999620043673e-06,3000332.123396486,132.12339648610242,0.0,2.0,0.0,3.0
r203C5,3,4,depot,1,sweep,1.5800000255694613e-05,2000347.4458090765,147.4458090764953,0.0,2.0,0.0,2.0
r203C5,3,4,depot,1,nearest,1.720000000204891e-05,2000349.9657383342,149.96573833411384,0.0,2.0,0.0,2.0
r203C5,3,4,depot,1,grasp,0.0005568999995375634,1000350.1850174179,150.1850174179005,0.0,2.0,1.0,1.0
r203C5,3,4,depot,1,mp_eavns,0.016080999999758205,1000344.9457020545,144.94570205451382,0.0,2.0,0.0,1.0
r203C5,3,4,phased,4,edd,8.69999985297909e-06,336.42590429616894,136.42590429616894,0.0,2.0,1.0,0.0
r203C5,3,4,phased,4,sweep,8.799999704933725e-06,2000347.4458090765,147.4458090764953,0.0,2.0,0.0,2.0
r203C5,3,4,phased,4,nearest,1.8699999600357842e-05,1000362.522988745,162.52298874504066,0.0,2.0,1.0,1.0
r203C5,3,4,phased,4,grasp,0.0005674000003637047,362.7422678288273,162.74226782882732,0.0,2.0,2.0,0.0
r203C5,3,4,phased,4,mp_eavns,0.015061200000673125,321.15792425337406,121.15792425337408,0.0,2.0,1.0,0.0
r203C5,3,4,all,4,edd,5.4000001910026185e-06,336.42590429616894,136.42590429616894,0.0,2.0,1.0,0.0
r203C5,3,4,all,4,sweep,4.999999873689376e-06,2000347.4458090765,147.4458090764953,0.0,2.0,0.0,2.0
r203C5,3,4,all,4,nearest,1.2100000276404899e-05,1000362.522988745,162.52298874504066,0.0,2.0,1.0,1.0
r203C5,3,4,all,4,grasp,0.0003086000006078393,362.7422678288273,162.74226782882732,0.0,2.0,2.0,0.0
r203C5,3,4,all,4,mp_eavns,0.01765880000039033,321.15792425337406,121.15792425337408,0.0,2.0,1.0,0.0
r203C5,4,5,depot,1,edd,4.999999873689376e-06,3000437.6243220414,237.62432204144443,0.0,2.0,1.0,3.0
r203C5,4,5,depot,1,sweep,3.2999996619764715e-06,3000435.3093396225,235.3093396224505,0.0,2.0,1.0,3.0
r203C5,4,5,depot,1,nearest,1.4899999769113492e-05,3000436.415671424,236.41567142382027,0.0,2.0,0.0,3.0
r203C5,4,5,depot,1,grasp,0.0003702000003613648,2000431.3956351443,231.39563514422025,0.0,2.0,0.0,2.0
r203C5,4,5,depot,1,mp_eavns,0.01550409999981639,2000421.4502098814,221.45020988148633,0.0,2.0,0.0,2.0
r203C5,4,5,phased,4,edd,7.599999662488699e-06,441.92794712037653,241.9279471203765,0.0,2.0,3.0,0.0
r203C5,4,5,phased,4,sweep,5.500000042957254e-06,2000420.473300095,220.47330009498538,0.0,2.0,1.0,2.0
r203C5,4,5,phased,4,nearest,1.340000017080456e-05,3000436.415671424,236.41567142382027,0.0,2.0,0.0,3.0
r203C5,4,5,phased,4,grasp,0.0003963999997722567,1000450.4477448787,250.4477448787214,0.0,2.0,2.0,1.0
r203C5,4,5,phased,4,mp_eavns,0.02034630000071047,399.53660057822924,199.5366005782292,0.0,2.0,2.0,0.0
r203C5,4,5,all,4,edd,5.800000508315861e-06,441.92794712037653,241.9279471203765,0.0,2.0,3.0,0.0
r203C5,4,5,all,4,sweep,5.099999725644011e-06,2000420.473300095,220.47330009498538,0.0,2.0,1.0,2.0
r203C5,4,5,all,4,nearest,1.340000017080456e-05,3000436.415671424,236.41567142382027,0.0,2.0,0.0,3.0
r203C5,4,5,all,4,grasp,0.00038300000051094685,745.319508347646,214.8045806210241,33.051492772662186,2.0,2.0,0.0
r203C5,4,5,all,4,mp_eavns,0.012739200000396522,399.53660057822924,199.5366005782292,0.0,2.0,2.0,0.0
r209C15,1,4,depot,1,edd,4.200000148557592e-06,1000465.5414533798,165.54145337973364,0.0,3.0,0.0,1.0
r209C15,1,4,depot,1,sweep,2.7999994927085936e-06,1000455.3299508308,155.3299508307553,0.0,3.0,0.0,1.0
r209C15,1,4,depot,1,nearest,1.0700000530050602e-05,1000355.3299508308,155.3299508307553,0.0,2.0,1.0,1.0
r209C15,1,4,depot,1,grasp,0.0002758999999059597,1000355.3299508308,155.3299508307553,0.0,2.0,1.0,1.0
r209C15,1,4,depot,1,mp_eavns,0.013444199999867124,481.8522569492221,181.85225694922212,0.0,3.0,1.0,0.0
r209C15,1,4,phased,2,edd,6.100000064179767e-06,1000465.5414533798,165.54145337973364,0.0,3.0,0.0,1.0
r209C15,1,4,phased,2,sweep,6.299999768089037e-06,1000455.3299508308,155.3299508307553,0.0,3.0,0.0,1.0
r209C15,1,4,phased,2,nearest,1.5100000382517464e-05,1000353.7731954345,153.7731954345198,0.0,2.0,1.0,1.0
r209C15,1,4,phased,2,grasp,0.00045680000039283186,3359.6144787433786,162.55565004651092,299.7058828696868,2.0,2.0,0.0
r209C15,1,4,phased,2,mp_eavns,0.016579900000579073,480.29550155298665,180.29550155298665,0.0,3.0,1.0,0.0
r209C15,1,4,all,5,edd,4.999999873689376e-06,1000465.5414533798,165.54145337973364,0.0,3.0,0.0,1.0
r209C15,1,4,all,5,sweep,4.800000169780105e-06,1000455.3299508308,155.3299508307553,0.0,3.0,0.0,1.0
r209C15,1,4,all,5,nearest,1.609999981155852e-05,1000353.7731954345,153.7731954345198,0.0,2.0,1.0,1.0
r209C15,1,4,all,5,grasp,0.00034449999930075137,1040.4385923270706,162.55565004651092,67.78829422805597,2.0,2.0,0.0
r209C15,1,4,all,5,mp_eavns,0.016372799999771814,480.29550155298665,180.29550155298665,0.0,3.0,1.0,0.0
r209C15,2,8,depot,1,edd,8.300000445160549e-06,3000852.097596518,352.09759651805,0.0,5.0,1.0,3.0
r209C15,2,8,depot,1,sweep,6.499999471998308e-06,3004264.910199122,314.19682216958387,345.07133769523637,5.0,0.0,3.0
r209C15,2,8,depot,1,nearest,3.199999991920777e-05,4004157.8508218057,307.13744485306495,345.07133769523637,4.0,0.0,4.0
r209C15,2,8,depot,1,grasp,0.0011808999997811043,2000736.6793491526,336.67934915270877,0.0,4.0,2.0,2.0
r209C15,2,8,depot,1,mp_eavns,0.06364570000005187,1000763.2016552712,363.2016552711756,0.0,4.0,3.0,1.0
r209C15,2,8,phased,3,edd,1.1099999937869143e-05,1000869.5480155258,369.54801552578414,0.0,5.0,3.0,1.0
r209C15,2,8,phased,3,sweep,9.800000043469481e-06,2004268.072583542,317.3592065896304,345.07133769523637,5.0,1.0,2.0
r209C15,2,8,phased,3,nearest,3.149999974993989e-05,4004157.8508218057,307.13744485306495,345.07133769523637,4.0,0.0,4.0
r209C15,2,8,phased,3,grasp,0.0012148999994678888,2635.840722144736,345.249882134593,189.0590840010143,4.0,4.0,0.0
r209C15,2,8,phased,3,mp_eavns,0.08303049999994982,764.8072842949865,364.8072842949865,0.0,4.0,4.0,0.0
r209C15,2,8,all,5,edd,1.2200000128359534e-05,865.8736966494185,365.87369664941855,0.0,5.0,3.0,0.0
r209C15,2,8,all,5,sweep,8.69999985297909e-06,2004268.072583542,317.3592065896304,345.07133769523637,5.0,1.0,2.0
r209C15,2,8,all,5,nearest,3.0499999411404133e-05,4004157.8508218057,307.13744485306495,345.07133769523637,4.0,0.0,4.0
r209C15,2,8,all,5,grasp,0.0013492999996742583,1000749.6405801576,349.64058015765124,0.0,4.0,4.0,1.0
r209C15,2,8,all,5,mp_eavns,0.08455870000034338,758.3811484297964,358.3811484297965,0.0,4.0,4.0,0.0
r209C15,3,12,depot,1,edd,1.2800000149582047e-05,5001055.245733259,455.24573325957175,0.0,6.0,0.0,5.0
r209C15,3,12,depot,1,sweep,8.50000014906982e-06,4005895.450045992,384.73666903983207,491.07133769523637,6.0,0.0,4.0
r209C15,3,12,depot,1,nearest,5.6400000175926834e-05,5004343.330105254,392.6167283017288,345.07133769523637,5.0,0.0,5.0
r209C15,3,12,depot,1,grasp,0.0019032000000152038,4002977.843629743,393.3028909181569,208.45407388246656,5.0,1.0,4.0
r209C15,3,12,depot,1,mp_eavns,0.12308430000030057,2000930.719415159,430.7194151588487,0.0,5.0,3.0,2.0
r209C15,3,12,phased,4,edd,1.4900000678608194e-05,3001077.4250543606,477.4250543608299,0.0,6.0,2.0,3.0
r209C15,3,12,phased,4,sweep,1.2900000001536682e-05,2005904.3307398714,393.6173629190746,491.07133769523637,6.0,2.0,2.0
r209C15,3,12,phased,4,nearest,5.000000055588316e-05,5004343.330105254,392.6167283017288,345.07133769523637,5.0,0.0,5.0
r209C15,3,12,phased,4,grasp,0.0019298999995953636,1005815.4138912607,442.70996867228666,487.27039225884187,5.0,4.0,1.0
r209C15,3,12,phased,4,mp_eavns,0.18699440000000322,944.1276983727292,444.12769837272924,0.0,5.0,5.0,0.0
r209C15,3,12,all,5,edd,7.5000007200287655e-06,1001082.9617390988,482.9617390987164,0.0,6.0,4.0,1.0
r209C15,3,12,all,5,sweep,7.900000127847306e-06,2005904.3307398714,393.6173629190746,491.07133769523637,6.0,2.0,2.0
r209C15,3,12,all,5,nearest,3.0100000003585592e-05,5004343.330105254,392.6167283017288,345.07133769523637,5.0,0.0,5.0
r209C15,3,12,all,5,grasp,0.0014009000005898997,2072.50909654727,512.9518769598174,105.95572195874524,5.0,7.0,0.0
r209C15,3,12,all,5,mp_eavns,0.12559559999954217,910.7772246311276,410.77722463112764,0.0,5.0,4.0,0.0
r209C15,4,15,depot,1,edd,1.3800000488117803e-05,8001360.392118102,660.3921181021533,0.0,7.0,0.0,8.0
r209C15,4,15,depot,1,sweep,1.5300000086426735e-05,5006076.459876481,465.74649952919447,491.07133769523637,7.0,0.0,5.0
r209C15,4,15,depot,1,nearest,6.409999969037017e-05,7007958.700062819,543.9560136320521,681.4744049187028,6.0,1.0,7.0
r209C15,4,15,depot,1,grasp,0.0051756000002569635,4012317.445222646,580.1773187862557,1113.7267903859529,6.0,3.0,4.0
r209C15,4,15,depot,1,mp_eavns,0.24328400000013062,3001113.862183837,513.8621838370423,0.0,6.0,3.0,3.0
r209C15,4,15,phased,5,edd,8.099999831756577e-06,4001381.0761411446,681.0761411445524,0.0,7.0,4.0,4.0
r209C15,4,15,phased,5,sweep,7.200000254670158e-06,4006079.6222609016,468.90888394924093,491.07133769523637,7.0,1.0,4.0
r209C15,4,15,phased,5,nearest,3.5200000638724305e-05,5007779.412621269,536.1277425648636,664.3284878704224,6.0,2.0,5.0
r209C15,4,15,phased,5,grasp,0.006005600000207778,2892.2657221358004,657.0074838960109,163.52582382397895,6.0,8.0,0.0
r209C15,4,15,phased,5,mp_eavns,0.22713850000036473,1079.6908702614514,479.69087026145155,0.0,6.0,4.0,0.0
r209C15,4,15,all,5,edd,8.69999985297909e-06,4001381.0761411446,681.0761411445524,0.0,7.0,4.0,4.0
r209C15,4,15,all,5,sweep,7.499999810534064e-06,4006079.6222609016,468.90888394924093,491.07133769523637,7.0,1.0,4.0
r209C15,4,15,all,5,nearest,3.569999989849748e-05,5007779.412621269,536.1277425648636,664.3284878704224,6.0,2.0,5.0
r209C15,4,15,all,5,grasp,0.004470699999728822,1005559.3897632487,635.9195884874055,432.3470174761346,6.0,7.0,1.0
r209C15,4,15,all,5,mp_eavns,0.27853010000035283,1119.1235966204958,519.1235966204957,0.0,6.0,5.0,0.0
rc102C10,1,3,depot,1,edd,3.899999683198985e-06,2000349.7224436866,149.72244368646838,0.0,2.0,0.0,2.0
rc102C10,1,3,depot,1,sweep,2.399999175395351e-06,2000349.7224436866,149.72244368646838,0.0,2.0,0.0,2.0
rc102C10,1,3,depot,1,nearest,9.200000022246968e-06,2000349.7224436866,149.72244368646838,0.0,2.0,0.0,2.0
rc102C10,1,3,depot,1,grasp,0.00019630000042525353,2000349.7224436866,149.72244368646838,0.0,2.0,0.0,2.0
rc102C10,1,3,depot,1,mp_eavns,0.0036689999997179257,2000349.7224436866,149.72244368646838,0.0,2.0,0.0,2.0
rc102C10,1,3,phased,2,edd,3.3000005714711733e-06,1000350.0084938678,150.00849386779248,0.0,2.0,1.0,1.0
rc102C10,1,3,phased,2,sweep,3.2999996619764715e-06,1000350.0084938678,150.00849386779248,0.0,2.0,1.0,1.0
rc102C10,1,3,phased,2,nearest,7.100000402715523e-06,1000350.0084938678,150.00849386779248,0.0,2.0,1.0,1.0
rc102C10,1,3,phased,2,grasp,0.00020659999972849619,1000350.0084938678,150.00849386779248,0.0,2.0,1.0,1.0
rc102C10,1,3,phased,2,mp_eavns,0.0037186999998084502,1000350.0084938678,150.00849386779248,0.0,2.0,1.0,1.0
rc102C10,1,3,all,4,edd,2.600000698294025e-06,1000350.0084938678,150.00849386779248,0.0,2.0,1.0,1.0
rc102C10,1,3,all,4,sweep,2.2999993234407157e-06,1000350.0084938678,150.00849386779248,0.0,2.0,1.0,1.0
rc102C10,1,3,all,4,nearest,6.300000677583739e-06,1000350.0084938678,150.00849386779248,0.0,2.0,1.0,1.0
rc102C10,1,3,all,4,grasp,0.00023969999983819434,1000350.0084938678,150.00849386779248,0.0,2.0,1.0,1.0
rc102C10,1,3,all,4,mp_eavns,0.004260199999407632,1000350.0084938678,150.00849386779248,0.0,2.0,1.0,1.0
rc102C10,2,5,depot,1,edd,3.1999998100218363e-06,4000566.9766621743,266.97666217426115,0.0,3.0,0.0,4.0
rc102C10,2,5,depot,1,sweep,3.099999958067201e-06,4000576.37543908,276.3754390798142,0.0,3.0,0.0,4.0
rc102C10,2,5,depot,1,nearest,1.0400000064691994e-05,4001755.8762428816,283.814605551246,117.20616373302047,3.0,0.0,4.0
rc102C10,2,5,depot,1,grasp,0.00032079999982670415,3000946.635620914,266.97666217426115,37.965895873961216,3.0,0.0,3.0
rc102C10,2,5,depot,1,mp_eavns,0.018509599999561033,3000696.299088914,296.2990889141314,0.0,4.0,0.0,3.0
rc102C10,2,5,phased,3,edd,5.099999725644011e-06,3000567.2627123557,267.2627123555852,0.0,3.0,1.0,3.0
rc102C10,2,5,phased,3,sweep,4.499999704421498e-06,2000579.8222072818,279.8222072818387,0.0,3.0,1.0,2.0
rc102C10,2,5,phased,3,nearest,1.1699999959091656e-05,2002796.8909003113,289.49600573970565,220.7394894571634,3.0,1.0,2.0
rc102C10,2,5,phased,3,grasp,0.00035460000071907416,2000579.8222072818,279.82220728183876,0.0,3.0,1.0,2.0
rc102C10,2,5,phased,3,mp_eavns,0.017705900000692054,2000579.8222072818,279.82220728183876,0.0,3.0,1.0,2.0
rc102C10,2,5,all,4,edd,4.999999873689376e-06,3000567.2627123557,267.2627123555852,0.0,3.0,1.0,3.0
rc102C10,2,5,all,4,sweep,5.500000042957254e-06,2000579.8222072818,279.8222072818387,0.0,3.0,1.0,2.0
rc102C10,2,5,all,4,nearest,1.269999938813271e-05,2002796.8909003113,289.49600573970565,220.7394894571634,3.0,1.0,2.0
rc102C10,2,5,all,4,grasp,0.0004092999997737934,2000579.8222072818,279.82220728183876,0.0,3.0,1.0,2.0
rc102C10,2,5,all,4,mp_eavns,0.01676950000000943,2000579.8222072818,279.82220728183876,0.0,3.0,1.0,2.0
rc102C10,3,8,depot,1,edd,5.899999450775795e-06,5001849.678022101,460.29494172956663,88.93830803710482,5.0,2.0,5.0
rc102C10,3,8,depot,1,sweep,3.7999998312443495e-06,6000764.721493586,364.7214935858222,0.0,4.0,0.0,6.0
rc102C10,3,8,depot,1,nearest,1.849999989644857e-05,4003065.043917613,440.37620209932743,222.46677155137758,4.0,1.0,4.0
rc102C10,3,8,depot,1,grasp,0.0006271000002016081,4003065.043917613,440.37620209932743,222.46677155137758,4.0,1.0,4.0
rc102C10,3,8,depot,1,mp_eavns,0.03609690000030241,4000805.0793291624,405.07932916233847,0.0,4.0,1.0,4.0
rc102C10,3,8,phased,4,edd,8.199999683711212e-06,4001849.964072282,460.5809919108907,88.93830803710482,5.0,3.0,4.0
rc102C10,3,8,phased,4,sweep,7.300000106624793e-06,4000768.168261788,368.1682617878468,0.0,4.0,1.0,4.0
rc102C10,3,8,phased,4,nearest,2.719999974942766e-05,4003065.043917613,440.37620209932743,222.46677155137758,4.0,1.0,4.0
rc102C10,3,8,phased,4,grasp,0.0007218999999167863,3001706.0957149267,405.59257434303186,90.05031405835692,4.0,3.0,3.0
rc102C10,3,8,phased,4,mp_eavns,0.04669539999940753,2001672.042125136,371.53898455241784,90.05031405835692,4.0,3.0,2.0
rc102C10,3,8,all,4,edd,6.799999937356915e-06,4001849.964072282,460.5809919108907,88.93830803710482,5.0,3.0,4.0
rc102C10,3,8,all,4,sweep,7.099999493220821e-06,4000768.168261788,368.1682617878468,0.0,4.0,1.0,4.0
rc102C10,3,8,all,4,nearest,1.8700000509852543e-05,4003065.043917613,440.37620209932743,222.46677155137758,4.0,1.0,4.0
rc102C10,3,8,all,4,grasp,0.0007667999998375308,3004783.9722377635,477.9761891903032,390.59960485731483,4.0,3.0,3.0
rc102C10,3,8,all,4,mp_eavns,0.056934300000648363,2001672.042125136,371.53898455241784,90.05031405835692,4.0,3.0,2.0
rc102C10,4,10,depot,1,edd,1.06999996205559e-05,7001939.451040068,536.062465232731,90.3388574835074,5.0,2.0,7.0
rc102C10,4,10,depot,1,sweep,9.899999895424116e-06,8000816.924044123,416.9240441227129,0.0,4.0,0.0,8.0
rc102C10,4,10,depot,1,nearest,3.780000042752363e-05,6002300.384767552,490.38476755187577,131.0,5.0,0.0,6.0
rc102C10,4,10,depot,1,grasp,0.002066699999886623,5002982.5989249805,529.148642957239,195.34502820228366,5.0,1.0,5.0
rc102C10,4,10,depot,1,mp_eavns,0.09632479999982024,5000935.5539278705,435.55392787057787,0.0,5.0,0.0,5.0
rc102C10,4,10,phased,4,edd,1.0300000212737359e-05,6001939.73709025,536.3485154140551,90.3388574835074,5.0,3.0,6.0
rc102C10,4,10,phased,4,sweep,1.0799999472510535e-05,6000820.370812325,420.3708123247375,0.0,4.0,1.0,6.0
rc102C10,4,10,phased,4,nearest,3.569999989849748e-05,6002300.384767552,490.38476755187577,131.0,5.0,0.0,6.0
rc102C10,4,10,phased,4,grasp,0.002473699999427481,4002536.6291553318,534.7922903889788,150.1836864942672,5.0,3.0,4.0
rc102C10,4,10,phased,4,mp_eavns,0.0749588999997286,3001712.074990324,411.5718497408679,90.05031405835692,4.0,3.0,3.0
rc102C10,4,10,all,4,edd,6.70000008540228e-06,6001939.73709025,536.3485154140551,90.3388574835074,5.0,3.0,6.0
rc102C10,4,10,all,4,sweep,6.8999997893115506e-06,6000820.370812325,420.3708123247375,0.0,4.0,1.0,6.0
rc102C10,4,10,all,4,nearest,2.700000004551839e-05,6002300.384767552,490.38476755187577,131.0,5.0,0.0,6.0
rc102C10,4,10,all,4,grasp,0.0013100999995003804,3003576.983488604,500.52966855687026,267.6453820047056,4.0,5.0,3.0
rc102C10,4,10,all,4,mp_eavns,0.07803709999916464,3001712.074990324,411.5718497408679,90.05031405835692,4.0,3.0,3.0
rc103C15,1,4,depot,1,edd,5.899999450775795e-06,3000355.998938347,155.99893834734212,0.0,2.0,0.0,3.0
rc103C15,1,4,depot,1,sweep,4.599999556376133e-06,2001277.415246279,118.73562363793346,95.8679622641132,2.0,0.0,2.0
rc103C15,1,4,depot,1,nearest,1.650000012887176e-05,2002342.1187915034,156.3380791952832,198.57807123080482,2.0,0.0,2.0
rc103C15,1,4,depot,1,grasp,0.000592099999266793,1000305.8452003868,105.84520038687154,0.0,2.0,0.0,1.0
rc103C15,1,4,depot,1,mp_eavns,0.010626399999637215,1000305.8452003868,105.84520038687154,0.0,2.0,0.0,1.0
rc103C15,1,4,phased,2,edd,7.79999936639797e-06,371.84623700640947,171.84623700640947,0.0,2.0,2.0,0.0
rc103C15,1,4,phased,2,sweep,7.999999979801942e-06,2001277.415246279,118.73562363793346,95.8679622641132,2.0,0.0,2.0
rc103C15,1,4,phased,2,nearest,1.8900000213761814e-05,2357.9137217532775,172.13300944522922,198.57807123080482,2.0,2.0,0.0
rc103C15,1,4,phased,2,grasp,0.0005848999999216176,371.84623700640947,171.84623700640947,0.0,2.0,2.0,0.0
rc103C15,1,4,phased,2,mp_eavns,0.015366999999969266,371.84623700640947,171.84623700640947,0.0,2.0,2.0,0.0
rc103C15,1,4,all,5,edd,4.600000465870835e-06,371.84623700640947,171.84623700640947,0.0,2.0,2.0,0.0
rc103C15,1,4,all,5,sweep,4.300000000512227e-06,2001277.415246279,118.73562363793346,95.8679622641132,2.0,0.0,2.0
rc103C15,1,4,all,5,nearest,9.800000043469481e-06,2357.9137217532775,172.13300944522922,198.57807123080482,2.0,2.0,0.0
rc103C15,1,4,all,5,grasp,0.00030810000043857144,846.3980081677694,160.34503268440488,48.60529754833645,2.0,2.0,0.0
rc103C15,1,4,all,5,mp_eavns,0.009739000000081433,371.84623700640947,171.84623700640947,0.0,2.0,2.0,0.0
rc103C15,2,8,depot,1,edd,4.5000006139162e-06,5000931.721096688,383.70594539024535,24.801515129776334,3.0,0.0,5.0
rc103C15,2,8,depot,1,sweep,3.600000127335079e-06,4001525.5663042176,266.8866815763412,95.8679622641132,3.0,0.0,4.0
rc103C15,2,8,depot,1,nearest,1.6699999832781032e-05,3002681.7713668975,274.35862482397215,210.74127420734825,3.0,0.0,3.0
rc103C15,2,8,depot,1,grasp,0.0028154000001450186,2002019.6069080636,293.3799674159244,142.62269406476148,3.0,1.0,2.0
rc103C15,2,8,depot,1,mp_eavns,0.06525199999941833,2000547.2066957694,247.2066957694853,0.0,3.0,0.0,2.0
rc103C15,2,8,phased,3,edd,6.000000212225132e-06,4001258.438680003,389.9117927487305,56.85268872540368,3.0,1.0,4.0
rc103C15,2,8,phased,3,sweep,5.599999894911889e-06,4001525.5663042176,266.8866815763412,95.8679622641132,3.0,0.0,4.0
rc103C15,2,8,phased,3,nearest,1.720000000204891e-05,1002697.5662971474,290.15355507391814,210.74127420734825,3.0,2.0,1.0
rc103C15,2,8,phased,3,grasp,0.0015510999992329744,2009.9354366356365,388.5129972749945,132.14224393606418,3.0,5.0,0.0
rc103C15,2,8,phased,3,mp_eavns,0.04786880000028759,531.5748134667729,231.5748134667728,0.0,3.0,3.0,0.0
rc103C15,2,8,all,5,edd,8.600000001024455e-06,4001258.438680003,389.9117927487305,56.85268872540368,3.0,1.0,4.0
rc103C15,2,8,all,5,sweep,9.700000191514846e-06,4001525.5663042176,266.8866815763412,95.8679622641132,3.0,0.0,4.0
rc103C15,2,8,all,5,nearest,3.889999970851932e-05,1002697.5662971474,290.15355507391814,210.74127420734825,3.0,2.0,1.0
rc103C15,2,8,all,5,grasp,0.0037817000002178247,1001620.5624104252,368.1581612029395,105.24042492222773,2.0,4.0,1.0
rc103C15,2,8,all,5,mp_eavns,0.0806044999999358,531.5748134667729,231.5748134667728,0.0,3.0,3.0,0.0
rc103C15,3,12,depot,1,edd,6.000000212225132e-06,8001003.8714201655,603.8714201651019,0.0,4.0,1.0,8.0
rc103C15,3,12,depot,1,sweep,4.699999408330768e-06,7001721.238320664,362.558698022086,95.8679622641132,4.0,0.0,7.0
rc103C15,3,12,depot,1,nearest,2.9300000278453808e-05,7002987.614197641,480.2014555672483,210.74127420734825,4.0,0.0,7.0
rc103C15,3,12,depot,1,grasp,0.004714599999715574,4002715.346683244,600.8657152984865,171.44809679457035,4.0,4.0,4.0
rc103C15,3,12,depot,1,mp_eavns,0.11150170000018989,3000822.737395408,422.73739540830354,0.0,4.0,2.0,3.0
rc103C15,3,12,phased,4,edd,9.500000487605575e-06,7001330.58900348,610.077267523587,32.05117359562735,4.0,2.0,7.0
rc103C15,3,12,phased,4,sweep,8.799999704933725e-06,5001723.084736049,364.4051134084159,95.8679622641132,4.0,1.0,5.0
rc103C15,3,12,phased,4,nearest,3.8800000766059384e-05,3003063.655313102,494.0613426798014,216.95939704223437,4.0,3.0,3.0
rc103C15,3,12,phased,4,grasp,0.006504799999675015,3932.6244776180492,528.9524839211806,300.36719936968683,4.0,8.0,0.0
rc103C15,3,12,phased,4,mp_eavns,0.17098340000029566,816.2508132666762,416.2508132666763,0.0,4.0,5.0,0.0
rc103C15,3,12,all,5,edd,1.2900000001536682e-05,7001330.58900348,610.077267523587,32.05117359562735,4.0,2.0,7.0
rc103C15,3,12,all,5,sweep,1.2000000424450263e-05,5001723.084736049,364.4051134084159,95.8679622641132,4.0,1.0,5.0
rc103C15,3,12,all,5,nearest,4.759999956149841e-05,3003063.655313102,494.0613426798014,216.95939704223437,4.0,3.0,3.0
rc103C15,3,12,all,5,grasp,0.008484799999678216,1003413.8454177944,540.6502615814809,247.31951562129058,4.0,7.0,1.0
rc103C15,3,12,all,5,mp_eavns,0.1848654000004899,816.2508132666762,416.2508132666763,0.0,4.0,5.0,0.0
rc103C15,4,15,depot,1,edd,9.999999747378752e-06,12001231.253495552,731.2534955508258,0.0,5.0,0.0,12.0
rc103C15,4,15,depot,1,sweep,6.999999641266186e-06,9001903.48280986,444.8031872194405,95.8679622641132,5.0,0.0,9.0
rc103C15,4,15,depot,1,nearest,5.129999954078812e-05,9003192.512654632,585.0999125594618,210.74127420734825,5.0,0.0,9.0
rc103C15,4,15,depot,1,grasp,0.009158199999546923,6002867.089281419,652.608313473263,171.44809679457035,5.0,3.0,6.0
rc103C15,4,15,depot,1,mp_eavns,0.22284829999989597,4001001.7209111038,501.720911103602,0.0,5.0,2.0,4.0
rc103C15,4,15,phased,5,edd,8.400000297115184e-06,11001557.971078865,737.459342909311,32.05117359562735,5.0,1.0,11.0
rc103C15,4,15,phased,5,sweep,7.499999810534064e-06,5001918.65044291,459.97082026971407,95.8679622641132,5.0,2.0,5.0
rc103C15,4,15,phased,5,nearest,4.7900000026857015e-05,6003297.523240705,604.2829098970552,219.32403308082516,5.0,3.0,6.0
rc103C15,4,15,phased,5,grasp,0.011302300000352261,1007501.0673251805,659.7378986786944,634.1329426501835,5.0,8.0,1.0
rc103C15,4,15,phased,5,mp_eavns,0.3605883000000176,1001.3685562074857,501.36855620748565,0.0,5.0,6.0,0.0
rc103C15,4,15,all,5,edd,2.8399999791872688e-05,11001557.971078865,737.459342909311,32.05117359562735,5.0,1.0,11.0
rc103C15,4,15,all,5,sweep,1.4199999895936344e-05,5001918.65044291,459.97082026971407,95.8679622641132,5.0,2.0,5.0
rc103C15,4,15,all,5,nearest,6.300000040937448e-05,6003297.523240705,604.2829098970552,219.32403308082516,5.0,3.0,6.0
rc103C15,4,15,all,5,grasp,0.012445600000319246,1003098.9064512156,634.0300075174741,196.48764436981227,5.0,7.0,1.0
rc103C15,4,15,all,5,mp_eavns,0.33691040000030625,1001.3685562074857,501.36855620748565,0.0,5.0,6.0,0.0
rc105C5,1,2,depot,1,edd,4.129999979340937e-05,1000167.5263163504,67.52631635038516,0.0,1.0,0.0,1.0
rc105C5,1,2,depot,1,sweep,2.599999788799323e-06,1000167.5263163504,67.52631635038516,0.0,1.0,0.0,1.0
rc105C5,1,2,depot,1,nearest,1.1300000551273115e-05,1000259.8801569671,67.52631635038517,9.23538406167134,1.0,0.0,1.0
rc105C5,1,2,depot,1,grasp,0.0002608999993753969,1000167.5263163504,67.52631635038516,0.0,1.0,0.0,1.0
rc105C5,1,2,depot,1,mp_eavns,0.002672800000254938,1000167.5263163504,67.52631635038516,0.0,1.0,0.0,1.0
rc105C5,1,2,phased,2,edd,4.300000000512227e-06,1000167.5263163504,67.52631635038516,0.0,1.0,0.0,1.0
rc105C5,1,2,phased,2,sweep,3.7999998312443495e-06,1000167.5263163504,67.52631635038516,0.0,1.0,0.0,1.0
rc105C5,1,2,phased,2,nearest,8.799999704933725e-06,273.7925395681846,81.43869895147122,9.23538406167134,1.0,1.0,0.0
rc105C5,1,2,phased,2,grasp,0.0002532999997129082,273.7925395681846,81.43869895147122,9.23538406167134,1.0,1.0,0.0
rc105C5,1,2,phased,2,mp_eavns,0.002411299999948824,273.7925395681846,81.43869895147122,9.23538406167134,1.0,1.0,0.0
rc105C5,1,2,all,4,edd,2.8000004022032954e-06,1000167.5263163504,67.52631635038516,0.0,1.0,0.0,1.0
rc105C5,1,2,all,4,sweep,2.4000000848900527e-06,1000167.5263163504,67.52631635038516,0.0,1.0,0.0,1.0
rc105C5,1,2,all,4,nearest,4.900000021734741e-06,273.7925395681846,81.43869895147122,9.23538406167134,1.0,1.0,0.0
rc105C5,1,2,all,4,grasp,0.00018569999974715756,273.7925395681846,81.43869895147122,9.23538406167134,1.0,1.0,0.0
rc105C5,1,2,all,4,mp_eavns,0.002691600000616745,273.7925395681846,81.43869895147122,9.23538406167134,1.0,1.0,0.0
rc105C5,2,3,depot,1,edd,4.70000031782547e-06,3000347.687739598,147.68773959806052,0.0,2.0,0.0,3.0
rc105C5,2,3,depot,1,sweep,3.499999365885742e-06,2000337.5263163503,137.52631635038517,0.0,2.0,0.0,2.0
rc105C5,2,3,depot,1,nearest,1.1000000085914508e-05,2000429.880156967,137.52631635038517,9.23538406167134,2.0,0.0,2.0
rc105C5,2,3,depot,1,grasp,0.0002611999998407555,2000337.5263163503,137.52631635038517,0.0,2.0,0.0,2.0
rc105C5,2,3,depot,1,mp_eavns,0.004647300000215182,2000337.5263163503,137.52631635038517,0.0,2.0,0.0,2.0
rc105C5,2,3,phased,3,edd,5.499999133462552e-06,370.191609346654,162.58343718215238,0.7608172164501639,2.0,2.0,0.0
rc105C5,2,3,phased,3,sweep,4.70000031782547e-06,1000337.5925016665,137.59250166650105,0.0,2.0,1.0,1.0
rc105C5,2,3,phased,3,nearest,1.1399999493733048e-05,443.8587248843005,151.5048842675871,9.23538406167134,2.0,2.0,0.0
rc105C5,2,3,phased,3,grasp,0.00041959999998653075,370.191609346654,162.58343718215238,0.7608172164501639,2.0,2.0,0.0
rc105C5,2,3,phased,3,mp_eavns,0.009609800000362156,370.191609346654,162.58343718215238,0.7608172164501639,2.0,2.0,0.0
rc105C5,2,3,all,4,edd,6.8999997893115506e-06,370.191609346654,162.58343718215238,0.7608172164501639,2.0,2.0,0.0
rc105C5,2,3,all,4,sweep,6.600000233447645e-06,1000337.5925016665,137.59250166650105,0.0,2.0,1.0,1.0
rc105C5,2,3,all,4,nearest,1.4000000192027073e-05,443.8587248843005,151.5048842675871,9.23538406167134,2.0,2.0,0.0
rc105C5,2,3,all,4,grasp,0.000522399999681511,370.191609346654,162.58343718215238,0.7608172164501639,2.0,2.0,0.0
rc105C5,2,3,all,4,mp_eavns,0.009643200000027718,370.191609346654,162.58343718215238,0.7608172164501639,2.0,2.0,0.0
rc105C5,3,4,depot,1,edd,7.300000106624793e-06,4000533.7109922683,233.71099226848676,0.0,3.0,0.0,4.0
rc105C5,3,4,depot,1,sweep,1.2500000593718141e-05,3000523.549569021,223.54956902081142,0.0,3.0,0.0,3.0
rc105C5,3,4,depot,1,nearest,1.8400000044493936e-05,3000615.9034096375,223.54956902081142,9.23538406167134,3.0,0.0,3.0
rc105C5,3,4,depot,1,grasp,0.000517000000400003,3000523.549569021,223.54956902081142,0.0,3.0,0.0,3.0
rc105C5,3,4,depot,1,mp_eavns,0.0116000999996686,3000523.549569021,223.54956902081142,0.0,3.0,0.0,3.0
rc105C5,3,4,phased,4,edd,1.2900000001536682e-05,557.9825812911715,250.37440912666992,0.7608172164501639,3.0,3.0,0.0
rc105C5,3,4,phased,4,sweep,7.999999979801942e-06,1000525.383473611,225.3834736110186,0.0,3.0,2.0,1.0
rc105C5,3,4,phased,4,nearest,2.1799999558425043e-05,631.649696828818,239.29585621210464,9.23538406167134,3.0,3.0,0.0
rc105C5,3,4,phased,4,grasp,0.0007746000001134234,557.9825812911715,250.37440912666995,0.7608172164501639,3.0,3.0,0.0
rc105C5,3,4,phased,4,mp_eavns,0.015859500000260596,557.9825812911715,250.37440912666995,0.7608172164501639,3.0,3.0,0.0
rc105C5,3,4,all,4,edd,8.199999683711212e-06,557.9825812911715,250.37440912666992,0.7608172164501639,3.0,3.0,0.0
rc105C5,3,4,all,4,sweep,6.199999916134402e-06,1000525.383473611,225.3834736110186,0.0,3.0,2.0,1.0
rc105C5,3,4,all,4,nearest,1.680000059423037e-05,631.649696828818,239.29585621210464,9.23538406167134,3.0,3.0,0.0
rc105C5,3,4,all,4,grasp,0.0009456999996473314,557.9825812911715,250.37440912666995,0.7608172164501639,3.0,3.0,0.0
rc105C5,3,4,all,4,mp_eavns,0.019832799999676354,557.9825812911715,250.37440912666995,0.7608172164501639,3.0,3.0,0.0
rc105C5,4,5,depot,1,edd,5.100000635138713e-06,4000661.995263516,261.9952635159487,0.0,4.0,0.0,4.0
rc105C5,4,5,depot,1,sweep,3.2999996619764715e-06,3000651.833840268,251.83384026827332,0.0,4.0,0.0,3.0
rc105C5,4,5,depot,1,nearest,1.4099999134487007e-05,3000669.245106313,269.2451063129835,0.0,4.0,0.0,3.0
rc105C5,4,5,depot,1,grasp,0.0003513999999995576,3000651.833840268,251.83384026827332,0.0,4.0,0.0,3.0
rc105C5,4,5,depot,1,mp_eavns,0.014143999999760126,3000651.833840268,251.83384026827332,0.0,4.0,0.0,3.0
rc105C5,4,5,phased,4,edd,1.1299999641778413e-05,686.2668525386334,278.65868037413185,0.7608172164501639,4.0,3.0,0.0
rc105C5,4,5,phased,4,sweep,9.499999578110874e-06,1000653.6677448584,253.6677448584805,0.0,4.0,2.0,1.0
rc105C5,4,5,phased,4,nearest,2.4900000425986946e-05,684.9913935042767,284.99139350427674,0.0,4.0,3.0,0.0
rc105C5,4,5,phased,4,grasp,0.0008616999994046637,684.9913935042767,284.99139350427674,0.0,4.0,3.0,0.0
rc105C5,4,5,phased,4,mp_eavns,0.027250899999671674,684.9913935042767,284.99139350427674,0.0,4.0,3.0,0.0
rc105C5,4,5,all,4,edd,6.000000212225132e-06,686.2668525386334,278.65868037413185,0.7608172164501639,4.0,3.0,0.0
rc105C5,4,5,all,4,sweep,6.400000529538374e-06,1000653.6677448584,253.6677448584805,0.0,4.0,2.0,1.0
rc105C5,4,5,all,4,nearest,1.3800000488117803e-05,684.9913935042767,284.99139350427674,0.0,4.0,3.0,0.0
rc105C5,4,5,all,4,grasp,0.00046550000024581095,684.9913935042767,284.99139350427674,0.0,4.0,3.0,0.0
rc105C5,4,5,all,4,mp_eavns,0.02258849999998347,684.9913935042767,284.99139350427674,0.0,4.0,3.0,0.0
rc108C10,1,3,depot,1,edd,6.299999768089037e-06,1000304.0402371589,104.04023715888167,0.0,2.0,0.0,1.0
rc108C10,1,3,depot,1,sweep,4.399999852466863e-06,1000725.7168002672,103.11388401252016,42.26029162546931,2.0,0.0,1.0
rc108C10,1,3,depot,1,nearest,1.4899999769113492e-05,1000304.0402371589,104.04023715888167,0.0,2.0,0.0,1.0
rc108C10,1,3,depot,1,grasp,0.0003586000002542278,1000291.2627974094,91.26279740945145,0.0,2.0,0.0,1.0
rc108C10,1,3,depot,1,mp_eavns,0.007273500000337663,1000291.2627974094,91.26279740945145,0.0,2.0,0.0,1.0
rc108C10,1,3,phased,2,edd,5.599999894911889e-06,1000304.0402371589,104.04023715888167,0.0,2.0,0.0,1.0
rc108C10,1,3,phased,2,sweep,3.3999995139311068e-06,1000725.7168002672,103.11388401252016,42.26029162546931,2.0,0.0,1.0
rc108C10,1,3,phased,2,nearest,7.999999979801942e-06,1000304.0402371589,104.04023715888167,0.0,2.0,0.0,1.0
rc108C10,1,3,phased,2,grasp,0.0002092000004267902,1000291.2627974094,91.26279740945145,0.0,2.0,0.0,1.0
rc108C10,1,3,phased,2,mp_eavns,0.006252700000004552,1000291.2627974094,91.26279740945145,0.0,2.0,0.0,1.0
rc108C10,1,3,all,4,edd,4.599999556376133e-06,1000304.0402371589,104.04023715888167,0.0,2.0,0.0,1.0
rc108C10,1,3,all,4,sweep,3.5000002753804438e-06,1000725.7168002672,103.11388401252016,42.26029162546931,2.0,0.0,1.0
rc108C10,1,3,all,4,nearest,2.4399999347224366e-05,1000304.0402371589,104.04023715888167,0.0,2.0,0.0,1.0
rc108C10,1,3,all,4,grasp,0.00034079999932146166,1000291.2627974094,91.26279740945145,0.0,2.0,0.0,1.0
rc108C10,1,3,all,4,mp_eavns,0.00711090000004333,1000291.2627974094,91.26279740945145,0.0,2.0,0.0,1.0
rc108C10,2,5,depot,1,edd,6.199999916134402e-06,3000371.0169516127,171.01695161288774,0.0,2.0,0.0,3.0
rc108C10,2,5,depot,1,sweep,5.500000042957254e-06,3000770.1445405325,147.54162427789555,42.26029162546931,2.0,0.0,3.0
rc108C10,2,5,depot,1,nearest,1.900000006571645e-05,2000357.8039670244,157.80396702443235,0.0,2.0,0.0,2.0
rc108C10,2,5,depot,1,grasp,0.0010216000000582426,2000346.868389018,146.8683890181934,0.0,2.0,0.0,2.0
rc108C10,2,5,depot,1,mp_eavns,0.01659990000007383,2000345.026527275,145.02652727500217,0.0,2.0,0.0,2.0
rc108C10,2,5,phased,3,edd,4.499999704421498e-06,3000371.0169516127,171.01695161288774,0.0,2.0,0.0,3.0
rc108C10,2,5,phased,3,sweep,4.499999704421498e-06,3000770.1445405325,147.54162427789555,42.26029162546931,2.0,0.0,3.0
rc108C10,2,5,phased,3,nearest,1.120000069931848e-05,2000357.8039670244,157.80396702443235,0.0,2.0,0.0,2.0
rc108C10,2,5,phased,3,grasp,0.0006167999999888707,1000404.4688417013,204.46884170124855,0.0,2.0,2.0,1.0
rc108C10,2,5,phased,3,mp_eavns,0.01177549999920302,1000370.5892644777,170.58926447776668,0.0,2.0,1.0,1.0
rc108C10,2,5,all,4,edd,4.200000148557592e-06,3000371.0169516127,171.01695161288774,0.0,2.0,0.0,3.0
rc108C10,2,5,all,4,sweep,3.5999992178403772e-06,3000770.1445405325,147.54162427789555,42.26029162546931,2.0,0.0,3.0
rc108C10,2,5,all,4,nearest,1.0200000360782724e-05,2000357.8039670244,157.80396702443235,0.0,2.0,0.0,2.0
rc108C10,2,5,all,4,grasp,0.0007566999993287027,1000380.2709232961,180.27092329606168,0.0,2.0,1.0,1.0
rc108C10,2,5,all,4,mp_eavns,0.020687000000179978,1000370.5892644777,170.58926447776668,0.0,2.0,1.0,1.0
rc108C10,3,8,depot,1,edd,5.500000042957254e-06,7000700.494774746,400.4947747460392,0.0,3.0,0.0,7.0
rc108C10,3,8,depot,1,sweep,3.6999999792897142e-06,6001058.149144459,335.54622820368115,42.26029162546931,3.0,0.0,6.0
rc108C10,3,8,depot,1,nearest,1.8200000340584666e-05,5000655.671861403,355.671861402745,0.0,3.0,0.0,5.0
rc108C10,3,8,depot,1,grasp,0.0027221000000281492,4000998.5819622087,360.33317207316907,33.82487901354202,3.0,1.0,4.0
rc108C10,3,8,depot,1,mp_eavns,0.06672420000086277,4000573.0020522755,273.00205227539254,0.0,3.0,0.0,4.0
rc108C10,3,8,phased,4,edd,1.0199999451288022e-05,6000703.942684108,403.942684108237,0.0,3.0,1.0,6.0
rc108C10,3,8,phased,4,sweep,1.0300000212737359e-05,5001060.62072062,338.01780436597795,42.26029162546931,3.0,1.0,5.0
rc108C10,3,8,phased,4,nearest,2.880000010918593e-05,4000658.143437565,358.1434375650418,0.0,3.0,1.0,4.0
rc108C10,3,8,phased,4,grasp,0.003821500000412925,1002868.1354872267,385.6526324719285,218.24828547547696,3.0,5.0,1.0
rc108C10,3,8,phased,4,mp_eavns,0.08803230000012263,1000635.0076793088,335.0076793088051,0.0,3.0,4.0,1.0
rc108C10,3,8,all,4,edd,6.699999175907578e-06,6000703.942684108,403.942684108237,0.0,3.0,1.0,6.0
rc108C10,3,8,all,4,sweep,6.499999471998308e-06,5001060.62072062,338.01780436597795,42.26029162546931,3.0,1.0,5.0
rc108C10,3,8,all,4,nearest,1.8399999134999234e-05,4000658.143437565,358.1434375650418,0.0,3.0,1.0,4.0
rc108C10,3,8,all,4,grasp,0.0021580000002359156,2001163.5312895838,407.280416355335,45.625087322853716,3.0,4.0,2.0
rc108C10,3,8,all,4,mp_eavns,0.07705329999953392,1000648.5047050541,348.5047050541081,0.0,3.0,5.0,1.0
rc108C10,4,10,depot,1,edd,8.799999704933725e-06,9000931.579123015,531.5791230145752,0.0,4.0,0.0,9.0
rc108C10,4,10,depot,1,sweep,7.699999514443334e-06,8001275.71818038,453.1152641252587,42.26029162546931,4.0,0.0,8.0
rc108C10,4,10,depot,1,nearest,3.480000032141106e-05,7000788.833081296,488.8330812959339,0.0,3.0,0.0,7.0
rc108C10,4,10,depot,1,grasp,0.003068399999392568,6000792.592382299,492.59238229892924,0.0,3.0,1.0,6.0
rc108C10,4,10,depot,1,mp_eavns,0.08595379999951547,5000769.0077348,369.00773480018495,0.0,4.0,0.0,5.0
rc108C10,4,10,phased,4,edd,7.200000254670158e-06,7001166.512899241,542.6839432432341,22.382895599839344,4.0,2.0,7.0
rc108C10,4,10,phased,4,sweep,6.699999175907578e-06,6001284.678265681,462.0753494263133,42.26029162546931,4.0,2.0,6.0
rc108C10,4,10,phased,4,nearest,2.229999972769292e-05,7000788.833081296,488.8330812959339,0.0,3.0,0.0,7.0
rc108C10,4,10,phased,4,grasp,0.0028943999996045022,3000981.8031982644,581.8031982643429,0.0,4.0,6.0,3.0
rc108C10,4,10,phased,4,mp_eavns,0.15116219999981695,2000831.0133618335,431.0133618335975,0.0,4.0,4.0,2.0
rc108C10,4,10,all,4,edd,9.999999747378752e-06,7001166.512899241,542.6839432432341,22.382895599839344,4.0,2.0,7.0
rc108C10,4,10,all,4,sweep,8.900000466383062e-06,6001284.678265681,462.0753494263133,42.26029162546931,4.0,2.0,6.0
rc108C10,4,10,all,4,nearest,3.4899999263870995e-05,7000788.833081296,488.8330812959339,0.0,3.0,0.0,7.0
rc108C10,4,10,all,4,grasp,0.005400699999881908,2002059.652815063,434.83956342743517,122.48132516356509,4.0,4.0,2.0
rc108C10,4,10,all,4,mp_eavns,0.19601349999993545,2000844.510387579,444.5103875789005,0.0,4.0,5.0,2.0
rc108C15,1,4,depot,1,edd,5.4000001910026185e-06,2000495.0376695357,195.0376695356182,0.0,3.0,0.0,2.0
rc108C15,1,4,depot,1,sweep,4.5000006139162e-06,3000372.640007814,172.64000781377848,0.0,2.0,0.0,3.0
rc108C15,1,4,depot,1,nearest,1.1999999514955562e-05,3000410.21035887,210.21035886999155,0.0,2.0,0.0,3.0
rc108C15,1,4,depot,1,grasp,0.00026679999973566737,2000372.6400078137,172.64000781377845,0.0,2.0,0.0,2.0
rc108C15,1,4,depot,1,mp_eavns,0.004948200000399083,2000372.6400078137,172.64000781377845,0.0,2.0,0.0,2.0
rc108C15,1,4,phased,2,edd,3.6999999792897142e-06,2000495.0376695357,195.0376695356182,0.0,3.0,0.0,2.0
rc108C15,1,4,phased,2,sweep,3.499999365885742e-06,3000372.640007814,172.64000781377848,0.0,2.0,0.0,3.0
rc108C15,1,4,phased,2,nearest,8.999999408842996e-06,3000410.21035887,210.21035886999155,0.0,2.0,0.0,3.0
rc108C15,1,4,phased,2,grasp,0.0002517000002626446,2000372.6400078137,172.64000781377848,0.0,2.0,0.0,2.0
rc108C15,1,4,phased,2,mp_eavns,0.005219800000304531,2000372.6400078137,172.64000781377848,0.0,2.0,0.0,2.0
rc108C15,1,4,all,5,edd,3.9000005926936865e-06,2000495.0376695357,195.0376695356182,0.0,3.0,0.0,2.0
rc108C15,1,4,all,5,sweep,3.3000005714711733e-06,3000372.640007814,172.64000781377848,0.0,2.0,0.0,3.0
rc108C15,1,4,all,5,nearest,9.700000191514846e-06,3000410.21035887,210.21035886999155,0.0,2.0,0.0,3.0
rc108C15,1,4,all,5,grasp,0.00046769999971729703,2000372.6400078137,172.64000781377848,0.0,2.0,0.0,2.0
rc108C15,1,4,all,5,mp_eavns,0.011852399999952468,2000372.6400078137,172.64000781377845,0.0,2.0,0.0,2.0
rc108C15,2,8,depot,1,edd,7.999999979801942e-06,6000794.566512621,394.5665126208586,0.0,4.0,0.0,6.0
rc108C15,2,8,depot,1,sweep,6.799999937356915e-06,6000767.282911375,367.2829113749158,0.0,4.0,0.0,6.0
rc108C15,2,8,depot,1,nearest,3.080000078625744e-05,6000824.031980275,424.03198027558096,0.0,4.0,0.0,6.0
rc108C15,2,8,depot,1,grasp,0.0008981999999377877,5000759.093243098,359.0932430976178,0.0,4.0,0.0,5.0
rc108C15,2,8,depot,1,mp_eavns,0.03757510000014008,4000780.681023023,380.68102302311286,0.0,4.0,0.0,4.0
rc108C15,2,8,phased,3,edd,6.000000212225132e-06,4000801.1052795984,401.1052795985094,0.0,4.0,1.0,4.0
rc108C15,2,8,phased,3,sweep,5.500000042957254e-06,3000797.128858297,397.12885829697296,0.0,4.0,3.0,3.0
rc108C15,2,8,phased,3,nearest,1.8199999431089964e-05,5000824.281656382,424.2816563816077,0.0,4.0,1.0,5.0
rc108C15,2,8,phased,3,grasp,0.0014748000003237394,2000788.9391900196,388.939190019675,0.0,4.0,3.0,2.0
rc108C15,2,8,phased,3,mp_eavns,0.058209299999361974,2000788.0246863286,388.0246863284974,0.0,4.0,3.0,2.0
rc108C15,2,8,all,5,edd,6.8999997893115506e-06,4000801.1052795984,401.1052795985094,0.0,4.0,1.0,4.0
rc108C15,2,8,all,5,sweep,6.70000008540228e-06,3000771.9868519534,371.9868519534719,0.0,4.0,3.0,3.0
rc108C15,2,8,all,5,nearest,2.0000000404252205e-05,5000824.281656382,424.2816563816077,0.0,4.0,1.0,5.0
rc108C15,2,8,all,5,grasp,0.0013850999994247104,2000772.3545633082,372.35456330812025,0.0,4.0,3.0,2.0
rc108C15,2,8,all,5,mp_eavns,0.0661045999995622,2000771.9868519534,371.98685195347184,0.0,4.0,3.0,2.0
rc108C15,3,12,depot,1,edd,6.399999620043673e-06,11001252.509386787,752.509386786316,0.0,5.0,0.0,11.0
rc108C15,3,12,depot,1,sweep,4.900000021734741e-06,9001136.717259761,536.717259760395,0.0,6.0,0.0,9.0
rc108C15,3,12,depot,1,nearest,3.839999953925144e-05,9001214.354655378,614.3546553776144,0.0,6.0,0.0,9.0
rc108C15,3,12,depot,1,grasp,0.0012557999998534797,7001084.15379673,584.1537967292281,0.0,5.0,1.0,7.0
rc108C15,3,12,depot,1,mp_eavns,0.06153869999980088,6001091.946132955,591.9461329551256,0.0,5.0,1.0,6.0
rc108C15,3,12,phased,4,edd,6.799999937356915e-06,11001252.509386787,752.509386786316,0.0,5.0,0.0,11.0
rc108C15,3,12,phased,4,sweep,6.499999471998308e-06,5001185.271383301,585.2713833009567,0.0,6.0,4.0,5.0
rc108C15,3,12,phased,4,nearest,2.7400000362831634e-05,8001214.604331484,614.6043314836412,0.0,6.0,1.0,8.0
rc108C15,3,12,phased,4,grasp,0.0014343000002554618,4001737.0880887914,668.2772878740991,46.88108009173877,6.0,5.0,4.0
rc108C15,3,12,phased,4,mp_eavns,0.17281719999937195,3001170.2250039885,570.2250039886741,0.0,6.0,4.0,3.0
rc108C15,3,12,all,5,edd,7.099999493220821e-06,11001252.509386787,752.509386786316,0.0,5.0,0.0,11.0
rc108C15,3,12,all,5,sweep,7.199999345175456e-06,5001150.021314371,550.0213143716138,0.0,6.0,3.0,5.0
rc108C15,3,12,all,5,nearest,2.860000040527666e-05,8001214.604331484,614.6043314836412,0.0,6.0,1.0,8.0
rc108C15,3,12,all,5,grasp,0.0016300999996019527,3001636.2799904584,593.4133966176662,54.28665938405996,5.0,5.0,3.0
rc108C15,3,12,all,5,mp_eavns,0.2208679999994274,3001154.187169614,554.1871696136485,0.0,6.0,4.0,3.0
rc108C15,4,15,depot,1,edd,6.999999641266186e-06,13001658.45276942,958.4527694184462,0.0,7.0,0.0,13.0
rc108C15,4,15,depot,1,sweep,5.199999577598646e-06,10001151.889634766,551.8896347648837,0.0,6.0,0.0,10.0
rc108C15,4,15,depot,1,nearest,3.589999960240675e-05,11001328.833515398,728.8335153986923,0.0,6.0,0.0,11.0
rc108C15,4,15,depot,1,grasp,0.002887399999963236,8001315.686504792,715.6865047925489,0.0,6.0,2.0,8.0
rc108C15,4,15,depot,1,mp_eavns,0.12185300000055577,6001209.618280378,609.6182803779673,0.0,6.0,1.0,6.0
rc108C15,4,15,phased,5,edd,1.4600000213249587e-05,9001795.226023652,981.9173810031975,11.330864264918915,7.0,3.0,9.0
rc108C15,4,15,phased,5,sweep,1.4899999769113492e-05,7001156.578263227,556.578263226692,0.0,6.0,2.0,7.0
rc108C15,4,15,phased,5,nearest,6.010000015521655e-05,10001329.083191505,729.0831915047189,0.0,6.0,1.0,10.0
rc108C15,4,15,phased,5,grasp,0.006480200000623881,4001460.835496505,807.2652733305567,5.357022317436275,6.0,9.0,4.0
rc108C15,4,15,phased,5,mp_eavns,0.27299240000047575,2001336.7571664168,736.7571664167426,0.0,6.0,8.0,2.0
rc108C15,4,15,all,5,edd,7.999999979801942e-06,9001795.226023652,981.9173810031975,11.330864264918915,7.0,3.0,9.0
rc108C15,4,15,all,5,sweep,7.900000127847306e-06,7001156.578263227,556.578263226692,0.0,6.0,2.0,7.0
rc108C15,4,15,all,5,nearest,3.500000002532033e-05,10001329.083191505,729.0831915047189,0.0,6.0,1.0,10.0
rc108C15,4,15,all,5,grasp,0.003727400000570924,4001745.9462657836,762.8815976587615,38.3064668124816,6.0,6.0,4.0
rc108C15,4,15,all,5,mp_eavns,0.2878860999999233,1001324.8970206425,724.8970206425794,0.0,6.0,9.0,1.0
rc108C5,1,2,depot,1,edd,4.099999387108255e-06,2000374.920287448,174.92028744789238,0.0,2.0,0.0,2.0
rc108C5,1,2,depot,1,sweep,2.3000002329354174e-06,2000374.920287448,174.92028744789235,0.0,2.0,0.0,2.0
rc108C5,1,2,depot,1,nearest,8.300000445160549e-06,2000374.920287448,174.92028744789235,0.0,2.0,0.0,2.0
rc108C5,1,2,depot,1,grasp,0.00014290000035543926,2000374.920287448,174.92028744789238,0.0,2.0,0.0,2.0
rc108C5,1,2,depot,1,mp_eavns,0.0012884999996458646,2000374.920287448,174.92028744789235,0.0,2.0,0.0,2.0
rc108C5,1,2,phased,2,edd,1.7000002117129043e-06,387.94855356644587,187.94855356644584,0.0,2.0,2.0,0.0
rc108C5,1,2,phased,2,sweep,1.8000000636675395e-06,387.94855356644587,187.94855356644584,0.0,2.0,2.0,0.0
rc108C5,1,2,phased,2,nearest,3.6999999792897142e-06,387.94855356644587,187.94855356644584,0.0,2.0,2.0,0.0
rc108C5,1,2,phased,2,grasp,0.00020759999915753724,387.94855356644587,187.94855356644584,0.0,2.0,2.0,0.0
rc108C5,1,2,phased,2,mp_eavns,0.0017733000004227506,387.94855356644587,187.94855356644584,0.0,2.0,2.0,0.0
rc108C5,1,2,all,4,edd,1.499999598308932e-06,387.94855356644587,187.94855356644584,0.0,2.0,2.0,0.0
rc108C5,1,2,all,4,sweep,1.2999998943996616e-06,387.94855356644587,187.94855356644584,0.0,2.0,2.0,0.0
rc108C5,1,2,all,4,nearest,3.5000002753804438e-06,387.94855356644587,187.94855356644584,0.0,2.0,2.0,0.0
rc108C5,1,2,all,4,grasp,0.00022190000072441762,387.94855356644587,187.94855356644584,0.0,2.0,2.0,0.0
rc108C5,1,2,all,4,mp_eavns,0.0019175999996150495,387.94855356644587,187.94855356644584,0.0,2.0,2.0,0.0
rc108C5,2,3,depot,1,edd,2.6999996407539584e-06,3000410.0292275506,210.02922755073246,0.0,2.0,0.0,3.0
rc108C5,2,3,depot,1,sweep,1.99999976757681e-06,3000410.0292275506,210.02922755073246,0.0,2.0,0.0,3.0
rc108C5,2,3,depot,1,nearest,5.600000804406591e-06,3000432.2888874514,232.28888745147333,0.0,2.0,0.0,3.0
rc108C5,2,3,depot,1,grasp,0.00018769999951473437,3000410.0292275506,210.02922755073246,0.0,2.0,0.0,3.0
rc108C5,2,3,depot,1,mp_eavns,0.0033890999993673177,3000410.0292275506,210.02922755073246,0.0,2.0,0.0,3.0
rc108C5,2,3,phased,3,edd,2.099999619531445e-06,444.53638940065116,244.5363894006512,0.0,2.0,3.0,0.0
rc108C5,2,3,phased,3,sweep,1.8999999156221747e-06,444.5363894006512,244.53638940065122,0.0,2.0,3.0,0.0
rc108C5,2,3,phased,3,nearest,4.900000021734741e-06,444.53638940065116,244.5363894006512,0.0,2.0,3.0,0.0
rc108C5,2,3,phased,3,grasp,0.0002963999995699851,423.0621548522326,223.0621548522326,0.0,2.0,3.0,0.0
rc108C5,2,3,phased,3,mp_eavns,0.006027499999618158,423.0621548522326,223.0621548522326,0.0,2.0,3.0,0.0
rc108C5,2,3,all,4,edd,3.600000127335079e-06,444.53638940065116,244.5363894006512,0.0,2.0,3.0,0.0
rc108C5,2,3,all,4,sweep,3.5000002753804438e-06,444.5363894006512,244.53638940065122,0.0,2.0,3.0,0.0
rc108C5,2,3,all,4,nearest,7.499999810534064e-06,444.53638940065116,244.5363894006512,0.0,2.0,3.0,0.0
rc108C5,2,3,all,4,grasp,0.000334399999701418,423.0621548522326,223.0621548522326,0.0,2.0,3.0,0.0
rc108C5,2,3,all,4,mp_eavns,0.007665099999940139,423.0621548522326,223.0621548522326,0.0,2.0,3.0,0.0
rc108C5,3,4,depot,1,edd,5.800000508315861e-06,4000621.4377214825,321.43772148237787,0.0,3.0,0.0,4.0
rc108C5,3,4,depot,1,sweep,5.000000783184078e-06,4000604.897557356,304.8975573557839,0.0,3.0,0.0,4.0
rc108C5,3,4,depot,1,nearest,1.4199999895936344e-05,4000627.1572172567,327.1572172565247,0.0,3.0,0.0,4.0
rc108C5,3,4,depot,1,grasp,0.00047220000033121323,4000501.3200930683,301.32009306843077,0.0,2.0,0.0,4.0
rc108C5,3,4,depot,1,mp_eavns,0.008114299999760988,4000501.3200930683,301.32009306843077,0.0,2.0,0.0,4.0
rc108C5,3,4,phased,4,edd,4.600000465870835e-06,645.4587966913707,345.4587966913707,0.0,3.0,4.0,0.0
rc108C5,3,4,phased,4,sweep,4.099999387108255e-06,643.4640171248598,343.4640171248597,0.0,3.0,4.0,0.0
rc108C5,3,4,phased,4,nearest,1.049999991664663e-05,643.4640171248597,343.46401712485965,0.0,3.0,4.0,0.0
rc108C5,3,4,phased,4,grasp,0.00048240000069199596,643.4640171248597,343.46401712485965,0.0,3.0,4.0,0.0
rc108C5,3,4,phased,4,mp_eavns,0.027939499999774853,621.989782576441,321.9897825764411,0.0,3.0,4.0,0.0
rc108C5,3,4,all,4,edd,5.700000656361226e-06,645.4587966913707,345.4587966913707,0.0,3.0,4.0,0.0
rc108C5,3,4,all,4,sweep,5.9000003602704965e-06,643.4640171248598,343.4640171248597,0.0,3.0,4.0,0.0
rc108C5,3,4,all,4,nearest,0.00018259999978909036,643.4640171248597,343.46401712485965,0.0,3.0,4.0,0.0
rc108C5,3,4,all,4,grasp,0.0007575999998152838,643.4640171248597,343.46401712485965,0.0,3.0,4.0,0.0
rc108C5,3,4,all,4,mp_eavns,0.02088629999980185,621.989782576441,321.9897825764411,0.0,3.0,4.0,0.0
rc108C5,4,5,depot,1,edd,3.99999953515362e-06,4000672.4279166185,372.42791661830574,0.0,3.0,1.0,4.0
rc108C5,4,5,depot,1,sweep,3.5000002753804438e-06,5000611.242761268,311.242761268684,0.0,3.0,0.0,5.0
rc108C5,4,5,depot,1,nearest,1.2200000128359534e-05,4000633.5024211695,333.50242116942485,0.0,3.0,0.0,4.0
rc108C5,4,5,depot,1,grasp,0.0003268000000389293,4000611.2427612687,311.242761268684,0.0,3.0,0.0,4.0
rc108C5,4,5,depot,1,mp_eavns,0.01646569999957137,4000611.2427612687,311.242761268684,0.0,3.0,0.0,4.0
rc108C5,4,5,phased,4,edd,7.099999493220821e-06,696.4489918272985,396.4489918272985,0.0,3.0,5.0,0.0
rc108C5,4,5,phased,4,sweep,6.8999997893115506e-06,811.5810051006019,354.63048225092155,15.695052284968042,3.0,4.0,0.0
rc108C5,4,5,phased,4,nearest,1.7500000467407517e-05,1000645.7499231186,345.74992311860274,0.0,3.0,3.0,1.0
rc108C5,4,5,phased,4,grasp,0.0009208000001308392,694.4542122607875,394.45421226078753,0.0,3.0,5.0,0.0
rc108C5,4,5,phased,4,mp_eavns,0.02374150000014197,672.979977712369,372.9799777123689,0.0,3.0,5.0,0.0
rc108C5,4,5,all,4,edd,7.099999493220821e-06,696.4489918272985,396.4489918272985,0.0,3.0,5.0,0.0
rc108C5,4,5,all,4,sweep,5.699999746866524e-06,811.5810051006019,354.63048225092155,15.695052284968042,3.0,4.0,0.0
rc108C5,4,5,all,4,nearest,1.4100000043981709e-05,1000645.7499231186,345.74992311860274,0.0,3.0,3.0,1.0
rc108C5,4,5,all,4,grasp,0.0004925999992337893,672.979977712369,372.9799777123689,0.0,3.0,5.0,0.0
rc108C5,4,5,all,4,mp_eavns,0.020319999999628635,672.979977712369,372.9799777123689,0.0,3.0,5.0,0.0
rc201C10,1,3,depot,1,edd,3.6999999792897142e-06,2000399.0201970672,199.02019706710774,0.0,2.0,1.0,2.0
rc201C10,1,3,depot,1,sweep,2.499999936844688e-06,2000374.7625802942,174.7625802942448,0.0,2.0,0.0,2.0
rc201C10,1,3,depot,1,nearest,7.699999514443334e-06,2000399.0201970672,199.02019706710774,0.0,2.0,1.0,2.0
rc201C10,1,3,depot,1,grasp,0.00021860000015294645,2000374.7625802942,174.7625802942448,0.0,2.0,0.0,2.0
rc201C10,1,3,depot,1,mp_eavns,0.004817899999579822,2000374.7625802942,174.7625802942448,0.0,2.0,0.0,2.0
rc201C10,1,3,phased,2,edd,2.4000000848900527e-06,1000399.0863823832,199.08638238322362,0.0,2.0,2.0,1.0
rc201C10,1,3,phased,2,sweep,1.99999976757681e-06,2000374.7625802942,174.7625802942448,0.0,2.0,0.0,2.0
rc201C10,1,3,phased,2,nearest,5.599999894911889e-06,1000373.4244315944,173.42443159446373,0.0,2.0,1.0,1.0
rc201C10,1,3,phased,2,grasp,0.00023349999992205994,1000373.4244315944,173.42443159446373,0.0,2.0,1.0,1.0
rc201C10,1,3,phased,2,mp_eavns,0.005321799999364885,1000373.4244315944,173.42443159446373,0.0,2.0,1.0,1.0
rc201C10,1,3,all,4,edd,5.199999577598646e-06,407.8879932853847,207.8879932853847,0.0,2.0,3.0,0.0
rc201C10,1,3,all,4,sweep,4.300000000512227e-06,1000396.4159043416,196.41590434159616,0.0,2.0,1.0,1.0
rc201C10,1,3,all,4,nearest,1.1499999345687684e-05,382.2260424966248,182.22604249662479,0.0,2.0,2.0,0.0
rc201C10,1,3,all,4,grasp,0.0003150999991703429,382.2260424966248,182.22604249662479,0.0,2.0,2.0,0.0
rc201C10,1,3,all,4,mp_eavns,0.010902200000600715,382.2260424966248,182.22604249662479,0.0,2.0,2.0,0.0
rc201C10,2,5,depot,1,edd,1.1099999937869143e-05,4000448.128418623,248.12841862319019,0.0,2.0,1.0,4.0
rc201C10,2,5,depot,1,sweep,1.0199999451288022e-05,3000391.099826394,191.09982639391123,0.0,2.0,0.0,3.0
rc201C10,2,5,depot,1,nearest,3.3400000575056765e-05,3005126.317461902,211.6749699362025,471.46424919657295,2.0,0.0,3.0
rc201C10,2,5,depot,1,grasp,0.0017956000001504435,3000414.1758802747,214.1758802746796,0.0,2.0,0.0,3.0
rc201C10,2,5,depot,1,mp_eavns,0.02485979999983101,2000523.8853597813,223.88535978129374,0.0,3.0,0.0,2.0
rc201C10,2,5,phased,3,edd,5.199999577598646e-06,1000455.9205341603,255.92053416037635,0.0,2.0,3.0,1.0
rc201C10,2,5,phased,3,sweep,4.70000031782547e-06,2000412.7531504412,212.7531504412626,0.0,2.0,1.0,2.0
rc201C10,2,5,phased,3,nearest,1.650000012887176e-05,2005126.383647218,211.74115525231838,471.46424919657295,2.0,1.0,2.0
rc201C10,2,5,phased,3,grasp,0.0008549999993192614,4909.778130271012,281.60435620658717,442.81737740644246,2.0,4.0,0.0
rc201C10,2,5,phased,3,mp_eavns,0.020833200000197394,470.54728152978237,270.54728152978237,0.0,2.0,3.0,0.0
rc201C10,2,5,all,4,edd,5.699999746866524e-06,1000455.9205341603,255.92053416037635,0.0,2.0,3.0,1.0
rc201C10,2,5,all,4,sweep,5.300000339047983e-06,2000412.7531504412,212.7531504412626,0.0,2.0,1.0,2.0
rc201C10,2,5,all,4,nearest,1.3300000318849925e-05,2005126.383647218,211.74115525231838,471.46424919657295,2.0,1.0,2.0
rc201C10,2,5,all,4,grasp,0.0010585999998511397,4909.778130271012,281.60435620658717,442.81737740644246,2.0,4.0,0.0
rc201C10,2,5,all,4,mp_eavns,0.024022299999160168,470.54728152978237,270.54728152978237,0.0,2.0,3.0,0.0
rc201C10,3,8,depot,1,edd,5.4000001910026185e-06,7000697.516622047,397.516622047182,0.0,3.0,1.0,7.0
rc201C10,3,8,depot,1,sweep,3.5000002753804438e-06,6000619.853063488,319.8530634879423,0.0,3.0,0.0,6.0
rc201C10,3,8,depot,1,nearest,2.210000002378365e-05,5011304.807358606,340.42820703023364,1066.4379151575833,3.0,0.0,5.0
rc201C10,3,8,depot,1,grasp,0.0014101999995546066,4008023.9586544903,292.5125401414339,743.1446114348943,3.0,0.0,4.0
rc201C10,3,8,depot,1,mp_eavns,0.058378600000651204,3001420.9935477297,350.7762590650629,67.02172886644269,4.0,1.0,3.0
rc201C10,3,8,phased,4,edd,6.799999937356915e-06,1000716.3696138861,416.36961388605965,0.0,3.0,5.0,1.0
rc201C10,3,8,phased,4,sweep,6.400000529538374e-06,4000833.5822510286,346.1334001799073,18.74488508489094,3.0,2.0,4.0
rc201C10,3,8,phased,4,nearest,1.9099999917671084e-05,3011496.949407416,345.12140499096313,1085.1828002424743,3.0,2.0,3.0
rc201C10,3,8,phased,4,grasp,0.0028432999997676234,9967.63856399319,401.89082059655635,926.5747743396633,3.0,5.0,0.0
rc201C10,3,8,phased,4,mp_eavns,0.05673159999969357,605.5408308191203,305.5408308191203,0.0,3.0,3.0,0.0
rc201C10,3,8,all,4,edd,6.70000008540228e-06,1000716.3696138861,416.36961388605965,0.0,3.0,5.0,1.0
rc201C10,3,8,all,4,sweep,6.299999768089037e-06,4000833.5822510286,346.1334001799073,18.74488508489094,3.0,2.0,4.0
rc201C10,3,8,all,4,nearest,1.919999976962572e-05,3011496.949407416,345.12140499096313,1085.1828002424743,3.0,2.0,3.0
rc201C10,3,8,all,4,grasp,0.0029262999996717554,5238.540760587859,401.89082059655635,453.6649939991303,3.0,5.0,0.0
rc201C10,3,8,all,4,mp_eavns,0.06187159999990399,605.5408308191203,305.5408308191203,0.0,3.0,3.0,0.0
rc201C10,4,10,depot,1,edd,6.000000212225132e-06,7000833.99384907,433.99384907026746,0.0,4.0,1.0,7.0
rc201C10,4,10,depot,1,sweep,4.600000465870835e-06,6003101.453851456,358.2082982520083,234.3245553203368,4.0,0.0,6.0
rc201C10,4,10,depot,1,nearest,2.3599999622092582e-05,6015712.369748517,372.07799412154424,1494.0291754395573,4.0,0.0,6.0
rc201C10,4,10,depot,1,grasp,0.002582299999630777,4015138.977998195,426.0168800415473,1431.296111815363,4.0,2.0,4.0
rc201C10,4,10,depot,1,mp_eavns,0.0992034999999305,3001544.088037578,424.0702204554803,72.00178171225667,4.0,2.0,3.0
rc201C10,4,10,phased,4,edd,7.0000005507608876e-06,3000845.1209106883,445.12091068807484,0.0,4.0,4.0,3.0
rc201C10,4,10,phased,4,sweep,6.8999997893115506e-06,4003315.183038996,384.4886349439733,253.06944040522774,4.0,2.0,4.0
rc201C10,4,10,phased,4,nearest,3.569999989849748e-05,2019456.922662969,387.62241499270516,1866.9300247976234,4.0,4.0,2.0
rc201C10,4,10,phased,4,grasp,0.0035668999998961226,15520.489611466337,415.03964419794426,1470.5449967268391,4.0,5.0,0.0
rc201C10,4,10,phased,4,mp_eavns,0.11510160000034375,742.2406586446991,342.2406586446991,0.0,4.0,3.0,0.0
rc201C10,4,10,all,4,edd,1.0599999768601265e-05,3000845.1209106883,445.12091068807484,0.0,4.0,4.0,3.0
rc201C10,4,10,all,4,sweep,1.1300000551273115e-05,4003315.183038996,384.4886349439733,253.06944040522774,4.0,2.0,4.0
rc201C10,4,10,all,4,nearest,3.9000000469968654e-05,2019456.922662969,387.62241499270516,1866.9300247976234,4.0,4.0,2.0
rc201C10,4,10,all,4,grasp,0.0072181999994427315,9070.69858020148,435.606906962737,823.5091673238743,4.0,5.0,0.0
rc201C10,4,10,all,4,mp_eavns,0.08652170000004844,742.2406586446991,342.2406586446991,0.0,4.0,3.0,0.0
rc202C15,1,4,depot,1,edd,4.999999873689376e-06,2000355.4536629778,155.45366297773512,0.0,2.0,0.0,2.0
rc202C15,1,4,depot,1,sweep,2.9000002541579306e-06,1000329.7151874317,129.7151874316648,0.0,2.0,0.0,1.0
rc202C15,1,4,depot,1,nearest,1.160000010713702e-05,2000922.1863857056,154.95555647254776,56.72308292331604,2.0,0.0,2.0
rc202C15,1,4,depot,1,grasp,0.00033290000010310905,1000329.7151874317,129.7151874316648,0.0,2.0,0.0,1.0
rc202C15,1,4,depot,1,mp_eavns,0.006919700000253215,1000329.7151874317,129.7151874316648,0.0,2.0,0.0,1.0
rc202C15,1,4,phased,2,edd,2.899999344663229e-06,1000359.5368521353,159.5368521353197,0.0,2.0,1.0,1.0
rc202C15,1,4,phased,2,sweep,2.7999994927085936e-06,1000329.7151874317,129.7151874316648,0.0,2.0,0.0,1.0
rc202C15,1,4,phased,2,nearest,1.7600000319362152e-05,2000922.1863857056,154.95555647254776,56.72308292331604,2.0,0.0,2.0
rc202C15,1,4,phased,2,grasp,0.0002965000003314344,1000329.7151874317,129.7151874316648,0.0,2.0,0.0,1.0
rc202C15,1,4,phased,2,mp_eavns,0.008203000000321481,1000329.7151874317,129.7151874316648,0.0,2.0,0.0,1.0
rc202C15,1,4,all,5,edd,2.499999936844688e-06,1000359.5368521353,159.5368521353197,0.0,2.0,1.0,1.0
rc202C15,1,4,all,5,sweep,2.599999788799323e-06,1000329.7151874317,129.7151874316648,0.0,2.0,0.0,1.0
rc202C15,1,4,all,5,nearest,7.599999662488699e-06,2000922.1863857056,154.95555647254776,56.72308292331604,2.0,0.0,2.0
rc202C15,1,4,all,5,grasp,0.00033040000016626436,1000359.5368521353,159.5368521353197,0.0,2.0,1.0,1.0
rc202C15,1,4,all,5,mp_eavns,0.01217599999927188,1000329.7151874317,129.7151874316648,0.0,2.0,0.0,1.0
rc202C15,2,8,depot,1,edd,9.100000170292333e-06,5000634.61857843,334.61857843024376,0.0,3.0,0.0,5.0
rc202C15,2,8,depot,1,sweep,7.200000254670158e-06,4002733.274110335,242.56343221639605,219.07106781186553,3.0,0.0,4.0
rc202C15,2,8,depot,1,nearest,3.130000004603062e-05,3001012.6066769646,311.04004579904125,40.15666311654388,3.0,1.0,3.0
rc202C15,2,8,depot,1,grasp,0.0028913000005559297,3001012.6066769646,311.04004579904125,40.15666311654388,3.0,1.0,3.0
rc202C15,2,8,depot,1,mp_eavns,0.03863459999956831,2000542.9157488954,242.9157488952691,0.0,3.0,0.0,2.0
rc202C15,2,8,phased,3,edd,6.600000233447645e-06,1000655.7574818846,355.757481884608,0.0,3.0,3.0,1.0
rc202C15,2,8,phased,3,sweep,6.199999916134402e-06,1002735.4577216399,244.74704352117698,219.07106781186553,3.0,1.0,1.0
rc202C15,2,8,phased,3,nearest,1.990000055229757e-05,1001020.9729917658,319.40636060043107,40.15666311654388,3.0,3.0,1.0
rc202C15,2,8,phased,3,grasp,0.0022551000001840293,615.2405413728626,315.2405413728626,0.0,3.0,4.0,0.0
rc202C15,2,8,phased,3,mp_eavns,0.04622449999988021,584.5860584062671,284.58605840626706,0.0,3.0,4.0,0.0
rc202C15,2,8,all,5,edd,6.50000038149301e-06,1000655.7574818846,355.757481884608,0.0,3.0,3.0,1.0
rc202C15,2,8,all,5,sweep,6.70000008540228e-06,1002735.4577216399,244.74704352117698,219.07106781186553,3.0,1.0,1.0
rc202C15,2,8,all,5,nearest,1.8400000044493936e-05,1001020.9729917658,319.40636060043107,40.15666311654388,3.0,3.0,1.0
rc202C15,2,8,all,5,grasp,0.0019082999997408479,1188.4847297733322,347.61680216102843,54.086792761230384,3.0,5.0,0.0
rc202C15,2,8,all,5,mp_eavns,0.10202469999967434,584.5860584062671,284.58605840626706,0.0,3.0,4.0,0.0
rc202C15,3,12,depot,1,edd,1.1399999493733048e-05,9001086.72125248,586.7212524804293,0.0,5.0,0.0,9.0
rc202C15,3,12,depot,1,sweep,8.799999704933725e-06,8003133.819078792,443.10840067302894,219.07106781186553,5.0,0.0,8.0
rc202C15,3,12,depot,1,nearest,4.9199999921256676e-05,6006917.764248939,494.27735021202574,602.3486898726954,4.0,1.0,6.0
rc202C15,3,12,depot,1,grasp,0.004952300000695686,5006453.773134638,473.2523415507346,558.0520793087101,4.0,1.0,5.0
rc202C15,3,12,depot,1,mp_eavns,0.130759599999692,4000926.1639759983,426.1639759983613,0.0,5.0,0.0,4.0
rc202C15,3,12,phased,4,edd,1.3099999705445953e-05,5001107.8601559345,607.8601559347935,0.0,5.0,3.0,5.0
rc202C15,3,12,phased,4,sweep,1.2800000149582047e-05,4003137.7647177065,447.0540395879412,219.07106781186553,5.0,2.0,4.0
rc202C15,3,12,phased,4,nearest,4.369999987829942e-05,5006920.3419376,496.85503887258363,602.3486898726954,4.0,2.0,5.0
rc202C15,3,12,phased,4,grasp,0.007659500000045227,2004019.6261505936,491.5122675852492,302.81138830084194,5.0,5.0,2.0
rc202C15,3,12,phased,4,mp_eavns,0.23444600000038918,1000949.059169859,449.0591698590868,0.0,5.0,5.0,1.0
rc202C15,3,12,all,5,edd,1.0000000656873453e-05,5001107.8601559345,607.8601559347935,0.0,5.0,3.0,5.0
rc202C15,3,12,all,5,sweep,8.400000297115184e-06,4003137.7647177065,447.0540395879412,219.07106781186553,5.0,2.0,4.0
rc202C15,3,12,all,5,nearest,3.7000000702391844e-05,5006920.3419376,496.85503887258363,602.3486898726954,4.0,2.0,5.0
rc202C15,3,12,all,5,grasp,0.00784769999972923,1006451.1378061019,640.350080869524,531.0787725232359,5.0,8.0,1.0
rc202C15,3,12,all,5,mp_eavns,0.2864180000005945,1000949.059169859,449.0591698590868,0.0,5.0,5.0,1.0
rc202C15,4,15,depot,1,edd,1.2600000445672777e-05,13001380.008972151,780.0089721509162,0.0,6.0,1.0,13.0
rc202C15,4,15,depot,1,sweep,1.049999991664663e-05,11003343.711390637,553.0007125177342,219.07106781186553,6.0,0.0,11.0
rc202C15,4,15,depot,1,nearest,6.099999973230297e-05,7011346.5827054065,578.2177452364133,1026.8364960170331,5.0,1.0,7.0
rc202C15,4,15,depot,1,grasp,0.0068019999998796266,8005064.07470644,675.9881859727982,378.80865204668476,6.0,2.0,8.0
rc202C15,4,15,depot,1,mp_eavns,0.22129599999971106,5001110.104371022,510.1043710227489,0.0,6.0,0.0,5.0
rc202C15,4,15,phased,5,edd,1.2700000297627412e-05,7001404.124070199,804.1240701988936,0.0,6.0,6.0,7.0
rc202C15,4,15,phased,5,sweep,1.3699999726668466e-05,4003358.517380881,567.806702762384,219.07106781186553,6.0,4.0,4.0
rc202C15,4,15,phased,5,nearest,5.899999996472616e-05,5011353.632530022,585.2675698519707,1026.8364960170331,5.0,3.0,5.0
rc202C15,4,15,phased,5,grasp,0.011706900000717724,2007288.9840615778,727.4595812842701,606.1524480293576,5.0,10.0,2.0
rc202C15,4,15,phased,5,mp_eavns,0.40185159999964526,1001138.1189206245,538.1189206244367,0.0,6.0,6.0,1.0
rc202C15,4,15,all,5,edd,8.50000014906982e-06,7001404.124070199,804.1240701988936,0.0,6.0,6.0,7.0
rc202C15,4,15,all,5,sweep,8.600000001024455e-06,4003358.517380881,567.806702762384,219.07106781186553,6.0,4.0,4.0
rc202C15,4,15,all,5,nearest,3.609999930631602e-05,5011353.632530022,585.2675698519707,1026.8364960170331,5.0,3.0,5.0
rc202C15,4,15,all,5,grasp,0.008207400000173948,2011331.5366746108,675.8838006657836,1005.5652873945112,6.0,8.0,2.0
rc202C15,4,15,all,5,mp_eavns,0.37357780000002094,1001138.1189206245,538.1189206244367,0.0,6.0,6.0,1.0
rc204C15,1,4,depot,1,edd,4.800000169780105e-06,4000541.928009401,241.92800940097928,0.0,3.0,0.0,4.0
rc204C15,1,4,depot,1,sweep,3.099999958067201e-06,3000396.3679896723,196.36798967243485,0.0,2.0,0.0,3.0
rc204C15,1,4,depot,1,nearest,1.1699999959091656e-05,2000404.0897094593,204.0897094592362,0.0,2.0,0.0,2.0
rc204C15,1,4,depot,1,grasp,0.00025920000007317867,2000404.0897094593,204.08970945923616,0.0,2.0,0.0,2.0
rc204C15,1,4,depot,1,mp_eavns,0.005113100000016857,2000404.0897094593,204.0897094592362,0.0,2.0,0.0,2.0
rc204C15,1,4,phased,3,edd,2.9000002541579306e-06,2000549.7354102244,249.73541022437507,0.0,3.0,2.0,2.0
rc204C15,1,4,phased,3,sweep,2.599999788799323e-06,399.4095577622337,199.4095577622337,0.0,2.0,3.0,0.0
rc204C15,1,4,phased,3,nearest,7.100000402715523e-06,2000404.0897094593,204.0897094592362,0.0,2.0,0.0,2.0
rc204C15,1,4,phased,3,grasp,0.00035119999938615365,399.1703261380543,199.17032613805426,0.0,2.0,3.0,0.0
rc204C15,1,4,phased,3,mp_eavns,0.00797099999999773,399.1703261380543,199.1703261380543,0.0,2.0,3.0,0.0
rc204C15,1,4,all,7,edd,5.199999577598646e-06,2000549.7354102244,249.73541022437507,0.0,3.0,2.0,2.0
rc204C15,1,4,all,7,sweep,4.800000169780105e-06,399.4095577622337,199.4095577622337,0.0,2.0,3.0,0.0
rc204C15,1,4,all,7,nearest,1.06999996205559e-05,2000404.0897094593,204.0897094592362,0.0,2.0,0.0,2.0
rc204C15,1,4,all,7,grasp,0.00041880000026139896,399.1703261380543,199.1703261380543,0.0,2.0,3.0,0.0
rc204C15,1,4,all,7,mp_eavns,0.009836899999754678,399.1703261380543,199.17032613805426,0.0,2.0,3.0,0.0
rc204C15,2,8,depot,1,edd,4.900000021734741e-06,7000774.758790099,374.75879009878486,0.0,4.0,0.0,7.0
rc204C15,2,8,depot,1,sweep,3.600000127335079e-06,5000762.720142685,362.7201426846383,0.0,4.0,0.0,5.0
rc204C15,2,8,depot,1,nearest,1.7800000023271423e-05,6000804.052803657,404.05280365719443,0.0,4.0,0.0,6.0
rc204C15,2,8,depot,1,grasp,0.0005229999997027335,5000782.442772846,382.4427728453361,0.0,4.0,0.0,5.0
rc204C15,2,8,depot,1,mp_eavns,0.04541030000018509,5000744.692523501,344.69252350070747,0.0,4.0,0.0,5.0
rc204C15,2,8,phased,4,edd,1.140000040322775e-05,3000782.6110717747,382.6110717749059,0.0,4.0,3.0,3.0
rc204C15,2,8,phased,4,sweep,1.4500000361294951e-05,1000788.575484479,388.57548447898904,0.0,4.0,4.0,1.0
rc204C15,2,8,phased,4,nearest,4.469999930734048e-05,5000825.040673624,425.0406736240047,0.0,4.0,1.0,5.0
rc204C15,2,8,phased,4,grasp,0.0013419999995676335,837.1887396993584,437.18873969935845,0.0,4.0,6.0,0.0
rc204C15,2,8,phased,4,mp_eavns,0.08818239999982325,810.4160839684021,410.41608396840206,0.0,4.0,6.0,0.0
rc204C15,2,8,all,7,edd,1.1099999937869143e-05,3000782.6110717747,382.6110717749059,0.0,4.0,3.0,3.0
rc204C15,2,8,all,7,sweep,1.1699999959091656e-05,1000788.575484479,388.57548447898904,0.0,4.0,4.0,1.0
rc204C15,2,8,all,7,nearest,3.1800000215298496e-05,5000825.040673624,425.0406736240047,0.0,4.0,1.0,5.0
rc204C15,2,8,all,7,grasp,0.0018567000006441958,811.7872319694486,411.7872319694486,0.0,4.0,6.0,0.0
rc204C15,2,8,all,7,mp_eavns,0.14669320000029984,810.4160839684021,410.41608396840206,0.0,4.0,6.0,0.0
rc204C15,3,12,depot,1,edd,1.1999999514955562e-05,10001224.342215044,624.342215043597,0.0,6.0,0.0,10.0
rc204C15,3,12,depot,1,sweep,1.52000002344721e-05,8001156.309353292,556.3093532923241,0.0,6.0,0.0,8.0
rc204C15,3,12,depot,1,nearest,4.740000076708384e-05,10003397.599075923,584.7563634487299,231.2842712474619,5.0,0.0,10.0
rc204C15,3,12,depot,1,grasp,0.0017940999996426399,7001070.904822534,570.9048225335075,0.0,5.0,0.0,7.0
rc204C15,3,12,depot,1,mp_eavns,0.11418129999947269,7001021.6326045515,521.6326045513104,0.0,5.0,1.0,7.0
rc204C15,3,12,phased,6,edd,1.0300000212737359e-05,6001234.114100269,634.1141002686918,0.0,6.0,3.0,6.0
rc204C15,3,12,phased,6,sweep,1.0199999451288022e-05,2001198.0545566431,598.0545566431929,0.0,6.0,6.0,2.0
rc204C15,3,12,phased,6,nearest,4.3000000005122274e-05,5003402.18221185,589.3394993751273,231.2842712474619,5.0,4.0,5.0
rc204C15,3,12,phased,6,grasp,0.004055500000504253,1003430.1094429876,617.266730512949,231.2842712474619,5.0,7.0,1.0
rc204C15,3,12,phased,6,mp_eavns,0.25175949999993463,1076.8927792652598,576.8927792652597,0.0,5.0,8.0,0.0
rc204C15,3,12,all,7,edd,7.800000275892671e-06,6001234.114100269,634.1141002686918,0.0,6.0,3.0,6.0
rc204C15,3,12,all,7,sweep,7.100000402715523e-06,2001198.0545566431,598.0545566431929,0.0,6.0,6.0,2.0
rc204C15,3,12,all,7,nearest,2.9400000130408444e-05,5003402.18221185,589.3394993751273,231.2842712474619,5.0,4.0,5.0
rc204C15,3,12,all,7,grasp,0.001983299999665178,5297.015494798896,651.3497198070792,414.5665774991817,5.0,10.0,0.0
rc204C15,3,12,all,7,mp_eavns,0.27905809999992925,1074.2789530679497,574.2789530679496,0.0,5.0,8.0,0.0
rc204C15,4,15,depot,1,edd,1.9799999790848233e-05,14001609.385175813,809.3851758123142,0.0,8.0,0.0,14.0
rc204C15,4,15,depot,1,sweep,1.089999932446517e-05,10001337.70203857,637.702038570219,0.0,7.0,0.0,10.0
rc204C15,4,15,depot,1,nearest,6.270000085351057e-05,11001297.171253124,697.1712531235535,0.0,6.0,0.0,11.0
rc204C15,4,15,depot,1,grasp,0.003083100000367267,9001278.934223285,678.9342232849123,0.0,6.0,1.0,9.0
rc204C15,4,15,depot,1,mp_eavns,0.1185353999999279,8001219.421548894,619.4215488932111,0.0,6.0,0.0,8.0
rc204C15,4,15,phased,7,edd,7.899999218352605e-06,6001649.132287003,849.1322870031412,0.0,8.0,7.0,6.0
rc204C15,4,15,phased,7,sweep,7.3999999585794285e-06,2001390.6319272607,690.6319272607183,0.0,7.0,7.0,2.0
rc204C15,4,15,phased,7,nearest,4.3900000491703395e-05,5007290.478869976,710.4089123539627,598.0069957621536,6.0,4.0,5.0
rc204C15,4,15,phased,7,grasp,0.0028670000001511653,3133.164546359588,672.4846502271486,186.06798961324392,6.0,9.0,0.0
rc204C15,4,15,phased,7,mp_eavns,0.3956530000004932,1374.2312289213041,674.231228921304,0.0,7.0,9.0,0.0
rc204C15,4,15,all,7,edd,8.600000001024455e-06,6001649.132287003,849.1322870031412,0.0,8.0,7.0,6.0
rc204C15,4,15,all,7,sweep,8.69999985297909e-06,2001390.6319272607,690.6319272607183,0.0,7.0,7.0,2.0
rc204C15,4,15,all,7,nearest,3.709999964485178e-05,5007290.478869976,710.4089123539627,598.0069957621536,6.0,4.0,5.0
rc204C15,4,15,all,7,grasp,0.002489600000444625,5171.636469524668,864.2345412058231,360.74019283188454,7.0,12.0,0.0
rc204C15,4,15,all,7,mp_eavns,0.4395844999999099,1374.2312289213041,674.231228921304,0.0,7.0,9.0,0.0
rc204C5,1,2,depot,1,edd,6.099999154685065e-06,2000370.1887826144,170.18878261444482,0.0,2.0,0.0,2.0
rc204C5,1,2,depot,1,sweep,4.70000031782547e-06,2000370.1887826144,170.18878261444482,0.0,2.0,0.0,2.0
rc204C5,1,2,depot,1,nearest,1.3799999578623101e-05,2000370.1887826144,170.18878261444482,0.0,2.0,0.0,2.0
rc204C5,1,2,depot,1,grasp,0.00033119999989139615,2000370.1887826144,170.18878261444482,0.0,2.0,0.0,2.0
rc204C5,1,2,depot,1,mp_eavns,0.002778099999886763,2000370.1887826144,170.18878261444482,0.0,2.0,0.0,2.0
rc204C5,1,2,phased,2,edd,4.499999704421498e-06,1000370.4384587205,170.43845872047157,0.0,2.0,1.0,1.0
rc204C5,1,2,phased,2,sweep,5.099999725644011e-06,1000370.4384587205,170.43845872047157,0.0,2.0,1.0,1.0
rc204C5,1,2,phased,2,nearest,8.400000297115184e-06,1000370.4384587205,170.43845872047157,0.0,2.0,1.0,1.0
rc204C5,1,2,phased,2,grasp,0.00038329999915731605,1000370.4384587205,170.43845872047157,0.0,2.0,1.0,1.0
rc204C5,1,2,phased,2,mp_eavns,0.0034686999997575185,1000370.4384587205,170.43845872047157,0.0,2.0,1.0,1.0
rc204C5,1,2,all,4,edd,3.899999683198985e-06,1000370.4384587205,170.43845872047157,0.0,2.0,1.0,1.0
rc204C5,1,2,all,4,sweep,4.200000148557592e-06,1000370.4384587205,170.43845872047157,0.0,2.0,1.0,1.0
rc204C5,1,2,all,4,nearest,9.000000318337698e-06,1000370.4384587205,170.43845872047157,0.0,2.0,1.0,1.0
rc204C5,1,2,all,4,grasp,0.0004262000002199784,1000370.4384587205,170.43845872047157,0.0,2.0,1.0,1.0
rc204C5,1,2,all,4,mp_eavns,0.0035476000002745423,1000370.4384587205,170.43845872047157,0.0,2.0,1.0,1.0
rc204C5,2,3,depot,1,edd,4.499999704421498e-06,2000370.1914090062,170.19140900632414,0.0,2.0,0.0,2.0
rc204C5,2,3,depot,1,sweep,2.8000004022032954e-06,2000370.1914090062,170.19140900632414,0.0,2.0,0.0,2.0
rc204C5,2,3,depot,1,nearest,9.700000191514846e-06,2000370.1914090062,170.19140900632414,0.0,2.0,0.0,2.0
rc204C5,2,3,depot,1,grasp,0.00019780000002356246,2000370.1914090062,170.19140900632414,0.0,2.0,0.0,2.0
rc204C5,2,3,depot,1,mp_eavns,0.006507199999759905,2000370.1914090062,170.19140900632414,0.0,2.0,0.0,2.0
rc204C5,2,3,phased,3,edd,7.800000275892671e-06,1000370.4774591876,170.4774591876482,0.0,2.0,1.0,1.0
rc204C5,2,3,phased,3,sweep,7.099999493220821e-06,1000370.4774591876,170.4774591876482,0.0,2.0,1.0,1.0
rc204C5,2,3,phased,3,nearest,1.5800000255694613e-05,1000370.4410851124,170.4410851123509,0.0,2.0,1.0,1.0
rc204C5,2,3,phased,3,grasp,0.0004977999997208826,1000370.4410851124,170.4410851123509,0.0,2.0,1.0,1.0
rc204C5,2,3,phased,3,mp_eavns,0.008179299999937939,1000370.4410851124,170.4410851123509,0.0,2.0,1.0,1.0
rc204C5,2,3,all,4,edd,6.900000698806252e-06,1000370.4774591876,170.4774591876482,0.0,2.0,1.0,1.0
rc204C5,2,3,all,4,sweep,5.199999577598646e-06,1000370.4774591876,170.4774591876482,0.0,2.0,1.0,1.0
rc204C5,2,3,all,4,nearest,1.320000046689529e-05,1000370.4410851124,170.4410851123509,0.0,2.0,1.0,1.0
rc204C5,2,3,all,4,grasp,0.00041029999920283444,1000370.4410851124,170.4410851123509,0.0,2.0,1.0,1.0
rc204C5,2,3,all,4,mp_eavns,0.009124600000177452,1000370.4410851124,170.4410851123509,0.0,2.0,1.0,1.0
rc204C5,3,4,depot,1,edd,7.800000275892671e-06,2000494.274598164,194.2745981639087,0.0,3.0,0.0,2.0
rc204C5,3,4,depot,1,sweep,5.699999746866524e-06,2000494.274598164,194.2745981639087,0.0,3.0,0.0,2.0
rc204C5,3,4,depot,1,nearest,1.9500000234984327e-05,3000391.7777729197,191.77777291984222,0.0,2.0,0.0,3.0
rc204C5,3,4,depot,1,grasp,0.0005166000000826898,2000394.274598164,194.27459816390873,0.0,2.0,1.0,2.0
rc204C5,3,4,depot,1,mp_eavns,0.010825800000020536,2000394.274598164,194.27459816390873,0.0,2.0,1.0,2.0
rc204C5,3,4,phased,4,edd,7.0000005507608876e-06,1000494.5606483453,194.56064834523278,0.0,3.0,1.0,1.0
rc204C5,3,4,phased,4,sweep,5.4000001910026185e-06,1000494.5606483453,194.56064834523278,0.0,3.0,1.0,1.0
rc204C5,3,4,phased,4,nearest,1.4600000213249587e-05,2000392.0274490258,192.02744902586898,0.0,2.0,1.0,2.0
rc204C5,3,4,phased,4,grasp,0.0004989999997633277,391.9883602653679,191.98836026536785,0.0,2.0,3.0,0.0
rc204C5,3,4,phased,4,mp_eavns,0.015490400000089721,391.9883602653679,191.98836026536785,0.0,2.0,3.0,0.0
rc204C5,3,4,all,4,edd,7.999999979801942e-06,1000494.5606483453,194.56064834523278,0.0,3.0,1.0,1.0
rc204C5,3,4,all,4,sweep,7.999999979801942e-06,1000494.5606483453,194.56064834523278,0.0,3.0,1.0,1.0
rc204C5,3,4,all,4,nearest,1.8400000044493936e-05,2000392.0274490258,192.02744902586898,0.0,2.0,1.0,2.0
rc204C5,3,4,all,4,grasp,0.0006626000003961963,392.0247343406652,192.02473434066516,0.0,2.0,3.0,0.0
rc204C5,3,4,all,4,mp_eavns,0.01956049999989773,391.9883602653679,191.98836026536785,0.0,2.0,3.0,0.0
rc204C5,4,5,depot,1,edd,9.399999726156238e-06,3000666.385623673,266.38562367318855,0.0,4.0,0.0,3.0
rc204C5,4,5,depot,1,sweep,7.200000254670158e-06,3000554.689065786,254.6890657861589,0.0,3.0,0.0,3.0
rc204C5,4,5,depot,1,nearest,2.479999966453761e-05,3000554.689065786,254.68906578615895,0.0,3.0,0.0,3.0
rc204C5,4,5,depot,1,grasp,0.0006143999999039806,3000554.689065786,254.68906578615895,0.0,3.0,0.0,3.0
rc204C5,4,5,depot,1,mp_eavns,0.01597730000048614,3000554.689065786,254.6890657861589,0.0,3.0,0.0,3.0
rc204C5,4,5,phased,4,edd,8.299999535665847e-06,1000679.9701237521,279.9701237521095,0.0,4.0,2.0,1.0
rc204C5,4,5,phased,4,sweep,7.900000127847306e-06,2000554.9751159674,254.97511596748296,0.0,3.0,1.0,2.0
rc204C5,4,5,phased,4,nearest,2.0399999812070746e-05,2000554.938741892,254.9387418921857,0.0,3.0,1.0,2.0
rc204C5,4,5,phased,4,grasp,0.000838399999338435,577.3978356722446,277.3978356722445,0.0,3.0,4.0,0.0
rc204C5,4,5,phased,4,mp_eavns,0.026685100000577222,577.3978356722446,277.3978356722445,0.0,3.0,4.0,0.0
rc204C5,4,5,all,4,edd,6.199999916134402e-06,1000679.9701237521,279.9701237521095,0.0,4.0,2.0,1.0
rc204C5,4,5,all,4,sweep,6.100000064179767e-06,2000554.9751159674,254.97511596748296,0.0,3.0,1.0,2.0
rc204C5,4,5,all,4,nearest,1.4400000509340316e-05,2000554.938741892,254.9387418921857,0.0,3.0,1.0,2.0
rc204C5,4,5,all,4,grasp,0.00043290000030538067,1000575.3928049137,275.39280491364786,0.0,3.0,2.0,1.0
rc204C5,4,5,all,4,mp_eavns,0.02645429999938642,577.3978356722446,277.3978356722445,0.0,3.0,4.0,0.0
rc205C10,1,3,depot,1,edd,6.199999916134402e-06,3000226.8905052557,126.89050525571136,0.0,1.0,0.0,3.0
rc205C10,1,3,depot,1,sweep,3.99999953515362e-06,3000226.8905052557,126.89050525571136,0.0,1.0,0.0,3.0
rc205C10,1,3,depot,1,nearest,1.4700000065204222e-05,1000959.2083563452,97.133987606944,76.20743687382037,1.0,0.0,1.0
rc205C10,1,3,depot,1,grasp,0.00034720000076049473,1000959.2083563452,97.133987606944,76.20743687382037,1.0,0.0,1.0
rc205C10,1,3,depot,1,mp_eavns,0.00916510000024573,1000325.9013201424,125.90132014244261,0.0,2.0,0.0,1.0
rc205C10,1,3,phased,2,edd,5.7999995988211595e-06,1000229.8267724344,129.8267724343998,0.0,1.0,1.0,1.0
rc205C10,1,3,phased,2,sweep,5.300000339047983e-06,2927.367006169846,142.26926191243876,268.5097744257407,1.0,2.0,0.0
rc205C10,1,3,phased,2,nearest,1.2100000276404899e-05,1000959.2083563452,97.133987606944,76.20743687382037,1.0,0.0,1.0
rc205C10,1,3,phased,2,grasp,0.000387600000067323,2927.367006169846,142.26926191243876,268.5097744257407,1.0,2.0,0.0
rc205C10,1,3,phased,2,mp_eavns,0.009621600000173203,371.0365944479373,171.03659444793735,0.0,2.0,2.0,0.0
rc205C10,1,3,all,4,edd,4.999999873689376e-06,1000229.8267724344,129.8267724343998,0.0,1.0,1.0,1.0
rc205C10,1,3,all,4,sweep,4.70000031782547e-06,2927.367006169846,142.26926191243876,268.5097744257407,1.0,2.0,0.0
rc205C10,1,3,all,4,nearest,9.500000487605575e-06,1000959.2083563452,97.133987606944,76.20743687382037,1.0,0.0,1.0
rc205C10,1,3,all,4,grasp,0.0002885000003516325,2927.367006169846,142.26926191243876,268.5097744257407,1.0,2.0,0.0
rc205C10,1,3,all,4,mp_eavns,0.013128999999935331,371.0365944479373,171.03659444793735,0.0,2.0,2.0,0.0
rc205C10,2,5,depot,1,edd,7.3999999585794285e-06,5000476.188142126,276.1881421262379,0.0,2.0,0.0,5.0
rc205C10,2,5,depot,1,sweep,4.699999408330768e-06,5000501.511741654,301.51174165415676,0.0,2.0,0.0,5.0
rc205C10,2,5,depot,1,nearest,2.28000008064555e-05,3002543.5150902355,276.1881421262379,206.7326948109171,2.0,0.0,3.0
rc205C10,2,5,depot,1,grasp,0.0006507999996756553,3001233.8295927434,271.7552240053893,76.20743687382037,2.0,0.0,3.0
rc205C10,2,5,depot,1,mp_eavns,0.019544099999620812,3000500.522556541,300.52255654088793,0.0,2.0,1.0,3.0
rc205C10,2,5,phased,3,edd,8.099999831756577e-06,5000476.188142126,276.1881421262379,0.0,2.0,0.0,5.0
rc205C10,2,5,phased,3,sweep,7.700000423938036e-06,2003201.9882425682,316.89049831088414,268.5097744257407,2.0,2.0,2.0
rc205C10,2,5,phased,3,nearest,2.2700000045006163e-05,3002543.5150902355,276.1881421262379,206.7326948109171,2.0,0.0,3.0
rc205C10,2,5,phased,3,grasp,0.0007197000004453002,2003046.8097006173,294.2226554969312,255.2587045120431,2.0,2.0,2.0
rc205C10,2,5,phased,3,mp_eavns,0.01787860000058572,1003060.5894292251,308.97800551791744,255.1611423707203,2.0,4.0,1.0
rc205C10,2,5,all,4,edd,5.500000042957254e-06,5000476.188142126,276.1881421262379,0.0,2.0,0.0,5.0
rc205C10,2,5,all,4,sweep,5.500000042957254e-06,2003201.9882425682,316.89049831088414,268.5097744257407,2.0,2.0,2.0
rc205C10,2,5,all,4,nearest,1.3899999430577736e-05,3002543.5150902355,276.1881421262379,206.7326948109171,2.0,0.0,3.0
rc205C10,2,5,all,4,grasp,0.00036079999972571386,2003046.8097006173,294.2226554969312,255.2587045120431,2.0,2.0,2.0
rc205C10,2,5,all,4,mp_eavns,0.0245853000005809,1003060.5894292251,308.97800551791744,255.1611423707203,2.0,4.0,1.0
rc205C10,3,8,depot,1,edd,8.999999408842996e-06,6001108.161557199,491.0966398095126,31.706491738960835,3.0,1.0,6.0
rc205C10,3,8,depot,1,sweep,6.299999768089037e-06,7000688.826753414,388.8267534138323,0.0,3.0,0.0,7.0
rc205C10,3,8,depot,1,nearest,3.200000082870247e-05,5002764.33289392,397.0059458108532,206.7326948109171,3.0,0.0,5.0
rc205C10,3,8,depot,1,grasp,0.001145899999755784,4001894.5144657916,373.3734684700927,122.11409973215882,3.0,0.0,4.0
rc205C10,3,8,depot,1,mp_eavns,0.03510199999982433,4000693.9911717493,393.99117174930115,0.0,3.0,1.0,4.0
rc205C10,3,8,phased,4,edd,6.999999641266186e-06,6001108.161557199,491.0966398095126,31.706491738960835,3.0,1.0,6.0
rc205C10,3,8,phased,4,sweep,6.499999471998308e-06,3003391.0652819383,405.967537680691,268.5097744257407,3.0,3.0,3.0
rc205C10,3,8,phased,4,nearest,2.099999983329326e-05,4002766.09492153,398.7679734209845,206.7326948109171,3.0,1.0,4.0
rc205C10,3,8,phased,4,grasp,0.0010208000003331108,2003242.040343436,389.45329831547576,255.2587045120431,3.0,3.0,2.0
rc205C10,3,8,phased,4,mp_eavns,0.06259010000030685,1003255.8200720437,404.208648336462,255.1611423707203,3.0,5.0,1.0
rc205C10,3,8,all,4,edd,1.1099999937869143e-05,6001108.161557199,491.0966398095126,31.706491738960835,3.0,1.0,6.0
rc205C10,3,8,all,4,sweep,1.1499999345687684e-05,3003391.0652819383,405.967537680691,268.5097744257407,3.0,3.0,3.0
rc205C10,3,8,all,4,nearest,3.239999932702631e-05,4002766.09492153,398.7679734209845,206.7326948109171,3.0,1.0,4.0
rc205C10,3,8,all,4,grasp,0.0014632000002166023,1003255.8929618637,404.2815381564438,255.1611423707203,3.0,5.0,1.0
rc205C10,3,8,all,4,mp_eavns,0.06774679999944055,3256.560287727757,404.94886402055386,255.1611423707203,3.0,7.0,0.0
rc205C10,4,10,depot,1,edd,9.700000191514846e-06,7001268.659744127,551.5948267366963,31.706491738960835,4.0,1.0,7.0
rc205C10,4,10,depot,1,sweep,7.3999999585794285e-06,9000866.586575167,466.5865751675709,0.0,4.0,0.0,9.0
rc205C10,4,10,depot,1,nearest,3.780000042752363e-05,7002930.716660081,463.38971197229773,206.7326948109171,4.0,0.0,7.0
rc205C10,4,10,depot,1,grasp,0.0033564999994268874,5005309.938156135,522.4836638224369,438.7454492312679,4.0,2.0,5.0
rc205C10,4,10,depot,1,mp_eavns,0.09019329999955517,5000860.11116433,460.11116432970044,0.0,4.0,1.0,5.0
rc205C10,4,10,phased,4,edd,6.300000677583739e-06,7001268.659744127,551.5948267366963,31.706491738960835,4.0,1.0,7.0
rc205C10,4,10,phased,4,sweep,6.100000064179767e-06,4003570.685289397,485.5875451393696,268.5097744257407,4.0,3.0,4.0
rc205C10,4,10,phased,4,nearest,2.229999972769292e-05,6002932.4786876915,465.15173958242906,206.7326948109171,4.0,1.0,6.0
rc205C10,4,10,phased,4,grasp,0.0029047999996691942,2005109.1761587192,508.2577403394233,420.09184183799186,4.0,5.0,2.0
rc205C10,4,10,phased,4,mp_eavns,0.13163069999973231,2003419.4650853158,467.8536616085254,255.1611423707203,4.0,4.0,2.0
rc205C10,4,10,all,4,edd,1.2200000128359534e-05,7001268.659744127,551.5948267366963,31.706491738960835,4.0,1.0,7.0
rc205C10,4,10,all,4,sweep,1.1999999514955562e-05,4003570.685289397,485.5875451393696,268.5097744257407,4.0,3.0,4.0
rc205C10,4,10,all,4,nearest,3.980000019510044e-05,6002932.4786876915,465.15173958242906,206.7326948109171,4.0,1.0,6.0
rc205C10,4,10,all,4,grasp,0.004446599999937462,1006961.6989892292,496.04309767163704,606.5655891557496,4.0,7.0,1.0
rc205C10,4,10,all,4,mp_eavns,0.15787490000002435,1003424.3616609226,472.75023721539236,255.1611423707203,4.0,7.0,1.0
rc208C5,1,2,depot,1,edd,5.200000487093348e-06,2000210.6463364635,110.64633646342119,0.0,1.0,0.0,2.0
rc208C5,1,2,depot,1,sweep,3.6999999792897142e-06,1000210.6463364634,110.64633646342119,0.0,1.0,0.0,1.0
rc208C5,1,2,depot,1,nearest,1.1699999959091656e-05,1000210.6463364634,110.64633646342119,0.0,1.0,0.0,1.0
rc208C5,1,2,depot,1,grasp,0.00025550000009388896,1000210.6463364634,110.64633646342119,0.0,1.0,0.0,1.0
rc208C5,1,2,depot,1,mp_eavns,0.0030624999999417923,1000210.6463364634,110.64633646342119,0.0,1.0,0.0,1.0
rc208C5,1,2,phased,2,edd,7.100000402715523e-06,2000210.6463364635,110.64633646342119,0.0,1.0,0.0,2.0
rc208C5,1,2,phased,2,sweep,6.499999471998308e-06,1000210.6463364634,110.64633646342119,0.0,1.0,0.0,1.0
rc208C5,1,2,phased,2,nearest,1.3299999409355223e-05,1000210.6463364634,110.64633646342119,0.0,1.0,0.0,1.0
rc208C5,1,2,phased,2,grasp,0.0004434000002220273,1000210.6463364634,110.64633646342119,0.0,1.0,0.0,1.0
rc208C5,1,2,phased,2,mp_eavns,0.0030283000005510985,1000210.6463364634,110.64633646342119,0.0,1.0,0.0,1.0
rc208C5,1,2,all,3,edd,3.7999998312443495e-06,2000210.6463364635,110.64633646342119,0.0,1.0,0.0,2.0
rc208C5,1,2,all,3,sweep,3.200000719516538e-06,1000210.6463364634,110.64633646342119,0.0,1.0,0.0,1.0
rc208C5,1,2,all,3,nearest,8.099999831756577e-06,1000210.6463364634,110.64633646342119,0.0,1.0,0.0,1.0
rc208C5,1,2,all,3,grasp,0.00013889999991079094,1000210.6463364634,110.64633646342119,0.0,1.0,0.0,1.0
rc208C5,1,2,all,3,mp_eavns,0.003601899999921443,1000210.6463364634,110.64633646342119,0.0,1.0,0.0,1.0
rc208C5,2,3,depot,1,edd,4.099999387108255e-06,1000332.6793554736,132.67935547355916,0.0,2.0,0.0,1.0
rc208C5,2,3,depot,1,sweep,2.600000698294025e-06,1000341.694685856,141.69468585594123,0.0,2.0,0.0,1.0
rc208C5,2,3,depot,1,nearest,9.299999874201603e-06,1000352.7420373652,152.74203736518763,0.0,2.0,0.0,1.0
rc208C5,2,3,depot,1,grasp,0.00019100000008620555,1000332.6793554736,132.67935547355916,0.0,2.0,0.0,1.0
rc208C5,2,3,depot,1,mp_eavns,0.005909399999836751,1000332.6793554736,132.67935547355916,0.0,2.0,0.0,1.0
rc208C5,2,3,phased,2,edd,4.699999408330768e-06,1000332.6793554736,132.67935547355916,0.0,2.0,0.0,1.0
rc208C5,2,3,phased,2,sweep,3.7999998312443495e-06,1000341.694685856,141.69468585594123,0.0,2.0,0.0,1.0
rc208C5,2,3,phased,2,nearest,9.200000022246968e-06,1000352.7420373652,152.74203736518763,0.0,2.0,0.0,1.0
rc208C5,2,3,phased,2,grasp,0.0007554000003437977,1000332.6793554736,132.67935547355916,0.0,2.0,0.0,1.0
rc208C5,2,3,phased,2,mp_eavns,0.0066582999997990555,1000332.6793554736,132.67935547355916,0.0,2.0,0.0,1.0
rc208C5,2,3,all,3,edd,4.999999873689376e-06,1000332.6793554736,132.67935547355916,0.0,2.0,0.0,1.0
rc208C5,2,3,all,3,sweep,5.199999577598646e-06,1000341.694685856,141.69468585594123,0.0,2.0,0.0,1.0
rc208C5,2,3,all,3,nearest,1.0400000064691994e-05,1000352.7420373652,152.74203736518763,0.0,2.0,0.0,1.0
rc208C5,2,3,all,3,grasp,0.0004942000005030422,1000332.6793554736,132.67935547355916,0.0,2.0,0.0,1.0
rc208C5,2,3,all,3,mp_eavns,0.008662500000355067,1000332.6793554736,132.67935547355916,0.0,2.0,0.0,1.0
rc208C5,3,4,depot,1,edd,6.50000038149301e-06,2000378.6712421796,178.67124217953693,0.0,2.0,0.0,2.0
rc208C5,3,4,depot,1,sweep,2.3300000066228677e-05,2000396.5105296627,196.51052966281213,0.0,2.0,0.0,2.0
rc208C5,3,4,depot,1,nearest,1.8699999600357842e-05,2000398.733924071,198.73392407116543,0.0,2.0,0.0,2.0
rc208C5,3,4,depot,1,grasp,0.0004499000006035203,2000378.6712421796,178.67124217953693,0.0,2.0,0.0,2.0
rc208C5,3,4,depot,1,mp_eavns,0.009255100000700622,2000378.6712421796,178.67124217953693,0.0,2.0,0.0,2.0
rc208C5,3,4,phased,3,edd,7.700000423938036e-06,2000378.6712421796,178.67124217953693,0.0,2.0,0.0,2.0
rc208C5,3,4,phased,3,sweep,7.699999514443334e-06,1000400.1379905184,200.13799051830512,0.0,2.0,1.0,1.0
rc208C5,3,4,phased,3,nearest,1.7300000763498247e-05,2000398.733924071,198.73392407116543,0.0,2.0,0.0,2.0
rc208C5,3,4,phased,3,grasp,0.0005389000007198774,1000420.4369453337,220.436945333778,0.0,2.0,2.0,1.0
rc208C5,3,4,phased,3,mp_eavns,0.01634250000006432,1000400.1379905184,200.13799051830512,0.0,2.0,1.0,1.0
rc208C5,3,4,all,3,edd,5.800000508315861e-06,2000378.6712421796,178.67124217953693,0.0,2.0,0.0,2.0
rc208C5,3,4,all,3,sweep,5.800000508315861e-06,1000400.1379905184,200.13799051830512,0.0,2.0,1.0,1.0
rc208C5,3,4,all,3,nearest,1.52000002344721e-05,2000398.733924071,198.73392407116543,0.0,2.0,0.0,2.0
rc208C5,3,4,all,3,grasp,0.00027460000001156004,1000420.4369453337,220.436945333778,0.0,2.0,2.0,1.0
rc208C5,3,4,all,3,mp_eavns,0.011677200000121957,1000400.1379905184,200.13799051830512,0.0,2.0,1.0,1.0
rc208C5,4,5,depot,1,edd,9.199999112752266e-06,3000411.346289201,211.34628920126426,0.0,2.0,0.0,3.0
rc208C5,4,5,depot,1,sweep,6.70000008540228e-06,3000558.122216866,258.1222168658096,0.0,3.0,0.0,3.0
rc208C5,4,5,depot,1,nearest,2.680000034160912e-05,2000398.8313816008,198.8313816007819,0.0,2.0,0.0,2.0
rc208C5,4,5,depot,1,grasp,0.0006819000000177766,2000398.8313816008,198.8313816007819,0.0,2.0,0.0,2.0
rc208C5,4,5,depot,1,mp_eavns,0.016638299999613082,2000398.8313816008,198.8313816007819,0.0,2.0,0.0,2.0
rc208C5,4,5,phased,3,edd,8.800000614428427e-06,2000416.1061049462,216.10610494630245,0.0,2.0,1.0,2.0
rc208C5,4,5,phased,3,sweep,8.50000014906982e-06,1000574.2502437957,274.2502437956562,0.0,3.0,2.0,1.0
rc208C5,4,5,phased,3,nearest,2.099999983329326e-05,2000398.8313816008,198.8313816007819,0.0,2.0,0.0,2.0
rc208C5,4,5,phased,3,grasp,0.0008005999998204061,2000398.8313816008,198.8313816007819,0.0,2.0,0.0,2.0
rc208C5,4,5,phased,3,mp_eavns,0.020951900000000023,1000426.4931410946,226.49314109451706,0.0,2.0,2.0,1.0
rc208C5,4,5,all,3,edd,1.1399999493733048e-05,2000416.1061049462,216.10610494630245,0.0,2.0,1.0,2.0
rc208C5,4,5,all,3,sweep,1.1199999789823778e-05,1000574.2502437957,274.2502437956562,0.0,3.0,2.0,1.0
rc208C5,4,5,all,3,nearest,2.840000070136739e-05,2000398.8313816008,198.8313816007819,0.0,2.0,0.0,2.0
rc208C5,4,5,all,3,grasp,0.0009595000001354492,2000398.8313816008,198.8313816007819,0.0,2.0,0.0,2.0
rc208C5,4,5,all,3,mp_eavns,0.023108699999284,1000426.4931410946,226.49314109451706,0.0,2.0,2.0,1.0
