instance,period,customers,station_policy,active_stations,algorithm,runtime_seconds,objective,distance,tardiness,routes,recharges,infeasible_legs
c101_21,1,25,depot,1,edd,2.2100000933278352e-05,8001904.93646505,904.9364650496559,0.0,10.0,0.0,8.0
c101_21,1,25,depot,1,sweep,8.999999408842996e-06,4014112.8236357938,720.010014316152,1239.2813621477392,10.0,0.0,4.0
c101_21,1,25,depot,1,nearest,8.35999999253545e-05,4026988.344295122,639.6281737158907,2544.8716121406437,9.0,0.0,4.0
c101_21,1,25,depot,1,grasp,0.012425500000972534,4011174.609387504,672.5662800407772,960.2043107463256,9.0,0.0,4.0
c101_21,1,25,depot,1,mp_eavns,0.23370040000008885,2001593.2863553104,693.2863553102707,0.0,9.0,1.0,2.0
c101_21,1,25,phased,6,edd,1.0699997801566496e-05,4001917.4723825725,917.4723825726026,0.0,10.0,4.0,4.0
c101_21,1,25,phased,6,sweep,9.900002623908222e-06,14123.237555682077,730.4239342046858,1239.2813621477392,10.0,4.0,0.0
c101_21,1,25,phased,6,nearest,8.149999848683365e-05,26998.44370565824,649.7275842518028,2544.8716121406437,9.0,4.0,0.0
c101_21,1,25,phased,6,grasp,0.022330899999360554,11003.326280858017,709.0583271832444,939.4267953674772,9.0,4.0,0.0
c101_21,1,25,phased,6,mp_eavns,0.2960272000018449,1561.5229485120212,661.5229485120213,0.0,9.0,4.0,0.0
c101_21,1,25,all,21,edd,1.3299999409355223e-05,4001917.4723825725,917.4723825726026,0.0,10.0,4.0,4.0
c101_21,1,25,all,21,sweep,9.499999578110874e-06,14123.237555682077,730.4239342046858,1239.2813621477392,10.0,4.0,0.0
c101_21,1,25,all,21,nearest,8.820000221021473e-05,26997.74879459884,649.0326731924029,2544.8716121406437,9.0,4.0,0.0
c101_21,1,25,all,21,grasp,0.03706419999798527,8377.225819670895,762.4070266795629,671.4818792991333,9.0,5.0,0.0
c101_21,1,25,all,21,mp_eavns,0.5145211999988533,1529.5213274039947,629.5213274039947,0.0,9.0,4.0,0.0
c101_21,2,50,depot,1,edd,1.6400001186411828e-05,23005332.088915095,2396.781264328322,83.53076507682351,21.0,2.0,23.0
c101_21,2,50,depot,1,sweep,1.2900000001536682e-05,12032643.28871968,1655.4821581307888,2878.780656154918,22.0,0.0,12.0
c101_21,2,50,depot,1,nearest,0.0002509000005375128,13058211.36032237,1622.4372478557275,5468.8923074513605,19.0,1.0,13.0
c101_21,2,50,depot,1,grasp,0.07604390000051353,10016989.323103676,1658.2154009120777,1343.1107702762747,19.0,1.0,10.0
c101_21,2,50,depot,1,mp_eavns,1.2563888000004226,8003432.438939009,1532.4389390088709,0.0,19.0,2.0,8.0
c101_21,2,50,phased,11,edd,2.5000001187436283e-05,10006332.617366342,2411.502452943391,182.1114913398477,21.0,13.0,10.0
c101_21,2,50,phased,11,sweep,1.889999839477241e-05,2032661.0810853404,1673.2745237911372,2878.780656154918,22.0,10.0,2.0
c101_21,2,50,phased,11,nearest,0.0004605000031006057,63376.62279034211,1599.656007976008,5987.69667823661,19.0,11.0,0.0
c101_21,2,50,phased,11,grasp,0.19146460000047227,30497.934303437647,1890.595139033423,2670.7339164404225,19.0,14.0,0.0
c101_21,2,50,phased,11,mp_eavns,2.421931900000345,3377.1461707508206,1477.1461707508206,0.0,19.0,10.0,0.0
c101_21,2,50,all,21,edd,1.9099999917671084e-05,10006332.617366342,2411.502452943391,182.1114913398477,21.0,13.0,10.0
c101_21,2,50,all,21,sweep,1.5800000255694613e-05,2032661.0810853404,1673.2745237911372,2878.780656154918,22.0,10.0,2.0
c101_21,2,50,all,21,nearest,0.0002950999987660907,63353.489963345906,1599.4939662427032,5985.39959971032,19.0,12.0,0.0
c101_21,2,50,all,21,grasp,0.2351810000000114,36236.461480053964,1729.9542572846071,3260.650722276936,19.0,11.0,0.0
c101_21,2,50,all,21,mp_eavns,3.109801399998105,3323.435077019579,1423.4350770195786,0.0,19.0,9.0,0.0
c101_21,3,75,depot,1,edd,2.5099998310906813e-05,39009206.16060477,3750.6166778339802,235.55439269332692,31.0,7.0,39.0
c101_21,3,75,depot,1,sweep,1.9699997210409492e-05,18071195.191724513,2423.1399277743835,6547.2051796740025,33.0,0.0,18.0
c101_21,3,75,depot,1,nearest,0.0005311999993864447,18093755.943540413,2392.114895531544,8856.382864488265,28.0,1.0,18.0
c101_21,3,75,depot,1,grasp,0.21088869999948656,17103667.80823286,2460.6227016707603,9840.718553118619,28.0,2.0,17.0
c101_21,3,75,depot,1,mp_eavns,4.502709200001846,11004976.819819394,2176.8198193939197,0.0,28.0,2.0,11.0
c101_21,3,75,phased,16,edd,2.9599999834317714e-05,9013466.778709207,3809.1240064090825,655.7654702797466,31.0,28.0,9.0
c101_21,3,75,phased,16,sweep,2.1599997126031667e-05,2072326.770755979,2474.5061614234687,6655.226459455558,33.0,15.0,2.0
c101_21,3,75,phased,16,nearest,0.00048160000005736947,97418.8460268025,2375.6933779846277,9224.315264881787,28.0,15.0,0.0
c101_21,3,75,phased,16,grasp,0.4645091999991564,57579.866151890565,2843.026459624857,5193.68396922657,28.0,23.0,0.0
c101_21,3,75,phased,16,mp_eavns,9.016002399999707,4925.791141016383,2125.791141016383,0.0,28.0,13.0,0.0
c101_21,3,75,all,21,edd,2.8700000257231295e-05,9013406.165208274,3805.793740417238,650.0371467857208,31.0,28.0,9.0
c101_21,3,75,all,21,sweep,2.1500000002561137e-05,2072326.770755979,2474.5061614234687,6655.226459455558,33.0,15.0,2.0
c101_21,3,75,all,21,nearest,0.0005279999968479387,97395.71319980631,2375.5313362513225,9222.018186355499,28.0,16.0,0.0
c101_21,3,75,all,21,grasp,0.5515459999987797,52928.94908504587,2877.831275721981,4715.111780932389,29.0,26.0,0.0
c101_21,3,75,all,21,mp_eavns,7.79217399999834,4868.483941988515,2068.4839419885147,0.0,28.0,12.0,0.0
c101_21,4,100,depot,1,edd,3.369999831193127e-05,47012413.67604486,4904.08916468354,340.9586880179166,41.0,8.0,47.0
c101_21,4,100,depot,1,sweep,2.599999788799323e-05,20092605.973185252,2996.1153738004314,8530.985781145137,43.0,0.0,20.0
c101_21,4,100,depot,1,nearest,0.000990500000625616,22093419.707397204,3185.851457791096,8653.385593941142,37.0,2.0,22.0
c101_21,4,100,depot,1,grasp,0.29638619999968796,21073680.263395097,3326.820224300246,6665.344317079628,37.0,4.0,21.0
c101_21,4,100,depot,1,mp_eavns,9.778394900000421,12006457.497062776,2757.4970627759367,0.0,37.0,3.0,12.0
c101_21,4,100,phased,21,edd,4.709999848273583e-05,12018796.533332173,4974.078858855127,972.2454473317007,41.0,31.0,12.0
c101_21,4,100,phased,21,sweep,3.070000093430281e-05,2093737.7773206732,3047.7067114064193,8639.007060926691,43.0,17.0,2.0
c101_21,4,100,phased,21,nearest,0.0009429999990970828,2104602.7803260717,3162.5628998390193,9774.021742623261,37.0,19.0,2.0
c101_21,4,100,phased,21,grasp,1.1081570999995165,1063888.300967674,3176.9774665380864,5701.132350113595,37.0,23.0,1.0
c101_21,4,100,phased,21,mp_eavns,23.45576169999913,6356.059999323218,2656.059999323218,0.0,37.0,15.0,0.0
c101_21,4,100,all,21,edd,4.070000068168156e-05,12018796.533332173,4974.078858855127,972.2454473317007,41.0,31.0,12.0
c101_21,4,100,all,21,sweep,2.9999999242136255e-05,2093737.7773206732,3047.7067114064193,8639.007060926691,43.0,17.0,2.0
c101_21,4,100,all,21,nearest,0.0009867999979178421,2104602.7803260717,3162.5628998390193,9774.021742623261,37.0,19.0,2.0
c101_21,4,100,all,21,grasp,1.1302180000020599,89397.13062942236,3364.248652494056,8233.28819769283,37.0,27.0,0.0
c101_21,4,100,all,21,mp_eavns,13.49997920000169,6298.099789850019,2598.099789850019,0.0,37.0,14.0,0.0
c101C10,1,3,depot,1,edd,4.900000931229442e-06,3000417.372635388,217.3726353879336,0.0,2.0,0.0,3.0
c101C10,1,3,depot,1,sweep,2.5000008463393897e-06,3000388.7112682476,188.71126824742169,0.0,2.0,0.0,3.0
c101C10,1,3,depot,1,nearest,9.60000033956021e-06,2002758.4170232767,188.71126824742169,236.97057550292607,2.0,0.0,2.0
c101C10,1,3,depot,1,grasp,0.0001841000012063887,2001601.3001112852,217.37263538793363,118.39274758971897,2.0,0.0,2.0
c101C10,1,3,depot,1,mp_eavns,0.00526930000341963,2000529.381447911,229.3814479109881,0.0,3.0,0.0,2.0
c101C10,1,3,phased,2,edd,3.0000010156072676e-06,2000429.9777182958,229.97771829576425,0.0,2.0,1.0,2.0
c101C10,1,3,phased,2,sweep,3.6999990697950125e-06,1000397.715693539,197.71569353904908,0.0,2.0,1.0,1.0
c101C10,1,3,phased,2,nearest,5.500001861946657e-06,1002771.0221061845,201.3163511552523,236.97057550292607,2.0,1.0,1.0
c101C10,1,3,phased,2,grasp,0.0002158999996026978,1000397.715693539,197.71569353904908,0.0,2.0,1.0,1.0
c101C10,1,3,phased,2,mp_eavns,0.00305560000197147,1000397.715693539,197.71569353904908,0.0,2.0,1.0,1.0
c101C10,1,3,all,5,edd,2.1999985619913787e-06,430.51928317899797,230.51928317899797,0.0,2.0,2.0,0.0
c101C10,1,3,all,5,sweep,2.1999985619913787e-06,399.2503988717391,199.2503988717391,0.0,2.0,2.0,0.0
c101C10,1,3,all,5,nearest,5.599998985417187e-06,2774.4600339767753,204.75427894751456,236.97057550292607,2.0,2.0,0.0
c101C10,1,3,all,5,grasp,0.0002706000013859011,399.2503988717391,199.25039887173912,0.0,2.0,2.0,0.0
c101C10,1,3,all,5,mp_eavns,0.004123099999560509,399.2503988717391,199.2503988717391,0.0,2.0,2.0,0.0
c101C10,2,5,depot,1,edd,4.5000015234109014e-06,3000591.7837537024,291.78375370234176,0.0,3.0,0.0,3.0
c101C10,2,5,depot,1,sweep,2.9000002541579306e-06,3000947.153628936,263.1223865618298,38.40312423743285,3.0,0.0,3.0
c101C10,2,5,depot,1,nearest,1.2299999070819467e-05,2010932.6272437698,327.9600462863374,1030.466719748349,3.0,1.0,2.0
c101C10,2,5,depot,1,grasp,0.0003179000013915356,2001837.316099439,353.38862354188416,118.39274758971897,3.0,1.0,2.0
c101C10,2,5,depot,1,mp_eavns,0.007522400002926588,2000627.9600462862,327.96004628633744,0.0,3.0,1.0,2.0
c101C10,2,5,phased,3,edd,6.300000677583739e-06,2000604.3888366101,304.3888366101724,0.0,3.0,1.0,2.0
c101C10,2,5,phased,3,sweep,3.6000019463244826e-06,1000956.1580542278,272.1268118534572,38.40312423743285,3.0,1.0,1.0
c101C10,2,5,phased,3,nearest,1.2000000424450263e-05,1010714.6971104888,322.84394260285114,1009.1853167885871,3.0,2.0,1.0
c101C10,2,5,phased,3,grasp,0.00042749999920488335,1000600.4898528947,300.489852894727,0.0,3.0,1.0,1.0
c101C10,2,5,phased,3,mp_eavns,0.00927389999924344,1000572.1268118535,272.12681185345724,0.0,3.0,1.0,1.0
c101C10,2,5,all,5,edd,4.899997293250635e-06,604.9304014934062,304.9304014934061,0.0,3.0,2.0,0.0
c101C10,2,5,all,5,sweep,3.7000027077738196e-06,957.6927595604757,273.6615171861472,38.40312423743285,3.0,2.0,0.0
c101C10,2,5,all,5,nearest,1.1100000847363845e-05,10599.046970964257,305.9760665379863,999.3070904426269,3.0,2.0,0.0
c101C10,2,5,all,5,grasp,0.0004414000031829346,601.511652232193,301.51165223219306,0.0,3.0,2.0,0.0
c101C10,2,5,all,5,mp_eavns,0.011568900001293514,573.6615171861472,273.66151718614725,0.0,3.0,2.0,0.0
c101C10,3,8,depot,1,edd,4.099998477613553e-06,4000815.953849772,415.9538497719389,0.0,4.0,0.0,4.0
c101C10,3,8,depot,1,sweep,3.2999996619764715e-06,4002273.8012599284,345.76067196364266,152.8040587964656,4.0,0.0,4.0
c101C10,3,8,depot,1,nearest,1.550000160932541e-05,4008085.213617453,352.07698545021185,733.3136632002804,4.0,0.0,4.0
c101C10,3,8,depot,1,grasp,0.0011819999999715947,2000855.8785662584,455.8785662582724,0.0,4.0,2.0,2.0
c101C10,3,8,depot,1,mp_eavns,0.023450599997886457,2000855.8785662584,455.8785662582724,0.0,4.0,2.0,2.0
c101C10,3,8,phased,4,edd,5.5400003475369886e-05,830.014144620322,430.01414462032193,0.0,4.0,3.0,0.0
c101C10,3,8,phased,4,sweep,6.199999916134402e-06,1002291.8353884041,363.7948004394691,152.8040587964656,4.0,2.0,1.0
c101C10,3,8,phased,4,nearest,1.7700000171316788e-05,1008108.6104311552,375.47379915237286,733.3136632002804,4.0,3.0,1.0
c101C10,3,8,phased,4,grasp,0.0012482000020099804,851.7099558802763,451.7099558802763,0.0,4.0,4.0,0.0
c101C10,3,8,phased,4,mp_eavns,0.036774799998966046,787.9634887227164,387.9634887227165,0.0,4.0,2.0,0.0
c101C10,3,8,all,5,edd,6.800000846851617e-06,822.0884476055292,422.0884476055292,0.0,4.0,2.0,0.0
c101C10,3,8,all,5,sweep,5.699999746866524e-06,1002284.3403905527,356.2998025879601,152.8040587964656,4.0,2.0,1.0
c101C10,3,8,all,5,nearest,1.889999839477241e-05,8130.952625278494,397.81599327568983,733.3136632002804,4.0,4.0,0.0
c101C10,3,8,all,5,grasp,0.0010000000002037268,829.430172204128,429.430172204128,0.0,4.0,3.0,0.0
c101C10,3,8,all,5,mp_eavns,0.03492310000001453,758.0655051217639,358.06550512176386,0.0,4.0,2.0,0.0
c101C10,4,10,depot,1,edd,6.300000677583739e-06,4001011.800022512,511.8000225121838,0.0,5.0,1.0,4.0
c101C10,4,10,depot,1,sweep,4.800000169780105e-06,4010034.963363829,416.70548720020776,911.8257876629082,5.0,0.0,4.0
c101C10,4,10,depot,1,nearest,2.5699999241624027e-05,4019287.662034588,427.51328257925707,1836.0148752008904,5.0,0.0,4.0
c101C10,4,10,depot,1,grasp,0.0013010999973630533,2002721.1189738025,488.3048462962715,173.28141275061677,5.0,2.0,2.0
c101C10,4,10,depot,1,mp_eavns,0.05082849999962491,2001026.8233814947,526.8233814948375,0.0,5.0,2.0,2.0
c101C10,4,10,phased,5,edd,7.599999662488699e-06,1017.9346203457741,517.9346203457741,0.0,5.0,3.0,0.0
c101C10,4,10,phased,5,sweep,7.299997378140688e-06,1010045.5024944536,427.24461782452516,911.8257876629082,5.0,2.0,1.0
c101C10,4,10,phased,5,nearest,2.59000007645227e-05,19309.252453283196,449.1037012742922,1836.0148752008904,5.0,4.0,0.0
c101C10,4,10,phased,5,grasp,0.0015244999995047692,2322.115527145588,505.38182692559747,131.67337002199906,5.0,5.0,0.0
c101C10,4,10,phased,5,mp_eavns,0.06524370000261115,929.010320358329,429.01032035832895,0.0,5.0,2.0,0.0
c101C10,4,10,all,5,edd,8.499999239575118e-06,1017.9346203457741,517.9346203457741,0.0,5.0,3.0,0.0
c101C10,4,10,all,5,sweep,8.000002708286047e-06,1010045.5024944536,427.24461782452516,911.8257876629082,5.0,2.0,1.0
c101C10,4,10,all,5,nearest,2.9099999665049836e-05,19309.252453283196,449.1037012742922,1836.0148752008904,5.0,4.0,0.0
c101C10,4,10,all,5,grasp,0.0014568999977200292,9884.94912194299,502.55315772758155,888.2395964215407,5.0,3.0,0.0
c101C10,4,10,all,5,mp_eavns,0.058641899999201996,929.010320358329,429.01032035832895,0.0,5.0,2.0,0.0
c101C5,1,2,depot,1,edd,3.7999998312443495e-06,1000187.3283094778,87.32830947781493,0.0,1.0,0.0,1.0
c101C5,1,2,depot,1,sweep,2.4999972083605826e-06,1000187.3283094778,87.32830947781493,0.0,1.0,0.0,1.0
c101C5,1,2,depot,1,nearest,8.099999831756577e-06,1000187.3283094778,87.32830947781493,0.0,1.0,0.0,1.0
c101C5,1,2,depot,1,grasp,0.0001263999984075781,1000187.3283094778,87.32830947781493,0.0,1.0,0.0,1.0
c101C5,1,2,depot,1,mp_eavns,0.002390099998592632,302.54559344635004,102.54559344635005,0.0,2.0,0.0,0.0
c101C5,1,2,phased,2,edd,2.6999987312592566e-06,1000187.3283094778,87.32830947781493,0.0,1.0,0.0,1.0
c101C5,1,2,phased,2,sweep,2.6000016077887267e-06,1000187.3283094778,87.32830947781493,0.0,1.0,0.0,1.0
c101C5,1,2,phased,2,nearest,5.699999746866524e-06,1000187.3283094778,87.32830947781493,0.0,1.0,0.0,1.0
c101C5,1,2,phased,2,grasp,0.00014730000111740083,4730.212459896401,99.65733235000164,453.05551275463995,1.0,1.0,0.0
c101C5,1,2,phased,2,mp_eavns,0.0031224000013025943,302.54559344635004,102.54559344635005,0.0,2.0,0.0,0.0
c101C5,1,2,all,3,edd,4.1000021155923605e-06,1000187.3283094778,87.32830947781493,0.0,1.0,0.0,1.0
c101C5,1,2,all,3,sweep,4.099998477613553e-06,1000187.3283094778,87.32830947781493,0.0,1.0,0.0,1.0
c101C5,1,2,all,3,nearest,1.1199997970834374e-05,1000187.3283094778,87.32830947781493,0.0,1.0,0.0,1.0
c101C5,1,2,all,3,grasp,0.00016450000111944973,4730.212459896401,99.65733235000164,453.05551275463995,1.0,1.0,0.0
c101C5,1,2,all,3,mp_eavns,0.0026868000022659544,302.54559344635004,102.54559344635005,0.0,2.0,0.0,0.0
c101C5,2,3,depot,1,edd,3.5999983083456755e-06,1000374.5274648496,174.52746484964803,0.0,2.0,0.0,1.0
c101C5,2,3,depot,1,sweep,2.5999979698099196e-06,1000363.4860405364,163.48604053645403,0.0,2.0,0.0,1.0
c101C5,2,3,depot,1,nearest,7.599999662488699e-06,1000363.4860405364,163.48604053645403,0.0,2.0,0.0,1.0
c101C5,2,3,depot,1,grasp,0.00019600000086938962,5409.1351686715225,178.70332450498915,503.0431844166534,2.0,1.0,0.0
c101C5,2,3,depot,1,mp_eavns,0.007235000000946457,478.70332450498915,178.70332450498915,0.0,3.0,0.0,0.0
c101C5,2,3,phased,2,edd,5.199999577598646e-06,1000374.5274648496,174.52746484964803,0.0,2.0,0.0,1.0
c101C5,2,3,phased,2,sweep,4.699999408330768e-06,1000363.4860405364,163.48604053645403,0.0,2.0,0.0,1.0
c101C5,2,3,phased,2,nearest,9.800001862458885e-06,1000363.4860405364,163.48604053645403,0.0,2.0,0.0,1.0
c101C5,2,3,phased,2,grasp,0.00021130000095581636,5409.1351686715225,178.70332450498915,503.0431844166534,2.0,1.0,0.0
c101C5,2,3,phased,2,mp_eavns,0.008482599998387741,478.70332450498915,178.70332450498915,0.0,3.0,0.0,0.0
c101C5,2,3,all,3,edd,5.099998816149309e-06,1000374.5274648496,174.52746484964803,0.0,2.0,0.0,1.0
c101C5,2,3,all,3,sweep,4.800000169780105e-06,1000363.4860405364,163.48604053645403,0.0,2.0,0.0,1.0
c101C5,2,3,all,3,nearest,9.700001101009548e-06,1000363.4860405364,163.48604053645403,0.0,2.0,0.0,1.0
c101C5,2,3,all,3,grasp,0.00021769999875687063,4906.37019095504,175.81506340864075,453.05551275463995,2.0,1.0,0.0
c101C5,2,3,all,3,mp_eavns,0.008140399997500936,478.70332450498915,178.70332450498915,0.0,3.0,0.0,0.0
c101C5,3,4,depot,1,edd,4.499997885432094e-06,1000450.6851959083,250.68519590828714,0.0,2.0,1.0,1.0
c101C5,3,4,depot,1,sweep,3.5000011848751456e-06,2005903.4860405365,193.48604053645403,551.0,2.0,0.0,2.0
c101C5,3,4,depot,1,nearest,1.1100000847363845e-05,2000393.4860405365,193.48604053645403,0.0,2.0,0.0,2.0
c101C5,3,4,depot,1,grasp,0.0002767000005405862,5485.2928997301615,254.8610555636282,503.0431844166534,2.0,2.0,0.0
c101C5,3,4,depot,1,mp_eavns,0.010732400001870701,554.8610555636283,254.86105556362827,0.0,3.0,1.0,0.0
c101C5,3,4,phased,3,edd,1.080000220099464e-05,1000450.6851959083,250.68519590828714,0.0,2.0,1.0,1.0
c101C5,3,4,phased,3,sweep,5.099998816149309e-06,1005906.6609483276,196.66094832757065,551.0,2.0,1.0,1.0
c101C5,3,4,phased,3,nearest,1.1100000847363845e-05,2000393.4860405365,193.48604053645403,0.0,2.0,0.0,2.0
c101C5,3,4,phased,3,grasp,0.00036129999716649763,5467.6668133789035,237.23496921236978,503.0431844166534,2.0,2.0,0.0
c101C5,3,4,phased,3,mp_eavns,0.011457200002041645,537.2349692123698,237.23496921236978,0.0,3.0,1.0,0.0
c101C5,3,4,all,3,edd,5.40000110049732e-06,1000450.6851959083,250.68519590828714,0.0,2.0,1.0,1.0
c101C5,3,4,all,3,sweep,5.099998816149309e-06,1005906.6609483276,196.66094832757065,551.0,2.0,1.0,1.0
c101C5,3,4,all,3,nearest,1.2699998478638008e-05,2000393.4860405365,193.48604053645403,0.0,2.0,0.0,2.0
c101C5,3,4,all,3,grasp,0.0003329999999550637,5467.6668133789035,237.23496921236978,503.0431844166534,2.0,2.0,0.0
c101C5,3,4,all,3,mp_eavns,0.010399900002084905,537.2349692123698,237.23496921236978,0.0,3.0,1.0,0.0
c101C5,4,5,depot,1,edd,5.40000110049732e-06,1000451.8395758047,251.83957580467964,0.0,2.0,1.0,1.0
c101C5,4,5,depot,1,sweep,3.6999990697950125e-06,3005916.4365157867,206.43651578671387,551.0,2.0,0.0,3.0
c101C5,4,5,depot,1,nearest,1.5400000847876072e-05,3002030.5746423015,206.43651578671387,162.41381265149107,2.0,0.0,3.0
c101C5,4,5,depot,1,grasp,0.00034020000020973384,1216.8390608038949,291.4725732214255,72.53664875824694,2.0,2.0,0.0
c101C5,4,5,depot,1,mp_eavns,0.012645300001167925,491.4725732214255,291.4725732214255,0.0,2.0,2.0,0.0
c101C5,4,5,phased,3,edd,4.499997885432094e-06,1000451.8395758047,251.83957580467964,0.0,2.0,1.0,1.0
c101C5,4,5,phased,3,sweep,3.2999996619764715e-06,1010255.352906282,213.12159050406265,984.2231315777824,2.0,1.0,1.0
c101C5,4,5,phased,3,nearest,1.1000000085914508e-05,1002030.6782291308,206.5401026159407,162.41381265149107,2.0,1.0,1.0
c101C5,4,5,phased,3,grasp,0.00037990000055287965,6573.562379549438,218.86912548812742,615.469325406131,2.0,2.0,0.0
c101C5,4,5,phased,3,mp_eavns,0.010455199997522868,473.846486870167,273.846486870167,0.0,2.0,2.0,0.0
c101C5,4,5,all,3,edd,3.5000011848751456e-06,1000451.8395758047,251.83957580467964,0.0,2.0,1.0,1.0
c101C5,4,5,all,3,sweep,3.5000011848751456e-06,1010255.352906282,213.12159050406265,984.2231315777824,2.0,1.0,1.0
c101C5,4,5,all,3,nearest,1.0399999155197293e-05,1002030.6782291308,206.5401026159407,162.41381265149107,2.0,1.0,1.0
c101C5,4,5,all,3,grasp,0.00038869999843882397,473.846486870167,273.846486870167,0.0,2.0,2.0,0.0
c101C5,4,5,all,3,mp_eavns,0.009645100002671825,473.846486870167,273.846486870167,0.0,2.0,2.0,0.0
c102_21,1,25,depot,1,edd,1.1200001608813182e-05,7001677.892141305,777.8921413051335,0.0,9.0,0.0,7.0
c102_21,1,25,depot,1,sweep,7.799997547408566e-06,4007841.4951187302,720.010014316152,612.1485104414099,10.0,0.0,4.0
c102_21,1,25,depot,1,nearest,8.519999755662866e-05,4023741.500435672,641.5004356718072,2220.0,9.0,0.0,4.0
c102_21,1,25,depot,1,grasp,0.011697599999024533,3014039.2683343994,747.3520177010181,1239.191631669843,9.0,1.0,3.0
c102_21,1,25,depot,1,mp_eavns,0.2476170000009006,3001593.525527218,693.5255272178892,0.0,9.0,1.0,3.0
c102_21,1,25,phased,6,edd,1.2700002116616815e-05,2001692.9561943484,792.9561943483525,0.0,9.0,5.0,2.0
c102_21,1,25,phased,6,sweep,1.0200001270277426e-05,7851.909038618785,730.4239342046858,612.1485104414099,10.0,4.0,0.0
c102_21,1,25,phased,6,nearest,8.549999984097667e-05,23751.59984620772,651.5998462077192,2220.0,9.0,4.0,0.0
c102_21,1,25,phased,6,grasp,0.024224700002378086,8624.873342736375,708.5729457740631,701.6300396962312,9.0,5.0,0.0
c102_21,1,25,phased,6,mp_eavns,0.3683734000005643,1583.268453931169,683.268453931169,0.0,9.0,4.0,0.0
c102_21,1,25,all,21,edd,1.1200001608813182e-05,2001692.9561943484,792.9561943483525,0.0,9.0,5.0,2.0
c102_21,1,25,all,21,sweep,9.399998816661537e-06,7851.909038618785,730.4239342046858,612.1485104414099,10.0,4.0,0.0
c102_21,1,25,all,21,nearest,7.969999933266081e-05,23750.90493514832,650.9049351483193,2220.0,9.0,4.0,0.0
c102_21,1,25,all,21,grasp,0.024681800001417287,5771.133109018471,750.1429138825432,412.0990195135928,9.0,4.0,0.0
c102_21,1,25,all,21,mp_eavns,0.3853300000009767,1541.463666031669,641.4636660316689,0.0,9.0,4.0,0.0
c102_21,2,50,depot,1,edd,1.9699997210409492e-05,23004475.277451333,2286.1391363239104,28.91383150096317,19.0,1.0,23.0
c102_21,2,50,depot,1,sweep,1.5499997971346602e-05,12024578.108554546,1655.4821581307888,2072.2626396414544,22.0,0.0,12.0
c102_21,2,50,depot,1,nearest,0.00026170000273850746,13048376.071407134,1624.309509811644,4485.17618973212,19.0,1.0,13.0
c102_21,2,50,depot,1,grasp,0.07878749999872525,13026915.0542298,1674.8414123227064,2334.0212817476927,19.0,0.0,13.0
c102_21,2,50,depot,1,mp_eavns,0.9522311000000627,9003280.67567337,1380.675673369499,0.0,19.0,0.0,9.0
c102_21,2,50,phased,11,edd,2.1299998479662463e-05,9005496.078913629,2307.970008907708,128.81089047212026,19.0,13.0,9.0
c102_21,2,50,phased,11,sweep,1.5600002370774746e-05,2024595.9009202057,1673.2745237911372,2072.2626396414544,22.0,10.0,2.0
c102_21,2,50,phased,11,nearest,0.000532299996848451,49769.67668712131,1603.0487287774533,4626.662795834386,19.0,11.0,0.0
c102_21,2,50,phased,11,grasp,0.17484330000297632,22632.734084808028,1938.4157081063418,1879.4318376701685,19.0,15.0,0.0
c102_21,2,50,phased,11,mp_eavns,2.269741399999475,3393.7813421494575,1493.7813421494577,0.0,19.0,10.0,0.0
c102_21,2,50,all,21,edd,2.2300002456177026e-05,9005496.078913629,2307.970008907708,128.81089047212026,19.0,13.0,9.0
c102_21,2,50,all,21,sweep,1.759999940986745e-05,2024595.9009202057,1673.2745237911372,2072.2626396414544,22.0,10.0,2.0
c102_21,2,50,all,21,nearest,0.00027039999986300245,49769.51464538801,1602.8866870441484,4626.662795834386,19.0,12.0,0.0
c102_21,2,50,all,21,grasp,0.2172747000004165,16407.829539445775,1962.7177295451686,1254.5111809900604,19.0,19.0,0.0
c102_21,2,50,all,21,mp_eavns,3.30087149999963,3363.453191248118,1463.4531912481177,0.0,19.0,10.0,0.0
c102_21,3,75,depot,1,edd,2.8899998142151162e-05,35007369.890180685,3452.965534544795,81.69246461421642,31.0,3.0,35.0
c102_21,3,75,depot,1,sweep,1.7800000932766125e-05,18044490.08380006,2423.1399277743835,3876.694387228318,33.0,0.0,18.0
c102_21,3,75,depot,1,nearest,0.000520200002938509,18075529.94394706,2393.98715748746,7033.595678957158,28.0,1.0,18.0
c102_21,3,75,depot,1,grasp,0.18885560000126134,19052650.086220678,2606.00915862953,4714.407706204754,29.0,1.0,19.0
c102_21,3,75,depot,1,mp_eavns,3.8149502000014763,12004866.042673364,2066.042673363832,0.0,28.0,0.0,12.0
c102_21,3,75,phased,16,edd,3.409999771974981e-05,12009563.662414253,3493.4517308166874,297.02106834363633,31.0,21.0,12.0
c102_21,3,75,phased,16,sweep,2.399999721092172e-05,2045621.6628315223,2474.5061614234687,3984.715667009874,33.0,15.0,2.0
c102_21,3,75,phased,16,nearest,0.0004904000015812926,75421.18924546307,2379.086098786073,7024.210314667699,28.0,15.0,0.0
c102_21,3,75,phased,16,grasp,0.4911793999999645,32125.912554595227,2669.794480417061,2665.6118074178166,28.0,21.0,0.0
c102_21,3,75,phased,16,mp_eavns,6.995988000002399,4915.934311871511,2115.934311871511,0.0,28.0,12.0,0.0
c102_21,3,75,all,21,edd,2.7999998565064743e-05,12009556.31692685,3486.1062434139412,297.02106834363633,31.0,21.0,12.0
c102_21,3,75,all,21,sweep,1.9400002202019095e-05,2045621.6628315223,2474.5061614234687,3984.715667009874,33.0,15.0,2.0
c102_21,3,75,all,21,nearest,0.0004571999998006504,75421.02720372975,2378.9240570527677,7024.210314667699,28.0,16.0,0.0
c102_21,3,75,all,21,grasp,0.5530237999992096,17737.15652972009,2736.3044844501633,1220.0852045269926,28.0,24.0,0.0
c102_21,3,75,all,21,mp_eavns,7.112371999999596,4927.893806420951,2127.89380642095,0.0,28.0,13.0,0.0
c102_21,4,100,depot,1,edd,3.5400000342633575e-05,39012230.1066768,4682.483039223933,354.76236375744134,40.0,11.0,39.0
c102_21,4,100,depot,1,sweep,2.5699999241624027e-05,20062700.865260795,2996.1153738004314,5540.474988699451,43.0,0.0,20.0
c102_21,4,100,depot,1,nearest,0.0009448999990127049,22059175.2983473,3188.268441921075,5228.702990537911,37.0,2.0,22.0
c102_21,4,100,depot,1,grasp,0.35090300000229036,18051999.758667924,3259.4402296254066,4504.0318438297945,37.0,6.0,18.0
c102_21,4,100,depot,1,mp_eavns,9.813306899999588,13006342.257781485,2642.25778148439,0.0,37.0,1.0,13.0
c102_21,4,100,phased,21,edd,4.520000220509246e-05,9018182.778893536,4754.493280539174,942.8285612995985,40.0,33.0,9.0
c102_21,4,100,phased,21,sweep,2.970000059576705e-05,2063832.6693962165,3047.7067114064193,5648.496268481008,43.0,17.0,2.0
c102_21,4,100,phased,21,nearest,0.0009429999990970828,2064917.9344554113,3164.979883968999,5805.295457144237,37.0,19.0,2.0
c102_21,4,100,phased,21,grasp,0.971451800000068,42647.53788990473,3050.406914395561,3589.7130975509162,37.0,19.0,0.0
c102_21,4,100,phased,21,mp_eavns,12.081529600000067,6318.102315945573,2618.102315945572,0.0,37.0,13.0,0.0
c102_21,4,100,all,21,edd,3.80000019504223e-05,9018182.778893536,4754.493280539174,942.8285612995985,40.0,33.0,9.0
c102_21,4,100,all,21,sweep,2.6500001695239916e-05,2063832.6693962165,3047.7067114064193,5648.496268481008,43.0,17.0,2.0
c102_21,4,100,all,21,nearest,0.0008777000002737623,2064917.9344554113,3164.979883968999,5805.295457144237,37.0,19.0,2.0
c102_21,4,100,all,21,grasp,0.9024160000008123,1049850.2810775482,3463.948873369552,4268.633220417872,37.0,27.0,1.0
c102_21,4,100,all,21,mp_eavns,18.271021000000474,6320.980248615495,2620.9802486154954,0.0,37.0,14.0,0.0
c103_21,1,25,depot,1,edd,1.2299999070819467e-05,5001759.981578823,759.9815788234536,0.0,10.0,0.0,5.0
c103_21,1,25,depot,1,sweep,1.4199998986441642e-05,4002304.413079405,720.010014316152,58.44030650891054,10.0,0.0,4.0
c103_21,1,25,depot,1,nearest,0.00011100000119768083,4008099.628173716,639.6281737158907,656.0,9.0,0.0,4.0
c103_21,1,25,depot,1,grasp,0.009750199998961762,3005109.149467208,728.4387890891104,348.07106781186553,9.0,1.0,3.0
c103_21,1,25,depot,1,mp_eavns,0.2929091000005428,4001534.613501662,634.613501661852,0.0,9.0,0.0,4.0
c103_21,1,25,phased,6,edd,1.2900000001536682e-05,1001768.3931551644,768.3931551644833,0.0,10.0,4.0,1.0
c103_21,1,25,phased,6,sweep,9.400002454640344e-06,2314.8269992937912,730.4239342046858,58.44030650891054,10.0,4.0,0.0
c103_21,1,25,phased,6,nearest,7.660000119358301e-05,8109.727584251803,649.7275842518028,656.0,9.0,4.0,0.0
c103_21,1,25,phased,6,grasp,0.02853999999933876,1618.6996841961072,718.6996841961071,0.0,9.0,6.0,0.0
c103_21,1,25,phased,6,mp_eavns,0.4989575999970839,1546.65116998097,646.65116998097,0.0,9.0,3.0,0.0
c103_21,1,25,all,21,edd,2.4400000256719068e-05,1001768.3931551644,768.3931551644833,0.0,10.0,4.0,1.0
c103_21,1,25,all,21,sweep,1.720000000204891e-05,2314.8269992937912,730.4239342046858,58.44030650891054,10.0,4.0,0.0
c103_21,1,25,all,21,nearest,0.0002831999991030898,8109.032673192403,649.0326731924029,656.0,9.0,4.0,0.0
c103_21,1,25,all,21,grasp,0.023447600000508828,1592.154916261742,692.1549162617422,0.0,9.0,4.0,0.0
c103_21,1,25,all,21,mp_eavns,0.39435930000036024,1544.7288096317795,644.7288096317795,0.0,9.0,4.0,0.0
c103_21,2,50,depot,1,edd,3.1600000511389226e-05,20004539.866684146,2239.8666841468093,0.0,23.0,0.0,20.0
c103_21,2,50,depot,1,sweep,1.2400003470247611e-05,12009884.20755726,1655.4821581307888,602.8725399128704,22.0,0.0,12.0
c103_21,2,50,depot,1,nearest,0.00025290000121458434,13016402.218754904,1622.4372478557275,1287.978150704935,19.0,1.0,13.0
c103_21,2,50,depot,1,grasp,0.06570080000165035,13026876.579256378,1812.9230477214694,2316.365620865671,19.0,3.0,13.0
c103_21,2,50,depot,1,mp_eavns,1.3162604999997711,10003320.168357281,1420.1683572811537,0.0,19.0,0.0,10.0
c103_21,2,50,phased,11,edd,5.900000178371556e-05,5005281.225318975,2263.039766099154,71.81855528760116,23.0,14.0,5.0
c103_21,2,50,phased,11,sweep,3.49000001733657e-05,2009901.9999229198,1673.2745237911372,602.8725399128704,22.0,10.0,2.0
c103_21,2,50,phased,11,nearest,0.0004805000025953632,17794.303576048012,1599.656007976008,1429.4647568072005,19.0,11.0,0.0
c103_21,2,50,phased,11,grasp,0.1657046000000264,5288.5095048805815,1826.8005037424625,156.1709001138119,19.0,14.0,0.0
c103_21,2,50,phased,11,mp_eavns,4.344854200000555,3335.9806866902472,1435.980686690247,0.0,19.0,9.0,0.0
c103_21,2,50,all,21,edd,2.0600000425474718e-05,5005281.225318975,2263.039766099154,71.81855528760116,23.0,14.0,5.0
c103_21,2,50,all,21,sweep,1.460000203223899e-05,2009901.9999229198,1673.2745237911372,602.8725399128704,22.0,10.0,2.0
c103_21,2,50,all,21,nearest,0.0002237999979115557,17794.14153431471,1599.4939662427032,1429.4647568072005,19.0,12.0,0.0
c103_21,2,50,all,21,grasp,0.170289399997273,6161.052372328824,1963.2204739961721,229.78318983326523,19.0,17.0,0.0
c103_21,2,50,all,21,mp_eavns,5.275002399997902,3358.16875354843,1458.1687535484295,0.0,19.0,10.0,0.0
c103_21,3,75,depot,1,edd,4.819999958272092e-05,34007463.10059852,3891.1706281906913,27.192997033302277,33.0,7.0,34.0
c103_21,3,75,depot,1,sweep,3.2100000680657104e-05,18011751.865326904,2423.1399277743835,602.8725399128704,33.0,0.0,18.0
c103_21,3,75,depot,1,nearest,0.0008899999993445817,18022148.1013961,2392.114895531544,1695.5986500567483,28.0,1.0,18.0
c103_21,3,75,depot,1,grasp,0.17590449999988778,18017565.290726446,2581.3568217734437,1218.3933904671812,28.0,3.0,18.0
c103_21,3,75,depot,1,mp_eavns,4.75438860000213,11004929.72633586,2129.7263358604155,0.0,28.0,1.0,11.0
c103_21,3,75,phased,16,edd,3.680000008898787e-05,8009507.169811746,3934.264087078413,227.29057246674097,33.0,31.0,8.0
c103_21,3,75,phased,16,sweep,2.049999966402538e-05,2012883.4443583677,2474.5061614234687,710.8938196944266,33.0,15.0,2.0
c103_21,3,75,phased,16,nearest,0.00045479999971576035,21726.545939574768,2375.6933779846277,1655.0852561590139,28.0,15.0,0.0
c103_21,3,75,phased,16,grasp,0.3668351000014809,12546.009775091761,2520.778022459595,712.5231752632166,29.0,20.0,0.0
c103_21,3,75,phased,16,mp_eavns,12.661504700001387,4889.8935468408845,2089.8935468408845,0.0,28.0,12.0,0.0
c103_21,3,75,all,21,edd,3.190000279573724e-05,8009494.676001688,3921.7702770208075,227.29057246674097,33.0,31.0,8.0
c103_21,3,75,all,21,sweep,1.9900002371286973e-05,2012883.4443583677,2474.5061614234687,710.8938196944266,33.0,15.0,2.0
c103_21,3,75,all,21,nearest,0.0004623000022547785,21726.38389784146,2375.5313362513225,1655.0852561590139,28.0,16.0,0.0
c103_21,3,75,all,21,grasp,0.49808979999943404,16349.43813887364,2742.606848886676,1080.6831289986965,28.0,22.0,0.0
c103_21,3,75,all,21,mp_eavns,14.66570320000028,4912.081613699067,2112.081613699067,0.0,28.0,13.0,0.0
c103_21,4,100,depot,1,edd,3.780000042752363e-05,44010949.249821,4837.151248330531,191.2098572671116,42.0,8.0,44.0
c103_21,4,100,depot,1,sweep,2.1500000002561137e-05,20023965.663303748,2996.1153738004314,1666.9547929946966,43.0,0.0,20.0
c103_21,4,100,depot,1,nearest,0.0008211999993363861,22024929.304805625,3188.268441921075,1804.1036363704595,37.0,2.0,22.0
c103_21,4,100,depot,1,grasp,0.2691217999999935,22018025.920885254,3243.033293662871,1098.2887591592382,38.0,3.0,22.0
c103_21,4,100,depot,1,mp_eavns,7.232318200000009,12006361.759246686,2661.7592466864826,0.0,37.0,1.0,12.0
c103_21,4,100,phased,21,edd,0.00010069999916595407,9014419.426187772,4815.058416828005,540.4367770944783,42.0,35.0,9.0
c103_21,4,100,phased,21,sweep,5.450000026030466e-05,2025097.467439169,3047.7067114064193,1774.9760727762527,43.0,17.0,2.0
c103_21,4,100,phased,21,nearest,0.0015478999994229525,2028411.1790617988,3164.979883968999,2154.619917782985,37.0,19.0,2.0
c103_21,4,100,phased,21,grasp,1.0248953999980586,23579.441795024526,3228.812030715534,1655.0629764308992,38.0,22.0,0.0
c103_21,4,100,phased,21,mp_eavns,15.381453899997723,6251.45869209058,2551.4586920905804,0.0,37.0,13.0,0.0
c103_21,4,100,all,21,edd,6.939999730093405e-05,9014419.426187772,4815.058416828005,540.4367770944783,42.0,35.0,9.0
c103_21,4,100,all,21,sweep,6.170000051497482e-05,2025097.467439169,3047.7067114064193,1774.9760727762527,43.0,17.0,2.0
c103_21,4,100,all,21,nearest,0.0016692999997758307,2028411.1790617988,3164.979883968999,2154.619917782985,37.0,19.0,2.0
c103_21,4,100,all,21,grasp,0.8425188999972306,28567.05759377998,3216.814916136063,2165.024267764392,37.0,23.0,0.0
c103_21,4,100,all,21,mp_eavns,24.04090240000005,6310.317343261138,2610.3173432611384,0.0,37.0,14.0,0.0
c103C15,1,4,depot,1,edd,1.6000001778593287e-05,328.1046497035028,128.1046497035028,0.0,2.0,0.0,0.0
c103C15,1,4,depot,1,sweep,3.4000004234258085e-06,328.1046497035028,128.1046497035028,0.0,2.0,0.0,0.0
c103C15,1,4,depot,1,nearest,1.2099997547920793e-05,1000354.2095019708,154.2095019707516,0.0,2.0,0.0,1.0
c103C15,1,4,depot,1,grasp,0.0002496999986760784,1000354.2095019708,154.2095019707516,0.0,2.0,0.0,1.0
c103C15,1,4,depot,1,mp_eavns,0.004265200001100311,328.1046497035028,128.1046497035028,0.0,2.0,0.0,0.0
c103C15,1,4,phased,2,edd,2.6999987312592566e-06,328.1046497035028,128.1046497035028,0.0,2.0,0.0,0.0
c103C15,1,4,phased,2,sweep,2.5000008463393897e-06,328.1046497035028,128.1046497035028,0.0,2.0,0.0,0.0
c103C15,1,4,phased,2,nearest,7.500002539018169e-06,357.24321196494304,157.24321196494304,0.0,2.0,1.0,0.0
c103C15,1,4,phased,2,grasp,0.00027549999867915176,328.1046497035028,128.1046497035028,0.0,2.0,0.0,0.0
c103C15,1,4,phased,2,mp_eavns,0.004850500001339242,328.1046497035028,128.1046497035028,0.0,2.0,0.0,0.0
c103C15,1,4,all,5,edd,4.900000931229442e-06,328.1046497035028,128.1046497035028,0.0,2.0,0.0,0.0
c103C15,1,4,all,5,sweep,2.4000000848900527e-06,328.1046497035028,128.1046497035028,0.0,2.0,0.0,0.0
c103C15,1,4,all,5,nearest,7.700000423938036e-06,357.24321196494304,157.24321196494304,0.0,2.0,1.0,0.0
c103C15,1,4,all,5,grasp,0.00027910000062547624,357.24321196494304,157.24321196494304,0.0,2.0,1.0,0.0
c103C15,1,4,all,5,mp_eavns,0.005134799997904338,328.1046497035028,128.1046497035028,0.0,2.0,0.0,0.0
c103C15,2,8,depot,1,edd,4.099998477613553e-06,2000722.114545567,322.11454556705246,0.0,4.0,0.0,2.0
c103C15,2,8,depot,1,sweep,3.3999967854470015e-06,1000918.8659619001,225.8953764923136,39.29705854077835,3.0,0.0,1.0
c103C15,2,8,depot,1,nearest,1.5699999494245276e-05,1001236.3250861575,294.99301248728034,64.13320736702158,3.0,1.0,1.0
c103C15,2,8,depot,1,grasp,0.0018006999998760875,629.9794392507724,329.97943925077243,0.0,3.0,2.0,0.0
c103C15,2,8,depot,1,mp_eavns,0.019857200000842568,566.2709423655397,266.2709423655397,0.0,3.0,1.0,0.0
c103C15,2,8,phased,3,edd,6.599999323952943e-06,2000722.114545567,322.11454556705246,0.0,4.0,0.0,2.0
c103C15,2,8,phased,3,sweep,5.199999577598646e-06,932.2308063347475,239.26022092696397,39.29705854077835,3.0,1.0,0.0
c103C15,2,8,phased,3,nearest,1.8300001102034003e-05,1001236.3250861575,294.99301248728034,64.13320736702158,3.0,1.0,1.0
c103C15,2,8,phased,3,grasp,0.002244100000098115,541.812739230067,241.812739230067,0.0,3.0,1.0,0.0
c103C15,2,8,phased,3,mp_eavns,0.020769700000528246,557.2148755451824,257.21487554518245,0.0,3.0,1.0,0.0
c103C15,2,8,all,5,edd,6.199999916134402e-06,2000722.114545567,322.11454556705246,0.0,4.0,0.0,2.0
c103C15,2,8,all,5,sweep,5.999998393235728e-06,932.2308063347475,239.26022092696397,39.29705854077835,3.0,1.0,0.0
c103C15,2,8,all,5,nearest,1.840000186348334e-05,1001236.3250861575,294.99301248728034,64.13320736702158,3.0,1.0,1.0
c103C15,2,8,all,5,grasp,0.002350700000533834,589.2887360285762,289.2887360285762,0.0,3.0,2.0,0.0
c103C15,2,8,all,5,mp_eavns,0.02480460000151652,541.812739230067,241.81273923006697,0.0,3.0,1.0,0.0
c103C15,3,12,depot,1,edd,7.700000423938036e-06,972.6851475542035,472.6851475542034,0.0,5.0,2.0,0.0
c103C15,3,12,depot,1,sweep,4.800000169780105e-06,1001256.6573667311,363.68678132330257,39.29705854077835,5.0,0.0,1.0
c103C15,3,12,depot,1,nearest,2.8200000087963417e-05,3001442.4769847575,460.9220405436099,48.15549442140352,5.0,0.0,3.0
c103C15,3,12,depot,1,grasp,0.0024556999997003004,1010886.5813082076,512.3518217655547,977.4229486442046,6.0,1.0,1.0
c103C15,3,12,depot,1,mp_eavns,0.0663550999997824,904.0623471965287,404.0623471965287,0.0,5.0,1.0,0.0
c103C15,3,12,phased,4,edd,8.39999847812578e-06,972.6851475542035,472.6851475542034,0.0,5.0,2.0,0.0
c103C15,3,12,phased,4,sweep,8.200000593205914e-06,1270.0222111657365,377.05162575795293,39.29705854077835,5.0,1.0,0.0
c103C15,3,12,phased,4,nearest,2.9999999242136255e-05,1004698.8605195351,462.52082555378047,373.63396939813765,5.0,1.0,1.0
c103C15,3,12,phased,4,grasp,0.0034524999973655213,985.8136415590876,485.8136415590876,0.0,5.0,3.0,0.0
c103C15,3,12,phased,4,mp_eavns,0.10556259999793838,895.0062803761714,395.00628037617145,0.0,5.0,1.0,0.0
c103C15,3,12,all,5,edd,0.00012229999992996454,972.6851475542035,472.6851475542034,0.0,5.0,2.0,0.0
c103C15,3,12,all,5,sweep,2.6699999580159783e-05,1270.0222111657365,377.05162575795293,39.29705854077835,5.0,1.0,0.0
c103C15,3,12,all,5,nearest,7.360000017797574e-05,1004698.8605195351,462.52082555378047,373.63396939813765,5.0,1.0,1.0
c103C15,3,12,all,5,grasp,0.006547699998918688,956.4145379689156,456.4145379689156,0.0,5.0,2.0,0.0
c103C15,3,12,all,5,mp_eavns,0.12232910000238917,879.6041440610559,379.60414406105593,0.0,5.0,1.0,0.0
c103C15,4,15,depot,1,edd,8.299997716676444e-06,1001401.2032319633,701.2032319633606,0.0,7.0,2.0,1.0
c103C15,4,15,depot,1,sweep,5.900001269765198e-06,2006876.1147447622,457.12090668388373,581.8993838078211,6.0,0.0,2.0
c103C15,4,15,depot,1,nearest,3.760000254260376e-05,3007180.888440223,513.5331138821639,606.7355326340643,6.0,0.0,3.0
c103C15,4,15,depot,1,grasp,0.00614069999937783,1009027.3390633897,645.0016279727033,778.2337435417012,6.0,3.0,1.0
c103C15,4,15,depot,1,mp_eavns,0.12982040000133566,1099.0673009979007,499.06730099790065,0.0,6.0,1.0,0.0
c103C15,4,15,phased,5,edd,1.1200001608813182e-05,2001373.3375432484,673.3375432484864,0.0,7.0,2.0,2.0
c103C15,4,15,phased,5,sweep,8.899998647393659e-06,6895.215410279031,476.22157220081976,581.8993838078211,6.0,2.0,0.0
c103C15,4,15,phased,5,nearest,4.470000203582458e-05,2007186.6242613052,519.2689349644495,606.7355326340643,6.0,1.0,2.0
c103C15,4,15,phased,5,grasp,0.006732900001225062,1297.9553299183124,697.9553299183124,0.0,6.0,6.0,0.0
c103C15,4,15,phased,5,mp_eavns,0.1678804000002856,1084.3223035838635,484.32230358386346,0.0,6.0,1.0,0.0
c103C15,4,15,all,5,edd,1.4799999917158857e-05,2001373.3375432484,673.3375432484864,0.0,7.0,2.0,2.0
c103C15,4,15,all,5,sweep,1.8300001102034003e-05,6895.215410279031,476.22157220081976,581.8993838078211,6.0,2.0,0.0
c103C15,4,15,all,5,nearest,8.329999764100648e-05,2007186.6242613052,519.2689349644495,606.7355326340643,6.0,1.0,2.0
c103C15,4,15,all,5,grasp,0.012518700001237448,2634.089985810053,695.7820497696382,133.83079360404145,6.0,5.0,0.0
c103C15,4,15,all,5,mp_eavns,0.1597366999994847,1068.920167268748,468.92016726874795,0.0,6.0,1.0,0.0
c103C5,1,2,depot,1,edd,3.6999990697950125e-06,174.05505797167908,74.05505797167908,0.0,1.0,0.0,0.0
c103C5,1,2,depot,1,sweep,2.1000014385208488e-06,8986.543152939812,74.05505797167908,881.2488094968134,1.0,0.0,0.0
c103C5,1,2,depot,1,nearest,7.200000254670158e-06,174.05505797167908,74.05505797167908,0.0,1.0,0.0,0.0
c103C5,1,2,depot,1,grasp,0.00010879999899771065,174.05505797167908,74.05505797167908,0.0,1.0,0.0,0.0
c103C5,1,2,depot,1,mp_eavns,0.0009992999985115603,174.05505797167908,74.05505797167908,0.0,1.0,0.0,0.0
c103C5,1,2,phased,2,edd,1.9999970390927047e-06,174.05505797167908,74.05505797167908,0.0,1.0,0.0,0.0
c103C5,1,2,phased,2,sweep,1.5999976312741637e-06,8986.543152939812,74.05505797167908,881.2488094968134,1.0,0.0,0.0
c103C5,1,2,phased,2,nearest,3.9000005926936865e-06,174.05505797167908,74.05505797167908,0.0,1.0,0.0,0.0
c103C5,1,2,phased,2,grasp,0.00010620000102790073,174.05505797167908,74.05505797167908,0.0,1.0,0.0,0.0
c103C5,1,2,phased,2,mp_eavns,0.0009952000000339467,174.05505797167908,74.05505797167908,0.0,1.0,0.0,0.0
c103C5,1,2,all,2,edd,1.7000020307023078e-06,174.05505797167908,74.05505797167908,0.0,1.0,0.0,0.0
c103C5,1,2,all,2,sweep,1.4999968698248267e-06,8986.543152939812,74.05505797167908,881.2488094968134,1.0,0.0,0.0
c103C5,1,2,all,2,nearest,3.7999998312443495e-06,174.05505797167908,74.05505797167908,0.0,1.0,0.0,0.0
c103C5,1,2,all,2,grasp,0.00010399999882793054,174.05505797167908,74.05505797167908,0.0,1.0,0.0,0.0
c103C5,1,2,all,2,mp_eavns,0.0009872000009636395,174.05505797167908,74.05505797167908,0.0,1.0,0.0,0.0
c103C5,2,3,depot,1,edd,2.4000000848900527e-06,335.6667451746765,135.66674517467652,0.0,2.0,0.0,0.0
c103C5,2,3,depot,1,sweep,2.0000006770715117e-06,9148.15484014281,135.66674517467652,881.2488094968134,2.0,0.0,0.0
c103C5,2,3,depot,1,nearest,5.699999746866524e-06,335.6667451746765,135.66674517467652,0.0,2.0,0.0,0.0
c103C5,2,3,depot,1,grasp,0.00016689999756636098,335.6667451746765,135.66674517467652,0.0,2.0,0.0,0.0
c103C5,2,3,depot,1,mp_eavns,0.002284899997903267,335.6667451746765,135.66674517467652,0.0,2.0,0.0,0.0
c103C5,2,3,phased,2,edd,2.5000008463393897e-06,335.6667451746765,135.66674517467652,0.0,2.0,0.0,0.0
c103C5,2,3,phased,2,sweep,2.1000014385208488e-06,9148.15484014281,135.66674517467652,881.2488094968134,2.0,0.0,0.0
c103C5,2,3,phased,2,nearest,5.500001861946657e-06,335.6667451746765,135.66674517467652,0.0,2.0,0.0,0.0
c103C5,2,3,phased,2,grasp,0.00017500000103609636,335.6667451746765,135.66674517467652,0.0,2.0,0.0,0.0
c103C5,2,3,phased,2,mp_eavns,0.0023599999985890463,335.6667451746765,135.66674517467652,0.0,2.0,0.0,0.0
c103C5,2,3,all,2,edd,3.5000011848751456e-06,335.6667451746765,135.66674517467652,0.0,2.0,0.0,0.0
c103C5,2,3,all,2,sweep,3.2999996619764715e-06,9148.15484014281,135.66674517467652,881.2488094968134,2.0,0.0,0.0
c103C5,2,3,all,2,nearest,8.099999831756577e-06,335.6667451746765,135.66674517467652,0.0,2.0,0.0,0.0
c103C5,2,3,all,2,grasp,0.00016279999908874743,335.6667451746765,135.66674517467652,0.0,2.0,0.0,0.0
c103C5,2,3,all,2,mp_eavns,0.0023045999987516552,335.6667451746765,135.66674517467652,0.0,2.0,0.0,0.0
c103C5,3,4,depot,1,edd,2.7999994927085936e-06,352.3975503314247,152.39755033142472,0.0,2.0,0.0,0.0
c103C5,3,4,depot,1,sweep,1.8999999156221747e-06,9164.885645299559,152.39755033142472,881.2488094968134,2.0,0.0,0.0
c103C5,3,4,depot,1,nearest,7.799997547408566e-06,1000367.7976533299,167.79765332987532,0.0,2.0,0.0,1.0
c103C5,3,4,depot,1,grasp,0.00022420000095735304,352.3975503314247,152.39755033142472,0.0,2.0,0.0,0.0
c103C5,3,4,depot,1,mp_eavns,0.003945500000554603,352.3975503314247,152.39755033142472,0.0,2.0,0.0,0.0
c103C5,3,4,phased,2,edd,2.6000016077887267e-06,352.3975503314247,152.39755033142472,0.0,2.0,0.0,0.0
c103C5,3,4,phased,2,sweep,2.0999978005420417e-06,9164.885645299559,152.39755033142472,881.2488094968134,2.0,0.0,0.0
c103C5,3,4,phased,2,nearest,6.70000008540228e-06,1000367.7976533299,167.79765332987532,0.0,2.0,0.0,1.0
c103C5,3,4,phased,2,grasp,0.00022420000095735304,373.954989309477,173.95498930947704,0.0,2.0,1.0,0.0
c103C5,3,4,phased,2,mp_eavns,0.004160100001172395,352.3975503314247,152.39755033142472,0.0,2.0,0.0,0.0
c103C5,3,4,all,2,edd,2.2999993234407157e-06,352.3975503314247,152.39755033142472,0.0,2.0,0.0,0.0
c103C5,3,4,all,2,sweep,2.4000000848900527e-06,9164.885645299559,152.39755033142472,881.2488094968134,2.0,0.0,0.0
c103C5,3,4,all,2,nearest,6.899997970322147e-06,1000367.7976533299,167.79765332987532,0.0,2.0,0.0,1.0
c103C5,3,4,all,2,grasp,0.00023259999943547882,352.3975503314247,152.39755033142472,0.0,2.0,0.0,0.0
c103C5,3,4,all,2,mp_eavns,0.005644900000334019,352.3975503314247,152.39755033142472,0.0,2.0,0.0,0.0
c103C5,4,5,depot,1,edd,5.000001692678779e-06,1000361.2613846621,161.2613846621467,0.0,2.0,0.0,1.0
c103C5,4,5,depot,1,sweep,3.2999996619764715e-06,1009174.8856452996,162.39755033142472,881.2488094968134,2.0,0.0,1.0
c103C5,4,5,depot,1,nearest,1.340000017080456e-05,1000377.2862654559,177.28626545587022,0.0,2.0,0.0,1.0
c103C5,4,5,depot,1,grasp,0.0007869000000937376,384.49780808583205,184.49780808583205,0.0,2.0,1.0,0.0
c103C5,4,5,depot,1,mp_eavns,0.007871200003137346,382.3975503314247,182.39755033142472,0.0,2.0,1.0,0.0
c103C5,4,5,phased,2,edd,4.300000000512227e-06,1000361.2613846621,161.2613846621467,0.0,2.0,0.0,1.0
c103C5,4,5,phased,2,sweep,3.9000005926936865e-06,1009174.8856452996,162.39755033142472,881.2488094968134,2.0,0.0,1.0
c103C5,4,5,phased,2,nearest,1.1600001016631722e-05,1000377.2862654559,177.28626545587022,0.0,2.0,0.0,1.0
c103C5,4,5,phased,2,grasp,0.0005904999998165295,382.3975503314247,182.39755033142472,0.0,2.0,1.0,0.0
c103C5,4,5,phased,2,mp_eavns,0.00850219999847468,382.3975503314247,182.39755033142472,0.0,2.0,1.0,0.0
c103C5,4,5,all,2,edd,5.699999746866524e-06,1000361.2613846621,161.2613846621467,0.0,2.0,0.0,1.0
c103C5,4,5,all,2,sweep,5.500001861946657e-06,1009174.8856452996,162.39755033142472,881.2488094968134,2.0,0.0,1.0
c103C5,4,5,all,2,nearest,1.3800003216601908e-05,1000377.2862654559,177.28626545587022,0.0,2.0,0.0,1.0
c103C5,4,5,all,2,grasp,0.0005798999991384335,384.49780808583205,184.49780808583205,0.0,2.0,1.0,0.0
c103C5,4,5,all,2,mp_eavns,0.007373600001301384,382.3975503314247,182.39755033142472,0.0,2.0,1.0,0.0
c104_21,1,25,depot,1,edd,9.800001862458885e-06,6001660.226561495,760.2265614951863,0.0,9.0,0.0,6.0
c104_21,1,25,depot,1,sweep,6.999998731771484e-06,4001720.010014316,720.010014316152,0.0,10.0,0.0,4.0
c104_21,1,25,depot,1,nearest,7.360000017797574e-05,4001541.551671744,641.5516717440227,0.0,9.0,0.0,4.0
c104_21,1,25,depot,1,grasp,0.007619100000738399,4001686.9925254104,786.9925254102237,0.0,9.0,2.0,4.0
c104_21,1,25,depot,1,mp_eavns,0.3493618000029528,2001551.9576432186,651.9576432186856,0.0,9.0,0.0,2.0
c104_21,1,25,phased,6,edd,4.11000000895001e-05,2001667.912754689,767.9127546890853,0.0,9.0,4.0,2.0
c104_21,1,25,phased,6,sweep,1.7099999240599573e-05,1730.4239342046858,730.4239342046858,0.0,10.0,4.0,0.0
c104_21,1,25,phased,6,nearest,0.0001661000023887027,1551.6510822799346,651.6510822799347,0.0,9.0,4.0,0.0
c104_21,1,25,phased,6,grasp,0.022494600001664367,1590.1361800522513,690.1361800522515,0.0,9.0,6.0,0.0
c104_21,1,25,phased,6,mp_eavns,0.3704440000001341,1540.3868816723502,640.3868816723501,0.0,9.0,4.0,0.0
c104_21,1,25,all,21,edd,1.2800002878066152e-05,2001667.2178436297,767.2178436296855,0.0,9.0,4.0,2.0
c104_21,1,25,all,21,sweep,9.900002623908222e-06,1730.4239342046858,730.4239342046858,0.0,10.0,4.0,0.0
c104_21,1,25,all,21,nearest,8.5299998318078e-05,1550.9561712205348,650.9561712205348,0.0,9.0,4.0,0.0
c104_21,1,25,all,21,grasp,0.019521199999871897,1580.699124707137,680.6991247071369,0.0,9.0,4.0,0.0
c104_21,1,25,all,21,mp_eavns,0.3912042999982077,1539.6919706129502,639.6919706129503,0.0,9.0,4.0,0.0
c104_21,2,50,depot,1,edd,2.0200001017656177e-05,13004471.561984757,1846.4963439652254,52.50656407915221,21.0,1.0,13.0
c104_21,2,50,depot,1,sweep,1.3700002455152571e-05,12003855.48215813,1655.4821581307888,0.0,22.0,0.0,12.0
c104_21,2,50,depot,1,nearest,0.00029209999775048345,13003524.360745884,1624.3607458838594,0.0,19.0,1.0,13.0
c104_21,2,50,depot,1,grasp,0.0481456999987131,12003942.09927712,1572.0992771209835,47.0,19.0,0.0,12.0
c104_21,2,50,depot,1,mp_eavns,1.9275766000027943,8003338.813154471,1438.8131544706628,0.0,19.0,0.0,8.0
c104_21,2,50,phased,11,edd,2.4400000256719068e-05,2004299.6011534217,1864.46490435605,33.51362490655265,21.0,11.0,2.0
c104_21,2,50,phased,11,sweep,1.5099998563528061e-05,2003873.2745237912,1673.2745237911372,0.0,22.0,10.0,2.0
c104_21,2,50,phased,11,nearest,0.00021809999816468917,3501.57950600414,1601.57950600414,0.0,19.0,11.0,0.0
c104_21,2,50,phased,11,grasp,0.11797669999941718,3545.12452501908,1645.12452501908,0.0,19.0,12.0,0.0
c104_21,2,50,phased,11,mp_eavns,2.6748989000006986,3365.357345156275,1465.3573451562752,0.0,19.0,10.0,0.0
c104_21,2,50,all,21,edd,3.400000059627928e-05,2004299.6011534217,1864.46490435605,33.51362490655265,21.0,11.0,2.0
c104_21,2,50,all,21,sweep,2.809999932651408e-05,2003873.2745237912,1673.2745237911372,0.0,22.0,10.0,2.0
c104_21,2,50,all,21,nearest,0.0004112999995413702,3501.417464270835,1601.4174642708351,0.0,19.0,12.0,0.0
c104_21,2,50,all,21,grasp,0.1669173000009323,3647.2189417725035,1747.2189417725035,0.0,19.0,14.0,0.0
c104_21,2,50,all,21,mp_eavns,4.198547800002416,3383.408231081297,1483.408231081297,0.0,19.0,10.0,0.0
c104_21,3,75,depot,1,edd,6.880000000819564e-05,28007039.808886424,3667.878916092134,27.192997033302277,31.0,9.0,28.0
c104_21,3,75,depot,1,sweep,2.9499999072868377e-05,18005723.139927775,2423.1399277743835,0.0,33.0,0.0,18.0
c104_21,3,75,depot,1,nearest,0.0004659000005631242,18005664.03839356,2394.0383935596756,47.0,28.0,1.0,18.0
c104_21,3,75,depot,1,grasp,0.14753139999811538,17007256.369081605,2409.974534088761,204.63945475166446,28.0,2.0,17.0
c104_21,3,75,depot,1,mp_eavns,4.792020400000183,10004879.628555084,2079.628555083305,0.0,28.0,0.0,10.0
c104_21,3,75,phased,16,edd,4.039999839733355e-05,3007405.6924582296,3725.894522239897,57.97979359896772,31.0,32.0,3.0
c104_21,3,75,phased,16,sweep,2.179999864893034e-05,2006854.718959239,2474.5061614234687,108.02127978155625,33.0,15.0,2.0
c104_21,3,75,phased,16,nearest,0.00048690000039641745,5647.616876012759,2377.6168760127593,47.0,28.0,15.0,0.0
c104_21,3,75,phased,16,grasp,0.33182460000170977,5597.147865582929,2797.1478655829283,0.0,28.0,23.0,0.0
c104_21,3,75,phased,16,mp_eavns,10.10150590000194,4854.814528821308,2054.814528821308,0.0,28.0,12.0,0.0
c104_21,3,75,all,21,edd,3.1600000511389226e-05,3007389.8353266083,3710.0373906186023,57.97979359896772,31.0,33.0,3.0
c104_21,3,75,all,21,sweep,2.0699997548945248e-05,2006854.718959239,2474.5061614234687,108.02127978155625,33.0,15.0,2.0
c104_21,3,75,all,21,nearest,0.0004932999981974717,5647.454834279454,2377.454834279454,47.0,28.0,16.0,0.0
c104_21,3,75,all,21,grasp,0.34366249999948195,6578.718478802984,2734.665657779514,104.40528210234697,28.0,22.0,0.0
c104_21,3,75,all,21,mp_eavns,9.845270400001027,4856.12024590357,2056.120245903571,0.0,28.0,12.0,0.0
c104_21,4,100,depot,1,edd,3.569999898900278e-05,42008930.55024324,4458.620272914226,27.192997033302277,42.0,6.0,42.0
c104_21,4,100,depot,1,sweep,2.2399999579647556e-05,20009577.738150403,2996.1153738004314,228.16227766016846,43.0,0.0,20.0
c104_21,4,100,depot,1,nearest,0.0008175000002665911,22014300.206186816,3190.206186814827,741.0,37.0,2.0,22.0
c104_21,4,100,depot,1,grasp,0.27629309999974794,19022107.865063734,3229.522975107134,1517.8342088628672,37.0,3.0,19.0
c104_21,4,100,depot,1,mp_eavns,11.624901000002865,11006389.956524938,2689.9565249386546,0.0,37.0,1.0,11.0
c104_21,4,100,phased,21,edd,7.529999857069924e-05,13009628.771877648,4517.489689284551,91.1282188363848,42.0,32.0,13.0
c104_21,4,100,phased,21,sweep,4.310000076657161e-05,2010709.5422858237,3047.7067114064193,336.1835574417247,43.0,17.0,2.0
c104_21,4,100,phased,21,nearest,0.001130700002249796,2014278.4380877083,3168.438087708279,741.0,37.0,19.0,2.0
c104_21,4,100,phased,21,grasp,0.631964500000322,7421.837462112006,3251.837462112006,47.0,37.0,23.0,0.0
c104_21,4,100,phased,21,mp_eavns,19.81793530000141,6254.166135734486,2554.1661357344856,0.0,37.0,13.0,0.0
c104_21,4,100,all,21,edd,6.470000153058209e-05,13009628.771877648,4517.489689284551,91.1282188363848,42.0,32.0,13.0
c104_21,4,100,all,21,sweep,5.310000051395036e-05,2010709.5422858237,3047.7067114064193,336.1835574417247,43.0,17.0,2.0
c104_21,4,100,all,21,nearest,0.0009456000007048715,2014278.4380877083,3168.438087708279,741.0,37.0,19.0,2.0
c104_21,4,100,all,21,grasp,0.722256600001856,1010712.9604197101,3562.960419710128,335.0,38.0,28.0,1.0
c104_21,4,100,all,21,mp_eavns,18.702118700002757,6278.26002097687,2578.2600209768702,0.0,37.0,13.0,0.0
c104C10,1,3,depot,1,edd,5.900001269765198e-06,1000182.0866422043,82.08664220436576,0.0,1.0,0.0,1.0
c104C10,1,3,depot,1,sweep,2.5000008463393897e-06,1000182.0866422043,82.08664220436576,0.0,1.0,0.0,1.0
c104C10,1,3,depot,1,nearest,1.04000027931761e-05,1000182.0866422043,82.08664220436577,0.0,1.0,0.0,1.0
c104C10,1,3,depot,1,grasp,0.00019740000061574392,1000182.0866422043,82.08664220436577,0.0,1.0,0.0,1.0
c104C10,1,3,depot,1,mp_eavns,0.0048361000008299015,312.7987192651502,112.79871926515025,0.0,2.0,0.0,0.0
c104C10,1,3,phased,2,edd,4.599998646881431e-06,198.03696333362134,98.03696333362134,0.0,1.0,1.0,0.0
c104C10,1,3,phased,2,sweep,4.6000022848602384e-06,198.03696333362134,98.03696333362134,0.0,1.0,1.0,0.0
c104C10,1,3,phased,2,nearest,1.0200001270277426e-05,191.58605569531193,91.58605569531193,0.0,1.0,1.0,0.0
c104C10,1,3,phased,2,grasp,0.00022489999901154079,191.58605569531193,91.58605569531193,0.0,1.0,1.0,0.0
c104C10,1,3,phased,2,mp_eavns,0.0033261999997193925,191.58605569531193,91.58605569531193,0.0,1.0,1.0,0.0
c104C10,1,3,all,4,edd,4.5000015234109014e-06,198.03696333362134,98.03696333362134,0.0,1.0,1.0,0.0
c104C10,1,3,all,4,sweep,4.800000169780105e-06,198.03696333362134,98.03696333362134,0.0,1.0,1.0,0.0
c104C10,1,3,all,4,nearest,9.899998985929415e-06,191.58605569531193,91.58605569531193,0.0,1.0,1.0,0.0
c104C10,1,3,all,4,grasp,0.00022370000078808516,191.58605569531193,91.58605569531193,0.0,1.0,1.0,0.0
c104C10,1,3,all,4,mp_eavns,0.0034230999990541022,191.58605569531193,91.58605569531193,0.0,1.0,1.0,0.0
c104C10,2,5,depot,1,edd,5.100002454128116e-06,2000514.8684061968,214.86840619681237,0.0,3.0,0.0,2.0
c104C10,2,5,depot,1,sweep,3.4999975468963385e-06,1000360.7897963295,160.7897963293981,0.0,2.0,0.0,1.0
c104C10,2,5,depot,1,nearest,1.3799999578623101e-05,508.32863256952214,208.32863256952217,0.0,3.0,0.0,0.0
c104C10,2,5,depot,1,grasp,0.00032669999927747995,405.120105063628,205.120105063628,0.0,2.0,1.0,0.0
c104C10,2,5,depot,1,mp_eavns,0.009228000002622139,405.120105063628,205.120105063628,0.0,2.0,1.0,0.0
c104C10,2,5,phased,3,edd,6.800000846851617e-06,528.3365079639159,228.3365079639159,0.0,3.0,1.0,0.0
c104C10,2,5,phased,3,sweep,5.799996870337054e-06,376.7401174586537,176.74011745865369,0.0,2.0,1.0,0.0
c104C10,2,5,phased,3,nearest,1.4400000509340316e-05,508.32863256952214,208.32863256952217,0.0,3.0,0.0,0.0
c104C10,2,5,phased,3,grasp,0.0004748999999719672,370.2892098203443,170.2892098203443,0.0,2.0,1.0,0.0
c104C10,2,5,phased,3,mp_eavns,0.011622599999100203,370.28920982034424,170.28920982034427,0.0,2.0,1.0,0.0
c104C10,2,5,all,4,edd,6.70000008540228e-06,528.3365079639159,228.3365079639159,0.0,3.0,1.0,0.0
c104C10,2,5,all,4,sweep,6.099999154685065e-06,376.7401174586537,176.74011745865369,0.0,2.0,1.0,0.0
c104C10,2,5,all,4,nearest,1.590000101714395e-05,508.32863256952214,208.32863256952217,0.0,3.0,0.0,0.0
c104C10,2,5,all,4,grasp,0.000380000001314329,370.28920982034424,170.28920982034424,0.0,2.0,1.0,0.0
c104C10,2,5,all,4,mp_eavns,0.006629400002566399,370.28920982034424,170.28920982034427,0.0,2.0,1.0,0.0
c104C10,3,8,depot,1,edd,5.300000339047983e-06,2000851.4322806906,451.43228069075235,0.0,4.0,2.0,2.0
c104C10,3,8,depot,1,sweep,3.4000004234258085e-06,4000609.2502766587,309.250276658554,0.0,3.0,0.0,4.0
c104C10,3,8,depot,1,nearest,1.8700000509852543e-05,2000794.8817988979,394.8817988977929,0.0,4.0,1.0,2.0
c104C10,3,8,depot,1,grasp,0.0009669999999459833,1000736.3579584658,436.3579584658121,0.0,3.0,3.0,1.0
c104C10,3,8,depot,1,mp_eavns,0.028580800000781892,1000691.5517721795,391.5517721795192,0.0,3.0,2.0,1.0
c104C10,3,8,phased,4,edd,7.399998139590025e-06,851.5587992952928,451.5587992952928,0.0,4.0,4.0,0.0
c104C10,3,8,phased,4,sweep,6.300000677583739e-06,639.0451464116336,339.0451464116336,0.0,3.0,3.0,0.0
c104C10,3,8,phased,4,nearest,2.0600000425474718e-05,757.8823435661687,357.88234356616874,0.0,4.0,2.0,0.0
c104C10,3,8,phased,4,grasp,0.0009365000005345792,648.2071788946637,348.20717889466374,0.0,3.0,3.0,0.0
c104C10,3,8,phased,4,mp_eavns,0.022746400001778966,632.5942387733242,332.59423877332415,0.0,3.0,3.0,0.0
c104C10,3,8,all,4,edd,6.900001608300954e-06,851.5587992952928,451.5587992952928,0.0,4.0,4.0,0.0
c104C10,3,8,all,4,sweep,6.900001608300954e-06,639.0451464116336,339.0451464116336,0.0,3.0,3.0,0.0
c104C10,3,8,all,4,nearest,2.0600000425474718e-05,757.8823435661687,357.88234356616874,0.0,4.0,2.0,0.0
c104C10,3,8,all,4,grasp,0.0010951000003842637,641.0185736238998,341.0185736238997,0.0,3.0,3.0,0.0
c104C10,3,8,all,4,mp_eavns,0.02151919999960228,632.5942387733242,332.59423877332415,0.0,3.0,3.0,0.0
c104C10,4,10,depot,1,edd,9.499999578110874e-06,3001007.7456491827,507.74564918285233,0.0,5.0,2.0,3.0
c104C10,4,10,depot,1,sweep,6.199999916134402e-06,4000757.339307089,357.3393070889709,0.0,4.0,0.0,4.0
c104C10,4,10,depot,1,nearest,4.4699998397845775e-05,4000799.9112722515,399.91127225147903,0.0,4.0,0.0,4.0
c104C10,4,10,depot,1,grasp,0.0014069000026211143,1000834.1350771058,434.13507710583264,0.0,4.0,2.0,1.0
c104C10,4,10,depot,1,mp_eavns,0.04768289999992703,1000830.195762641,430.19576264102176,0.0,4.0,2.0,1.0
c104C10,4,10,phased,4,edd,8.600000001024455e-06,1005.6671002837246,505.6671002837246,0.0,5.0,4.0,0.0
c104C10,4,10,phased,4,sweep,7.299997378140688e-06,787.1341768420505,387.13417684205046,0.0,4.0,3.0,0.0
c104C10,4,10,phased,4,nearest,2.8500002372311428e-05,819.2806384362191,419.280638436219,0.0,4.0,3.0,0.0
c104C10,4,10,phased,4,grasp,0.0013667000021087006,770.9279902605081,370.92799026050807,0.0,4.0,2.0,0.0
c104C10,4,10,phased,4,mp_eavns,0.049257199996645795,769.0654060815,369.06540608150004,0.0,4.0,2.0,0.0
c104C10,4,10,all,4,edd,8.600000001024455e-06,1005.6671002837246,505.6671002837246,0.0,5.0,4.0,0.0
c104C10,4,10,all,4,sweep,7.700000423938036e-06,787.1341768420505,387.13417684205046,0.0,4.0,3.0,0.0
c104C10,4,10,all,4,nearest,2.680000034160912e-05,819.2806384362191,419.280638436219,0.0,4.0,3.0,0.0
c104C10,4,10,all,4,grasp,0.0015955999988364056,783.9172791734779,383.91727917347794,0.0,4.0,2.0,0.0
c104C10,4,10,all,4,mp_eavns,0.05009330000029877,777.6594494045466,377.6594494045466,0.0,4.0,2.0,0.0
c105_21,1,25,depot,1,edd,1.300000076298602e-05,8001864.550270774,864.5502707748367,0.0,10.0,0.0,8.0
c105_21,1,25,depot,1,sweep,8.700000762473792e-06,4008490.4629560187,720.010014316152,677.0452941702396,10.0,0.0,4.0
c105_21,1,25,depot,1,nearest,9.020000288728625e-05,6012361.747407167,725.2704977453757,1073.6476909422274,9.0,0.0,6.0
c105_21,1,25,depot,1,grasp,0.017595699999219505,4010752.896502428,650.7854769188866,920.211102550928,9.0,0.0,4.0
c105_21,1,25,depot,1,mp_eavns,0.2368300000016461,4001538.035353364,638.0353533639036,0.0,9.0,0.0,4.0
c105_21,1,25,phased,6,edd,1.2900000001536682e-05,1001893.5050076195,893.5050076195589,0.0,10.0,7.0,1.0
c105_21,1,25,phased,6,sweep,9.20000093174167e-06,8500.87687590708,730.4239342046858,677.0452941702396,10.0,4.0,0.0
c105_21,1,25,phased,6,nearest,7.809999806340784e-05,1014022.7916354275,735.5528740672638,1238.7238761360284,9.0,4.0,1.0
c105_21,1,25,phased,6,grasp,0.02464490000056685,3646.8768555446272,696.8768555446272,205.0,9.0,4.0,0.0
c105_21,1,25,phased,6,mp_eavns,0.2758659000028274,1528.6197984109763,628.6197984109763,0.0,9.0,3.0,0.0
c105_21,1,25,all,21,edd,1.2900000001536682e-05,1001892.8100965602,892.8100965601589,0.0,10.0,7.0,1.0
c105_21,1,25,all,21,sweep,1.4900000678608194e-05,8500.87687590708,730.4239342046858,677.0452941702396,10.0,4.0,0.0
c105_21,1,25,all,21,nearest,8.009999874047935e-05,1014022.7916354275,735.5528740672638,1238.7238761360284,9.0,4.0,1.0
c105_21,1,25,all,21,grasp,0.026478200001292862,4258.952907629504,700.6433886810515,265.83095189484527,9.0,4.0,0.0
c105_21,1,25,all,21,mp_eavns,0.4138286999987031,1527.9248873515762,627.9248873515763,0.0,9.0,3.0,0.0
c105_21,2,50,depot,1,edd,3.230000220355578e-05,27004849.477187935,2549.4771879364057,0.0,23.0,1.0,27.0
c105_21,2,50,depot,1,sweep,1.7800000932766125e-05,12022058.56695282,1655.4821581307888,1820.3084794690449,22.0,0.0,12.0
c105_21,2,50,depot,1,nearest,0.00024670000129844993,15030498.887353428,1662.4104440057565,2693.647690942227,19.0,0.0,15.0
c105_21,2,50,depot,1,grasp,0.09107270000095014,10033573.370343218,1559.1693137605973,3011.420102945725,19.0,1.0,10.0
c105_21,2,50,depot,1,mp_eavns,1.320020300001488,9003280.106372025,1380.1063720241568,0.0,19.0,0.0,9.0
c105_21,2,50,phased,11,edd,3.0499999411404133e-05,3005275.1304259095,2628.347268591982,34.678315731772045,23.0,22.0,3.0
c105_21,2,50,phased,11,sweep,1.550000160932541e-05,2022076.3593184815,1673.2745237911372,1820.3084794690449,22.0,10.0,2.0
c105_21,2,50,phased,11,nearest,0.00024299999859067611,1034603.6919518914,1680.825659352122,3102.286629253926,19.0,13.0,1.0
c105_21,2,50,phased,11,grasp,0.20010109999930137,23045.49098706078,1906.0482180175147,1923.9442769043267,19.0,16.0,0.0
c105_21,2,50,phased,11,mp_eavns,1.9864281000009214,3324.935060233173,1424.9350602331729,0.0,19.0,9.0,0.0
c105_21,2,50,all,21,edd,2.0399998902576044e-05,3005266.364917353,2619.5817600351206,34.678315731772045,23.0,22.0,3.0
c105_21,2,50,all,21,sweep,1.469999915570952e-05,2022076.3593184815,1673.2745237911372,1820.3084794690449,22.0,10.0,2.0
c105_21,2,50,all,21,nearest,0.00024090000079013407,1034621.5075633249,1680.739511031627,3104.076805229327,19.0,12.0,1.0
c105_21,2,50,all,21,grasp,0.21737020000000484,23896.171049444292,1752.731204564991,2024.34398448793,19.0,14.0,0.0
c105_21,2,50,all,21,mp_eavns,2.667071899999428,3324.2401491737733,1424.2401491737733,0.0,19.0,9.0,0.0
c105_21,3,75,depot,1,edd,2.9900002118665725e-05,36006978.45826862,3825.5475168177404,5.291075179936627,31.0,8.0,36.0
c105_21,3,75,depot,1,sweep,1.8700000509852543e-05,18054400.469957657,2423.1399277743835,4867.733002988129,33.0,0.0,18.0
c105_21,3,75,depot,1,nearest,0.0005218000005697832,20060536.902028978,2432.0880916815727,5530.481393729637,28.0,0.0,20.0
c105_21,3,75,depot,1,grasp,0.190652900000714,18070268.48572146,2602.0512957516007,6486.643442570957,28.0,3.0,18.0
c105_21,3,75,depot,1,mp_eavns,3.7638858999998774,12004841.799302505,2041.7993025045462,0.0,28.0,0.0,12.0
c105_21,3,75,phased,16,edd,4.8099998821271583e-05,7009199.468722221,3854.707411550186,224.47613106709042,31.0,30.0,7.0
c105_21,3,75,phased,16,sweep,2.4000000848900527e-05,2054862.0489891204,2474.5061614234687,4908.754282769685,33.0,15.0,2.0
c105_21,3,75,phased,16,nearest,0.0005414000006567221,1063528.0663497741,2456.8630293607416,5827.120332041335,28.0,17.0,1.0
c105_21,3,75,phased,16,grasp,0.5486885999998776,35070.95365909283,2754.1256715645172,2951.682798752832,28.0,19.0,0.0
c105_21,3,75,phased,16,mp_eavns,6.360561299999972,4868.461964829577,2068.4619648295766,0.0,28.0,12.0,0.0
c105_21,3,75,all,21,edd,3.4100001357728615e-05,7009198.7738111615,3854.0125004907864,224.47613106709042,31.0,30.0,7.0
c105_21,3,75,all,21,sweep,2.1299998479662463e-05,2054862.0489891204,2474.5061614234687,4908.754282769685,33.0,15.0,2.0
c105_21,3,75,all,21,nearest,0.0005173999998078216,1063545.8819612076,2456.7768810402467,5828.910508016736,28.0,16.0,1.0
c105_21,3,75,all,21,grasp,0.527853799998411,49417.575446232884,2723.1611283539755,4389.441431787891,28.0,20.0,0.0
c105_21,3,75,all,21,mp_eavns,9.045374000001175,4873.531229422537,2073.5312294225364,0.0,28.0,12.0,0.0
c105_21,4,100,depot,1,edd,3.49000001733657e-05,46008982.72194421,4782.721944209729,0.0,42.0,6.0,46.0
c105_21,4,100,depot,1,sweep,3.510000169626437e-05,20070271.251418393,2996.1153738004314,6297.513604459261,43.0,0.0,20.0
c105_21,4,100,depot,1,nearest,0.0008835000007820781,21072787.340577677,2985.57233027775,6610.176824740051,37.0,1.0,21.0
c105_21,4,100,depot,1,grasp,0.33016219999990426,21078967.841640938,3282.253734957004,7188.558790598025,38.0,4.0,21.0
c105_21,4,100,depot,1,mp_eavns,7.650734599999851,13006260.443145394,2540.4431453942107,2.0,37.0,0.0,13.0
c105_21,4,100,phased,21,edd,5.560000136028975e-05,12009215.211793311,4858.933549770148,15.62782435412555,42.0,30.0,12.0
c105_21,4,100,phased,21,sweep,2.930000118794851e-05,2070733.0555538146,3047.7067114064193,6338.5348842408175,43.0,17.0,2.0
c105_21,4,100,phased,21,nearest,0.0009540000028209761,3081349.005255578,3001.7568192614635,7464.724843631673,37.0,15.0,3.0
c105_21,4,100,phased,21,grasp,0.9893674000013561,1104435.719528483,3393.9940563323953,9724.17254721507,38.0,25.0,1.0
c105_21,4,100,phased,21,mp_eavns,14.6545698000009,6272.494108216033,2572.4941082160326,0.0,37.0,14.0,0.0
c105_21,4,100,all,21,edd,4.7100002120714635e-05,12009215.211793311,4858.933549770148,15.62782435412555,42.0,30.0,12.0
c105_21,4,100,all,21,sweep,2.7099998987978324e-05,2070733.0555538146,3047.7067114064193,6338.5348842408175,43.0,17.0,2.0
c105_21,4,100,all,21,nearest,0.0008389000031456817,3081349.005255578,3001.7568192614635,7464.724843631673,37.0,15.0,3.0
c105_21,4,100,all,21,grasp,1.0226752000016859,62890.18667547245,3166.546955157661,5602.363972031479,37.0,23.0,0.0
c105_21,4,100,all,21,mp_eavns,22.226038400000107,6313.110725242164,2613.110725242164,0.0,37.0,14.0,0.0
c106_21,1,25,depot,1,edd,1.7899998056236655e-05,9001915.439615224,915.4396152233151,0.0,10.0,1.0,9.0
c106_21,1,25,depot,1,sweep,1.2200001947348937e-05,4005839.293700056,720.010014316152,411.9283685739996,10.0,0.0,4.0
c106_21,1,25,depot,1,nearest,0.0001260999997612089,4018465.166574307,639.6281737158907,1692.5538400590717,9.0,0.0,4.0
c106_21,1,25,depot,1,grasp,0.023180699998192722,3021807.501166041,795.5553742873034,2011.1945791753662,9.0,2.0,3.0
c106_21,1,25,depot,1,mp_eavns,0.27543169999989914,4001530.643867413,630.6438674132127,0.0,9.0,0.0,4.0
c106_21,1,25,phased,6,edd,4.7100002120714635e-05,1921.2583821412954,921.2583821412954,0.0,10.0,8.0,0.0
c106_21,1,25,phased,6,sweep,2.040000254055485e-05,5849.707619944682,730.4239342046858,411.9283685739996,10.0,4.0,0.0
c106_21,1,25,phased,6,nearest,0.00013899999976274557,18475.26598484252,649.7275842518028,1692.5538400590717,9.0,4.0,0.0
c106_21,1,25,phased,6,grasp,0.029033099999651313,5052.6928789298945,734.5903821708279,341.8102496759067,9.0,4.0,0.0
c106_21,1,25,phased,6,mp_eavns,0.3733131000008143,1551.7817886389078,651.7817886389078,0.0,9.0,3.0,0.0
c106_21,1,25,all,21,edd,1.2000000424450263e-05,1921.2583821412954,921.2583821412954,0.0,10.0,8.0,0.0
c106_21,1,25,all,21,sweep,9.60000033956021e-06,5849.707619944682,730.4239342046858,411.9283685739996,10.0,4.0,0.0
c106_21,1,25,all,21,nearest,9.489999865763821e-05,18474.57107378312,649.0326731924029,1692.5538400590717,9.0,4.0,0.0
c106_21,1,25,all,21,grasp,0.03891470000235131,3314.565047934437,739.6140722547981,167.4950975679639,9.0,4.0,0.0
c106_21,1,25,all,21,mp_eavns,0.6626560000004247,1551.7817886389078,651.7817886389078,0.0,9.0,3.0,0.0
c106_21,2,50,depot,1,edd,3.090000245720148e-05,22004291.63767326,2180.8187229458963,1.0818950314099993,21.0,1.0,22.0
c106_21,2,50,depot,1,sweep,2.170000152545981e-05,12017417.397696858,1655.4821581307888,1356.1915538728044,22.0,0.0,12.0
c106_21,2,50,depot,1,nearest,0.0004078999991179444,13037669.737545768,1622.4372478557275,3414.7300297911925,19.0,1.0,13.0
c106_21,2,50,depot,1,grasp,0.09849629999735043,12027969.577243418,1773.0857624909681,2429.6491480927434,19.0,2.0,12.0
c106_21,2,50,depot,1,mp_eavns,1.743157799999608,9003278.46496847,1378.4649684713663,0.0,19.0,0.0,9.0
c106_21,2,50,phased,11,edd,2.260000110254623e-05,3004301.8400485115,2201.8400485116354,0.0,21.0,15.0,3.0
c106_21,2,50,phased,11,sweep,1.5199999324977398e-05,2017435.1900625192,1673.2745237911372,1356.1915538728044,22.0,10.0,2.0
c106_21,2,50,phased,11,nearest,0.00022170000011101365,40075.00001374042,1599.656007976008,3657.5344005764414,19.0,11.0,0.0
c106_21,2,50,phased,11,grasp,0.20601449999958277,17469.287070482693,1797.419220129394,1377.1867850353296,19.0,15.0,0.0
c106_21,2,50,phased,11,mp_eavns,2.7101255000015954,3342.404053929307,1442.4040539293069,0.0,19.0,9.0,0.0
c106_21,2,50,all,21,edd,2.1900003048358485e-05,3004301.8400485115,2201.8400485116354,0.0,21.0,15.0,3.0
c106_21,2,50,all,21,sweep,1.5100002201506868e-05,2017435.1900625192,1673.2745237911372,1356.1915538728044,22.0,10.0,2.0
c106_21,2,50,all,21,nearest,0.00022600000011152588,40051.86718674423,1599.4939662427032,3655.237322050152,19.0,12.0,0.0
c106_21,2,50,all,21,grasp,0.32873770000151126,16303.81122208151,1866.2373317897946,1253.7573890291715,19.0,14.0,0.0
c106_21,2,50,all,21,mp_eavns,3.825967099997797,3347.579959669383,1447.5799596693828,0.0,19.0,9.0,0.0
c106_21,3,75,depot,1,edd,2.7999998565064743e-05,36006640.897952676,3540.897952672428,0.0,31.0,3.0,36.0
c106_21,3,75,depot,1,sweep,1.720000000204891e-05,18042929.300701693,2423.1399277743835,3720.616077391888,33.0,0.0,18.0
c106_21,3,75,depot,1,nearest,0.00044809999963035807,18057151.5472278,2392.114895531544,5195.943233226789,28.0,1.0,18.0
c106_21,3,75,depot,1,grasp,0.23187890000190237,19051906.97142087,2456.6357012133176,4665.033571965627,28.0,1.0,19.0
c106_21,3,75,depot,1,mp_eavns,3.7216998000003514,11004814.006768657,2014.006768657055,0.0,28.0,0.0,11.0
c106_21,3,75,phased,16,edd,4.519999856711365e-05,6006651.944534764,3551.9445347638325,0.0,31.0,25.0,6.0
c106_21,3,75,phased,16,sweep,3.5499997466104105e-05,2042980.6669353424,2474.5061614234687,3720.616077391888,33.0,15.0,2.0
c106_21,3,75,phased,16,nearest,0.0004780999988724943,59563.16941810501,2375.6933779846277,5438.747604012038,28.0,15.0,0.0
c106_21,3,75,phased,16,grasp,0.585650799999712,29630.579617052786,2724.7199116849306,2410.5859705367857,28.0,21.0,0.0
c106_21,3,75,phased,16,mp_eavns,6.007028099997115,4882.162344648359,2082.1623446483586,0.0,28.0,13.0,0.0
c106_21,3,75,all,21,edd,3.060000017285347e-05,6006651.944534764,3551.9445347638325,0.0,31.0,25.0,6.0
c106_21,3,75,all,21,sweep,2.0299998141126707e-05,2042980.6669353424,2474.5061614234687,3720.616077391888,33.0,15.0,2.0
c106_21,3,75,all,21,nearest,0.0006038000028638635,59540.036591108816,2375.5313362513225,5436.450525485749,28.0,16.0,0.0
c106_21,3,75,all,21,grasp,0.8247560000017984,28967.500987809828,2648.370045596399,2351.913094221343,28.0,19.0,0.0
c106_21,3,75,all,21,mp_eavns,8.93267890000061,4873.475330967269,2073.4753309672683,0.0,28.0,12.0,0.0
c106_21,4,100,depot,1,edd,3.909999941242859e-05,43009423.9141188,4641.098129044748,68.2815989748633,41.0,7.0,43.0
c106_21,4,100,depot,1,sweep,2.4599998141638935e-05,20054366.836609226,2996.1153738004314,4707.072123542684,43.0,0.0,20.0
c106_21,4,100,depot,1,nearest,0.0009122000010393094,22070179.597897936,3189.64973368467,6328.994816425028,37.0,3.0,22.0
c106_21,4,100,depot,1,grasp,0.3850224999987404,22063406.696990386,3395.9748573749407,5631.072213301021,37.0,5.0,22.0
c106_21,4,100,depot,1,mp_eavns,10.734178700000484,12006323.42563138,2623.425631378822,0.0,37.0,1.0,12.0
c106_21,4,100,phased,21,edd,6.460000076913275e-05,15009514.336846318,4655.8804661777285,75.84563801399224,41.0,31.0,15.0
c106_21,4,100,phased,21,sweep,2.89999989036005e-05,2054418.4279468332,3047.7067114064193,4707.072123542684,43.0,17.0,2.0
c106_21,4,100,phased,21,nearest,0.0008884999988367781,1074475.318170563,3126.3537140245503,6764.896445653863,37.0,21.0,1.0
c106_21,4,100,phased,21,grasp,1.2735978000018804,1045927.7293518372,3483.1386981072965,3874.4590653729906,37.0,27.0,1.0
c106_21,4,100,phased,21,mp_eavns,15.36188779999793,6285.557429823065,2585.557429823065,0.0,37.0,14.0,0.0
c106_21,4,100,all,21,edd,4.079999780515209e-05,15009514.336846318,4655.8804661777285,75.84563801399224,41.0,31.0,15.0
c106_21,4,100,all,21,sweep,2.5700002879602835e-05,2054418.4279468332,3047.7067114064193,4707.072123542684,43.0,17.0,2.0
c106_21,4,100,all,21,nearest,0.0008264999996754341,1074475.318170563,3126.3537140245503,6764.896445653863,37.0,21.0,1.0
c106_21,4,100,all,21,grasp,1.1730511999994633,1041318.5946298771,3458.0094090270695,3416.058522085005,37.0,26.0,1.0
c106_21,4,100,all,21,mp_eavns,19.718248799999856,6332.6074384766525,2632.6074384766525,0.0,37.0,14.0,0.0
c106C15,1,4,depot,1,edd,7.099999493220821e-06,160.61172704040348,60.611727040403494,0.0,1.0,0.0,0.0
c106C15,1,4,depot,1,sweep,2.9999973776284605e-06,6102.0330832777145,60.611727040403494,594.1421356237311,1.0,0.0,0.0
c106C15,1,4,depot,1,nearest,1.2099997547920793e-05,4197.02775637732,57.027756377319946,404.0,1.0,0.0,0.0
c106C15,1,4,depot,1,grasp,0.0005596000009973068,153.63948341772345,53.63948341772344,0.0,1.0,0.0,0.0
c106C15,1,4,depot,1,mp_eavns,0.00798650000069756,153.63948341772345,53.63948341772344,0.0,1.0,0.0,0.0
c106C15,1,4,phased,2,edd,1.6000001778593287e-05,160.61172704040348,60.611727040403494,0.0,1.0,0.0,0.0
c106C15,1,4,phased,2,sweep,5.899997631786391e-06,6102.0330832777145,60.611727040403494,594.1421356237311,1.0,0.0,0.0
c106C15,1,4,phased,2,nearest,1.5499997971346602e-05,4197.02775637732,57.027756377319946,404.0,1.0,0.0,0.0
c106C15,1,4,phased,2,grasp,0.0006140000004961621,153.63948341772345,53.63948341772344,0.0,1.0,0.0,0.0
c106C15,1,4,phased,2,mp_eavns,0.008097499998257263,153.63948341772345,53.63948341772344,0.0,1.0,0.0,0.0
c106C15,1,4,all,3,edd,7.700000423938036e-06,160.61172704040348,60.611727040403494,0.0,1.0,0.0,0.0
c106C15,1,4,all,3,sweep,5.49999822396785e-06,6102.0330832777145,60.611727040403494,594.1421356237311,1.0,0.0,0.0
c106C15,1,4,all,3,nearest,1.8700000509852543e-05,4197.02775637732,57.027756377319946,404.0,1.0,0.0,0.0
c106C15,1,4,all,3,grasp,0.0009773999991011806,153.63948341772345,53.63948341772344,0.0,1.0,0.0,0.0
c106C15,1,4,all,3,mp_eavns,0.009966699999495177,153.63948341772345,53.63948341772344,0.0,1.0,0.0,0.0
c106C15,2,8,depot,1,edd,9.899998985929415e-06,4000441.1696543884,241.16965438848226,0.0,2.0,0.0,4.0
c106C15,2,8,depot,1,sweep,6.299997039604932e-06,1011322.7474728808,190.6154385248052,1093.2132034355966,2.0,0.0,1.0
c106C15,2,8,depot,1,nearest,2.8800001018680632e-05,1021864.6904517752,212.6897965204642,2145.2000655254697,2.0,1.0,1.0
c106C15,2,8,depot,1,grasp,0.002498800000466872,1005164.1560977533,194.15609775334323,477.0,2.0,0.0,1.0
c106C15,2,8,depot,1,mp_eavns,0.038265799998043803,1000383.38065311,183.38065310995202,0.0,2.0,0.0,1.0
c106C15,2,8,phased,2,edd,7.299997378140688e-06,4000441.1696543884,241.16965438848226,0.0,2.0,0.0,4.0
c106C15,2,8,phased,2,sweep,6.099999154685065e-06,1011322.7474728808,190.6154385248052,1093.2132034355966,2.0,0.0,1.0
c106C15,2,8,phased,2,nearest,2.0399998902576044e-05,1021729.0288198488,201.78052728462922,2132.724829256419,2.0,1.0,1.0
c106C15,2,8,phased,2,grasp,0.002273599999170983,1002410.6154385248,190.6154385248052,202.0,2.0,0.0,1.0
c106C15,2,8,phased,2,mp_eavns,0.04006399999707355,1000383.38065311,183.38065310995202,0.0,2.0,0.0,1.0
c106C15,2,8,all,3,edd,7.800001185387373e-06,2000442.0545991247,242.05459912477698,0.0,2.0,1.0,2.0
c106C15,2,8,all,3,sweep,8.200000593205914e-06,11326.600836701271,194.46880234530533,1093.2132034355966,2.0,1.0,0.0
c106C15,2,8,all,3,nearest,2.359999780310318e-05,21781.923155214772,201.48367865133815,2138.0439476563433,2.0,1.0,0.0
c106C15,2,8,all,3,grasp,0.0026275000018358696,759.7633797576788,213.28468373795485,34.64786960197239,2.0,1.0,0.0
c106C15,2,8,all,3,mp_eavns,0.03253559999939171,376.616104269637,176.616104269637,0.0,2.0,1.0,0.0
c106C15,3,12,depot,1,edd,7.499998901039362e-06,7000729.177256913,429.17725691258255,0.0,3.0,0.0,7.0
c106C15,3,12,depot,1,sweep,4.0000013541430235e-06,1018516.1384279956,267.9508808850586,1794.8187547110606,3.0,0.0,1.0
c106C15,3,12,depot,1,nearest,3.149999974993989e-05,4027508.933101125,285.5541095096877,2692.337899161539,3.0,0.0,4.0
c106C15,3,12,depot,1,grasp,0.004862699999648612,1004784.6372479284,363.9915239433841,412.0645723985043,3.0,2.0,1.0
c106C15,3,12,depot,1,mp_eavns,0.06417789999977686,1000560.6118251532,260.6118251531788,0.0,3.0,0.0,1.0
c106C15,3,12,phased,3,edd,8.200000593205914e-06,7000729.177256913,429.17725691258255,0.0,3.0,0.0,7.0
c106C15,3,12,phased,3,sweep,7.700000423938036e-06,18519.991791816166,271.80424470555874,1794.8187547110606,3.0,1.0,0.0
c106C15,3,12,phased,3,nearest,2.809999932651408e-05,3027512.7864649454,289.4074733301878,2692.337899161539,3.0,1.0,3.0
c106C15,3,12,phased,3,grasp,0.005811899998661829,5380.292349187644,376.4407011162982,470.3851648071345,3.0,3.0,0.0
c106C15,3,12,phased,3,mp_eavns,0.06373580000217771,553.8472763128639,253.8472763128638,0.0,3.0,1.0,0.0
c106C15,3,12,all,3,edd,8.39999847812578e-06,7000729.177256913,429.17725691258255,0.0,3.0,0.0,7.0
c106C15,3,12,all,3,sweep,7.299997378140688e-06,18519.991791816166,271.80424470555874,1794.8187547110606,3.0,1.0,0.0
c106C15,3,12,all,3,nearest,3.3399999665562063e-05,3027512.7864649454,289.4074733301878,2692.337899161539,3.0,1.0,3.0
c106C15,3,12,all,3,grasp,0.006651800002146047,3156.599047353282,316.599047353282,254.0,3.0,2.0,0.0
c106C15,3,12,all,3,mp_eavns,0.07499989999996615,553.8472763128639,253.8472763128638,0.0,3.0,1.0,0.0
c106C15,4,15,depot,1,edd,8.600000001024455e-06,5000949.472162538,549.4721625380341,0.0,4.0,2.0,5.0
c106C15,4,15,depot,1,sweep,5.599998985417187e-06,1029778.365117602,328.7614910443009,2904.960362655781,4.0,0.0,1.0
c106C15,4,15,depot,1,nearest,4.1700001020217314e-05,1017034.9413682375,351.9707828296867,1628.2970585407784,4.0,1.0,1.0
c106C15,4,15,depot,1,grasp,0.011239899999054614,1010911.8162470723,472.30165076990426,1003.951459630243,4.0,2.0,1.0
c106C15,4,15,depot,1,mp_eavns,0.13320999999996275,1000721.4224353124,321.4224353124211,0.0,4.0,0.0,1.0
c106C15,4,15,phased,3,edd,8.600000001024455e-06,1000952.5070037133,552.5070037132768,0.0,4.0,4.0,1.0
c106C15,4,15,phased,3,sweep,7.700000423938036e-06,29782.21848142261,332.61485486480103,2904.960362655781,4.0,1.0,0.0
c106C15,4,15,phased,3,nearest,3.840000135824084e-05,17038.79473205797,355.8241466501868,1628.2970585407784,4.0,2.0,0.0
c106C15,4,15,phased,3,grasp,0.013334700000996236,1393.8072456994123,480.36918382078636,51.34380618786258,4.0,3.0,0.0
c106C15,4,15,phased,3,mp_eavns,0.15906019999965793,714.6578864721062,314.6578864721061,0.0,4.0,1.0,0.0
c106C15,4,15,all,3,edd,1.2200001947348937e-05,1000952.5070037133,552.5070037132768,0.0,4.0,4.0,1.0
c106C15,4,15,all,3,sweep,9.100000170292333e-06,29782.21848142261,332.61485486480103,2904.960362655781,4.0,1.0,0.0
c106C15,4,15,all,3,nearest,4.439999975147657e-05,17038.79473205797,355.8241466501868,1628.2970585407784,4.0,2.0,0.0
c106C15,4,15,all,3,grasp,0.016708300001482712,1533.691466081106,478.89698331309825,65.47944827680078,4.0,4.0,0.0
c106C15,4,15,all,3,mp_eavns,0.16540990000066813,714.6578864721062,314.6578864721061,0.0,4.0,1.0,0.0
c107_21,1,25,depot,1,edd,1.2000000424450263e-05,8001904.93646505,904.9364650496559,0.0,10.0,0.0,8.0
c107_21,1,25,depot,1,sweep,8.200000593205914e-06,4004759.293700056,720.010014316152,303.9283685739996,10.0,0.0,4.0
c107_21,1,25,depot,1,nearest,8.420000085607171e-05,4016785.166574307,639.6281737158907,1524.5538400590717,9.0,0.0,4.0
c107_21,1,25,depot,1,grasp,0.015123200002562953,4009672.4901017034,895.3064064952505,777.7183695208158,10.0,2.0,4.0
c107_21,1,25,depot,1,mp_eavns,0.21533239999916987,4001538.035353364,638.0353533639036,0.0,9.0,0.0,4.0
c107_21,1,25,phased,6,edd,1.3699998817173764e-05,4001917.4723825725,917.4723825726026,0.0,10.0,4.0,4.0
c107_21,1,25,phased,6,sweep,1.0600000678095967e-05,4769.707619944682,730.4239342046858,303.9283685739996,10.0,4.0,0.0
c107_21,1,25,phased,6,nearest,8.499999967170879e-05,16795.26598484252,649.7275842518028,1524.5538400590717,9.0,4.0,0.0
c107_21,1,25,phased,6,grasp,0.02521799999885843,1955.3171041713188,713.1559371515209,34.216116701979786,9.0,5.0,0.0
c107_21,1,25,phased,6,mp_eavns,0.3093929000024218,1524.0410418704746,624.0410418704747,0.0,9.0,3.0,0.0
c107_21,1,25,all,21,edd,1.2699998478638008e-05,4001917.4723825725,917.4723825726026,0.0,10.0,4.0,4.0
c107_21,1,25,all,21,sweep,9.899998985929415e-06,4769.707619944682,730.4239342046858,303.9283685739996,10.0,4.0,0.0
c107_21,1,25,all,21,nearest,8.329999764100648e-05,16794.57107378312,649.0326731924029,1524.5538400590717,9.0,4.0,0.0
c107_21,1,25,all,21,grasp,0.036888399998133536,6171.906867329393,740.7759645200292,453.1130902809364,9.0,5.0,0.0
c107_21,1,25,all,21,mp_eavns,0.6220398000004934,1561.1373501142598,661.1373501142599,0.0,9.0,4.0,0.0
c107_21,2,50,depot,1,edd,2.0600000425474718e-05,27004627.09445162,2427.0944516214417,0.0,22.0,1.0,27.0
c107_21,2,50,depot,1,sweep,1.300000076298602e-05,12015809.08817791,1655.4821581307888,1195.360601977959,22.0,0.0,12.0
c107_21,2,50,depot,1,nearest,0.00024500000290572643,13038979.737545768,1622.4372478557275,3545.7300297911925,19.0,1.0,13.0
c107_21,2,50,depot,1,grasp,0.08439849999922444,11028202.401445376,1792.6436992351557,2450.9757746140895,19.0,3.0,11.0
c107_21,2,50,depot,1,mp_eavns,1.4302453999989666,8003367.587041201,1467.5870412007062,0.0,19.0,1.0,8.0
c107_21,2,50,phased,11,edd,2.049999966402538e-05,3004677.830029985,2477.8300299847406,0.0,22.0,20.0,3.0
c107_21,2,50,phased,11,sweep,1.4199998986441642e-05,2015826.8805435707,1673.2745237911372,1195.360601977959,22.0,10.0,2.0
c107_21,2,50,phased,11,nearest,0.0002356000004510861,41835.00001374042,1599.656007976008,3833.5344005764414,19.0,11.0,0.0
c107_21,2,50,phased,11,grasp,0.18331229999967036,16392.568849188574,1989.5522190306294,1250.3016630157947,19.0,19.0,0.0
c107_21,2,50,phased,11,mp_eavns,2.595853000002535,3309.5455870080477,1409.5455870080477,0.0,19.0,9.0,0.0
c107_21,2,50,all,21,edd,2.2199998056748882e-05,4004677.305840353,2477.3058403529303,0.0,22.0,19.0,4.0
c107_21,2,50,all,21,sweep,1.5699999494245276e-05,2015826.8805435707,1673.2745237911372,1195.360601977959,22.0,10.0,2.0
c107_21,2,50,all,21,nearest,0.0002445999998599291,41811.86718674423,1599.4939662427032,3831.237322050152,19.0,12.0,0.0
c107_21,2,50,all,21,grasp,0.20836919999783277,13707.068039844682,1687.8286572888255,1011.9239382555855,19.0,14.0,0.0
c107_21,2,50,all,21,mp_eavns,3.3884222000015143,3381.6549936866404,1481.6549936866406,0.0,19.0,10.0,0.0
c107_21,3,75,depot,1,edd,2.8200000087963417e-05,38006588.14096488,3588.140964878289,0.0,30.0,6.0,38.0
c107_21,3,75,depot,1,sweep,1.720000000204891e-05,18043470.991182745,2423.1399277743835,3774.785125497043,33.0,0.0,18.0
c107_21,3,75,depot,1,nearest,0.0004544000003079418,18066941.5472278,2392.114895531544,6174.94323322679,28.0,1.0,18.0
c107_21,3,75,depot,1,grasp,0.165086799999699,17050646.726068072,2551.67818368412,4529.50478843888,28.0,3.0,17.0
c107_21,3,75,depot,1,mp_eavns,3.2367345000020578,10004943.872123474,2143.8721234735494,0.0,28.0,1.0,10.0
c107_21,3,75,phased,16,edd,3.769999966607429e-05,7006628.861796524,3628.8617965245726,0.0,30.0,29.0,7.0
c107_21,3,75,phased,16,sweep,2.1299998479662463e-05,2043522.357416394,2474.5061614234687,3774.785125497043,33.0,15.0,2.0
c107_21,3,75,phased,16,nearest,0.0004814000021724496,69083.16941810501,2375.6933779846277,6390.747604012039,28.0,15.0,0.0
c107_21,3,75,phased,16,grasp,0.4425506999978097,39829.526036321404,2652.831106286418,3437.6694930034987,28.0,21.0,0.0
c107_21,3,75,phased,16,mp_eavns,6.9635701999977755,4849.787617207319,2049.7876172073197,0.0,28.0,12.0,0.0
c107_21,3,75,all,21,edd,3.179999839630909e-05,8006628.337606893,3628.3376068927623,0.0,30.0,28.0,8.0
c107_21,3,75,all,21,sweep,2.1200001356191933e-05,2043522.357416394,2474.5061614234687,3774.785125497043,33.0,15.0,2.0
c107_21,3,75,all,21,nearest,0.00048550000065006316,69060.03659110882,2375.5313362513225,6388.4505254857495,28.0,16.0,0.0
c107_21,3,75,all,21,grasp,0.4908203999984835,23106.7660167664,3030.5207951279403,1717.624522163846,29.0,25.0,0.0
c107_21,3,75,all,21,mp_eavns,9.381656399997155,4931.4996175177985,2131.499617517799,0.0,28.0,13.0,0.0
c107_21,4,100,depot,1,edd,3.780000042752363e-05,42008989.697838716,4837.363751013946,5.233408770431538,41.0,10.0,42.0
c107_21,4,100,depot,1,sweep,2.4100001610349864e-05,20055890.14986688,2996.1153738004314,4859.403449308007,43.0,0.0,20.0
c107_21,4,100,depot,1,nearest,0.0009026000006997492,22080099.08026686,3195.0381345988985,7320.404213225914,37.0,3.0,22.0
c107_21,4,100,depot,1,grasp,0.3125696999995853,20042499.89770589,3336.192362775488,3536.370534311485,38.0,5.0,20.0
c107_21,4,100,depot,1,mp_eavns,3.989691799997672,11006467.141277654,2767.1412776541574,0.0,37.0,3.0,11.0
c107_21,4,100,phased,21,edd,6.079999729990959e-05,11009136.267914072,4847.359621012219,18.890829305895068,41.0,35.0,11.0
c107_21,4,100,phased,21,sweep,2.9200000426499173e-05,2055941.7412044865,3047.7067114064193,4859.403449308007,43.0,17.0,2.0
c107_21,4,100,phased,21,nearest,0.000845300000946736,1083770.5757714026,3131.742114938778,7693.883365646383,37.0,21.0,1.0
c107_21,4,100,phased,21,grasp,1.005572399997618,50425.592430746656,3325.78228086794,4329.981014987871,38.0,26.0,0.0
c107_21,4,100,phased,21,mp_eavns,15.893950499998027,6239.466377195917,2539.466377195917,0.0,37.0,15.0,0.0
c107_21,4,100,all,21,edd,4.86999997519888e-05,11009136.267914072,4847.359621012219,18.890829305895068,41.0,35.0,11.0
c107_21,4,100,all,21,sweep,2.7899997803615406e-05,2055941.7412044865,3047.7067114064193,4859.403449308007,43.0,17.0,2.0
c107_21,4,100,all,21,nearest,0.0008895999999367632,1083770.5757714026,3131.742114938778,7693.883365646383,37.0,21.0,1.0
c107_21,4,100,all,21,grasp,0.9184748999978183,1073034.310350337,3258.6279034411914,6607.568244689595,37.0,20.0,1.0
c107_21,4,100,all,21,mp_eavns,16.818889899997885,6397.8589221128495,2697.858922112849,0.0,37.0,15.0,0.0
c108_21,1,25,depot,1,edd,1.1800002539530396e-05,7001891.592679382,891.5926793821809,0.0,10.0,1.0,7.0
c108_21,1,25,depot,1,sweep,6.899997970322147e-06,4002624.572340506,720.010014316152,90.45623261900005,10.0,0.0,4.0
c108_21,1,25,depot,1,nearest,7.15000023774337e-05,6006392.0107475575,725.2704977453757,476.67402498121714,9.0,0.0,6.0
c108_21,1,25,depot,1,grasp,0.013034500003413996,4003930.113796326,686.1939939236543,234.3919802402022,9.0,0.0,4.0
c108_21,1,25,depot,1,mp_eavns,0.22450910000043223,4001532.8635257743,632.8635257744153,0.0,9.0,0.0,4.0
c108_21,1,25,phased,6,edd,3.0199997127056122e-05,1001893.6357640786,893.6357640785416,0.0,10.0,7.0,1.0
c108_21,1,25,phased,6,sweep,1.2399999832268804e-05,2634.9862603946863,730.4239342046858,90.45623261900005,10.0,4.0,0.0
c108_21,1,25,phased,6,nearest,8.429999797954224e-05,1006523.0549758174,735.5528740672638,488.7502101750181,9.0,4.0,1.0
c108_21,1,25,phased,6,grasp,0.020326800000475487,1653.9439805813865,753.9439805813865,0.0,9.0,5.0,0.0
c108_21,1,25,phased,6,mp_eavns,0.24806790000002366,1526.416577814046,626.4165778140459,0.0,9.0,3.0,0.0
c108_21,1,25,all,21,edd,1.219999830937013e-05,1001893.6357640786,893.6357640785416,0.0,10.0,7.0,1.0
c108_21,1,25,all,21,sweep,9.400002454640344e-06,2634.9862603946863,730.4239342046858,90.45623261900005,10.0,4.0,0.0
c108_21,1,25,all,21,nearest,8.129999696393497e-05,1006523.0549758174,735.5528740672638,488.7502101750181,9.0,4.0,1.0
c108_21,1,25,all,21,grasp,0.031459299996640766,4231.183476883722,706.9471889701442,262.4236287913577,9.0,4.0,0.0
c108_21,1,25,all,21,mp_eavns,0.327703200000542,1525.7216667546459,625.721666754646,0.0,9.0,3.0,0.0
c108_21,2,50,depot,1,edd,2.000000313273631e-05,24004518.835902434,2318.8359024322895,0.0,22.0,2.0,24.0
c108_21,2,50,depot,1,sweep,1.309999788645655e-05,12011680.51517029,1655.4821581307888,782.5033012158251,22.0,0.0,12.0
c108_21,2,50,depot,1,nearest,0.0002413000001979526,15018579.150693817,1662.4104440057565,1501.674024981217,19.0,0.0,15.0
c108_21,2,50,depot,1,grasp,0.06901749999815365,11022131.83195595,1526.8885605025669,1870.4943395447785,19.0,0.0,11.0
c108_21,2,50,depot,1,mp_eavns,1.0352267999987816,9003277.113094972,1377.1130949718533,0.0,19.0,0.0,9.0
c108_21,2,50,phased,11,edd,1.8300001102034003e-05,3004526.4683918976,2326.468391897623,0.0,22.0,18.0,3.0
c108_21,2,50,phased,11,sweep,1.3600001693703234e-05,2011698.3075359494,1673.2745237911372,782.5033012158251,22.0,10.0,2.0
c108_21,2,50,phased,11,nearest,0.00022170000011101365,1018923.9552922812,1680.825659352122,1534.3129632929158,19.0,13.0,1.0
c108_21,2,50,phased,11,grasp,0.15766739999889978,10489.324409549909,1960.8264903919503,662.8497919157958,19.0,17.0,0.0
c108_21,2,50,phased,11,mp_eavns,1.8122034999978496,3323.854753907765,1423.854753907765,0.0,19.0,9.0,0.0
c108_21,2,50,all,21,edd,2.2499996703118086e-05,3004526.4683918976,2326.468391897623,0.0,22.0,18.0,3.0
c108_21,2,50,all,21,sweep,1.6699999832781032e-05,2011698.3075359494,1673.2745237911372,782.5033012158251,22.0,10.0,2.0
c108_21,2,50,all,21,nearest,0.00025040000036824495,1018941.7709037148,1680.739511031627,1536.1031392683167,19.0,12.0,1.0
c108_21,2,50,all,21,grasp,0.19558250000045518,14555.235312213656,1726.0318786213318,1092.9203433592324,19.0,13.0,0.0
c108_21,2,50,all,21,mp_eavns,2.706487499999639,3323.159842848365,1423.1598428483649,0.0,19.0,9.0,0.0
c108_21,3,75,depot,1,edd,2.760000279522501e-05,39007064.117742494,3864.117742491364,0.0,32.0,7.0,39.0
c108_21,3,75,depot,1,sweep,1.680000059423037e-05,18031261.707497004,2423.1399277743835,2553.8567569230436,33.0,0.0,18.0
c108_21,3,75,depot,1,nearest,0.00045619999946211465,20037550.96037585,2432.0880916815727,3231.887228416814,28.0,0.0,20.0
c108_21,3,75,depot,1,grasp,0.15837280000050669,18031639.586064678,2678.263160999967,2616.1322903678624,28.0,3.0,18.0
c108_21,3,75,depot,1,mp_eavns,3.764176700002281,12004814.021757944,2014.021757943441,0.0,28.0,0.0,12.0
c108_21,3,75,phased,16,edd,3.429999924264848e-05,5007073.445168308,3873.4451683082234,0.0,32.0,32.0,5.0
c108_21,3,75,phased,16,sweep,2.2399999579647556e-05,2031313.0737306539,2474.5061614234687,2553.8567569230436,33.0,15.0,2.0
c108_21,3,75,phased,16,nearest,0.0005364999997254927,1037902.1246966459,2456.8630293607416,3264.526166728513,28.0,17.0,1.0
c108_21,3,75,phased,16,grasp,0.42428470000231755,21387.42966565474,2583.053175636806,1600.4376490017935,28.0,19.0,0.0
c108_21,3,75,phased,16,mp_eavns,6.936670099999901,4829.480055632073,2029.4800556320738,0.0,28.0,12.0,0.0
c108_21,3,75,all,21,edd,3.300000025774352e-05,5007073.445168308,3873.4451683082234,0.0,32.0,32.0,5.0
c108_21,3,75,all,21,sweep,2.170000152545981e-05,2031313.0737306539,2474.5061614234687,2553.8567569230436,33.0,15.0,2.0
c108_21,3,75,all,21,nearest,0.0005074000000604428,1037919.9403080794,2456.7768810402467,3266.316342703914,28.0,16.0,1.0
c108_21,3,75,all,21,grasp,0.46198530000037863,28567.268433740428,2494.974947145528,2327.22934865949,28.0,19.0,0.0
c108_21,3,75,all,21,mp_eavns,8.604183200000989,4828.785144572674,2028.7851445726737,0.0,28.0,12.0,0.0
c108_21,4,100,depot,1,edd,3.730000025825575e-05,47009042.72010135,4942.720101345989,0.0,41.0,8.0,47.0
c108_21,4,100,depot,1,sweep,2.4900000425986946e-05,20039599.243404537,2996.1153738004314,3230.312803073839,43.0,0.0,20.0
c108_21,4,100,depot,1,nearest,0.0009224999994330574,21046534.348659966,2953.526591844606,3988.0822068121156,37.0,1.0,21.0
c108_21,4,100,depot,1,grasp,0.36646029999974417,22030167.065718386,3268.868798478295,2319.819691990783,37.0,3.0,22.0
c108_21,4,100,depot,1,mp_eavns,6.62888010000097,13006220.364956796,2520.364956796503,0.0,37.0,0.0,13.0
c108_21,4,100,phased,21,edd,5.230000169831328e-05,15009067.051168526,4967.0511685256,0.0,41.0,32.0,15.0
c108_21,4,100,phased,21,sweep,3.0499999411404133e-05,2039650.834742145,3047.7067114064193,3230.312803073839,43.0,17.0,2.0
c108_21,4,100,phased,21,nearest,0.0009514999983366579,2051825.0616009033,2939.9449937621202,4518.511660714121,37.0,15.0,2.0
c108_21,4,100,phased,21,grasp,1.0079286000000138,32541.98748196688,3216.380518081791,2552.560696388509,38.0,22.0,0.0
c108_21,4,100,phased,21,mp_eavns,19.89129050000338,6243.000010728323,2543.0000107283226,0.0,37.0,13.0,0.0
c108_21,4,100,all,21,edd,4.289999924367294e-05,15009067.051168526,4967.0511685256,0.0,41.0,32.0,15.0
c108_21,4,100,all,21,sweep,3.090000245720148e-05,2039650.834742145,3047.7067114064193,3230.312803073839,43.0,17.0,2.0
c108_21,4,100,all,21,nearest,0.0008605000002717134,2051825.0616009033,2939.9449937621202,4518.511660714121,37.0,15.0,2.0
c108_21,4,100,all,21,grasp,1.0193637999982457,49891.36132976198,3179.2181777644505,4301.214315199753,37.0,22.0,0.0
c108_21,4,100,all,21,mp_eavns,16.943253999997978,6240.16059217867,2540.160592178671,0.0,37.0,13.0,0.0
c109_21,1,25,depot,1,edd,1.3599998055724427e-05,10001932.632725311,932.6327253119521,0.0,10.0,0.0,10.0
c109_21,1,25,depot,1,sweep,7.90000194683671e-06,4001720.010014316,720.010014316152,0.0,10.0,0.0,4.0
c109_21,1,25,depot,1,nearest,7.929999992484227e-05,6004171.498263762,725.2704977453757,254.62277660168388,9.0,0.0,6.0
c109_21,1,25,depot,1,grasp,0.011773600002925377,3002261.2353290194,745.1798162646334,61.605551275463995,9.0,1.0,3.0
c109_21,1,25,depot,1,mp_eavns,0.19455920000109472,4001531.9996224996,631.9996224996786,0.0,9.0,0.0,4.0
c109_21,1,25,phased,6,edd,1.2700002116616815e-05,4001945.2371237916,945.2371237915961,0.0,10.0,5.0,4.0
c109_21,1,25,phased,6,sweep,9.20000093174167e-06,1730.4239342046858,730.4239342046858,0.0,10.0,4.0,0.0
c109_21,1,25,phased,6,nearest,7.74000000092201e-05,1004181.7806400841,735.5528740672638,254.62277660168388,9.0,4.0,1.0
c109_21,1,25,phased,6,grasp,0.020715099999506492,1910.1300171186745,751.8457458712122,25.828427124746213,9.0,5.0,0.0
c109_21,1,25,phased,6,mp_eavns,0.37565270000050077,1542.0468882738696,642.0468882738696,0.0,9.0,4.0,0.0
c109_21,1,25,all,21,edd,1.2200001947348937e-05,4001945.2371237916,945.2371237915961,0.0,10.0,5.0,4.0
c109_21,1,25,all,21,sweep,9.60000033956021e-06,1730.4239342046858,730.4239342046858,0.0,10.0,4.0,0.0
c109_21,1,25,all,21,nearest,7.919999916339293e-05,1004181.7806400841,735.5528740672638,254.62277660168388,9.0,4.0,1.0
c109_21,1,25,all,21,grasp,0.026411799997731578,1592.8503857772657,692.8503857772656,0.0,9.0,4.0,0.0
c109_21,1,25,all,21,mp_eavns,0.40020450000156416,1540.471865275656,640.4718652756561,0.0,9.0,4.0,0.0
c109_21,2,50,depot,1,edd,2.2899999748915434e-05,25004592.33399521,2392.3339952065244,0.0,22.0,1.0,25.0
c109_21,2,50,depot,1,sweep,1.3699998817173764e-05,12008052.101196028,1655.4821581307888,419.66190378969054,22.0,0.0,12.0
c109_21,2,50,depot,1,nearest,0.0002409999979136046,15012398.638210023,1662.4104440057565,883.6227766016839,19.0,0.0,15.0
c109_21,2,50,depot,1,grasp,0.06833870000264142,13009902.37533979,1704.0196522719832,629.8355687517121,19.0,1.0,13.0
c109_21,2,50,depot,1,mp_eavns,1.3949852000005194,9003269.513668763,1369.5136687621875,0.0,19.0,0.0,9.0
c109_21,2,50,phased,11,edd,2.300000051036477e-05,5004624.961463296,2424.961463296295,0.0,22.0,17.0,5.0
c109_21,2,50,phased,11,sweep,1.6500001947861165e-05,2008069.893561688,1673.2745237911372,419.66190378969054,22.0,10.0,2.0
c109_21,2,50,phased,11,nearest,0.0002477000016369857,1012417.053425369,1680.825659352122,883.6227766016839,19.0,13.0,1.0
c109_21,2,50,phased,11,grasp,0.16428470000028028,9406.718320621741,1594.1572632238597,591.2561057397882,19.0,11.0,0.0
c109_21,2,50,phased,11,mp_eavns,1.2590654000014183,3334.6798913550174,1434.6798913550176,0.0,19.0,10.0,0.0
c109_21,2,50,all,21,edd,2.3299999156733975e-05,6004624.437273664,2424.4372736644846,0.0,22.0,16.0,6.0
c109_21,2,50,all,21,sweep,1.6600002709310502e-05,2008069.893561688,1673.2745237911372,419.66190378969054,22.0,10.0,2.0
c109_21,2,50,all,21,nearest,0.00024929999926825985,1012416.9672770485,1680.739511031627,883.6227766016839,19.0,12.0,1.0
c109_21,2,50,all,21,grasp,0.19644999999945867,4662.851177822469,1630.821767647761,113.20294101747083,19.0,11.0,0.0
c109_21,2,50,all,21,mp_eavns,2.5425527000006696,3332.714976417127,1432.7149764171274,0.0,19.0,9.0,0.0
c109_21,3,75,depot,1,edd,3.0899998819222674e-05,35006859.886104554,3659.8861045538856,0.0,32.0,7.0,35.0
c109_21,3,75,depot,1,sweep,2.7499998395796865e-05,18018353.29352274,2423.1399277743835,1263.0153594969088,33.0,0.0,18.0
c109_21,3,75,depot,1,nearest,0.0005829000001540408,20026270.447892055,2432.0880916815727,2103.8359800372805,28.0,0.0,20.0
c109_21,3,75,depot,1,grasp,0.15668060000098194,17019883.613794968,2710.484197017756,1437.3129597951383,28.0,4.0,17.0
c109_21,3,75,depot,1,mp_eavns,4.973875899999257,12004803.363889955,2003.363889954871,0.0,28.0,0.0,12.0
c109_21,3,75,phased,16,edd,3.569999898900278e-05,7006896.105197392,3696.1051973928566,0.0,32.0,30.0,7.0
c109_21,3,75,phased,16,sweep,2.1899999410379678e-05,2018404.6597563925,2474.5061614234687,1263.0153594969088,33.0,15.0,2.0
c109_21,3,75,phased,16,nearest,0.0004611000003933441,1026295.2228297335,2456.8630293607416,2103.8359800372805,28.0,17.0,1.0
c109_21,3,75,phased,16,grasp,0.4674483999988297,7629.265598424696,2636.178395443883,219.30872029808125,28.0,19.0,0.0
c109_21,3,75,phased,16,mp_eavns,8.936041599998134,4866.284962158884,2066.284962158884,0.0,28.0,13.0,0.0
c109_21,3,75,all,21,edd,3.310000101919286e-05,8006895.581007761,3695.5810077610463,0.0,32.0,29.0,8.0
c109_21,3,75,all,21,sweep,3.6699999327538535e-05,2018404.6597563925,2474.5061614234687,1263.0153594969088,33.0,15.0,2.0
c109_21,3,75,all,21,nearest,0.0009371999985887669,1026295.136681413,2456.7768810402467,2103.8359800372805,28.0,16.0,1.0
c109_21,3,75,all,21,grasp,0.823935899999924,9352.689656034436,2858.3887962530994,359.43008597813355,29.0,24.0,0.0
c109_21,3,75,all,21,mp_eavns,11.516204600000492,4864.70993916067,2064.7099391606703,0.0,28.0,13.0,0.0
c109_21,4,100,depot,1,edd,5.9699999837903306e-05,38008947.509992026,4847.509992029463,0.0,41.0,12.0,38.0
c109_21,4,100,depot,1,sweep,4.519999856711365e-05,20022530.82943028,2996.1153738004314,1523.4714056477044,43.0,0.0,20.0
c109_21,4,100,depot,1,nearest,0.0015251000004354864,22027473.267720763,3144.595407402899,2062.867231336103,37.0,2.0,22.0
c109_21,4,100,depot,1,grasp,0.39338130000032834,20022522.166506704,3462.990725006827,1535.9175781697738,37.0,6.0,20.0
c109_21,4,100,depot,1,mp_eavns,7.040571400000772,13006279.671584597,2579.6715845976455,0.0,37.0,1.0,13.0
c109_21,4,100,phased,21,edd,6.379999831551686e-05,7008978.144293079,4878.14429307948,0.0,41.0,40.0,7.0
c109_21,4,100,phased,21,sweep,3.319999814266339e-05,2022582.4207678835,3047.7067114064193,1523.4714056477044,43.0,17.0,2.0
c109_21,4,100,phased,21,nearest,0.0008149999994202517,3027228.5916098715,3123.819474437141,2040.4772135434364,37.0,20.0,3.0
c109_21,4,100,phased,21,grasp,1.1074874000005366,1019274.0386825866,3329.938218860737,1224.4100463725895,37.0,26.0,1.0
c109_21,4,100,phased,21,mp_eavns,22.327653799999098,6287.729826172783,2587.7298261727833,0.0,37.0,14.0,0.0
c109_21,4,100,all,21,edd,4.450000051292591e-05,7008978.144293079,4878.14429307948,0.0,41.0,40.0,7.0
c109_21,4,100,all,21,sweep,2.689999746507965e-05,2022582.4207678835,3047.7067114064193,1523.4714056477044,43.0,17.0,2.0
c109_21,4,100,all,21,nearest,0.0008140999998431653,3027228.5916098715,3123.819474437141,2040.4772135434364,37.0,20.0,3.0
c109_21,4,100,all,21,grasp,0.982893199998216,1022938.6368871869,3455.460718910314,1568.3176168276627,38.0,25.0,1.0
c109_21,4,100,all,21,mp_eavns,22.224988900001335,6286.849714233969,2586.8497142339697,0.0,37.0,14.0,0.0
c201_21,1,25,depot,1,edd,1.3299999409355223e-05,6001577.627972007,677.6279720071894,0.0,9.0,0.0,6.0
c201_21,1,25,depot,1,sweep,8.199996955227107e-06,5047414.962967809,737.7009562438066,4567.72620115657,10.0,0.0,5.0
c201_21,1,25,depot,1,nearest,8.08000004326459e-05,5003807.394334131,724.0343257430171,218.3360008387674,9.0,0.0,5.0
c201_21,1,25,depot,1,grasp,0.008752500001719454,3027924.1529867593,773.9391869360329,2625.0213799823355,9.0,1.0,3.0
c201_21,1,25,depot,1,mp_eavns,0.22878330000094138,3001592.732530237,692.7325302371418,0.0,9.0,0.0,3.0
c201_21,1,25,phased,6,edd,1.1800002539530396e-05,1583.4693437267774,683.4693437267774,0.0,9.0,4.0,0.0
c201_21,1,25,phased,6,sweep,9.300001693191007e-06,47426.73222240821,749.4702108425124,4567.72620115657,10.0,5.0,0.0
c201_21,1,25,phased,6,nearest,0.00018519999866839498,17646.774327375595,730.4044653259155,1601.636986204968,9.0,3.0,0.0
c201_21,1,25,phased,6,grasp,0.013570499999332242,8694.718637452183,805.8164999416192,688.8902137510563,10.0,5.0,0.0
c201_21,1,25,phased,6,mp_eavns,0.38304799999968964,1580.9372531120805,680.9372531120805,0.0,9.0,4.0,0.0
c201_21,1,25,all,21,edd,1.3199998647905886e-05,1583.4693437267774,683.4693437267774,0.0,9.0,4.0,0.0
c201_21,1,25,all,21,sweep,1.0399999155197293e-05,47426.73222240821,749.4702108425124,4567.72620115657,10.0,5.0,0.0
c201_21,1,25,all,21,nearest,8.35999999253545e-05,17646.079416316195,729.7095542665155,1601.636986204968,9.0,3.0,0.0
c201_21,1,25,all,21,grasp,0.017708999999740627,2139.247500339181,769.2475003391812,37.0,10.0,4.0,0.0
c201_21,1,25,all,21,mp_eavns,0.4868760999997903,1580.9372531120805,680.9372531120805,0.0,9.0,4.0,0.0
c201_21,2,50,depot,1,edd,2.2500000341096893e-05,24004564.684254054,2364.6842540539556,0.0,22.0,3.0,24.0
c201_21,2,50,depot,1,sweep,1.469999915570952e-05,16068545.841582175,1776.742066647351,6456.909951552828,22.0,0.0,16.0
c201_21,2,50,depot,1,nearest,0.0002519000008760486,15033737.222983794,1813.8897697160173,3002.333321407779,19.0,1.0,15.0
c201_21,2,50,depot,1,grasp,0.07478940000146395,11039629.119216451,1660.1819658152403,3606.893725063651,19.0,1.0,11.0
c201_21,2,50,depot,1,mp_eavns,1.2087012000010873,8003334.159503889,1434.1595038891755,0.0,19.0,0.0,8.0
c201_21,2,50,phased,11,edd,2.5799996365094557e-05,3004516.06143341,2316.061433409991,0.0,22.0,15.0,3.0
c201_21,2,50,phased,11,sweep,1.8200000340584666e-05,5068564.171026821,1795.0715112927167,6456.909951552828,22.0,11.0,5.0
c201_21,2,50,phased,11,nearest,0.00026200000138487667,1058596.3187155505,1795.6883696993277,5490.063034585122,19.0,12.0,1.0
c201_21,2,50,phased,11,grasp,0.18076319999818224,46151.32811120236,1807.452218623332,4244.3875892579035,19.0,15.0,0.0
c201_21,2,50,phased,11,mp_eavns,3.017528600001242,3420.9739244520033,1520.9739244520033,0.0,19.0,10.0,0.0
c201_21,2,50,all,21,edd,2.59000007645227e-05,3004515.366522351,2315.3665223505914,0.0,22.0,15.0,3.0
c201_21,2,50,all,21,sweep,1.639999754843302e-05,5068564.171026821,1795.0715112927167,6456.909951552828,22.0,11.0,5.0
c201_21,2,50,all,21,nearest,0.00022670000180369243,1058573.5263144951,1795.8505865843356,5487.767572791085,19.0,13.0,1.0
c201_21,2,50,all,21,grasp,0.2103711999989173,40014.39591319329,1795.5488721043403,3631.8847041088948,19.0,15.0,0.0
c201_21,2,50,all,21,mp_eavns,2.796126799999911,3413.0159714705046,1513.0159714705046,0.0,19.0,10.0,0.0
c201_21,3,75,depot,1,edd,2.9899998480686918e-05,41007355.88367299,4055.883672990394,0.0,33.0,9.0,41.0
c201_21,3,75,depot,1,sweep,1.8900002032751217e-05,22074909.84002302,2483.5000602466193,6932.633996277156,31.0,0.0,22.0
c201_21,3,75,depot,1,nearest,0.000509600002260413,19059143.401136067,2459.8673485024865,5388.353378756548,28.0,1.0,19.0
c201_21,3,75,depot,1,grasp,0.1489280999994662,17180120.616014402,2734.67019840942,17458.59458159924,28.0,5.0,17.0
c201_21,3,75,depot,1,mp_eavns,3.2675903999988805,11004772.368022386,2072.368022385056,0.0,27.0,1.0,11.0
c201_21,3,75,phased,16,edd,4.230000195093453e-05,2007346.558548594,4046.5585485937863,0.0,33.0,36.0,2.0
c201_21,3,75,phased,16,sweep,2.5700002879602835e-05,6074941.245495115,2514.905532343801,6932.633996277156,31.0,16.0,6.0
c201_21,3,75,phased,16,nearest,0.000607599999057129,85231.986288092,2460.6058416210158,7997.138044647098,28.0,17.0,0.0
c201_21,3,75,phased,16,grasp,0.44190850000086357,53329.61395184288,2740.698917425884,4778.8915034417,28.0,24.0,0.0
c201_21,3,75,phased,16,mp_eavns,10.880784099997982,5021.7276022277965,2221.7276022277965,0.0,28.0,15.0,0.0
c201_21,3,75,all,21,edd,3.529999958118424e-05,2007345.8636375344,4045.8636375343863,0.0,33.0,36.0,2.0
c201_21,3,75,all,21,sweep,2.2499996703118086e-05,6074941.245495115,2514.905532343801,6932.633996277156,31.0,16.0,6.0
c201_21,3,75,all,21,nearest,0.0005631999993056525,85227.96160707554,2460.7662781293075,7996.719532894624,28.0,18.0,0.0
c201_21,3,75,all,21,grasp,0.44692290000239154,104580.2428968631,2622.1398816777555,9915.810301518535,28.0,18.0,0.0
c201_21,3,75,all,21,mp_eavns,10.386981299998297,4968.2230391732655,2168.2230391732655,0.0,28.0,13.0,0.0
c201_21,4,100,depot,1,edd,3.7099998735357076e-05,48009359.36925892,5087.109778719763,17.22594801971104,41.0,14.0,48.0
c201_21,4,100,depot,1,sweep,2.4099997972371057e-05,24114711.56582605,3194.1419478312123,10731.742387822036,42.0,0.0,24.0
c201_21,4,100,depot,1,nearest,0.0009167999996861909,22052807.646721926,2980.4216330058994,4612.722508891852,37.0,0.0,22.0
c201_21,4,100,depot,1,grasp,0.3700453000019479,19127683.01945563,3465.4223608874386,12041.759709474425,38.0,5.0,19.0
c201_21,4,100,depot,1,mp_eavns,9.03721719999885,12006374.13406112,2674.1340611207347,0.0,37.0,1.0,12.0
c201_21,4,100,phased,21,edd,6.229999780771323e-05,5009085.570063282,4985.570063281779,0.0,41.0,46.0,5.0
c201_21,4,100,phased,21,sweep,3.0499999411404133e-05,6114743.1964021055,3225.772523885297,10731.742387822036,42.0,18.0,6.0
c201_21,4,100,phased,21,nearest,0.0008211999993363861,2060934.1201071814,3012.3681940728475,5422.175191310842,37.0,17.0,2.0
c201_21,4,100,phased,21,grasp,1.0728091999990284,84269.76872942655,3501.811968314916,7696.795676111164,38.0,28.0,0.0
c201_21,4,100,phased,21,mp_eavns,22.163570199998503,6529.967366831592,2829.9673668315913,0.0,37.0,18.0,0.0
c201_21,4,100,all,21,edd,3.80000019504223e-05,5009085.570063282,4985.570063281779,0.0,41.0,46.0,5.0
c201_21,4,100,all,21,sweep,2.5099998310906813e-05,6114743.1964021055,3225.772523885297,10731.742387822036,42.0,18.0,6.0
c201_21,4,100,all,21,nearest,0.000825700000859797,2060934.1201071814,3012.3681940728475,5422.175191310842,37.0,17.0,2.0
c201_21,4,100,all,21,grasp,0.8884445000003325,155913.59995129658,3426.6863337767604,14868.69136175198,38.0,26.0,0.0
c201_21,4,100,all,21,mp_eavns,16.686456499999622,6481.474889942727,2781.4748899427273,0.0,37.0,15.0,0.0
c202_21,1,25,depot,1,edd,1.4199998986441642e-05,6001785.897316911,785.8973169111404,0.0,10.0,0.0,6.0
c202_21,1,25,depot,1,sweep,7.899998308857903e-06,5030623.340191208,737.7009562438066,2888.563923496401,10.0,0.0,5.0
c202_21,1,25,depot,1,nearest,8.420000085607171e-05,5003807.394334131,724.0343257430171,218.3360008387674,9.0,0.0,5.0
c202_21,1,25,depot,1,grasp,0.008610400000179652,3004361.5734726405,668.7852666792672,279.27882059609965,9.0,0.0,3.0
c202_21,1,25,depot,1,mp_eavns,0.20975929999985965,3001537.8349519414,637.8349519414555,0.0,9.0,0.0,3.0
c202_21,1,25,phased,6,edd,1.1299998732283711e-05,1793.484216320425,793.484216320425,0.0,10.0,5.0,0.0
c202_21,1,25,phased,6,sweep,9.499999578110874e-06,30635.10944580652,749.4702108425124,2888.563923496401,10.0,5.0,0.0
c202_21,1,25,phased,6,nearest,7.499999992433004e-05,12682.509050213119,730.4044653259155,1105.2104584887204,9.0,3.0,0.0
c202_21,1,25,phased,6,grasp,0.01443469999867375,6466.0263734470645,844.6050172097536,462.14213562373106,10.0,5.0,0.0
c202_21,1,25,phased,6,mp_eavns,0.27339840000058757,1554.5020402775258,654.5020402775258,0.0,9.0,4.0,0.0
c202_21,1,25,all,21,edd,1.3299999409355223e-05,1793.484216320425,793.484216320425,0.0,10.0,5.0,0.0
c202_21,1,25,all,21,sweep,1.0100000508828089e-05,30635.10944580652,749.4702108425124,2888.563923496401,10.0,5.0,0.0
c202_21,1,25,all,21,nearest,8.130000060191378e-05,12681.81413915372,729.7095542665155,1105.2104584887204,9.0,3.0,0.0
c202_21,1,25,all,21,grasp,0.01790209999671788,2631.115533937497,768.4662036684782,86.26493302690187,10.0,5.0,0.0
c202_21,1,25,all,21,mp_eavns,0.42553180000322754,1554.5020402775258,654.5020402775258,0.0,9.0,4.0,0.0
c202_21,2,50,depot,1,edd,2.0600000425474718e-05,22004339.62396227,2239.62396226908,0.0,21.0,3.0,22.0
c202_21,2,50,depot,1,sweep,1.4400000509340316e-05,16042987.599767677,1776.742066647351,3901.085770102968,22.0,0.0,16.0
c202_21,2,50,depot,1,nearest,0.0002505999982531648,14021033.506671526,1775.371328925405,1735.8135342599594,19.0,1.0,14.0
c202_21,2,50,depot,1,grasp,0.053389299999253126,11030522.666881619,1589.7314369064259,2703.293544471271,19.0,0.0,11.0
c202_21,2,50,depot,1,mp_eavns,1.346097200002987,9003302.921621587,1402.9216215872966,0.0,19.0,0.0,9.0
c202_21,2,50,phased,11,edd,3.850000211969018e-05,1004326.9373594698,2226.9373594698627,0.0,21.0,19.0,1.0
c202_21,2,50,phased,11,sweep,3.110000034212135e-05,5043005.929212322,1795.0715112927167,3901.085770102968,22.0,11.0,5.0
c202_21,2,50,phased,11,nearest,0.0005144999995536637,33199.14145812795,1753.7000654332196,2954.544139269473,19.0,13.0,0.0
c202_21,2,50,phased,11,grasp,0.14854409999679774,17984.283462261403,1804.9821613679535,1427.9301300893446,19.0,15.0,0.0
c202_21,2,50,phased,11,mp_eavns,2.666349099999934,3386.12567449575,1486.1256744957502,0.0,19.0,11.0,0.0
c202_21,2,50,all,21,edd,2.4900000425986946e-05,1004324.476747219,2224.4767472189933,0.0,21.0,19.0,1.0
c202_21,2,50,all,21,sweep,1.8299997464055195e-05,5043005.929212322,1795.0715112927167,3901.085770102968,22.0,11.0,5.0
c202_21,2,50,all,21,nearest,0.00028679999741143547,33199.25200445436,1753.810611759633,2954.544139269473,19.0,14.0,0.0
c202_21,2,50,all,21,grasp,0.21489999999903375,19036.86618026718,1903.9798107078195,1523.288636955936,19.0,15.0,0.0
c202_21,2,50,all,21,mp_eavns,3.6859451999989687,3386.12567449575,1486.1256744957502,0.0,19.0,11.0,0.0
c202_21,3,75,depot,1,edd,2.9000002541579306e-05,38006794.91272339,3594.9127233940676,0.0,32.0,5.0,38.0
c202_21,3,75,depot,1,sweep,1.720000000204891e-05,22048496.484465312,2483.5000602466193,4291.29844050652,31.0,0.0,22.0
c202_21,3,75,depot,1,nearest,0.00046379999912460335,19027897.822371293,2493.85040580589,2260.397196548591,28.0,1.0,19.0
c202_21,3,75,depot,1,grasp,0.12388930000088294,16076980.873603525,2567.728800133388,7171.314480339097,27.0,3.0,16.0
c202_21,3,75,depot,1,mp_eavns,3.7663740000025427,12004776.438607195,2076.438607195033,0.0,27.0,1.0,12.0
c202_21,3,75,phased,16,edd,5.310000051395036e-05,3006879.1284315167,3679.1284315166085,0.0,32.0,32.0,3.0
c202_21,3,75,phased,16,sweep,2.6299996534362435e-05,6048527.889937409,2514.905532343801,4291.29844050652,31.0,16.0,6.0
c202_21,3,75,phased,16,nearest,0.000634899999568006,40075.24085349573,2483.962837914684,3479.1278015581047,28.0,18.0,0.0
c202_21,3,75,phased,16,grasp,0.3763636999974551,22373.09484529814,2643.3530875817887,1682.974175771635,29.0,21.0,0.0
c202_21,3,75,phased,16,mp_eavns,7.033248800002184,4869.0194914763,2169.0194914762997,0.0,27.0,14.0,0.0
c202_21,3,75,all,21,edd,3.4199998481199145e-05,4006878.206259872,3678.206259871982,0.0,32.0,31.0,4.0
c202_21,3,75,all,21,sweep,2.0200001017656177e-05,6048527.889937409,2514.905532343801,4291.29844050652,31.0,16.0,6.0
c202_21,3,75,all,21,nearest,0.0005111999998916872,40075.34862560306,2484.070610022015,3479.1278015581047,28.0,19.0,0.0
c202_21,3,75,all,21,grasp,0.47276209999836283,49062.42701011278,2631.8958781662964,4363.053113194648,28.0,20.0,0.0
c202_21,3,75,all,21,mp_eavns,8.200030399999378,4886.493139614648,2186.4931396146476,0.0,27.0,14.0,0.0
c202_21,4,100,depot,1,edd,3.850000211969018e-05,49008922.117645144,4722.1176451460915,0.0,42.0,8.0,49.0
c202_21,4,100,depot,1,sweep,2.3799999326001853e-05,24071080.175183326,3194.1419478312123,6368.603323549415,42.0,0.0,24.0
c202_21,4,100,depot,1,nearest,0.0008904999995138496,22037303.405944314,2976.5083759731374,3062.6897568339637,37.0,0.0,22.0
c202_21,4,100,depot,1,grasp,0.29458359999989625,21080896.973416768,3339.4089917676597,7385.7564424999,37.0,3.0,21.0
c202_21,4,100,depot,1,mp_eavns,6.289781400002539,13006345.933818778,2645.9338187774733,0.0,37.0,0.0,13.0
c202_21,4,100,phased,21,edd,5.029999738326296e-05,12008988.967065882,4788.967065881169,0.0,42.0,40.0,12.0
c202_21,4,100,phased,21,sweep,3.3700001949910074e-05,6071111.80575938,3225.772523885297,6368.603323549415,42.0,18.0,6.0
c202_21,4,100,phased,21,nearest,0.0009004999992612284,2041798.8817963128,3008.4549370400855,3509.0426859272625,37.0,17.0,2.0
c202_21,4,100,phased,21,grasp,0.8513914000031946,100371.38962670822,3587.819653616489,9288.356997309173,39.0,29.0,0.0
c202_21,4,100,phased,21,mp_eavns,11.833498799998779,6453.518764005997,2753.5187640059967,0.0,37.0,15.0,0.0
c202_21,4,100,all,21,edd,4.41999982285779e-05,12008988.967065882,4788.967065881169,0.0,42.0,40.0,12.0
c202_21,4,100,all,21,sweep,3.229999856557697e-05,6071111.80575938,3225.772523885297,6368.603323549415,42.0,18.0,6.0
c202_21,4,100,all,21,nearest,0.0008637999999336898,2041798.8817963128,3008.4549370400855,3509.0426859272625,37.0,17.0,2.0
c202_21,4,100,all,21,grasp,0.8994392999993579,82050.73472676556,3417.067690549465,7483.36670362161,38.0,27.0,0.0
c202_21,4,100,all,21,mp_eavns,13.807341499999893,6456.207494449428,2756.207494449428,0.0,37.0,15.0,0.0
c202C10,1,3,depot,1,edd,5.899997631786391e-06,1000365.6219635332,165.62196353325396,0.0,2.0,0.0,1.0
c202C10,1,3,depot,1,sweep,3.0000010156072676e-06,1000344.4750776981,144.47507769812634,0.0,2.0,0.0,1.0
c202C10,1,3,depot,1,nearest,1.1500000255182385e-05,1000344.4750776981,144.47507769812634,0.0,2.0,0.0,1.0
c202C10,1,3,depot,1,grasp,0.00019429999883868732,1000344.4750776981,144.47507769812634,0.0,2.0,0.0,1.0
c202C10,1,3,depot,1,mp_eavns,0.005184000001463573,469.0428190289048,169.04281902890474,0.0,3.0,0.0,0.0
c202C10,1,3,phased,2,edd,3.0000010156072676e-06,1000365.6219635332,165.62196353325396,0.0,2.0,0.0,1.0
c202C10,1,3,phased,2,sweep,2.6000016077887267e-06,1000344.4750776981,144.47507769812634,0.0,2.0,0.0,1.0
c202C10,1,3,phased,2,nearest,5.999998393235728e-06,1000344.4750776981,144.47507769812634,0.0,2.0,0.0,1.0
c202C10,1,3,phased,2,grasp,0.00019410000095376745,1000344.4750776981,144.47507769812634,0.0,2.0,0.0,1.0
c202C10,1,3,phased,2,mp_eavns,0.006180999997013714,469.0428190289048,169.04281902890474,0.0,3.0,0.0,0.0
c202C10,1,3,all,5,edd,4.7000030463095754e-06,1000365.6219635332,165.62196353325396,0.0,2.0,0.0,1.0
c202C10,1,3,all,5,sweep,4.699999408330768e-06,1000344.4750776981,144.47507769812634,0.0,2.0,0.0,1.0
c202C10,1,3,all,5,nearest,1.1500000255182385e-05,344.48416672832604,144.48416672832602,0.0,2.0,1.0,0.0
c202C10,1,3,all,5,grasp,0.00020699999731732532,344.48416672832604,144.48416672832602,0.0,2.0,1.0,0.0
c202C10,1,3,all,5,mp_eavns,0.0032030000002123415,344.48416672832604,144.48416672832602,0.0,2.0,1.0,0.0
c202C10,2,5,depot,1,edd,5.099998816149309e-06,1000517.2401434416,217.24014344158053,0.0,3.0,0.0,1.0
c202C10,2,5,depot,1,sweep,3.4000004234258085e-06,2002267.2155892672,228.18912784691906,173.9026461420325,3.0,0.0,2.0
c202C10,2,5,depot,1,nearest,1.3600001693703234e-05,7046.8655366006515,253.21480687686596,649.3650729723786,3.0,1.0,0.0
c202C10,2,5,depot,1,grasp,0.0003338999995321501,561.2198101089785,261.21981010897855,0.0,3.0,1.0,0.0
c202C10,2,5,depot,1,mp_eavns,0.00984000000244123,429.1489013063083,229.1489013063083,0.0,2.0,2.0,0.0
c202C10,2,5,phased,3,edd,6.400001439033076e-06,1000517.2401434416,217.24014344158053,0.0,3.0,0.0,1.0
c202C10,2,5,phased,3,sweep,5.49999822396785e-06,2002267.2155892672,228.18912784691906,173.9026461420325,3.0,0.0,2.0
c202C10,2,5,phased,3,nearest,1.469999915570952e-05,7046.8655366006515,253.21480687686596,649.3650729723786,3.0,1.0,0.0
c202C10,2,5,phased,3,grasp,0.00037930000326014124,561.2198101089785,261.21981010897855,0.0,3.0,1.0,0.0
c202C10,2,5,phased,3,mp_eavns,0.008948299997427966,429.1489013063083,229.1489013063083,0.0,2.0,2.0,0.0
c202C10,2,5,all,5,edd,3.4999975468963385e-06,1000517.2401434416,217.24014344158053,0.0,3.0,0.0,1.0
c202C10,2,5,all,5,sweep,2.7999994927085936e-06,2002267.2155892672,228.18912784691906,173.9026461420325,3.0,0.0,2.0
c202C10,2,5,all,5,nearest,9.69999746303074e-06,7046.8655366006515,253.21480687686596,649.3650729723786,3.0,1.0,0.0
c202C10,2,5,all,5,grasp,0.000352399998519104,451.67039637888445,251.67039637888445,0.0,2.0,3.0,0.0
c202C10,2,5,all,5,mp_eavns,0.010416299999633338,451.67039637888445,251.67039637888445,0.0,2.0,3.0,0.0
c202C10,3,8,depot,1,edd,5.600002623395994e-06,3000881.985597344,381.9855973443333,0.0,5.0,0.0,3.0
c202C10,3,8,depot,1,sweep,4.0000013541430235e-06,3002719.3283526446,380.30189122445483,173.9026461420325,6.0,0.0,3.0
c202C10,3,8,depot,1,nearest,1.750000228639692e-05,2000882.4435350434,382.4435350435017,0.0,5.0,0.0,2.0
c202C10,3,8,depot,1,grasp,0.0005713000027753878,1007350.6742890658,372.4072029897266,647.8267086075994,5.0,1.0,1.0
c202C10,3,8,depot,1,mp_eavns,0.025019000000611413,1000836.8904772536,336.8904772536098,0.0,5.0,0.0,1.0
c202C10,3,8,phased,4,edd,1.1200001608813182e-05,1000897.2144518017,397.21445180173055,0.0,5.0,2.0,1.0
c202C10,3,8,phased,4,sweep,6.499998562503606e-06,2002719.3319974102,380.30553598978145,173.9026461420325,6.0,1.0,2.0
c202C10,3,8,phased,4,nearest,1.930000144056976e-05,1000882.4471798089,382.4471798088283,0.0,5.0,1.0,1.0
c202C10,3,8,phased,4,grasp,0.0006025000002409797,925.118440035353,425.11844003535305,0.0,5.0,3.0,0.0
c202C10,3,8,phased,4,mp_eavns,0.026982999999745516,836.8941220189363,336.8941220189363,0.0,5.0,1.0,0.0
c202C10,3,8,all,5,edd,8.200000593205914e-06,1000897.2144518017,397.21445180173055,0.0,5.0,2.0,1.0
c202C10,3,8,all,5,sweep,6.900001608300954e-06,2002719.3319974102,380.30553598978145,173.9026461420325,6.0,1.0,2.0
c202C10,3,8,all,5,nearest,2.1600000764010474e-05,1000882.4471798089,382.4471798088283,0.0,5.0,1.0,1.0
c202C10,3,8,all,5,grasp,0.0007040999989840202,852.7017359752256,352.70173597522563,0.0,5.0,2.0,0.0
c202C10,3,8,all,5,mp_eavns,0.027213199999096105,836.8941220189363,336.89412201893634,0.0,5.0,1.0,0.0
c202C10,4,10,depot,1,edd,6.900001608300954e-06,3000892.3599143834,392.3599143835872,0.0,5.0,0.0,3.0
c202C10,4,10,depot,1,sweep,5.199999577598646e-06,3002857.0410315027,418.01457008245757,173.9026461420325,7.0,0.0,3.0
c202C10,4,10,depot,1,nearest,2.469999890308827e-05,2022317.163814227,417.80344364442453,2139.9360370582713,5.0,1.0,2.0
c202C10,4,10,depot,1,grasp,0.0015820000007806811,1001330.910726038,430.20004791938084,40.071067811865305,5.0,2.0,1.0
c202C10,4,10,depot,1,mp_eavns,0.032214499999099644,1000846.346529409,346.34652940905767,0.0,5.0,0.0,1.0
c202C10,4,10,phased,5,edd,7.799997547408566e-06,1000907.588768841,407.5887688409844,0.0,5.0,2.0,1.0
c202C10,4,10,phased,5,sweep,6.70000008540228e-06,2002857.044676268,418.0182148477842,173.9026461420325,7.0,1.0,2.0
c202C10,4,10,phased,5,nearest,2.3199998395284638e-05,1022317.1674589925,417.80708840975115,2139.9360370582713,5.0,2.0,1.0
c202C10,4,10,phased,5,grasp,0.0019782000017585233,11075.77242689996,392.6553680251461,1018.3117058874814,5.0,2.0,0.0
c202C10,4,10,phased,5,mp_eavns,0.041886999999405816,846.3501741743843,346.3501741743843,0.0,5.0,1.0,0.0
c202C10,4,10,all,5,edd,8.099999831756577e-06,1000907.588768841,407.5887688409844,0.0,5.0,2.0,1.0
c202C10,4,10,all,5,sweep,7.800001185387373e-06,2002857.044676268,418.0182148477842,173.9026461420325,7.0,1.0,2.0
c202C10,4,10,all,5,nearest,2.4000000848900527e-05,1022317.1674589925,417.80708840975115,2139.9360370582713,5.0,2.0,1.0
c202C10,4,10,all,5,grasp,0.001826499999879161,932.9047309960404,432.9047309960404,0.0,5.0,3.0,0.0
c202C10,4,10,all,5,mp_eavns,0.04159149999759393,846.3501741743843,346.3501741743843,0.0,5.0,1.0,0.0
c202C15,1,4,depot,1,edd,4.899997293250635e-06,1000336.5724379993,136.57243799927383,0.0,2.0,0.0,1.0
c202C15,1,4,depot,1,sweep,2.9999973776284605e-06,1004491.1497304568,146.80991913623166,414.4339811320566,2.0,0.0,1.0
c202C15,1,4,depot,1,nearest,2.0899999071843922e-05,1000345.4453806963,145.44538069633808,0.0,2.0,0.0,1.0
c202C15,1,4,depot,1,grasp,0.00024249999842140824,1000332.1315934284,132.13159342838608,0.0,2.0,0.0,1.0
c202C15,1,4,depot,1,mp_eavns,0.004327099999500206,1000332.1315934284,132.13159342838608,0.0,2.0,0.0,1.0
c202C15,1,4,phased,2,edd,2.7999994927085936e-06,336.5726358216103,136.57263582161028,0.0,2.0,1.0,0.0
c202C15,1,4,phased,2,sweep,2.7999994927085936e-06,4491.149928279134,146.8101169585681,414.4339811320566,2.0,1.0,0.0
c202C15,1,4,phased,2,nearest,7.299997378140688e-06,345.4455785186745,145.4455785186745,0.0,2.0,1.0,0.0
c202C15,1,4,phased,2,grasp,0.0002600999978312757,333.2003366065304,133.20033660653044,0.0,2.0,1.0,0.0
c202C15,1,4,phased,2,mp_eavns,0.006514200002129655,333.2003366065304,133.20033660653044,0.0,2.0,1.0,0.0
c202C15,1,4,all,5,edd,6.400001439033076e-06,336.5726358216103,136.57263582161028,0.0,2.0,1.0,0.0
c202C15,1,4,all,5,sweep,5.800000508315861e-06,4491.149928279134,146.8101169585681,414.4339811320566,2.0,1.0,0.0
c202C15,1,4,all,5,nearest,2.010000025620684e-05,345.4455785186745,145.4455785186745,0.0,2.0,1.0,0.0
c202C15,1,4,all,5,grasp,0.0003060000017285347,333.2003366065304,133.20033660653044,0.0,2.0,1.0,0.0
c202C15,1,4,all,5,mp_eavns,0.0062422999981208704,333.2003366065304,133.20033660653044,0.0,2.0,1.0,0.0
c202C15,2,8,depot,1,edd,7.500002539018169e-06,3000819.15361683,419.15361682974697,0.0,4.0,1.0,3.0
c202C15,2,8,depot,1,sweep,5.099998816149309e-06,3004833.0949581685,288.7551468477437,414.4339811320566,4.0,0.0,3.0
c202C15,2,8,depot,1,nearest,2.6900001103058457e-05,4000587.2637569024,287.26375690242264,0.0,3.0,0.0,4.0
c202C15,2,8,depot,1,grasp,0.0012615000014193356,2000614.375445932,314.37544593181116,0.0,3.0,1.0,2.0
c202C15,2,8,depot,1,mp_eavns,0.024820599999657134,2000614.387988307,314.3879883070148,0.0,3.0,1.0,2.0
c202C15,2,8,phased,3,edd,9.499999578110874e-06,809.6993074850694,409.6993074850694,0.0,4.0,3.0,0.0
c202C15,2,8,phased,3,sweep,6.70000008540228e-06,4839.407883968932,295.06807264836635,414.4339811320566,4.0,2.0,0.0
c202C15,2,8,phased,3,nearest,2.2800002625444904e-05,1000605.7183172427,305.7183172427347,0.0,3.0,2.0,1.0
c202C15,2,8,phased,3,grasp,0.001786000000720378,570.6009469904559,270.6009469904559,0.0,3.0,2.0,0.0
c202C15,2,8,phased,3,mp_eavns,0.030338700002175756,570.6009469904559,270.6009469904559,0.0,3.0,2.0,0.0
c202C15,2,8,all,5,edd,6.999998731771484e-06,809.6993074850694,409.6993074850694,0.0,4.0,3.0,0.0
c202C15,2,8,all,5,sweep,6.400001439033076e-06,4839.407883968932,295.06807264836635,414.4339811320566,4.0,2.0,0.0
c202C15,2,8,all,5,nearest,2.1200001356191933e-05,1000605.7183172427,305.7183172427347,0.0,3.0,2.0,1.0
c202C15,2,8,all,5,grasp,0.0017561999993631616,561.1703608153737,261.17036081537367,0.0,3.0,2.0,0.0
c202C15,2,8,all,5,mp_eavns,0.03401789999770699,618.4425309062833,318.4425309062833,0.0,3.0,3.0,0.0
c202C15,3,12,depot,1,edd,8.499999239575118e-06,6001085.758810853,585.758810852892,0.0,5.0,1.0,6.0
c202C15,3,12,depot,1,sweep,5.300000339047983e-06,5007462.819572804,397.4300297377268,656.5389543065994,5.0,0.0,5.0
c202C15,3,12,depot,1,nearest,3.310000101919286e-05,6007637.49358624,402.8130206498016,683.4680565590817,4.0,0.0,6.0
c202C15,3,12,depot,1,grasp,0.003813700001046527,2000970.1215225288,570.1215225288173,0.0,4.0,4.0,2.0
c202C15,3,12,depot,1,mp_eavns,0.07703849999961676,2000928.869849089,528.8698490891073,0.0,4.0,3.0,2.0
c202C15,3,12,phased,4,edd,7.800001185387373e-06,3001076.3045015084,576.3045015082143,0.0,5.0,3.0,3.0
c202C15,3,12,phased,4,sweep,6.599999323952943e-06,2007469.1324986042,403.74295553834946,656.5389543065994,5.0,2.0,2.0
c202C15,3,12,phased,4,nearest,3.1200001103570685e-05,3007655.9481465807,421.26758099011374,683.4680565590817,4.0,2.0,3.0
c202C15,3,12,phased,4,grasp,0.004653200001484947,956.6325009920631,556.6325009920631,0.0,4.0,6.0,0.0
c202C15,3,12,phased,4,mp_eavns,0.08679459999984829,796.9601025860595,396.9601025860595,0.0,4.0,3.0,0.0
c202C15,3,12,all,5,edd,8.899998647393659e-06,3001076.3045015084,576.3045015082143,0.0,5.0,3.0,3.0
c202C15,3,12,all,5,sweep,1.1100000847363845e-05,2007469.1324986042,403.74295553834946,656.5389543065994,5.0,2.0,2.0
c202C15,3,12,all,5,nearest,2.9299997549969703e-05,3007655.9481465807,421.26758099011374,683.4680565590817,4.0,2.0,3.0
c202C15,3,12,all,5,grasp,0.006115600001066923,917.6070326252119,517.6070326252119,0.0,4.0,5.0,0.0
c202C15,3,12,all,5,mp_eavns,0.0878945999975258,854.2322726769692,454.23227267696916,0.0,4.0,4.0,0.0
c202C15,4,15,depot,1,edd,8.200000593205914e-06,7001226.908613039,726.9086130388457,0.0,5.0,3.0,7.0
c202C15,4,15,depot,1,sweep,5.300000339047983e-06,5007639.730641962,474.34109889593327,656.5389543065994,6.0,0.0,5.0
c202C15,4,15,depot,1,nearest,4.0099999750964344e-05,6016195.788258217,519.3550884462788,1517.643316977093,5.0,0.0,6.0
c202C15,4,15,depot,1,grasp,0.004603699999279343,2050024.011976309,608.3604372282418,4891.565153908058,5.0,4.0,2.0
c202C15,4,15,depot,1,mp_eavns,0.12360140000237152,2001046.1162401545,546.1162401544844,0.0,5.0,2.0,2.0
c202C15,4,15,phased,5,edd,9.400002454640344e-06,4001217.454303694,717.454303694168,0.0,5.0,5.0,4.0
c202C15,4,15,phased,5,sweep,8.39999847812578e-06,2007646.0435677625,480.65402469655595,656.5389543065994,6.0,2.0,2.0
c202C15,4,15,phased,5,nearest,4.079999780515209e-05,3016215.5887471386,539.1555773674806,1517.643316977093,5.0,3.0,3.0
c202C15,4,15,phased,5,grasp,0.008511500000167871,8806.930874713691,626.9239551085905,768.00069196051,5.0,6.0,0.0
c202C15,4,15,phased,5,mp_eavns,0.13444520000120974,961.707632488329,461.70763248832895,0.0,5.0,3.0,0.0
c202C15,4,15,all,5,edd,9.69999746303074e-06,4001217.454303694,717.454303694168,0.0,5.0,5.0,4.0
c202C15,4,15,all,5,sweep,8.799997885944322e-06,2007646.0435677625,480.65402469655595,656.5389543065994,6.0,2.0,2.0
c202C15,4,15,all,5,nearest,4.0400002035312355e-05,3016215.5887471386,539.1555773674806,1517.643316977093,5.0,3.0,3.0
c202C15,4,15,all,5,grasp,0.009278300000005402,19455.688751624315,619.2768553642647,1833.6411896260051,5.0,6.0,0.0
c202C15,4,15,all,5,mp_eavns,0.16246379999938654,1019.9360551607116,519.9360551607116,0.0,5.0,4.0,0.0
c203_21,1,25,depot,1,edd,1.3500000932253897e-05,4001841.8350769775,841.8350769776259,0.0,10.0,1.0,4.0
c203_21,1,25,depot,1,sweep,7.90000194683671e-06,5018917.700956244,737.7009562438066,1718.0,10.0,0.0,5.0
c203_21,1,25,depot,1,nearest,9.060000229510479e-05,5002033.6581698675,725.348650918913,40.830951894845384,9.0,0.0,5.0
c203_21,1,25,depot,1,grasp,0.00969740000073216,5001779.3518770095,879.3518770094735,0.0,9.0,2.0,5.0
c203_21,1,25,depot,1,mp_eavns,0.1379635999983293,2001566.7100719707,666.710071970726,0.0,9.0,0.0,2.0
c203_21,1,25,phased,6,edd,1.5400000847876072e-05,1823.0100987073538,823.0100987073539,0.0,10.0,4.0,0.0
c203_21,1,25,phased,6,sweep,1.049999991664663e-05,18929.47021084251,749.4702108425124,1718.0,10.0,5.0,0.0
c203_21,1,25,phased,6,nearest,8.320000051753595e-05,2040.0283094502652,731.7187905018114,40.830951894845384,9.0,3.0,0.0
c203_21,1,25,phased,6,grasp,0.010856600001716288,1838.4434558100388,838.4434558100388,0.0,10.0,5.0,0.0
c203_21,1,25,phased,6,mp_eavns,0.35749190000206,1588.0116327361472,688.0116327361472,0.0,9.0,4.0,0.0
c203_21,1,25,all,21,edd,1.2600001355167478e-05,1823.0100987073538,823.0100987073539,0.0,10.0,4.0,0.0
c203_21,1,25,all,21,sweep,1.21000011858996e-05,18929.47021084251,749.4702108425124,1718.0,10.0,5.0,0.0
c203_21,1,25,all,21,nearest,0.00011160000212839805,2039.3333983908653,731.0238794424115,40.830951894845384,9.0,3.0,0.0
c203_21,1,25,all,21,grasp,0.015666600000258768,1616.8354154129684,716.8354154129684,0.0,9.0,4.0,0.0
c203_21,1,25,all,21,mp_eavns,0.3128410999997868,1596.4570769089478,696.4570769089479,0.0,9.0,3.0,0.0
c203_21,2,50,depot,1,edd,1.9699997210409492e-05,19004576.970404528,2276.970404527648,0.0,23.0,2.0,19.0
c203_21,2,50,depot,1,sweep,1.300000076298602e-05,16027904.35129968,1776.742066647351,2392.7609233032836,22.0,0.0,16.0
c203_21,2,50,depot,1,nearest,0.00023689999943599105,14015095.739264887,1776.6856541013005,1141.9053610786045,19.0,1.0,14.0
c203_21,2,50,depot,1,grasp,0.056002400000579655,11023092.653376361,1624.677288812951,1956.797608754781,19.0,0.0,11.0
c203_21,2,50,depot,1,mp_eavns,0.9518601000017952,8003355.645149953,1455.6451499523469,0.0,19.0,0.0,8.0
c203_21,2,50,phased,11,edd,2.4999997549457476e-05,5004571.606090738,2271.6060907388824,0.0,23.0,13.0,5.0
c203_21,2,50,phased,11,sweep,1.590000101714395e-05,5027922.680744326,1795.0715112927167,2392.7609233032836,22.0,11.0,5.0
c203_21,2,50,phased,11,nearest,0.00024810000104480423,27261.374051490293,1755.0143906091155,2360.635966088118,19.0,13.0,0.0
c203_21,2,50,phased,11,grasp,0.15120290000049863,25668.23284117312,1824.7113540737525,2194.352148709937,19.0,13.0,0.0
c203_21,2,50,phased,11,mp_eavns,3.013827599999786,3411.13148266429,1511.1314826642904,0.0,19.0,10.0,0.0
c203_21,2,50,all,21,edd,2.3199998395284638e-05,5004570.911179679,2270.9111796794823,0.0,23.0,13.0,5.0
c203_21,2,50,all,21,sweep,1.550000160932541e-05,5027922.680744326,1795.0715112927167,2392.7609233032836,22.0,11.0,5.0
c203_21,2,50,all,21,nearest,0.00025580000146874227,27261.484597816707,1755.124936935529,2360.635966088118,19.0,14.0,0.0
c203_21,2,50,all,21,grasp,0.20466760000272188,27447.808840763017,1723.049140478154,2382.4759700284862,19.0,13.0,0.0
c203_21,2,50,all,21,mp_eavns,4.4914792999989,3377.3762518723943,1477.3762518723943,0.0,19.0,9.0,0.0
c203_21,3,75,depot,1,edd,2.939999831141904e-05,28006674.889103685,3474.889103684184,0.0,32.0,7.0,28.0
c203_21,3,75,depot,1,sweep,1.720000000204891e-05,22029911.10929328,2483.5000602466193,2432.7609233032836,31.0,0.0,22.0
c203_21,3,75,depot,1,nearest,0.0004990999987057876,19018427.342380617,2495.1647309817868,1313.2177649634807,28.0,1.0,19.0
c203_21,3,75,depot,1,grasp,0.12038340000071912,18026071.86998711,2541.848814111346,2073.002117300138,28.0,2.0,18.0
c203_21,3,75,depot,1,mp_eavns,3.462081899997429,11004770.045387508,2070.045387508739,0.0,27.0,0.0,11.0
c203_21,3,75,phased,16,edd,3.5400000342633575e-05,2006734.917682112,3534.9176821119877,0.0,32.0,30.0,2.0
c203_21,3,75,phased,16,sweep,2.0799998310394585e-05,6029942.514765376,2514.905532343801,2432.7609233032836,31.0,16.0,6.0
c203_21,3,75,phased,16,nearest,0.0004493000014917925,30604.760862820523,2485.27716309058,2531.9483699729944,28.0,18.0,0.0
c203_21,3,75,phased,16,grasp,0.2751782000013918,28650.012549120085,2835.5989567811557,2291.441359233893,29.0,22.0,0.0
c203_21,3,75,phased,16,mp_eavns,7.655556000001525,4862.802455124674,2162.8024551246745,0.0,27.0,14.0,0.0
c203_21,3,75,all,21,edd,3.4500000765547156e-05,3006719.9131267355,3519.9131267353164,0.0,32.0,29.0,3.0
c203_21,3,75,all,21,sweep,2.479999966453761e-05,6029942.514765376,2514.905532343801,2432.7609233032836,31.0,16.0,6.0
c203_21,3,75,all,21,nearest,0.0005317999966791831,30604.868634927854,2485.384935197911,2531.9483699729944,28.0,19.0,0.0
c203_21,3,75,all,21,grasp,0.44638860000122804,7299.766031127114,2585.9270586061907,191.3838972520923,28.0,18.0,0.0
c203_21,3,75,all,21,mp_eavns,7.652221800002735,4815.755104936596,2115.7551049365957,0.0,27.0,12.0,0.0
c203_21,4,100,depot,1,edd,3.6399997043190524e-05,38008541.41681447,4441.416814467293,0.0,41.0,8.0,38.0
c203_21,4,100,depot,1,sweep,2.2700001863995567e-05,24034101.751180865,3194.1419478312123,2670.7609233032836,42.0,0.0,24.0
c203_21,4,100,depot,1,nearest,0.0008696000004420057,22024481.1476989,2976.3459940177077,1780.480170488437,37.0,0.0,22.0
c203_21,4,100,depot,1,grasp,0.2745799000003899,22017364.88215967,3496.5342999858185,1016.834785968332,37.0,3.0,22.0
c203_21,4,100,depot,1,mp_eavns,8.091938599998684,12006362.035927257,2662.0359272557575,0.0,37.0,0.0,12.0
c203_21,4,100,phased,21,edd,4.930000068270601e-05,7008567.355430933,4467.355430932985,0.0,41.0,33.0,7.0
c203_21,4,100,phased,21,sweep,2.9599999834317714e-05,6034133.3817569185,3225.772523885297,2670.7609233032836,42.0,18.0,6.0
c203_21,4,100,phased,21,nearest,0.0008944000001065433,2024513.094259969,3008.2925550846558,1780.480170488437,37.0,17.0,2.0
c203_21,4,100,phased,21,grasp,0.6447685999992245,1013656.9198059586,3464.8510807239695,649.206872523464,37.0,25.0,1.0
c203_21,4,100,phased,21,mp_eavns,12.536556700000801,6363.396052068745,2663.3960520687447,0.0,37.0,13.0,0.0
c203_21,4,100,all,21,edd,3.859999924316071e-05,7008567.355430933,4467.355430932985,0.0,41.0,33.0,7.0
c203_21,4,100,all,21,sweep,2.6699999580159783e-05,6034133.3817569185,3225.772523885297,2670.7609233032836,42.0,18.0,6.0
c203_21,4,100,all,21,nearest,0.0007865000006859191,2024513.094259969,3008.2925550846558,1780.480170488437,37.0,17.0,2.0
c203_21,4,100,all,21,grasp,0.7197859999978391,45753.21348681227,3269.5698470355983,3878.3643639776665,37.0,23.0,0.0
c203_21,4,100,all,21,mp_eavns,14.231074600000284,6355.613139952344,2655.6131399523438,0.0,37.0,14.0,0.0
c204_21,1,25,depot,1,edd,1.3900000340072438e-05,6002011.669733917,911.6697339169316,0.0,11.0,1.0,6.0
c204_21,1,25,depot,1,sweep,8.099999831756577e-06,5018917.700956244,737.7009562438066,1718.0,10.0,0.0,5.0
c204_21,1,25,depot,1,nearest,8.160000288626179e-05,5001625.348650919,725.348650918913,0.0,9.0,0.0,5.0
c204_21,1,25,depot,1,grasp,0.0067889999991166405,4004101.8675300926,760.064131217405,244.18033988749903,9.0,1.0,4.0
c204_21,1,25,depot,1,mp_eavns,0.19381829999838374,2001554.7922880761,654.7922880762387,0.0,9.0,0.0,2.0
c204_21,1,25,phased,6,edd,1.4799999917158857e-05,2009.5177322769212,909.5177322769212,0.0,11.0,5.0,0.0
c204_21,1,25,phased,6,sweep,1.0600000678095967e-05,18929.47021084251,749.4702108425124,1718.0,10.0,5.0,0.0
c204_21,1,25,phased,6,nearest,8.450000314041972e-05,1631.7187905018113,731.7187905018114,0.0,9.0,3.0,0.0
c204_21,1,25,phased,6,grasp,0.010146199998416705,1599.555866025122,699.555866025122,0.0,9.0,5.0,0.0
c204_21,1,25,phased,6,mp_eavns,0.23238710000077845,1559.7817685220116,659.7817685220115,0.0,9.0,3.0,0.0
c204_21,1,25,all,21,edd,1.2500000593718141e-05,2009.5177322769212,909.5177322769212,0.0,11.0,5.0,0.0
c204_21,1,25,all,21,sweep,9.300001693191007e-06,18929.47021084251,749.4702108425124,1718.0,10.0,5.0,0.0
c204_21,1,25,all,21,nearest,8.859999798005447e-05,1631.0238794424115,731.0238794424115,0.0,9.0,3.0,0.0
c204_21,1,25,all,21,grasp,0.017953400001715636,1561.8244811360903,661.8244811360903,0.0,9.0,3.0,0.0
c204_21,1,25,all,21,mp_eavns,0.38979920000201673,1558.2471884744414,658.2471884744415,0.0,9.0,3.0,0.0
c204_21,2,50,depot,1,edd,2.2399999579647556e-05,15004077.873105379,1877.873105378548,0.0,22.0,1.0,15.0
c204_21,2,50,depot,1,sweep,1.3599998055724427e-05,16021156.742066648,1776.742066647351,1718.0,22.0,0.0,16.0
c204_21,2,50,depot,1,nearest,0.00025239999740733765,14006272.05770002,1776.6856541013005,259.5372045918796,19.0,1.0,14.0
c204_21,2,50,depot,1,grasp,0.04147300000113319,12007433.197380755,1651.4823839408791,388.17149968144076,19.0,1.0,12.0
c204_21,2,50,depot,1,mp_eavns,1.5027372000004107,8003319.944041288,1419.9440412884326,0.0,19.0,0.0,8.0
c204_21,2,50,phased,11,edd,2.4099997972371057e-05,2004069.526911981,1869.5269119810102,0.0,22.0,11.0,2.0
c204_21,2,50,phased,11,sweep,1.599999814061448e-05,5021175.071511293,1795.0715112927167,1718.0,22.0,11.0,5.0
c204_21,2,50,phased,11,nearest,0.0002420999990135897,16199.416370296223,1755.0143906091155,1254.4401979687107,19.0,13.0,0.0
c204_21,2,50,phased,11,grasp,0.10687510000207112,3538.625275440144,1638.6252754401442,0.0,19.0,12.0,0.0
c204_21,2,50,phased,11,mp_eavns,1.471155400002317,3322.9009136849054,1422.9009136849056,0.0,19.0,9.0,0.0
c204_21,2,50,all,21,edd,2.0600000425474718e-05,2004069.526911981,1869.5269119810102,0.0,22.0,11.0,2.0
c204_21,2,50,all,21,sweep,1.4200002624420449e-05,5021175.071511293,1795.0715112927167,1718.0,22.0,11.0,5.0
c204_21,2,50,all,21,nearest,0.0002461000003677327,16199.526916622635,1755.124936935529,1254.4401979687107,19.0,14.0,0.0
c204_21,2,50,all,21,grasp,0.15868279999995138,3409.8851053160042,1509.885105316004,0.0,19.0,10.0,0.0
c204_21,2,50,all,21,mp_eavns,2.4975760000015725,3324.877654189586,1424.8776541895857,0.0,19.0,9.0,0.0
c204_21,3,75,depot,1,edd,3.1600000511389226e-05,24006271.349148933,3171.3491489345397,0.0,31.0,7.0,24.0
c204_21,3,75,depot,1,sweep,1.840000186348334e-05,22023163.500060245,2483.5000602466193,1758.0,31.0,0.0,22.0
c204_21,3,75,depot,1,nearest,0.0005085999982838985,19018019.03286167,2495.1647309817868,1272.3868130686353,28.0,1.0,19.0
c204_21,3,75,depot,1,grasp,0.11843330000192509,17010757.56928408,2573.033343917935,538.4535940164103,28.0,2.0,17.0
c204_21,3,75,depot,1,mp_eavns,3.1287172000011196,11004836.24251274,2136.2425127397805,0.0,27.0,1.0,11.0
c204_21,3,75,phased,16,edd,3.650000144261867e-05,4006297.542752518,3197.542752518027,0.0,31.0,25.0,4.0
c204_21,3,75,phased,16,sweep,2.090000270982273e-05,6023194.905532344,2514.905532343801,1758.0,31.0,16.0,6.0
c204_21,3,75,phased,16,nearest,0.0004521000009845011,27958.17522754525,2485.27716309058,2267.2898064454666,28.0,18.0,0.0
c204_21,3,75,phased,16,grasp,0.2345485000005283,5265.510854670629,2465.510854670629,0.0,28.0,19.0,0.0
c204_21,3,75,phased,16,mp_eavns,7.04394179999872,4776.83431907179,2076.83431907179,0.0,27.0,13.0,0.0
c204_21,3,75,all,21,edd,3.819999983534217e-05,4006294.1133704092,3194.1133704090857,0.0,31.0,25.0,4.0
c204_21,3,75,all,21,sweep,2.1899999410379678e-05,6023194.905532344,2514.905532343801,1758.0,31.0,16.0,6.0
c204_21,3,75,all,21,nearest,0.000497900000482332,27958.28299965258,2485.384935197911,2267.2898064454666,28.0,19.0,0.0
c204_21,3,75,all,21,grasp,0.23424460000023828,6812.846261601281,2621.042862726291,139.18033988749903,28.0,19.0,0.0
c204_21,3,75,all,21,mp_eavns,8.462534900001629,4778.81105957647,2078.81105957647,0.0,27.0,13.0,0.0
c204_21,4,100,depot,1,edd,4.7599998652003706e-05,30008656.915303785,4556.915303786684,0.0,41.0,17.0,30.0
c204_21,4,100,depot,1,sweep,2.7399997634347528e-05,24024974.141947832,3194.1419478312123,1758.0,42.0,0.0,24.0
c204_21,4,100,depot,1,nearest,0.0010278999980073422,22019776.816589557,2982.9484588700657,1309.3868130686353,37.0,0.0,22.0
c204_21,4,100,depot,1,grasp,0.207172400001582,19006807.164065357,3107.1640653590152,0.0,37.0,3.0,19.0
c204_21,4,100,depot,1,mp_eavns,8.152128199999424,12006361.573282415,2661.5732824145653,0.0,37.0,0.0,12.0
c204_21,4,100,phased,21,edd,4.5099997805664316e-05,12008545.844091637,4445.844091637878,0.0,41.0,33.0,12.0
c204_21,4,100,phased,21,sweep,2.6900001103058457e-05,6025005.772523886,3225.772523885297,1758.0,42.0,18.0,6.0
c204_21,4,100,phased,21,nearest,0.0008027999974729028,2019807.97305261,3014.1049219236816,1309.3868130686353,37.0,17.0,2.0
c204_21,4,100,phased,21,grasp,0.7175631999998586,38697.15094893284,3303.3105251129737,3169.3840423819865,37.0,25.0,0.0
c204_21,4,100,phased,21,mp_eavns,13.911664100000053,6368.157602557409,2668.1576025574086,0.0,37.0,14.0,0.0
c204_21,4,100,all,21,edd,4.319999789004214e-05,12008545.844091637,4445.844091637878,0.0,41.0,33.0,12.0
c204_21,4,100,all,21,sweep,2.719999974942766e-05,6025005.772523886,3225.772523885297,1758.0,42.0,18.0,6.0
c204_21,4,100,all,21,nearest,0.0008909999996831175,2019807.97305261,3014.1049219236816,1309.3868130686353,37.0,17.0,2.0
c204_21,4,100,all,21,grasp,0.61024019999968,7571.801181296825,3330.379825059514,54.142135623731065,37.0,26.0,0.0
c204_21,4,100,all,21,mp_eavns,15.808085000000574,6369.573718276266,2669.5737182762655,0.0,37.0,14.0,0.0
c205_21,1,25,depot,1,edd,1.469999915570952e-05,6001577.627972007,677.6279720071894,0.0,9.0,0.0,6.0
c205_21,1,25,depot,1,sweep,8.900002285372466e-06,5037734.252289691,737.7009562438066,3599.655133344704,10.0,0.0,5.0
c205_21,1,25,depot,1,nearest,9.759999738889746e-05,5001624.034325743,724.0343257430171,0.0,9.0,0.0,5.0
c205_21,1,25,depot,1,grasp,0.00883619999876828,3008434.367655319,755.3300460641466,677.9037609254924,9.0,1.0,3.0
c205_21,1,25,depot,1,mp_eavns,0.17463660000066739,3001537.0128597342,637.0128597340371,0.0,9.0,0.0,3.0
c205_21,1,25,phased,6,edd,1.2900000001536682e-05,1583.4693437267774,683.4693437267774,0.0,9.0,4.0,0.0
c205_21,1,25,phased,6,sweep,9.69999746303074e-06,37746.02154428956,749.4702108425124,3599.655133344704,10.0,5.0,0.0
c205_21,1,25,phased,6,nearest,8.130000060191378e-05,12263.41431898792,730.4044653259155,1063.3009853662004,9.0,3.0,0.0
c205_21,1,25,phased,6,grasp,0.014710900002683047,1614.2737491060675,714.2737491060674,0.0,9.0,3.0,0.0
c205_21,1,25,phased,6,mp_eavns,0.32348819999970146,1579.789776772679,679.789776772679,0.0,9.0,4.0,0.0
c205_21,1,25,all,21,edd,1.089999932446517e-05,1583.4693437267774,683.4693437267774,0.0,9.0,4.0,0.0
c205_21,1,25,all,21,sweep,9.099996532313526e-06,37746.02154428956,749.4702108425124,3599.655133344704,10.0,5.0,0.0
c205_21,1,25,all,21,nearest,7.499999992433004e-05,12262.71940792852,729.7095542665155,1063.3009853662004,9.0,3.0,0.0
c205_21,1,25,all,21,grasp,0.015268299997842405,1831.941385438282,831.9413854382819,0.0,10.0,5.0,0.0
c205_21,1,25,all,21,mp_eavns,0.47541289999935543,1579.789776772679,679.789776772679,0.0,9.0,4.0,0.0
c205_21,2,50,depot,1,edd,1.9099999917671084e-05,24004564.684254054,2364.6842540539556,0.0,22.0,3.0,24.0
c205_21,2,50,depot,1,sweep,1.2799999240087345e-05,16050865.130904056,1776.742066647351,4688.838883740962,22.0,0.0,16.0
c205_21,2,50,depot,1,nearest,0.0002378999997745268,14017978.692417977,1775.371328925405,1430.3321089052833,19.0,1.0,14.0
c205_21,2,50,depot,1,grasp,0.05336849999730475,10095432.47706505,1749.9673956787856,9178.250966936997,19.0,2.0,10.0
c205_21,2,50,depot,1,mp_eavns,1.4556918000016594,9003301.290174304,1401.2901743028747,0.0,19.0,0.0,9.0
c205_21,2,50,phased,11,edd,2.1500000002561137e-05,3004516.06143341,2316.061433409991,0.0,22.0,15.0,3.0
c205_21,2,50,phased,11,sweep,1.6400001186411828e-05,5050883.460348702,1795.0715112927167,4688.838883740962,22.0,11.0,5.0
c205_21,2,50,phased,11,nearest,0.0002454999994370155,34913.69565237755,1753.7000654332196,3125.9995586944333,19.0,13.0,0.0
c205_21,2,50,phased,11,grasp,0.1509888000000501,28363.65856336917,1834.2688497679194,2452.938971360125,20.0,13.0,0.0
c205_21,2,50,phased,11,mp_eavns,2.216329199996835,3407.1100577787793,1507.1100577787793,0.0,19.0,10.0,0.0
c205_21,2,50,all,21,edd,2.0699997548945248e-05,3004515.366522351,2315.3665223505914,0.0,22.0,15.0,3.0
c205_21,2,50,all,21,sweep,1.6100002540042624e-05,5050883.460348702,1795.0715112927167,4688.838883740962,22.0,11.0,5.0
c205_21,2,50,all,21,nearest,0.0002555999999458436,34909.043182759015,1753.810611759633,3125.5232570999383,19.0,14.0,0.0
c205_21,2,50,all,21,grasp,0.23190020000038203,27450.786662493494,1925.8618793001563,2352.4924783193337,20.0,14.0,0.0
c205_21,2,50,all,21,mp_eavns,3.264667700001155,3424.769435767952,1524.769435767952,0.0,19.0,10.0,0.0
c205_21,3,75,depot,1,edd,2.8200000087963417e-05,43007296.4660359,3996.4660359028803,0.0,33.0,7.0,43.0
c205_21,3,75,depot,1,sweep,1.8599999748403206e-05,22052631.888897657,2483.5000602466193,4704.838883740962,31.0,0.0,22.0
c205_21,3,75,depot,1,nearest,0.0005564999992202502,19024843.008117747,2493.85040580589,1954.9157711939154,28.0,1.0,19.0
c205_21,3,75,depot,1,grasp,0.18690459999925224,18051172.87659904,2591.55708249605,4578.131951654337,28.0,3.0,18.0
c205_21,3,75,depot,1,mp_eavns,3.7921461000005365,12004795.909488812,2095.9094888120403,0.0,27.0,0.0,12.0
c205_21,3,75,phased,16,edd,3.550000110408291e-05,3007268.9130050363,3968.9130050364383,0.0,33.0,34.0,3.0
c205_21,3,75,phased,16,sweep,2.380000296398066e-05,6052663.294369753,2514.905532343801,4704.838883740962,31.0,16.0,6.0
c205_21,3,75,phased,16,nearest,0.0005290999979479238,45805.209040002024,2483.962837914684,4052.1246202087345,28.0,18.0,0.0
c205_21,3,75,phased,16,grasp,0.334692599997652,44023.030239299376,2606.8876438955717,3861.6142595403803,28.0,20.0,0.0
c205_21,3,75,phased,16,mp_eavns,6.683339300001535,5023.807742769209,2223.8077427692087,0.0,28.0,14.0,0.0
c205_21,3,75,all,21,edd,2.6599998818710446e-05,3007268.218093977,3968.2180939770383,0.0,33.0,34.0,3.0
c205_21,3,75,all,21,sweep,2.0799998310394585e-05,6052663.294369753,2514.905532343801,4704.838883740962,31.0,16.0,6.0
c205_21,3,75,all,21,nearest,0.0005072999992989935,45800.526053973575,2484.070610022015,4051.6455443951563,28.0,19.0,0.0
c205_21,3,75,all,21,grasp,0.44288760000199545,58213.18906151292,2550.1256925639586,5296.306336894896,27.0,23.0,0.0
c205_21,3,75,all,21,mp_eavns,8.435150199999043,4997.003034463014,2197.0030344630145,0.0,28.0,13.0,0.0
c205_21,4,100,depot,1,edd,2.89999989036005e-05,46009153.485617295,5053.48561729618,0.0,41.0,15.0,46.0
c205_21,4,100,depot,1,sweep,2.2399999579647556e-05,24082049.393127624,3194.1419478312123,7465.525117979273,42.0,0.0,24.0
c205_21,4,100,depot,1,nearest,0.0008446000028925482,22120536.11435673,3177.5577127025667,11365.855664402805,37.0,3.0,22.0
c205_21,4,100,depot,1,grasp,0.3384041999997862,21137996.39560216,3375.5532242150844,13092.084237794388,37.0,2.0,21.0
c205_21,4,100,depot,1,mp_eavns,5.674181100002897,13006371.21382668,2671.213826680702,0.0,37.0,0.0,13.0
c205_21,4,100,phased,21,edd,4.2400002712383866e-05,2009061.6303566424,4961.630356642317,0.0,41.0,48.0,2.0
c205_21,4,100,phased,21,sweep,3.1600000511389226e-05,6082081.023703678,3225.772523885297,7465.525117979273,42.0,18.0,6.0
c205_21,4,100,phased,21,nearest,0.0008299999972223304,3129068.4689302864,3171.6900918628203,12219.677883842347,37.0,20.0,3.0
c205_21,4,100,phased,21,grasp,1.0020201999977871,83922.45588933473,3405.077339287218,7681.737855004751,37.0,27.0,0.0
c205_21,4,100,phased,21,mp_eavns,15.364458200001536,6509.168978649972,2809.1689786499715,0.0,37.0,16.0,0.0
c205_21,4,100,all,21,edd,3.460000152699649e-05,2009061.6303566424,4961.630356642317,0.0,41.0,48.0,2.0
c205_21,4,100,all,21,sweep,3.80000019504223e-05,6082081.023703678,3225.772523885297,7465.525117979273,42.0,18.0,6.0
c205_21,4,100,all,21,nearest,0.0008067000017035753,3129068.4689302864,3171.6900918628203,12219.677883842347,37.0,20.0,3.0
c205_21,4,100,all,21,grasp,1.0892864999987069,139413.9064926801,3304.156724928962,13230.974976775115,38.0,22.0,0.0
c205_21,4,100,all,21,mp_eavns,13.402035900002375,6495.808831509054,2795.808831509053,0.0,37.0,15.0,0.0
c205C10,1,3,depot,1,edd,5.099998816149309e-06,2000383.7184947196,183.71849471949812,0.0,2.0,0.0,2.0
c205C10,1,3,depot,1,sweep,2.5000008463393897e-06,2000383.7184947196,183.71849471949812,0.0,2.0,0.0,2.0
c205C10,1,3,depot,1,nearest,9.800001862458885e-06,2000383.7184947196,183.71849471949812,0.0,2.0,0.0,2.0
c205C10,1,3,depot,1,grasp,0.00020960000256309286,1000331.3324384453,131.33243844532697,0.0,2.0,0.0,1.0
c205C10,1,3,depot,1,mp_eavns,0.003432299999985844,1000331.3324384453,131.33243844532697,0.0,2.0,0.0,1.0
c205C10,1,3,phased,2,edd,2.6000016077887267e-06,383.88457199472884,183.88457199472887,0.0,2.0,2.0,0.0
c205C10,1,3,phased,2,sweep,2.2000021999701858e-06,383.88457199472884,183.88457199472887,0.0,2.0,2.0,0.0
c205C10,1,3,phased,2,nearest,6.199999916134402e-06,383.88457199472884,183.88457199472887,0.0,2.0,2.0,0.0
c205C10,1,3,phased,2,grasp,0.0002542000001994893,331.37705878588423,131.37705878588423,0.0,2.0,1.0,0.0
c205C10,1,3,phased,2,mp_eavns,0.00423159999991185,331.37705878588423,131.37705878588423,0.0,2.0,1.0,0.0
c205C10,1,3,all,3,edd,2.9999973776284605e-06,383.88457199472884,183.88457199472887,0.0,2.0,2.0,0.0
c205C10,1,3,all,3,sweep,6.500002200482413e-06,383.88457199472884,183.88457199472887,0.0,2.0,2.0,0.0
c205C10,1,3,all,3,nearest,6.399997801054269e-06,383.88457199472884,183.88457199472887,0.0,2.0,2.0,0.0
c205C10,1,3,all,3,grasp,0.0002533000006224029,331.37705878588423,131.37705878588423,0.0,2.0,1.0,0.0
c205C10,1,3,all,3,mp_eavns,0.0046641000008094124,331.37705878588423,131.37705878588423,0.0,2.0,1.0,0.0
c205C10,2,5,depot,1,edd,3.4000004234258085e-06,3000496.9015760873,296.90157608720335,0.0,2.0,0.0,3.0
c205C10,2,5,depot,1,sweep,3.0000010156072676e-06,3000460.461137458,260.4611374581373,0.0,2.0,0.0,3.0
c205C10,2,5,depot,1,nearest,1.0399999155197293e-05,3032141.350529297,277.2124027817481,3166.4138126514913,2.0,0.0,3.0
c205C10,2,5,depot,1,grasp,0.0005936999987170566,3008980.700379294,262.641943278774,851.8058436014985,2.0,0.0,3.0
c205C10,2,5,depot,1,mp_eavns,0.012120999999751803,2000528.0733894422,228.07338944224168,0.0,3.0,0.0,2.0
c205C10,2,5,phased,2,edd,3.6999990697950125e-06,3000496.9015760873,296.90157608720335,0.0,2.0,0.0,3.0
c205C10,2,5,phased,2,sweep,3.0999981390777975e-06,2000460.5825943928,260.58259439281073,0.0,2.0,1.0,2.0
c205C10,2,5,phased,2,nearest,1.0200001270277426e-05,2032141.3951496372,277.2570231223054,3166.4138126514913,2.0,1.0,2.0
c205C10,2,5,phased,2,grasp,0.0007030000015220139,1019394.059227009,267.2859230162732,1892.6773303992632,2.0,2.0,1.0
c205C10,2,5,phased,2,mp_eavns,0.015717800000857096,1000528.1180097827,228.11800978279896,0.0,3.0,1.0,1.0
c205C10,2,5,all,3,edd,4.999998054699972e-06,3000496.9015760873,296.90157608720335,0.0,2.0,0.0,3.0
c205C10,2,5,all,3,sweep,4.899997293250635e-06,2000460.5825943928,260.58259439281073,0.0,2.0,1.0,2.0
c205C10,2,5,all,3,nearest,1.1500000255182385e-05,2032141.3951496372,277.2570231223054,3166.4138126514913,2.0,1.0,2.0
c205C10,2,5,all,3,grasp,0.0006819999980507419,7163.071361906834,271.9000909995099,669.1171270907323,2.0,3.0,0.0
c205C10,2,5,all,3,mp_eavns,0.016267300001345575,475.82523686836544,275.82523686836544,0.0,2.0,3.0,0.0
c205C10,3,8,depot,1,edd,5.300000339047983e-06,3000653.6293059206,353.629305920788,0.0,3.0,1.0,3.0
c205C10,3,8,depot,1,sweep,3.7999998312443495e-06,3008476.605322997,335.77486326123926,784.0830459735946,3.0,0.0,3.0
c205C10,3,8,depot,1,nearest,1.809999957913533e-05,3032316.6642551,352.5261285848501,3166.4138126514913,3.0,0.0,3.0
c205C10,3,8,depot,1,grasp,0.0010751000008895062,3016492.8343557906,426.0954651693169,1576.6738890621355,3.0,1.0,3.0
c205C10,3,8,depot,1,mp_eavns,0.02460599999903934,2000550.4548173537,250.45481735381014,0.0,3.0,0.0,2.0
c205C10,3,8,phased,3,edd,4.399997123982757e-06,2000659.152055247,359.1520552470242,0.0,3.0,2.0,2.0
c205C10,3,8,phased,3,sweep,4.099998477613553e-06,2008476.726779932,335.8963201959127,784.0830459735946,3.0,1.0,2.0
c205C10,3,8,phased,3,nearest,1.4799999917158857e-05,2032316.7088754403,352.5707489254074,3166.4138126514913,3.0,1.0,2.0
c205C10,3,8,phased,3,grasp,0.0012893000020994805,7365.442106039327,369.52387012481745,669.591823591451,3.0,3.0,0.0
c205C10,3,8,phased,3,mp_eavns,0.030542099997546757,584.6649262411047,284.6649262411047,0.0,3.0,2.0,0.0
c205C10,3,8,all,3,edd,5.899997631786391e-06,2000659.152055247,359.1520552470242,0.0,3.0,2.0,2.0
c205C10,3,8,all,3,sweep,6.400001439033076e-06,2008476.726779932,335.8963201959127,784.0830459735946,3.0,1.0,2.0
c205C10,3,8,all,3,nearest,1.799999881768599e-05,2032316.7088754403,352.5707489254074,3166.4138126514913,3.0,1.0,2.0
c205C10,3,8,all,3,grasp,0.0012606999989657197,15604.906992477278,368.711192789568,1493.619579968771,3.0,3.0,0.0
c205C10,3,8,all,3,mp_eavns,0.03227360000164481,584.6649262411047,284.6649262411047,0.0,3.0,2.0,0.0
c205C10,4,10,depot,1,edd,6.099999154685065e-06,3000880.02825245,480.02825244966346,0.0,4.0,2.0,3.0
c205C10,4,10,depot,1,sweep,4.0000013541430235e-06,3008648.790891806,407.96043207012605,784.0830459735946,4.0,0.0,3.0
c205C10,4,10,depot,1,nearest,2.519999907235615e-05,4032539.4488062207,475.31067970569495,3166.4138126514913,4.0,1.0,4.0
c205C10,4,10,depot,1,grasp,0.0012270000006537884,2025714.3911001582,352.1331461132381,2496.2257954045053,4.0,0.0,2.0
c205C10,4,10,depot,1,mp_eavns,0.033668500000203494,2000722.6403861628,322.6403861626969,0.0,4.0,0.0,2.0
c205C10,4,10,phased,3,edd,6.70000008540228e-06,1000848.5403302485,448.54033024850094,0.0,4.0,3.0,1.0
c205C10,4,10,phased,3,sweep,5.900001269765198e-06,2008648.9123487407,408.0818890047995,784.0830459735946,4.0,1.0,2.0
c205C10,4,10,phased,3,nearest,2.1800002286909148e-05,2032507.8840474254,443.74592091041626,3166.4138126514913,4.0,2.0,2.0
c205C10,4,10,phased,3,grasp,0.0013316000004124362,856.4009789670575,456.40097896705754,0.0,4.0,4.0,0.0
c205C10,4,10,phased,3,mp_eavns,0.044181199999002274,756.8504950499914,356.8504950499915,0.0,4.0,2.0,0.0
c205C10,4,10,all,3,edd,6.900001608300954e-06,1000848.5403302485,448.54033024850094,0.0,4.0,3.0,1.0
c205C10,4,10,all,3,sweep,6.599999323952943e-06,2008648.9123487407,408.0818890047995,784.0830459735946,4.0,1.0,2.0
c205C10,4,10,all,3,nearest,2.260000110254623e-05,2032507.8840474254,443.74592091041626,3166.4138126514913,4.0,2.0,2.0
c205C10,4,10,all,3,grasp,0.0014249000014388002,4219.456762306343,406.72238954132064,341.27343727650225,4.0,3.0,0.0
c205C10,4,10,all,3,mp_eavns,0.04098130000056699,756.8504950499914,356.8504950499915,0.0,4.0,2.0,0.0
c206_21,1,25,depot,1,edd,9.499999578110874e-06,6001580.709357634,680.709357634103,0.0,9.0,0.0,6.0
c206_21,1,25,depot,1,sweep,7.200000254670158e-06,5030324.252289691,737.7009562438066,2858.655133344704,10.0,0.0,5.0
c206_21,1,25,depot,1,nearest,7.609999738633633e-05,5001625.348650919,725.348650918913,0.0,9.0,0.0,5.0
c206_21,1,25,depot,1,grasp,0.007923000001028413,5001819.475498243,819.4754982433764,0.0,10.0,0.0,5.0
c206_21,1,25,depot,1,mp_eavns,0.22479840000232798,3001616.6602642485,716.6602642486091,0.0,9.0,1.0,3.0
c206_21,1,25,phased,6,edd,1.1800002539530396e-05,1586.550729353691,686.5507293536909,0.0,9.0,4.0,0.0
c206_21,1,25,phased,6,sweep,9.60000033956021e-06,30336.021544289553,749.4702108425124,2858.655133344704,10.0,5.0,0.0
c206_21,1,25,phased,6,nearest,7.519999780924991e-05,9164.728644163815,731.7187905018114,753.3009853662004,9.0,3.0,0.0
c206_21,1,25,phased,6,grasp,0.013747299999522511,1614.347075113056,714.347075113056,0.0,9.0,5.0,0.0
c206_21,1,25,phased,6,mp_eavns,0.3667091999996046,1572.638080690605,672.638080690605,0.0,9.0,4.0,0.0
c206_21,1,25,all,21,edd,1.1100000847363845e-05,1586.550729353691,686.5507293536909,0.0,9.0,4.0,0.0
c206_21,1,25,all,21,sweep,9.199997293762863e-06,30336.021544289553,749.4702108425124,2858.655133344704,10.0,5.0,0.0
c206_21,1,25,all,21,nearest,7.60000002628658e-05,9164.033733104416,731.0238794424115,753.3009853662004,9.0,3.0,0.0
c206_21,1,25,all,21,grasp,0.02008380000188481,3691.438612238285,806.1144341102795,188.53241781280053,10.0,5.0,0.0
c206_21,1,25,all,21,mp_eavns,0.39051560000007157,1550.7404401740741,650.740440174074,0.0,9.0,3.0,0.0
c206_21,2,50,depot,1,edd,1.6499998309882358e-05,19004252.034856535,2152.0348565371783,0.0,21.0,4.0,19.0
c206_21,2,50,depot,1,sweep,1.179999890155159e-05,16034029.912437992,1776.742066647351,3005.317037134395,22.0,0.0,16.0
c206_21,2,50,depot,1,nearest,0.00021969999943394214,14011114.634697236,1776.6856541013005,743.7949043134038,19.0,1.0,14.0
c206_21,2,50,depot,1,grasp,0.06432149999818648,13029041.663743395,1680.0850878579029,2546.1578655537137,19.0,1.0,13.0
c206_21,2,50,depot,1,mp_eavns,1.065175799998542,7003362.964415147,1462.9644151471955,0.0,19.0,1.0,7.0
c206_21,2,50,phased,11,edd,2.9400001949397847e-05,2004214.2717912064,2114.2717912065464,0.0,21.0,16.0,2.0
c206_21,2,50,phased,11,sweep,1.979999797185883e-05,5034048.241882636,1795.0715112927167,3005.317037134395,22.0,11.0,5.0
c206_21,2,50,phased,11,nearest,0.0002806000011332799,22061.36181530783,1755.0143906091155,1840.6347424698715,19.0,13.0,0.0
c206_21,2,50,phased,11,grasp,0.1849538999995275,19035.95557003915,1808.0698921649735,1532.7885677874176,19.0,14.0,0.0
c206_21,2,50,phased,11,mp_eavns,2.235166099999333,3336.019305774661,1436.019305774661,0.0,19.0,9.0,0.0
c206_21,2,50,all,21,edd,2.1299998479662463e-05,2004213.5768801472,2113.5768801471468,0.0,21.0,16.0,2.0
c206_21,2,50,all,21,sweep,1.680000059423037e-05,5034048.241882636,1795.0715112927167,3005.317037134395,22.0,11.0,5.0
c206_21,2,50,all,21,nearest,0.00025969999842345715,22056.70934568929,1755.124936935529,1840.1584408753763,19.0,14.0,0.0
c206_21,2,50,all,21,grasp,0.21155759999965085,14750.686901692856,1899.4559792277673,1095.1230922465088,19.0,15.0,0.0
c206_21,2,50,all,21,mp_eavns,2.539235899999767,3321.797260137546,1421.7972601375461,0.0,19.0,8.0,0.0
c206_21,3,75,depot,1,edd,2.7399997634347528e-05,31006597.13537558,3497.1353755834657,0.0,31.0,10.0,31.0
c206_21,3,75,depot,1,sweep,1.9000002794200554e-05,22035636.67043159,2483.5000602466193,3005.317037134395,31.0,0.0,22.0
c206_21,3,75,depot,1,nearest,0.0005055000001448207,19017304.322442923,2495.1647309817868,1200.9157711939154,28.0,1.0,19.0
c206_21,3,75,depot,1,grasp,0.15421209999840357,16040842.496053195,2615.1765301487476,3542.73195230459,28.0,3.0,16.0
c206_21,3,75,depot,1,mp_eavns,4.256092399999034,10004907.673259778,2107.6732597777204,0.0,28.0,1.0,10.0
c206_21,3,75,phased,16,edd,3.429999924264848e-05,3006561.2530732783,3461.2530732782825,0.0,31.0,31.0,3.0
c206_21,3,75,phased,16,sweep,2.1600000764010474e-05,6035668.075903688,2514.905532343801,3005.317037134395,31.0,16.0,6.0
c206_21,3,75,phased,16,nearest,0.0004919999992125668,30138.247248851098,2485.27716309058,2485.2970085760517,28.0,18.0,0.0
c206_21,3,75,phased,16,grasp,0.37585369999942486,34239.70325000533,2687.5979771560233,2865.2105272849312,29.0,20.0,0.0
c206_21,3,75,phased,16,mp_eavns,6.8202541999999085,4873.322097841185,2073.322097841184,0.0,28.0,12.0,0.0
c206_21,3,75,all,21,edd,4.4299998990027234e-05,3006560.558162219,3460.5581622188824,0.0,31.0,31.0,3.0
c206_21,3,75,all,21,sweep,2.099999983329326e-05,6035668.075903688,2514.905532343801,3005.317037134395,31.0,16.0,6.0
c206_21,3,75,all,21,nearest,0.0005368999991333112,30133.564262822652,2485.384935197911,2484.817932762474,28.0,19.0,0.0
c206_21,3,75,all,21,grasp,0.4543876999996428,50040.020629388375,2741.919899417531,4439.810072997085,29.0,21.0,0.0
c206_21,3,75,all,21,mp_eavns,7.676249900003313,4784.702118212294,2084.7021182122944,0.0,27.0,12.0,0.0
c206_21,4,100,depot,1,edd,2.9499999072868377e-05,36008594.12578186,4594.125781854831,0.0,40.0,12.0,36.0
c206_21,4,100,depot,1,sweep,2.0600000425474718e-05,24057427.215136643,3194.1419478312123,5003.307318881273,42.0,0.0,24.0
c206_21,4,100,depot,1,nearest,0.0007796999998390675,22095879.973161586,3173.482073714376,8900.64910878707,37.0,3.0,22.0
c206_21,4,100,depot,1,grasp,0.28677459999744315,21073670.18625984,3157.7864457779287,6681.23998140611,37.0,3.0,21.0
c206_21,4,100,depot,1,mp_eavns,6.499900599999819,11006422.257314162,2722.257314162805,0.0,37.0,1.0,11.0
c206_21,4,100,phased,21,edd,5.610000152955763e-05,5008607.069434294,4607.069434293243,0.0,40.0,37.0,5.0
c206_21,4,100,phased,21,sweep,4.199999966658652e-05,6057458.845712698,3225.772523885297,5003.307318881273,42.0,18.0,6.0
c206_21,4,100,phased,21,nearest,0.0015013999982329551,3099722.327735141,3167.614452874629,9285.471328226615,37.0,20.0,3.0
c206_21,4,100,phased,21,grasp,0.856474000000162,80503.46359679988,3493.248906704056,7321.021469009582,38.0,28.0,0.0
c206_21,4,100,phased,21,mp_eavns,18.721545500000502,6361.933790262234,2661.9337902622333,0.0,37.0,14.0,0.0
c206_21,4,100,all,21,edd,6.719999873894267e-05,5008607.069434294,4607.069434293243,0.0,40.0,37.0,5.0
c206_21,4,100,all,21,sweep,6.269999721553177e-05,6057458.845712698,3225.772523885297,5003.307318881273,42.0,18.0,6.0
c206_21,4,100,all,21,nearest,0.0019732000000658445,3099722.327735141,3167.614452874629,9285.471328226615,37.0,20.0,3.0
c206_21,4,100,all,21,grasp,0.9122974999991129,81301.018508783,3480.7383318503666,7402.028017693264,38.0,26.0,0.0
c206_21,4,100,all,21,mp_eavns,12.093284800001129,6338.249556626558,2638.249556626558,0.0,37.0,13.0,0.0
c206C5,1,2,depot,1,edd,9.499999578110874e-06,1000200.0141053448,100.0141053448006,0.0,1.0,0.0,1.0
c206C5,1,2,depot,1,sweep,3.6999990697950125e-06,1007948.8830095744,100.0141053448006,774.886890422961,1.0,0.0,1.0
c206C5,1,2,depot,1,nearest,1.6199999663513154e-05,1000200.0141053448,100.0141053448006,0.0,1.0,0.0,1.0
c206C5,1,2,depot,1,grasp,0.0002781000002869405,1000200.0141053448,100.0141053448006,0.0,1.0,0.0,1.0
c206C5,1,2,depot,1,mp_eavns,0.004991099998733262,338.2544298436792,138.2544298436792,0.0,2.0,0.0,0.0
c206C5,1,2,phased,2,edd,4.800000169780105e-06,207.73971555800023,107.73971555800023,0.0,1.0,1.0,0.0
c206C5,1,2,phased,2,sweep,5.300000339047983e-06,1007948.8830095744,100.0141053448006,774.886890422961,1.0,0.0,1.0
c206C5,1,2,phased,2,nearest,9.499999578110874e-06,207.73971555800023,107.73971555800023,0.0,1.0,1.0,0.0
c206C5,1,2,phased,2,grasp,0.00032330000249203295,207.73971555800023,107.73971555800023,0.0,1.0,1.0,0.0
c206C5,1,2,phased,2,mp_eavns,0.0023017999992589466,207.73971555800023,107.73971555800023,0.0,1.0,1.0,0.0
c206C5,1,2,all,4,edd,5.300000339047983e-06,207.73971555800023,107.73971555800023,0.0,1.0,1.0,0.0
c206C5,1,2,all,4,sweep,5.300000339047983e-06,7951.075028938112,102.20612470850206,774.886890422961,1.0,1.0,0.0
c206C5,1,2,all,4,nearest,9.60000033956021e-06,207.73971555800023,107.73971555800023,0.0,1.0,1.0,0.0
c206C5,1,2,all,4,grasp,0.00040470000021741726,207.73971555800023,107.73971555800023,0.0,1.0,1.0,0.0
c206C5,1,2,all,4,mp_eavns,0.002910100000008242,207.73971555800023,107.73971555800023,0.0,1.0,1.0,0.0
c206C5,2,3,depot,1,edd,5.100002454128116e-06,2000237.5402460347,137.54024603470833,0.0,1.0,0.0,2.0
c206C5,2,3,depot,1,sweep,3.2999996619764715e-06,2007982.2214608865,133.35255665688516,774.886890422961,1.0,0.0,2.0
c206C5,2,3,depot,1,nearest,1.3600001693703234e-05,2000237.5402460347,137.54024603470833,0.0,1.0,0.0,2.0
c206C5,2,3,depot,1,grasp,0.00022309999985736795,1008997.2856718872,171.59288115576373,872.5692790731414,1.0,1.0,1.0
c206C5,2,3,depot,1,mp_eavns,0.004968799999915063,1000371.5928811558,171.5928811557638,0.0,2.0,0.0,1.0
c206C5,2,3,phased,3,edd,6.300000677583739e-06,245.094631569199,145.094631569199,0.0,1.0,1.0,0.0
c206C5,2,3,phased,3,sweep,6.399997801054269e-06,7993.818665776413,144.9497615468024,774.886890422961,1.0,1.0,0.0
c206C5,2,3,phased,3,nearest,1.219999830937013e-05,245.094631569199,145.094631569199,0.0,1.0,1.0,0.0
c206C5,2,3,phased,3,grasp,0.00048299999980372377,245.094631569199,145.094631569199,0.0,1.0,1.0,0.0
c206C5,2,3,phased,3,mp_eavns,0.005285400002321694,245.094631569199,145.094631569199,0.0,1.0,1.0,0.0
c206C5,2,3,all,4,edd,5.800000508315861e-06,245.094631569199,145.094631569199,0.0,1.0,1.0,0.0
c206C5,2,3,all,4,sweep,5.100002454128116e-06,7993.818665776413,144.9497615468024,774.886890422961,1.0,1.0,0.0
c206C5,2,3,all,4,nearest,1.0099996870849282e-05,245.094631569199,145.094631569199,0.0,1.0,1.0,0.0
c206C5,2,3,all,4,grasp,0.00026330000036978163,245.094631569199,145.094631569199,0.0,1.0,1.0,0.0
c206C5,2,3,all,4,mp_eavns,0.00459709999995539,245.094631569199,145.094631569199,0.0,1.0,1.0,0.0
c206C5,3,4,depot,1,edd,7.700000423938036e-06,3000314.3270014455,214.32700144562762,0.0,1.0,0.0,3.0
c206C5,3,4,depot,1,sweep,9.700001101009548e-06,3008018.2585248384,169.38962060891717,774.886890422961,1.0,0.0,3.0
c206C5,3,4,depot,1,nearest,1.6599999071331695e-05,3000304.904968315,204.90496831483273,0.0,1.0,0.0,3.0
c206C5,3,4,depot,1,grasp,0.001805900003091665,1009062.06221085,236.36942011857033,872.5692790731414,1.0,2.0,1.0
c206C5,3,4,depot,1,mp_eavns,0.015056899999763118,1000436.3694201185,236.36942011857036,0.0,2.0,1.0,1.0
c206C5,3,4,phased,4,edd,7.300001016119495e-06,3000314.3270014455,214.32700144562762,0.0,1.0,0.0,3.0
c206C5,3,4,phased,4,sweep,7.599999662488699e-06,1009332.330585224,180.9868254988344,905.1343759725085,1.0,1.0,1.0
c206C5,3,4,phased,4,nearest,1.559999873279594e-05,310.9328751133294,210.93287511332937,0.0,1.0,2.0,0.0
c206C5,3,4,phased,4,grasp,0.0024825000000419095,310.9328751133294,210.93287511332937,0.0,1.0,2.0,0.0
c206C5,3,4,phased,4,mp_eavns,0.02093539999987115,310.9328751133294,210.93287511332937,0.0,1.0,2.0,0.0
c206C5,3,4,all,4,edd,8.200000593205914e-06,3000314.3270014455,214.32700144562762,0.0,1.0,0.0,3.0
c206C5,3,4,all,4,sweep,1.0100000508828089e-05,1009332.330585224,180.9868254988344,905.1343759725085,1.0,1.0,1.0
c206C5,3,4,all,4,nearest,1.630000042496249e-05,310.9328751133294,210.93287511332937,0.0,1.0,2.0,0.0
c206C5,3,4,all,4,grasp,0.001107599997340003,310.9328751133294,210.93287511332937,0.0,1.0,2.0,0.0
c206C5,3,4,all,4,mp_eavns,0.018901699997513788,310.9328751133294,210.93287511332937,0.0,1.0,2.0,0.0
c206C5,4,5,depot,1,edd,8.800001523923129e-06,4000476.3373197434,276.3373197434635,0.0,2.0,0.0,4.0
c206C5,4,5,depot,1,sweep,5.500001861946657e-06,3008149.8813014403,201.01239721060094,774.886890422961,2.0,0.0,3.0
c206C5,4,5,depot,1,nearest,2.2500000341096893e-05,4000455.902501131,255.90250113084048,0.0,2.0,0.0,4.0
c206C5,4,5,depot,1,grasp,0.0013126000012562145,1009193.6849874516,267.9921967202541,872.5692790731414,2.0,2.0,1.0
c206C5,4,5,depot,1,mp_eavns,0.026451100002304884,1000567.9921967202,267.9921967202541,0.0,3.0,1.0,1.0
c206C5,4,5,phased,4,edd,5.800000508315861e-06,2000483.8917052778,283.8917052779542,0.0,2.0,1.0,2.0
c206C5,4,5,phased,4,sweep,4.999998054699972e-06,1009463.9533618256,212.60960210051817,905.1343759725085,2.0,1.0,1.0
c206C5,4,5,phased,4,nearest,1.21000011858996e-05,3000456.3329305826,256.3329305823859,0.0,2.0,1.0,3.0
c206C5,4,5,phased,4,grasp,0.0011478000014903955,442.55565171501314,242.55565171501314,0.0,2.0,2.0,0.0
c206C5,4,5,phased,4,mp_eavns,0.024965599997813115,442.55565171501314,242.55565171501314,0.0,2.0,2.0,0.0
c206C5,4,5,all,4,edd,5.999998393235728e-06,2000483.8917052778,283.8917052779542,0.0,2.0,1.0,2.0
c206C5,4,5,all,4,sweep,6.099999154685065e-06,1009463.9533618256,212.60960210051817,905.1343759725085,2.0,1.0,1.0
c206C5,4,5,all,4,nearest,1.4599998394260183e-05,3000456.3329305826,256.3329305823859,0.0,2.0,1.0,3.0
c206C5,4,5,all,4,grasp,0.0009082999968086369,442.55565171501314,242.55565171501314,0.0,2.0,2.0,0.0
c206C5,4,5,all,4,mp_eavns,0.018542199999501463,442.55565171501314,242.55565171501314,0.0,2.0,2.0,0.0
c207_21,1,25,depot,1,edd,1.0100000508828089e-05,3001722.5553985364,722.5553985364103,0.0,10.0,0.0,3.0
c207_21,1,25,depot,1,sweep,7.300001016119495e-06,5030335.942770743,737.7009562438066,2859.8241814498588,10.0,0.0,5.0
c207_21,1,25,depot,1,nearest,8.10999990790151e-05,5001621.435393886,721.4353938861512,0.0,9.0,0.0,5.0
c207_21,1,25,depot,1,grasp,0.009054500002093846,4015527.1345263557,794.7015989515257,1383.2432927404168,9.0,1.0,4.0
c207_21,1,25,depot,1,mp_eavns,0.22012099999847123,2001555.7946499384,655.7946499383403,0.0,9.0,0.0,2.0
c207_21,1,25,phased,6,edd,1.309999788645655e-05,1730.6550658977278,730.6550658977278,0.0,10.0,3.0,0.0
c207_21,1,25,phased,6,sweep,9.800001862458885e-06,30347.712025341098,749.4702108425124,2859.8241814498588,10.0,5.0,0.0
c207_21,1,25,phased,6,nearest,7.679999907850288e-05,8470.815387131053,727.8055334690496,684.3009853662004,9.0,3.0,0.0
c207_21,1,25,phased,6,grasp,0.013342199999897275,1720.3598598498543,720.3598598498543,0.0,10.0,4.0,0.0
c207_21,1,25,phased,6,mp_eavns,0.33414339999944787,1555.318949840991,655.3189498409912,0.0,9.0,3.0,0.0
c207_21,1,25,all,21,edd,1.089999932446517e-05,1730.6550658977278,730.6550658977278,0.0,10.0,3.0,0.0
c207_21,1,25,all,21,sweep,8.900002285372466e-06,30347.712025341098,749.4702108425124,2859.8241814498588,10.0,5.0,0.0
c207_21,1,25,all,21,nearest,7.499999992433004e-05,8470.120476071654,727.1106224096496,684.3009853662004,9.0,3.0,0.0
c207_21,1,25,all,21,grasp,0.015858999999181833,2581.430140161007,723.3276434019414,95.81024967590656,9.0,4.0,0.0
c207_21,1,25,all,21,mp_eavns,0.5363279999983206,1558.2471884744411,658.2471884744411,0.0,9.0,3.0,0.0
c207_21,2,50,depot,1,edd,2.1100000594742596e-05,25004495.76777869,2295.767778692027,0.0,22.0,3.0,25.0
c207_21,2,50,depot,1,sweep,1.3100001524435356e-05,16032574.983881146,1776.742066647351,2859.8241814498588,22.0,0.0,16.0
c207_21,2,50,depot,1,nearest,0.000243499998759944,14006790.721440203,1772.772397068539,311.7949043134038,19.0,1.0,14.0
c207_21,2,50,depot,1,grasp,0.05579489999945508,11036355.742825191,1662.583183444655,3279.3159641746374,19.0,0.0,11.0
c207_21,2,50,depot,1,mp_eavns,1.7577063999997335,8003320.071964507,1420.0719645071777,0.0,19.0,0.0,8.0
c207_21,2,50,phased,11,edd,3.369999831193127e-05,11004451.64195995,2251.641959951117,0.0,22.0,13.0,11.0
c207_21,2,50,phased,11,sweep,2.6100002287421376e-05,5032593.313325792,1795.0715112927167,2859.8241814498588,22.0,11.0,5.0
c207_21,2,50,phased,11,nearest,0.0003936000030080322,15488.311102557052,1751.1011335763537,1183.7209968980699,19.0,13.0,0.0
c207_21,2,50,phased,11,grasp,0.1616186999999627,9476.354690142429,1671.0104449172127,590.5344245225217,19.0,12.0,0.0
c207_21,2,50,phased,11,mp_eavns,2.943162700001267,3331.975771363765,1431.975771363765,0.0,19.0,9.0,0.0
c207_21,2,50,all,21,edd,2.040000254055485e-05,11004451.64195995,2251.641959951117,0.0,22.0,13.0,11.0
c207_21,2,50,all,21,sweep,1.5499997971346602e-05,5032593.313325792,1795.0715112927167,2859.8241814498588,22.0,11.0,5.0
c207_21,2,50,all,21,nearest,0.00029299999732756987,15506.613250878887,1751.2116799027672,1185.540157097612,19.0,14.0,0.0
c207_21,2,50,all,21,grasp,0.2408730999995896,10143.904999911658,1624.6267864676765,661.9278213443981,19.0,11.0,0.0
c207_21,2,50,all,21,mp_eavns,3.438618799998949,3335.5675213516442,1435.5675213516445,0.0,19.0,9.0,0.0
c207_21,3,75,depot,1,edd,2.9999999242136255e-05,37006606.8501865,3406.850186493403,0.0,32.0,6.0,37.0
c207_21,3,75,depot,1,sweep,1.7000002117129043e-05,22034181.741874747,2483.5000602466193,2859.8241814498588,31.0,0.0,22.0
c207_21,3,75,depot,1,nearest,0.00048659999811206944,19013174.451048646,2491.251473949025,788.3199574698228,28.0,1.0,19.0
c207_21,3,75,depot,1,grasp,0.12164859999757027,18059732.78114164,2491.4307807917085,5454.135036084633,27.0,2.0,18.0
c207_21,3,75,depot,1,mp_eavns,4.921851899998728,11004872.417860502,2072.4178605021334,0.0,28.0,0.0,11.0
c207_21,3,75,phased,16,edd,3.859999924316071e-05,10006618.883970784,3418.8839707837915,0.0,32.0,24.0,10.0
c207_21,3,75,phased,16,sweep,2.3600001441081986e-05,6034213.147346842,2514.905532343801,2859.8241814498588,31.0,16.0,6.0
c207_21,3,75,phased,16,nearest,0.0005003999976906925,22569.82887942227,2481.363906057818,1728.8464973364453,28.0,18.0,0.0
c207_21,3,75,phased,16,grasp,0.37589239999942947,19496.72864098663,2740.0494211499486,1395.667921983668,28.0,21.0,0.0
c207_21,3,75,phased,16,mp_eavns,6.254483600001549,4851.123899919839,2151.1238999198385,0.0,27.0,13.0,0.0
c207_21,3,75,all,21,edd,4.9700000090524554e-05,12006618.656710198,3418.656710198565,0.0,32.0,23.0,12.0
c207_21,3,75,all,21,sweep,3.7500001781154424e-05,6034213.147346842,2514.905532343801,2859.8241814498588,31.0,16.0,6.0
c207_21,3,75,all,21,nearest,0.0008826000012049917,22588.100511334196,2481.471678165149,1730.6628833169048,28.0,19.0,0.0
c207_21,3,75,all,21,grasp,0.4817003999996814,17712.467286223502,2610.9476343187393,1230.1519651904762,28.0,19.0,0.0
c207_21,3,75,all,21,mp_eavns,7.765369299999293,4768.486486147704,2068.4864861477045,0.0,27.0,12.0,0.0
c207_21,4,100,depot,1,edd,3.7900001188972965e-05,40008678.44445423,4478.444454227065,0.0,42.0,10.0,40.0
c207_21,4,100,depot,1,sweep,2.429999949526973e-05,24049982.2865798,3194.1419478312123,4258.814463196737,42.0,0.0,24.0
c207_21,4,100,depot,1,nearest,0.0008488999992550816,22033843.29542999,2953.129274895754,2719.016615509456,37.0,0.0,22.0
c207_21,4,100,depot,1,grasp,0.2657619999990857,22036084.051747452,3192.8008614652153,2919.1250885986556,37.0,4.0,22.0
c207_21,4,100,depot,1,mp_eavns,8.444847399998253,12006362.740296485,2662.740296484297,0.0,37.0,0.0,12.0
c207_21,4,100,phased,21,edd,3.9999998989515007e-05,11008678.035915194,4478.035915193649,0.0,42.0,33.0,11.0
c207_21,4,100,phased,21,sweep,2.6300000172341242e-05,6050013.917155853,3225.772523885297,4258.814463196737,42.0,18.0,6.0
c207_21,4,100,phased,21,nearest,0.0008057000013650395,2035318.4001985155,2994.7047524878735,2862.369544602755,37.0,17.0,2.0
c207_21,4,100,phased,21,grasp,0.9623678999996628,60626.195106383464,3167.5183840545265,5375.867672232894,37.0,22.0,0.0
c207_21,4,100,phased,21,mp_eavns,16.583538200000476,6389.037600926393,2689.0376009263923,0.0,37.0,14.0,0.0
c207_21,4,100,all,21,edd,3.569999898900278e-05,11008678.035915194,4478.035915193649,0.0,42.0,33.0,11.0
c207_21,4,100,all,21,sweep,2.4500001018168405e-05,6050013.917155853,3225.772523885297,4258.814463196737,42.0,18.0,6.0
c207_21,4,100,all,21,nearest,0.0007894999980635475,2035318.4001985155,2994.7047524878735,2862.369544602755,37.0,17.0,2.0
c207_21,4,100,all,21,grasp,0.9289575000002515,59804.548560874435,3370.665440794668,5263.388312007976,38.0,24.0,0.0
c207_21,4,100,all,21,mp_eavns,16.31663649999973,6375.661571840243,2675.661571840243,0.0,37.0,14.0,0.0
c208_21,1,25,depot,1,edd,1.68999977177009e-05,6001577.627972007,677.6279720071894,0.0,9.0,0.0,6.0
c208_21,1,25,depot,1,sweep,1.1899999663000926e-05,5025649.3237328455,737.7009562438066,2391.1622776601685,10.0,0.0,5.0
c208_21,1,25,depot,1,nearest,8.710000111022964e-05,5001625.348650919,725.348650918913,0.0,9.0,0.0,5.0
c208_21,1,25,depot,1,grasp,0.006411200000002282,4008422.218260171,875.6700502411369,654.6548209929911,10.0,2.0,4.0
c208_21,1,25,depot,1,mp_eavns,0.20880749999923864,2001558.9053178192,658.905317819212,0.0,9.0,0.0,2.0
c208_21,1,25,phased,6,edd,1.460000203223899e-05,1583.4693437267774,683.4693437267774,0.0,9.0,4.0,0.0
c208_21,1,25,phased,6,sweep,1.0699997801566496e-05,25661.092987444197,749.4702108425124,2391.1622776601685,10.0,5.0,0.0
c208_21,1,25,phased,6,nearest,7.750000077066943e-05,5864.72864416382,731.7187905018114,423.30098536620085,9.0,3.0,0.0
c208_21,1,25,phased,6,grasp,0.01669949999995879,1609.3858270790129,709.3858270790128,0.0,9.0,5.0,0.0
c208_21,1,25,phased,6,mp_eavns,0.39745870000115247,1558.9420995338412,658.9420995338412,0.0,9.0,3.0,0.0
c208_21,1,25,all,21,edd,1.5899997379165143e-05,1583.4693437267774,683.4693437267774,0.0,9.0,4.0,0.0
c208_21,1,25,all,21,sweep,9.100000170292333e-06,25661.092987444197,749.4702108425124,2391.1622776601685,10.0,5.0,0.0
c208_21,1,25,all,21,nearest,7.619999814778566e-05,5864.033733104419,731.0238794424115,423.30098536620085,9.0,3.0,0.0
c208_21,1,25,all,21,grasp,0.02556929999991553,1799.2391790453821,734.9739018829082,16.426527716247392,9.0,4.0,0.0
c208_21,1,25,all,21,mp_eavns,0.5037114999977348,1571.943169631205,671.943169631205,0.0,9.0,4.0,0.0
c208_21,2,50,depot,1,edd,1.9499999325489625e-05,24004564.684254054,2364.6842540539556,0.0,22.0,3.0,24.0
c208_21,2,50,depot,1,sweep,1.300000076298602e-05,16027888.36484325,1776.742066647351,2391.1622776601685,22.0,0.0,16.0
c208_21,2,50,depot,1,nearest,0.000248799999098992,14007764.191439154,1776.6856541013005,408.750578505219,19.0,1.0,14.0
c208_21,2,50,depot,1,grasp,0.0690799000003608,10028795.945663704,1487.1275850320974,2540.881807867232,19.0,0.0,10.0
c208_21,2,50,depot,1,mp_eavns,1.441048699998646,8003331.712664235,1431.7126642349576,0.0,19.0,0.0,8.0
c208_21,2,50,phased,11,edd,4.400000034365803e-05,3004516.06143341,2316.061433409991,0.0,22.0,15.0,3.0
c208_21,2,50,phased,11,sweep,2.970000059576705e-05,5027906.694287894,1795.0715112927167,2391.1622776601685,22.0,11.0,5.0
c208_21,2,50,phased,11,nearest,0.00040660000013303943,14460.918557225988,1755.0143906091155,1080.5904166616872,19.0,13.0,0.0
c208_21,2,50,phased,11,grasp,0.1443915999989258,12548.966009793763,1738.2780683364717,881.0687941457293,20.0,13.0,0.0
c208_21,2,50,phased,11,mp_eavns,3.0541244999985793,3341.715077541254,1441.715077541254,0.0,19.0,9.0,0.0
c208_21,2,50,all,21,edd,2.2000000171829015e-05,3004515.366522351,2315.3665223505914,0.0,22.0,15.0,3.0
c208_21,2,50,all,21,sweep,1.6599999071331695e-05,5027906.694287894,1795.0715112927167,2391.1622776601685,22.0,11.0,5.0
c208_21,2,50,all,21,nearest,0.00022030000036465935,14456.266087607448,1755.124936935529,1080.114115067192,19.0,14.0,0.0
c208_21,2,50,all,21,grasp,0.23425399999905494,7592.543124894464,1573.4986625348372,411.9044462359627,19.0,11.0,0.0
c208_21,2,50,all,21,mp_eavns,4.113468899999134,3343.6259609025838,1443.6259609025838,0.0,19.0,9.0,0.0
c208_21,3,75,depot,1,edd,2.6600002456689253e-05,39007151.68626437,3851.686264373765,0.0,33.0,7.0,39.0
c208_21,3,75,depot,1,sweep,1.6099998902063817e-05,22029495.122836847,2483.5000602466193,2391.1622776601685,31.0,0.0,22.0
c208_21,3,75,depot,1,nearest,0.00045339999996940605,19013691.1666008,2495.1647309817868,839.6001869819747,28.0,1.0,19.0
c208_21,3,75,depot,1,grasp,0.13939849999951548,16031552.137632571,2530.7671468044955,2622.1370485766474,28.0,2.0,16.0
c208_21,3,75,depot,1,mp_eavns,4.41034469999795,11004883.421628285,2083.4216282845123,0.0,28.0,0.0,11.0
c208_21,3,75,phased,16,edd,3.2100000680657104e-05,2007115.5997410102,3815.5997410101636,0.0,33.0,32.0,2.0
c208_21,3,75,phased,16,sweep,2.0600000425474718e-05,6029526.528308946,2514.905532343801,2391.1622776601685,31.0,16.0,6.0
c208_21,3,75,phased,16,nearest,0.0004900000021734741,21305.681887294573,2485.27716309058,1602.0404724203993,28.0,18.0,0.0
c208_21,3,75,phased,16,grasp,0.45658349999939674,21722.864919419844,2543.7643282722734,1637.910059114757,28.0,17.0,0.0
c208_21,3,75,phased,16,mp_eavns,6.347165099999984,4769.12873970414,2069.12873970414,0.0,27.0,12.0,0.0
c208_21,3,75,all,21,edd,3.2199997804127634e-05,2007114.9048299508,3814.9048299507635,0.0,33.0,32.0,2.0
c208_21,3,75,all,21,sweep,2.2499996703118086e-05,6029526.528308946,2514.905532343801,2391.1622776601685,31.0,16.0,6.0
c208_21,3,75,all,21,nearest,0.0005730000011681113,21300.998901266124,2485.384935197911,1601.5613966068213,28.0,19.0,0.0
c208_21,3,75,all,21,grasp,0.49477440000191564,26429.643750664407,2563.358955601048,2106.6284795063357,28.0,20.0,0.0
c208_21,3,75,all,21,mp_eavns,9.506481699998403,4904.741137505692,2204.7411375056918,0.0,27.0,14.0,0.0
c208_21,4,100,depot,1,edd,3.279999873484485e-05,42009334.92045859,5134.920458593306,0.0,42.0,17.0,42.0
c208_21,4,100,depot,1,sweep,2.109999695676379e-05,24048155.667541903,3194.1419478312123,4076.1525594070467,42.0,0.0,24.0
c208_21,4,100,depot,1,nearest,0.0008230999992520083,22082960.892958455,3177.5577127025667,7608.333524575131,37.0,3.0,22.0
c208_21,4,100,depot,1,grasp,0.24859719999949448,21064633.78929697,3108.603061771202,5772.518623519738,38.0,2.0,21.0
c208_21,4,100,depot,1,mp_eavns,7.075370399998064,12006372.978540929,2672.9785409292863,0.0,37.0,0.0,12.0
c208_21,4,100,phased,21,edd,4.2499999835854396e-05,2009223.4061977796,5023.406197779676,0.0,42.0,48.0,2.0
c208_21,4,100,phased,21,sweep,2.600000152597204e-05,6048187.298117956,3225.772523885297,4076.1525594070467,42.0,18.0,6.0
c208_21,4,100,phased,21,nearest,0.0008412999995925929,3085183.8380125724,3171.6900918628203,7831.214792070962,37.0,20.0,3.0
c208_21,4,100,phased,21,grasp,0.9763156000008166,1072905.883680562,3519.9238633068057,6558.595981725519,38.0,28.0,1.0
c208_21,4,100,phased,21,mp_eavns,17.54576420000012,6368.651037253436,2668.651037253436,0.0,37.0,14.0,0.0
c208_21,4,100,all,21,edd,3.860000288113952e-05,2009223.4061977796,5023.406197779676,0.0,42.0,48.0,2.0
c208_21,4,100,all,21,sweep,2.680000034160912e-05,6048187.298117956,3225.772523885297,4076.1525594070467,42.0,18.0,6.0
c208_21,4,100,all,21,nearest,0.0008301999987452291,3085183.8380125724,3171.6900918628203,7831.214792070962,37.0,20.0,3.0
c208_21,4,100,all,21,grasp,1.0002105000021402,98713.27285860735,3185.545855519501,9182.772700308784,37.0,21.0,0.0
c208_21,4,100,all,21,mp_eavns,21.983887700000196,6446.688044490119,2746.688044490119,0.0,37.0,16.0,0.0
c208C15,1,4,depot,1,edd,4.599998646881431e-06,2000223.8086193851,123.80861938520135,0.0,1.0,0.0,2.0
c208C15,1,4,depot,1,sweep,2.4000000848900527e-06,1030968.8639915899,153.19390259774684,3071.5670088992097,1.0,1.0,1.0
c208C15,1,4,depot,1,nearest,1.6599999071331695e-05,1003882.5060504869,117.13956290449534,366.5366487582469,1.0,0.0,1.0
c208C15,1,4,depot,1,grasp,0.0005117000000609551,1003882.5060504869,117.13956290449534,366.5366487582469,1.0,0.0,1.0
c208C15,1,4,depot,1,mp_eavns,0.005806400000437861,1000351.8522348123,151.8522348123056,0.0,2.0,0.0,1.0
c208C15,1,4,phased,2,edd,3.5000011848751456e-06,227.5044035426164,127.50440354261639,0.0,1.0,1.0,0.0
c208C15,1,4,phased,2,sweep,3.3000032999552786e-06,30981.873504490468,166.20341549837144,3071.5670088992097,1.0,2.0,0.0
c208C15,1,4,phased,2,nearest,8.299997716676444e-06,1003882.5060504869,117.13956290449534,366.5366487582469,1.0,0.0,1.0
c208C15,1,4,phased,2,grasp,0.00062189999880502,227.5044035426164,127.50440354261639,0.0,1.0,1.0,0.0
c208C15,1,4,phased,2,mp_eavns,0.007378599999356084,227.5044035426164,127.50440354261639,0.0,1.0,1.0,0.0
c208C15,1,4,all,4,edd,2.4000000848900527e-06,227.5044035426164,127.50440354261639,0.0,1.0,1.0,0.0
c208C15,1,4,all,4,sweep,2.1000014385208488e-06,30981.873504490468,166.20341549837144,3071.5670088992097,1.0,2.0,0.0
c208C15,1,4,all,4,nearest,6.599999323952943e-06,1003882.5060504869,117.13956290449534,366.5366487582469,1.0,0.0,1.0
c208C15,1,4,all,4,grasp,0.0006391999995685183,227.5044035426164,127.50440354261639,0.0,1.0,1.0,0.0
c208C15,1,4,all,4,mp_eavns,0.008262000003014691,227.5044035426164,127.50440354261639,0.0,1.0,1.0,0.0
c208C15,2,8,depot,1,edd,4.19999923906289e-06,5000736.4377722,436.43777219999566,0.0,3.0,0.0,5.0
c208C15,2,8,depot,1,sweep,3.1000017770566046e-06,2031358.914633878,343.244544885986,3071.5670088992097,3.0,1.0,2.0
c208C15,2,8,depot,1,nearest,1.550000160932541e-05,3004290.0395697374,324.67308215506034,366.5366487582469,3.0,0.0,3.0
c208C15,2,8,depot,1,grasp,0.0012260000003152527,2012704.768713891,356.1641791432859,1204.8604534747856,3.0,1.0,2.0
c208C15,2,8,depot,1,mp_eavns,0.02369120000003022,2000641.9028771005,341.90287710054474,0.0,3.0,1.0,2.0
c208C15,2,8,phased,3,edd,3.2000025385059416e-06,4000752.564775887,452.56477588688495,0.0,3.0,1.0,4.0
c208C15,2,8,phased,3,sweep,3.4999975468963385e-06,1031371.9241467786,356.2540577866106,3071.5670088992097,3.0,2.0,1.0
c208C15,2,8,phased,3,nearest,1.3699998817173764e-05,2004291.7366526688,326.3701650862894,366.5366487582469,3.0,1.0,2.0
c208C15,2,8,phased,3,grasp,0.001434100002370542,725.0283756225979,425.02837562259793,0.0,3.0,4.0,0.0
c208C15,2,8,phased,3,mp_eavns,0.03561189999891212,666.4494486361082,366.44944863610823,0.0,3.0,3.0,0.0
c208C15,2,8,all,4,edd,5.40000110049732e-06,2000750.7159201403,450.71592014021223,0.0,3.0,3.0,2.0
c208C15,2,8,all,4,sweep,4.999998054699972e-06,1031371.9241467786,356.2540577866106,3071.5670088992097,3.0,2.0,1.0
c208C15,2,8,all,4,nearest,1.6999998479150236e-05,1004293.0825812496,327.7160936671791,366.5366487582469,3.0,2.0,1.0
c208C15,2,8,all,4,grasp,0.0016418999985035043,659.8278617870479,359.82786178704794,0.0,3.0,3.0,0.0
c208C15,2,8,all,4,mp_eavns,0.03401139999914449,618.5361563639931,318.53615636399314,0.0,3.0,2.0,0.0
c208C15,3,12,depot,1,edd,7.099999493220821e-06,5001232.491707844,632.4917078435642,0.0,6.0,0.0,5.0
c208C15,3,12,depot,1,sweep,5.40000110049732e-06,2031656.0013270392,440.33123804716,3071.5670088992097,5.0,1.0,2.0
c208C15,3,12,depot,1,nearest,2.680000034160912e-05,5011133.286889655,569.2363731758389,1006.4050516478283,5.0,0.0,5.0
c208C15,3,12,depot,1,grasp,0.0014870000013615936,4006137.6269682483,499.4715539676847,513.8155414280523,5.0,1.0,4.0
c208C15,3,12,depot,1,mp_eavns,0.052540500000759494,2000967.9687092607,467.9687092607936,0.0,5.0,1.0,2.0
c208C15,3,12,phased,4,edd,7.099999493220821e-06,3001239.141863268,639.1418632678883,0.0,6.0,2.0,3.0
c208C15,3,12,phased,4,sweep,6.400001439033076e-06,1031669.0108399399,453.3407509477846,3071.5670088992097,5.0,2.0,1.0
c208C15,3,12,phased,4,nearest,2.7599999157246202e-05,4011134.632818235,570.5823017567286,1006.4050516478283,5.0,1.0,4.0
c208C15,3,12,phased,4,grasp,0.002257100000861101,5193.296343510187,641.442256453097,405.18540870570905,5.0,7.0,0.0
c208C15,3,12,phased,4,mp_eavns,0.08142299999963143,915.6228495251671,415.62284952516717,0.0,5.0,2.0,0.0
c208C15,3,12,all,4,edd,7.899998308857903e-06,3001239.141863268,639.1418632678883,0.0,6.0,2.0,3.0
c208C15,3,12,all,4,sweep,7.499998901039362e-06,1031669.0108399399,453.3407509477846,3071.5670088992097,5.0,2.0,1.0
c208C15,3,12,all,4,nearest,2.7800000680144876e-05,4011134.632818235,570.5823017567286,1006.4050516478283,5.0,1.0,4.0
c208C15,3,12,all,4,grasp,0.002122999998391606,1070.3669771182533,570.3669771182533,0.0,5.0,5.0,0.0
c208C15,3,12,all,4,mp_eavns,0.11756270000114455,915.6228495251671,415.62284952516717,0.0,5.0,2.0,0.0
c208C15,4,15,depot,1,edd,1.2700002116616815e-05,5001355.934967953,655.9349679527242,0.0,7.0,0.0,5.0
c208C15,4,15,depot,1,sweep,5.900001269765198e-06,2031804.4193004223,488.74921143009703,3071.5670088992097,6.0,1.0,2.0
c208C15,4,15,depot,1,nearest,4.220000118948519e-05,5029925.809747454,517.419446973321,2890.8390300480382,5.0,0.0,5.0
c208C15,4,15,depot,1,grasp,0.0038436999966506846,3014906.917255493,518.8172882055947,1388.809996728709,5.0,1.0,3.0
c208C15,4,15,depot,1,mp_eavns,0.16471509999973932,2001094.9719431552,494.9719431550861,0.0,6.0,1.0,2.0
c208C15,4,15,phased,4,edd,8.799997885944322e-06,3001362.585123377,662.5851233770483,0.0,7.0,2.0,3.0
c208C15,4,15,phased,4,sweep,7.99999907030724e-06,1031817.4288133228,501.75872433072163,3071.5670088992097,6.0,2.0,1.0
c208C15,4,15,phased,4,nearest,3.690000085043721e-05,5029925.809747454,517.419446973321,2890.8390300480382,5.0,0.0,5.0
c208C15,4,15,phased,4,grasp,0.0041376000008312985,5166.833022696286,614.9789356391962,405.18540870570905,5.0,6.0,0.0
c208C15,4,15,phased,4,mp_eavns,0.17919739999706508,1046.3939258612277,446.3939258612276,0.0,6.0,2.0,0.0
c208C15,4,15,all,4,edd,1.630000042496249e-05,3001362.585123377,662.5851233770483,0.0,7.0,2.0,3.0
c208C15,4,15,all,4,sweep,1.3100001524435356e-05,1031817.4288133228,501.75872433072163,3071.5670088992097,6.0,2.0,1.0
c208C15,4,15,all,4,nearest,6.149999899207614e-05,5029925.809747454,517.419446973321,2890.8390300480382,5.0,0.0,5.0
c208C15,4,15,all,4,grasp,0.007199100000434555,9562.598311635384,610.3802103872471,845.2218101248136,5.0,5.0,0.0
c208C15,4,15,all,4,mp_eavns,0.20165590000033262,1046.3939258612277,446.3939258612276,0.0,6.0,2.0,0.0
c208C5,1,2,depot,1,edd,3.6999990697950125e-06,1000192.183680951,92.18368095097277,0.0,1.0,0.0,1.0
c208C5,1,2,depot,1,sweep,2.2000021999701858e-06,1008002.8725180259,92.18368095097277,781.0688837074972,1.0,0.0,1.0
c208C5,1,2,depot,1,nearest,7.700000423938036e-06,1000192.183680951,92.18368095097277,0.0,1.0,0.0,1.0
c208C5,1,2,depot,1,grasp,0.00012200000128359534,1000192.183680951,92.18368095097277,0.0,1.0,0.0,1.0
c208C5,1,2,depot,1,mp_eavns,0.0012529999985417817,1000192.183680951,92.18368095097277,0.0,1.0,0.0,1.0
c208C5,1,2,phased,2,edd,3.0999981390777975e-06,208.7976256082726,108.7976256082726,0.0,1.0,1.0,0.0
c208C5,1,2,phased,2,sweep,2.6000016077887267e-06,1008002.8725180259,92.18368095097277,781.0688837074972,1.0,0.0,1.0
c208C5,1,2,phased,2,nearest,5.500001861946657e-06,208.7976256082726,108.7976256082726,0.0,1.0,1.0,0.0
c208C5,1,2,phased,2,grasp,0.0001494999996793922,208.7976256082726,108.7976256082726,0.0,1.0,1.0,0.0
c208C5,1,2,phased,2,mp_eavns,0.0013495999992301222,208.7976256082726,108.7976256082726,0.0,1.0,1.0,0.0
c208C5,1,2,all,3,edd,1.8999999156221747e-06,208.7976256082726,108.7976256082726,0.0,1.0,1.0,0.0
c208C5,1,2,all,3,sweep,1.5000005078036338e-06,1008002.8725180259,92.18368095097277,781.0688837074972,1.0,0.0,1.0
c208C5,1,2,all,3,nearest,3.9000005926936865e-06,208.7976256082726,108.7976256082726,0.0,1.0,1.0,0.0
c208C5,1,2,all,3,grasp,0.00015279999934136868,208.7976256082726,108.7976256082726,0.0,1.0,1.0,0.0
c208C5,1,2,all,3,mp_eavns,0.001443099998141406,208.7976256082726,108.7976256082726,0.0,1.0,1.0,0.0
c208C5,2,3,depot,1,edd,2.4000000848900527e-06,2000244.7260252486,144.72602524866417,0.0,1.0,0.0,2.0
c208C5,2,3,depot,1,sweep,1.8999999156221747e-06,2008053.8064341561,143.1175970811925,781.0688837074972,1.0,0.0,2.0
c208C5,2,3,depot,1,nearest,9.60000033956021e-06,2000244.7260252486,144.72602524866417,0.0,1.0,0.0,2.0
c208C5,2,3,depot,1,grasp,0.00016790000154287554,2000244.7260252486,144.72602524866417,0.0,1.0,0.0,2.0
c208C5,2,3,depot,1,mp_eavns,0.002340099999855738,2000244.7260252486,144.72602524866417,0.0,1.0,0.0,2.0
c208C5,2,3,phased,2,edd,1.9999970390927047e-06,2000244.7260252486,144.72602524866417,0.0,1.0,0.0,2.0
c208C5,2,3,phased,2,sweep,1.7000020307023078e-06,2008053.8064341561,143.1175970811925,781.0688837074972,1.0,0.0,2.0
c208C5,2,3,phased,2,nearest,4.900000931229442e-06,2000244.7260252486,144.72602524866417,0.0,1.0,0.0,2.0
c208C5,2,3,phased,2,grasp,0.00019109999993816018,250.8429763264092,150.8429763264092,0.0,1.0,1.0,0.0
c208C5,2,3,phased,2,mp_eavns,0.0030723999989277218,250.8429763264092,150.8429763264092,0.0,1.0,1.0,0.0
c208C5,2,3,all,3,edd,1.8999999156221747e-06,261.827294184948,161.82729418494802,0.0,1.0,2.0,0.0
c208C5,2,3,all,3,sweep,1.9999970390927047e-06,2008053.8064341561,143.1175970811925,781.0688837074972,1.0,0.0,2.0
c208C5,2,3,all,3,nearest,5.099998816149309e-06,261.827294184948,161.82729418494802,0.0,1.0,2.0,0.0
c208C5,2,3,all,3,grasp,0.00020600000061676838,250.8429763264092,150.8429763264092,0.0,1.0,1.0,0.0
c208C5,2,3,all,3,mp_eavns,0.003489799997623777,250.8429763264092,150.8429763264092,0.0,1.0,1.0,0.0
c208C5,3,4,depot,1,edd,2.4000000848900527e-06,3000437.0691012903,237.06910129043374,0.0,2.0,0.0,3.0
c208C5,3,4,depot,1,sweep,2.0000006770715117e-06,3008243.895279193,233.2064421176342,781.0688837074972,2.0,0.0,3.0
c208C5,3,4,depot,1,nearest,6.900001608300954e-06,3000434.8148702853,234.81487028510585,0.0,2.0,0.0,3.0
c208C5,3,4,depot,1,grasp,0.00022779999926569872,2000385.5050291598,185.5050291598807,0.0,2.0,0.0,2.0
c208C5,3,4,depot,1,mp_eavns,0.005029399999330053,2000385.5050291598,185.5050291598807,0.0,2.0,0.0,2.0
c208C5,3,4,phased,3,edd,2.7999994927085936e-06,461.0142443663896,261.0142443663896,0.0,2.0,3.0,0.0
c208C5,3,4,phased,3,sweep,2.4000000848900527e-06,2008252.9933843375,242.30454726263412,781.0688837074972,2.0,1.0,2.0
c208C5,3,4,phased,3,nearest,6.400001439033076e-06,461.0142443663896,261.0142443663896,0.0,2.0,3.0,0.0
c208C5,3,4,phased,3,grasp,0.0003102000009675976,408.3355109481762,208.33551094817622,0.0,2.0,2.0,0.0
c208C5,3,4,phased,3,mp_eavns,0.006679199999780394,408.3355109481762,208.33551094817622,0.0,2.0,2.0,0.0
c208C5,3,4,all,3,edd,2.1999985619913787e-06,461.0142443663896,261.0142443663896,0.0,2.0,3.0,0.0
c208C5,3,4,all,3,sweep,2.4000000848900527e-06,2008252.9933843375,242.30454726263412,781.0688837074972,2.0,1.0,2.0
c208C5,3,4,all,3,nearest,6.500002200482413e-06,461.0142443663896,261.0142443663896,0.0,2.0,3.0,0.0
c208C5,3,4,all,3,grasp,0.0003304999991087243,445.77448242901374,245.77448242901374,0.0,2.0,2.0,0.0
c208C5,3,4,all,3,mp_eavns,0.007317499999771826,408.3355109481762,208.33551094817622,0.0,2.0,2.0,0.0
c208C5,4,5,depot,1,edd,3.5000011848751456e-06,3000573.3853611276,273.38536112769765,0.0,3.0,0.0,3.0
c208C5,4,5,depot,1,sweep,2.9000002541579306e-06,3008250.0282846666,239.33944759171942,781.0688837074972,2.0,0.0,3.0
c208C5,4,5,depot,1,nearest,1.1200001608813182e-05,3000445.969603592,245.96960359205272,0.0,2.0,0.0,3.0
c208C5,4,5,depot,1,grasp,0.0002997999981744215,3000445.969603592,245.96960359205272,0.0,2.0,0.0,3.0
c208C5,4,5,depot,1,mp_eavns,0.0060688000012305565,3000440.947875759,240.94787575919108,0.0,2.0,0.0,3.0
c208C5,4,5,phased,3,edd,2.7999994927085936e-06,610.8179417599827,310.81794175998266,0.0,3.0,3.0,0.0
c208C5,4,5,phased,3,sweep,2.5000008463393897e-06,2008264.6303835106,253.9415464357089,781.0688837074972,2.0,1.0,2.0
c208C5,4,5,phased,3,nearest,8.300001354655251e-06,470.45577547181006,270.45577547181006,0.0,2.0,3.0,0.0
c208C5,4,5,phased,3,grasp,0.0004034000012325123,456.162931981936,256.162931981936,0.0,2.0,2.0,0.0
c208C5,4,5,phased,3,mp_eavns,0.010468300002685282,456.162931981936,256.162931981936,0.0,2.0,2.0,0.0
c208C5,4,5,all,3,edd,4.400000761961564e-06,610.8179417599827,310.81794175998266,0.0,3.0,3.0,0.0
c208C5,4,5,all,3,sweep,4.499997885432094e-06,2008264.6303835106,253.9415464357089,781.0688837074972,2.0,1.0,2.0
c208C5,4,5,all,3,nearest,7.279999772435986e-05,470.45577547181006,270.45577547181006,0.0,2.0,3.0,0.0
c208C5,4,5,all,3,grasp,0.00039309999920078553,456.162931981936,256.162931981936,0.0,2.0,2.0,0.0
c208C5,4,5,all,3,mp_eavns,0.008435299998382106,456.162931981936,256.162931981936,0.0,2.0,2.0,0.0
r101_21,1,25,depot,1,edd,9.20000093174167e-06,2002351.508401574,607.2583417659012,74.42500598083008,10.0,0.0,2.0
r101_21,1,25,depot,1,sweep,6.500002200482413e-06,1003354.9532254387,647.921506409716,160.70317190289882,11.0,0.0,1.0
r101_21,1,25,depot,1,nearest,6.529999882332049e-05,1009625.5895448967,536.5698660467076,818.9019678850017,9.0,0.0,1.0
r101_21,1,25,depot,1,grasp,0.015693100001954008,1005416.9491263108,576.2662253484557,394.0682900962338,9.0,0.0,1.0
r101_21,1,25,depot,1,mp_eavns,0.16831090000050608,1001397.98860994,497.9886099400039,0.0,9.0,0.0,1.0
r101_21,1,25,phased,6,edd,1.1500000255182385e-05,2352.4258088329416,608.1757490246407,74.42500598083008,10.0,2.0,0.0
r101_21,1,25,phased,6,sweep,1.0100000508828089e-05,3361.1907066344893,654.1589876055009,160.70317190289882,11.0,1.0,0.0
r101_21,1,25,phased,6,nearest,7.270000060088933e-05,9625.615435221118,536.5957563711007,818.9019678850017,9.0,1.0,0.0
r101_21,1,25,phased,6,grasp,0.027796799997304333,5516.079785043325,564.7215572407856,405.1358227802539,9.0,2.0,0.0
r101_21,1,25,phased,6,mp_eavns,0.20361760000014328,1406.0099796664797,506.00997966647964,0.0,9.0,1.0,0.0
r101_21,1,25,all,21,edd,1.1800002539530396e-05,2352.4258088329416,608.1757490246407,74.42500598083008,10.0,2.0,0.0
r101_21,1,25,all,21,sweep,8.999999408842996e-06,3361.1907066344893,654.1589876055009,160.70317190289882,11.0,1.0,0.0
r101_21,1,25,all,21,nearest,7.610000102431513e-05,9625.615435221118,536.5957563711007,818.9019678850017,9.0,1.0,0.0
r101_21,1,25,all,21,grasp,0.04593209999802639,4481.892248137572,568.0009145004217,301.3891333637151,9.0,2.0,0.0
r101_21,1,25,all,21,mp_eavns,0.2842549999986659,1406.0099796664797,506.00997966647964,0.0,9.0,1.0,0.0
r101_21,2,50,depot,1,edd,2.0800001948373392e-05,16010283.5243789,1571.9304490080572,681.1593929891989,19.0,2.0,16.0
r101_21,2,50,depot,1,sweep,1.2699998478638008e-05,4012669.1683921968,1280.0830555088833,948.9085336687668,19.0,0.0,4.0
r101_21,2,50,depot,1,nearest,0.0002082999999402091,5023931.668237629,1228.1882478081925,2100.347998982074,17.0,1.0,5.0
r101_21,2,50,depot,1,grasp,0.1279166999993322,3015463.533781165,1324.9804710379728,1253.8553310126756,16.0,4.0,3.0
r101_21,2,50,depot,1,mp_eavns,1.226162300001306,2002643.1477912448,1043.14779124485,0.0,16.0,0.0,2.0
r101_21,2,50,phased,11,edd,1.8999999156221747e-05,2016056.9592489935,1553.6513404225393,1260.3307908571092,19.0,9.0,2.0
r101_21,2,50,phased,11,sweep,1.5099998563528061e-05,14044.974453739338,1289.8800838015918,1085.5094369937747,19.0,3.0,0.0
r101_21,2,50,phased,11,nearest,0.00020570000197039917,25716.340562501206,1212.9626786399608,2280.3377883861244,17.0,5.0,0.0
r101_21,2,50,phased,11,grasp,0.26804509999783477,11430.251618920267,1351.0231469511152,837.9228471969152,17.0,6.0,0.0
r101_21,2,50,phased,11,mp_eavns,2.539128399999754,2735.6942823997633,1035.6942823997633,0.0,17.0,4.0,0.0
r101_21,2,50,all,21,edd,1.9699997210409492e-05,2016056.9592489935,1553.6513404225393,1260.3307908571092,19.0,9.0,2.0
r101_21,2,50,all,21,sweep,1.4099998224992305e-05,14044.974453739338,1289.8800838015918,1085.5094369937747,19.0,3.0,0.0
r101_21,2,50,all,21,nearest,0.00021159999960218556,25716.340562501206,1212.9626786399608,2280.3377883861244,17.0,5.0,0.0
r101_21,2,50,all,21,grasp,0.40273050000178046,11875.19204226668,1374.6426070746447,890.0549435192037,16.0,9.0,0.0
r101_21,2,50,all,21,mp_eavns,2.345588100000896,2768.896337562285,1068.896337562285,0.0,17.0,3.0,0.0
r101_21,3,75,depot,1,edd,2.8300000849412754e-05,31020140.939964566,2801.412202250873,1473.952776231379,26.0,6.0,31.0
r101_21,3,75,depot,1,sweep,1.7700000171316788e-05,8020618.593120165,1996.1896668765703,1572.2403453288598,29.0,0.0,8.0
r101_21,3,75,depot,1,nearest,0.00044469999920693226,8031882.100091444,1917.5367693353744,2756.4563322108665,24.0,2.0,8.0
r101_21,3,75,depot,1,grasp,0.4121895999996923,5030116.134712257,2211.6476299063274,2560.448708235086,23.0,8.0,5.0
r101_21,3,75,depot,1,mp_eavns,3.9834039999987,5004010.181713002,1610.1817130020017,0.0,24.0,0.0,5.0
r101_21,3,75,phased,16,edd,3.279999873484485e-05,8035311.944961087,2841.219573738864,2987.0725387348366,26.0,20.0,8.0
r101_21,3,75,phased,16,sweep,2.13999992411118e-05,23683.584900784437,2010.0301128079313,1877.355478797651,29.0,6.0,0.0
r101_21,3,75,phased,16,nearest,0.00045560000216937624,1031612.5223965981,1891.6153854256968,2732.090701117242,24.0,8.0,1.0
r101_21,3,75,phased,16,grasp,1.2224353999990853,24441.313941734916,2063.7912995767297,2007.7522642158187,23.0,14.0,0.0
r101_21,3,75,phased,16,mp_eavns,8.832496799997898,4119.287118110629,1619.2871181106293,0.0,25.0,7.0,0.0
r101_21,3,75,all,21,edd,5.2999999752501026e-05,8035311.944961087,2841.219573738864,2987.0725387348366,26.0,20.0,8.0
r101_21,3,75,all,21,sweep,4.199999966658652e-05,23683.584900784437,2010.0301128079313,1877.355478797651,29.0,6.0,0.0
r101_21,3,75,all,21,nearest,0.000776099997892743,1031612.5223965981,1891.6153854256968,2732.090701117242,24.0,8.0,1.0
r101_21,3,75,all,21,grasp,1.2491989000009198,20359.055659990107,2103.9215368407663,1585.513412314934,24.0,14.0,0.0
r101_21,3,75,all,21,mp_eavns,9.480363400001806,4135.542777687316,1635.5427776873157,0.0,25.0,6.0,0.0
r101_21,4,100,depot,1,edd,5.729999975301325e-05,34033714.452041306,3961.9269816252686,2625.2525059676855,35.0,12.0,34.0
r101_21,4,100,depot,1,sweep,5.160000000614673e-05,13029840.315542163,2658.4321244414664,2348.1883417722083,37.0,0.0,13.0
r101_21,4,100,depot,1,nearest,0.0015254000027198344,15044826.854330067,2909.9200685915243,3871.6934261475826,32.0,6.0,15.0
r101_21,4,100,depot,1,grasp,1.0768277999995917,10033283.426177165,3043.627476308153,2713.9798700856063,31.0,10.0,10.0
r101_21,4,100,depot,1,mp_eavns,9.780499699998472,8005404.238423272,2204.238423271592,0.0,32.0,0.0,8.0
r101_21,4,100,phased,21,edd,6.10999995842576e-05,14042364.14128415,3979.2361205224806,3488.490516362628,35.0,28.0,14.0
r101_21,4,100,phased,21,sweep,4.289999924367294e-05,32910.148070749405,2677.113318339417,2653.303475240999,37.0,11.0,0.0
r101_21,4,100,phased,21,nearest,0.0010916999999608379,3045298.178438316,2847.133473521086,3925.104496479522,32.0,16.0,3.0
r101_21,4,100,phased,21,grasp,3.067061800000374,31232.35315193911,3024.175482375717,2500.8177669563393,32.0,22.0,0.0
r101_21,4,100,phased,21,mp_eavns,16.348613099999056,5384.1350360881825,2182.6055717085237,0.1529464379659089,32.0,10.0,0.0
r101_21,4,100,all,21,edd,4.020000051241368e-05,14042364.14128415,3979.2361205224806,3488.490516362628,35.0,28.0,14.0
r101_21,4,100,all,21,sweep,3.300000025774352e-05,32910.148070749405,2677.113318339417,2653.303475240999,37.0,11.0,0.0
r101_21,4,100,all,21,nearest,0.0007499999992433004,3045298.178438316,2847.133473521086,3925.104496479522,32.0,16.0,3.0
r101_21,4,100,all,21,grasp,3.0043957000016235,30927.696489635306,2943.2156464225736,2478.448084321273,32.0,20.0,0.0
r101_21,4,100,all,21,mp_eavns,15.081783699999505,5341.964774550373,2141.9647745503726,0.0,32.0,10.0,0.0
r102_21,1,25,depot,1,edd,1.2200001947348937e-05,2001960.3637944977,603.8256689201359,35.65381255775159,10.0,0.0,2.0
r102_21,1,25,depot,1,sweep,7.600003300467506e-06,1002988.3846829438,647.921506409716,124.04631765340645,11.0,0.0,1.0
r102_21,1,25,depot,1,nearest,7.349999941652641e-05,1005761.5033918944,536.5698660467076,432.4933525847673,9.0,0.0,1.0
r102_21,1,25,depot,1,grasp,0.013001600000279723,1003070.2979956099,559.0651382173303,161.12328573926254,9.0,0.0,1.0
r102_21,1,25,depot,1,mp_eavns,0.13982169999871985,1001290.8261346318,490.82613463171344,0.0,8.0,0.0,1.0
r102_21,1,25,phased,6,edd,2.4500001018168405e-05,1960.459910446024,603.921784868508,35.65381255775159,10.0,2.0,0.0
r102_21,1,25,phased,6,sweep,2.1899999410379678e-05,2994.6221641395655,654.1589876055009,124.04631765340645,11.0,1.0,0.0
r102_21,1,25,phased,6,nearest,0.00012370000331429765,5761.529282218774,536.5957563711007,432.4933525847673,9.0,1.0,0.0
r102_21,1,25,phased,6,grasp,0.03737329999785288,1502.6093912234164,579.6530898135466,2.295630140987001,9.0,2.0,0.0
r102_21,1,25,phased,6,mp_eavns,0.262059999997291,1419.7713512825428,519.7713512825428,0.0,9.0,1.0,0.0
r102_21,1,25,all,21,edd,1.3200002285884693e-05,1960.459910446024,603.921784868508,35.65381255775159,10.0,2.0,0.0
r102_21,1,25,all,21,sweep,9.900002623908222e-06,2994.6221641395655,654.1589876055009,124.04631765340645,11.0,1.0,0.0
r102_21,1,25,all,21,nearest,7.099999857018702e-05,5761.529282218774,536.5957563711007,432.4933525847673,9.0,1.0,0.0
r102_21,1,25,all,21,grasp,0.02620010000100592,2550.6112061074664,592.7663090955808,105.78448970118858,9.0,1.0,0.0
r102_21,1,25,all,21,mp_eavns,0.2886892999995325,1419.7713512825428,519.7713512825428,0.0,9.0,1.0,0.0
r102_21,2,50,depot,1,edd,2.040000254055485e-05,13007130.929031648,1466.9450606860428,386.3983970961774,18.0,1.0,13.0
r102_21,2,50,depot,1,sweep,1.2500000593718141e-05,4008473.945715348,1280.0830555088833,529.3862659838817,19.0,0.0,4.0
r102_21,2,50,depot,1,nearest,0.00021080000078654848,5014978.697283076,1228.1882478081925,1205.0509035268235,17.0,1.0,5.0
r102_21,2,50,depot,1,grasp,0.1344658999987587,2011891.1543292068,1400.2010132548507,889.0953315951946,16.0,4.0,2.0
r102_21,2,50,depot,1,mp_eavns,1.0061591000012413,2002614.0558540982,1014.0558540981839,0.0,16.0,0.0,2.0
r102_21,2,50,phased,11,edd,1.9000002794200554e-05,2010835.7123968964,1456.3610862537,757.9351310642738,18.0,6.0,2.0
r102_21,2,50,phased,11,sweep,1.3900000340072438e-05,9849.751776890485,1289.8800838015918,665.9871693088894,19.0,3.0,0.0
r102_21,2,50,phased,11,nearest,0.00020120000044698827,16763.369607948698,1212.9626786399608,1385.0406929308738,17.0,5.0,0.0
r102_21,2,50,phased,11,grasp,0.2557161000004271,7247.331582319306,1333.8188993940762,431.35126829252295,16.0,5.0,0.0
r102_21,2,50,phased,11,mp_eavns,2.015732100000605,2590.096966984197,990.0969669841971,0.0,16.0,3.0,0.0
r102_21,2,50,all,21,edd,2.179999864893034e-05,2010835.7123968964,1456.3610862537,757.9351310642738,18.0,6.0,2.0
r102_21,2,50,all,21,sweep,1.5000001440057531e-05,9849.751776890485,1289.8800838015918,665.9871693088894,19.0,3.0,0.0
r102_21,2,50,all,21,nearest,0.00022640000315732323,16763.369607948698,1212.9626786399608,1385.0406929308738,17.0,5.0,0.0
r102_21,2,50,all,21,grasp,0.3112457999995968,7928.51734491969,1378.3132195135609,485.020412540613,17.0,5.0,0.0
r102_21,2,50,all,21,mp_eavns,2.2791738000014448,2629.5344567817865,1029.5344567817863,0.0,16.0,3.0,0.0
r102_21,3,75,depot,1,edd,3.020000076503493e-05,24017137.790688753,2827.645501574795,1171.0145187177995,26.0,7.0,24.0
r102_21,3,75,depot,1,sweep,1.6900001355679706e-05,8014741.349117247,1996.1896668765703,984.5159450371241,29.0,0.0,8.0
r102_21,3,75,depot,1,nearest,0.0007774000005156267,8022255.310350598,1917.5367693353744,1793.7773581262413,24.0,2.0,8.0
r102_21,3,75,depot,1,grasp,0.3986635000001115,6018075.506634479,2211.6964478277037,1346.3810186651497,24.0,6.0,6.0
r102_21,3,75,depot,1,mp_eavns,3.379060799998115,5003869.493335152,1569.4933351520674,0.0,23.0,0.0,5.0
r102_21,3,75,phased,16,edd,3.070000093430281e-05,4027643.972273039,2804.9451871473143,2223.9027085891753,26.0,17.0,4.0
r102_21,3,75,phased,16,sweep,1.97000008483883e-05,17806.34089786708,2010.0301128079313,1289.631078505915,29.0,6.0,0.0
r102_21,3,75,phased,16,nearest,0.0004332999997131992,1021903.0165565327,1891.6153854256968,1761.1401171106997,24.0,8.0,1.0
r102_21,3,75,phased,16,grasp,1.0564969000006386,12796.00012329929,2072.5000117709874,832.3500111528302,24.0,12.0,0.0
r102_21,3,75,phased,16,mp_eavns,6.721809399998165,3958.917765414757,1558.917765414757,0.0,24.0,6.0,0.0
r102_21,3,75,all,21,edd,3.6299999919719994e-05,4027643.972273039,2804.9451871473143,2223.9027085891753,26.0,17.0,4.0
r102_21,3,75,all,21,sweep,2.1100000594742596e-05,17806.34089786708,2010.0301128079313,1289.631078505915,29.0,6.0,0.0
r102_21,3,75,all,21,nearest,0.00042329999996582046,1021903.0165565327,1891.6153854256968,1761.1401171106997,24.0,8.0,1.0
r102_21,3,75,all,21,grasp,0.9983994000031089,16324.240692437119,2029.9265581157415,1199.4314134321378,23.0,13.0,0.0
r102_21,3,75,all,21,mp_eavns,4.74674049999885,4001.965314999691,1601.9653149996911,0.0,24.0,5.0,0.0
r102_21,4,100,depot,1,edd,6.0599999414989725e-05,43020494.47972479,3956.653456460673,1303.7826268325236,35.0,6.0,43.0
r102_21,4,100,depot,1,sweep,3.8899997889529914e-05,13023293.071539246,2658.4321244414664,1693.4639414804728,37.0,0.0,13.0
r102_21,4,100,depot,1,nearest,0.0010469000008015428,14032295.346525809,2940.444262778234,2615.4902263030003,32.0,7.0,14.0
r102_21,4,100,depot,1,grasp,0.9851664000016171,12020799.962694488,3118.7198239285835,1458.1242870560159,31.0,9.0,12.0
r102_21,4,100,depot,1,mp_eavns,5.754005299997516,6005227.366874969,2127.3668749686626,0.0,31.0,0.0,6.0
r102_21,4,100,phased,21,edd,3.9299997297348455e-05,5043037.744436237,3988.567707646702,3554.9176728590314,35.0,31.0,5.0
r102_21,4,100,phased,21,sweep,2.4999997549457476e-05,26362.90406783205,2677.113318339417,1998.5790749492635,37.0,11.0,0.0
r102_21,4,100,phased,21,nearest,0.0007187999981397297,2031413.1729492773,2854.3321612475925,2535.88407880298,32.0,17.0,2.0
r102_21,4,100,phased,21,grasp,3.1436995000003662,21702.288043337478,3075.708428343808,1542.657961499367,32.0,24.0,0.0
r102_21,4,100,phased,21,mp_eavns,14.562855100000888,5300.146335922171,2100.1463359221707,0.0,32.0,9.0,0.0
r102_21,4,100,all,21,edd,3.980000110459514e-05,5043037.744436237,3988.567707646702,3554.9176728590314,35.0,31.0,5.0
r102_21,4,100,all,21,sweep,2.5299999833805487e-05,26362.90406783205,2677.113318339417,1998.5790749492635,37.0,11.0,0.0
r102_21,4,100,all,21,nearest,0.0007373000007646624,2031413.1729492773,2854.3321612475925,2535.88407880298,32.0,17.0,2.0
r102_21,4,100,all,21,grasp,3.0147203000014997,21396.820149620406,2948.440205869618,1524.8379943750788,32.0,25.0,0.0
r102_21,4,100,all,21,mp_eavns,12.322543999998743,5340.717374781412,2140.717374781412,0.0,32.0,8.0,0.0
r102C10,1,3,depot,1,edd,5.199999577598646e-06,1000232.6842035048,92.53548401121779,4.014871949361947,1.0,0.0,1.0
r102C10,1,3,depot,1,sweep,2.4000000848900527e-06,170.3094367643223,70.3094367643223,0.0,1.0,0.0,0.0
r102C10,1,3,depot,1,nearest,8.700000762473792e-06,175.36956749217043,75.36956749217043,0.0,1.0,0.0,0.0
r102C10,1,3,depot,1,grasp,0.00016319999849656597,170.3094367643223,70.3094367643223,0.0,1.0,0.0,0.0
r102C10,1,3,depot,1,mp_eavns,0.002098700002534315,170.3094367643223,70.3094367643223,0.0,1.0,0.0,0.0
r102C10,1,3,phased,2,edd,2.4000000848900527e-06,1000232.6842035048,92.53548401121779,4.014871949361947,1.0,0.0,1.0
r102C10,1,3,phased,2,sweep,1.8999999156221747e-06,170.3094367643223,70.3094367643223,0.0,1.0,0.0,0.0
r102C10,1,3,phased,2,nearest,5.300000339047983e-06,175.36956749217043,75.36956749217043,0.0,1.0,0.0,0.0
r102C10,1,3,phased,2,grasp,0.00014879999798722565,170.3094367643223,70.3094367643223,0.0,1.0,0.0,0.0
r102C10,1,3,phased,2,mp_eavns,0.0020604000019375235,170.3094367643223,70.3094367643223,0.0,1.0,0.0,0.0
r102C10,1,3,all,4,edd,2.0000006770715117e-06,1000232.6842035048,92.53548401121779,4.014871949361947,1.0,0.0,1.0
r102C10,1,3,all,4,sweep,1.6999983927235007e-06,170.3094367643223,70.3094367643223,0.0,1.0,0.0,0.0
r102C10,1,3,all,4,nearest,5.199999577598646e-06,175.36956749217043,75.36956749217043,0.0,1.0,0.0,0.0
r102C10,1,3,all,4,grasp,0.00015669999993406236,170.3094367643223,70.3094367643223,0.0,1.0,0.0,0.0
r102C10,1,3,all,4,mp_eavns,0.002190900002460694,170.3094367643223,70.3094367643223,0.0,1.0,0.0,0.0
r102C10,2,5,depot,1,edd,3.2999996619764715e-06,3000414.188218076,214.1882180757212,0.0,2.0,0.0,3.0
r102C10,2,5,depot,1,sweep,2.5000008463393897e-06,1000530.1473110714,230.14731107144735,0.0,3.0,0.0,1.0
r102C10,2,5,depot,1,nearest,9.60000033956021e-06,1001415.6631551031,235.20744179929545,98.0455713303827,2.0,1.0,1.0
r102C10,2,5,depot,1,grasp,0.0005359000024327543,1000638.2529259641,194.88318420659346,24.336974175753568,2.0,0.0,1.0
r102C10,2,5,depot,1,mp_eavns,0.016879700000572484,1000503.9024901143,203.90249011429842,0.0,3.0,0.0,1.0
r102C10,2,5,phased,3,edd,8.200000593205914e-06,3000414.188218076,214.1882180757212,0.0,2.0,0.0,3.0
r102C10,2,5,phased,3,sweep,8.200000593205914e-06,530.5814862848101,230.58148628481013,0.0,3.0,1.0,0.0
r102C10,2,5,phased,3,nearest,2.0200001017656177e-05,1042.724812274661,201.07623437494362,64.16485778997173,2.0,1.0,0.0
r102C10,2,5,phased,3,grasp,0.0010151000024052337,395.82142934261867,195.82142934261867,0.0,2.0,1.0,0.0
r102C10,2,5,phased,3,mp_eavns,0.017777000000933185,395.0300434528326,195.03004345283264,0.0,2.0,1.0,0.0
r102C10,2,5,all,4,edd,5.099998816149309e-06,3000414.188218076,214.1882180757212,0.0,2.0,0.0,3.0
r102C10,2,5,all,4,sweep,4.699999408330768e-06,530.5814862848101,230.58148628481013,0.0,3.0,1.0,0.0
r102C10,2,5,all,4,nearest,1.1899999663000926e-05,1042.724812274661,201.07623437494362,64.16485778997173,2.0,1.0,0.0
r102C10,2,5,all,4,grasp,0.000583500001084758,395.82142934261867,195.82142934261867,0.0,2.0,1.0,0.0
r102C10,2,5,all,4,mp_eavns,0.022812600000179373,395.0300434528326,195.03004345283264,0.0,2.0,1.0,0.0
r102C10,3,8,depot,1,edd,9.700001101009548e-06,3002419.4143485953,341.81273473476733,177.7601613860469,3.0,1.0,3.0
r102C10,3,8,depot,1,sweep,6.900001608300954e-06,1001624.5896562127,310.4956579983733,91.40939982143925,4.0,0.0,1.0
r102C10,3,8,depot,1,nearest,2.9800001357216388e-05,2003995.8990620496,299.6445868017863,339.6254475247857,3.0,1.0,2.0
r102C10,3,8,depot,1,grasp,0.0029226000006019603,1001927.8296486287,349.484309182178,127.8345339446569,3.0,2.0,1.0
r102C10,3,8,depot,1,mp_eavns,0.037534999999479624,1000682.4786702828,282.47867028273896,0.0,4.0,0.0,1.0
r102C10,3,8,phased,4,edd,7.800001185387373e-06,2002419.8485238086,342.2469099481301,177.7601613860469,3.0,2.0,2.0
r102C10,3,8,phased,4,sweep,7.100003131199628e-06,1001624.5896562127,310.4956579983733,91.40939982143925,4.0,0.0,1.0
r102C10,3,8,phased,4,nearest,1.9999999494757503e-05,3950.107717098203,298.439777644314,335.1667939453889,3.0,3.0,0.0
r102C10,3,8,phased,4,grasp,0.0015977000002749264,935.8741010070723,330.43406355389715,30.544003745317525,3.0,3.0,0.0
r102C10,3,8,phased,4,mp_eavns,0.026901199998974334,573.6062236212732,273.6062236212732,0.0,3.0,1.0,0.0
r102C10,3,8,all,4,edd,5.699999746866524e-06,2002419.8485238086,342.2469099481301,177.7601613860469,3.0,2.0,2.0
r102C10,3,8,all,4,sweep,5.599998985417187e-06,1001624.5896562127,310.4956579983733,91.40939982143925,4.0,0.0,1.0
r102C10,3,8,all,4,nearest,1.679999695625156e-05,3950.107717098203,298.439777644314,335.1667939453889,3.0,3.0,0.0
r102C10,3,8,all,4,grasp,0.001741200001561083,1744.5028380687554,345.07161855158563,109.94312195171699,3.0,3.0,0.0
r102C10,3,8,all,4,mp_eavns,0.02566829999705078,573.6062236212732,273.6062236212732,0.0,3.0,1.0,0.0
r102C10,4,10,depot,1,edd,6.500002200482413e-06,4001310.6335391696,384.50100468499875,52.613253448472136,4.0,0.0,4.0
r102C10,4,10,depot,1,sweep,4.699999408330768e-06,1003443.1506000654,353.91287189114803,258.9237728174213,5.0,0.0,1.0
r102C10,4,10,depot,1,nearest,2.260000110254623e-05,1003786.8209903531,341.11000023956706,304.57109901135357,4.0,1.0,1.0
r102C10,4,10,depot,1,grasp,0.0014974999976402614,1001137.1476356647,403.46521697338835,33.368241869124176,4.0,3.0,1.0
r102C10,4,10,depot,1,mp_eavns,0.032502199999726145,1000744.2649461543,343.18943972731745,0.10755064270318826,4.0,1.0,1.0
r102C10,4,10,phased,4,edd,7.700000423938036e-06,2002363.6768146674,384.6819288185477,157.89948858488358,4.0,1.0,2.0
r102C10,4,10,phased,4,sweep,6.300000677583739e-06,1003443.1506000654,353.91287189114803,258.9237728174213,5.0,0.0,1.0
r102C10,4,10,phased,4,nearest,2.2599997464567423e-05,3740.3639912081085,339.23953688854084,300.11244543195676,4.0,2.0,0.0
r102C10,4,10,phased,4,grasp,0.002749999999650754,1816.2274819027584,443.0200875763506,97.32073943264078,4.0,4.0,0.0
r102C10,4,10,phased,4,mp_eavns,0.05447490000005928,715.3058568795175,315.30585687951753,0.0,4.0,1.0,0.0
r102C10,4,10,all,4,edd,1.3700002455152571e-05,2002363.6768146674,384.6819288185477,157.89948858488358,4.0,1.0,2.0
r102C10,4,10,all,4,sweep,7.399998139590025e-06,1003443.1506000654,353.91287189114803,258.9237728174213,5.0,0.0,1.0
r102C10,4,10,all,4,nearest,3.400000059627928e-05,3740.3639912081085,339.23953688854084,300.11244543195676,4.0,2.0,0.0
r102C10,4,10,all,4,grasp,0.0023247999997693114,1529.017187634444,385.21592933898137,74.38012582954627,4.0,2.0,0.0
r102C10,4,10,all,4,mp_eavns,0.06647479999810457,715.3058568795175,315.30585687951753,0.0,4.0,1.0,0.0
r102C15,1,4,depot,1,edd,4.6000022848602384e-06,1000670.9379255478,120.35602264265756,45.058190290517274,1.0,0.0,1.0
r102C15,1,4,depot,1,sweep,2.4000000848900527e-06,1000674.954775895,114.94312722331092,46.00116486716871,1.0,0.0,1.0
r102C15,1,4,depot,1,nearest,9.899998985929415e-06,1001149.5360843327,107.90721910918288,94.16288652235696,1.0,0.0,1.0
r102C15,1,4,depot,1,grasp,0.0006339999999909196,1000670.9379255478,120.35602264265756,45.058190290517274,1.0,0.0,1.0
r102C15,1,4,depot,1,mp_eavns,0.006152300000394462,1000349.067459963,149.06745996308686,0.0,2.0,0.0,1.0
r102C15,1,4,phased,3,edd,3.5000011848751456e-06,1000670.9379255478,120.35602264265756,45.058190290517274,1.0,0.0,1.0
r102C15,1,4,phased,3,sweep,3.1999989005271345e-06,1000674.954775895,114.94312722331092,46.00116486716871,1.0,0.0,1.0
r102C15,1,4,phased,3,nearest,8.200000593205914e-06,1150.8383808645415,109.20951564097186,94.16288652235696,1.0,1.0,0.0
r102C15,1,4,phased,3,grasp,0.0005411999991338234,1051.3446017258132,106.26875060062666,84.50758511251865,1.0,1.0,0.0
r102C15,1,4,phased,3,mp_eavns,0.008606899998994777,350.36975649487584,150.36975649487584,0.0,2.0,1.0,0.0
r102C15,1,4,all,8,edd,4.300000000512227e-06,1000670.9379255478,120.35602264265756,45.058190290517274,1.0,0.0,1.0
r102C15,1,4,all,8,sweep,3.6999990697950125e-06,1000674.954775895,114.94312722331092,46.00116486716871,1.0,0.0,1.0
r102C15,1,4,all,8,nearest,1.3900000340072438e-05,1150.8383808645415,109.20951564097186,94.16288652235696,1.0,1.0,0.0
r102C15,1,4,all,8,grasp,0.0007334999972954392,1051.3446017258132,106.26875060062666,84.50758511251865,1.0,1.0,0.0
r102C15,1,4,all,8,mp_eavns,0.015078799999173498,350.36975649487584,150.36975649487584,0.0,2.0,1.0,0.0
r102C15,2,8,depot,1,edd,8.999999408842996e-06,1001386.5039718832,258.9798093663453,82.75241625168485,3.0,1.0,1.0
r102C15,2,8,depot,1,sweep,7.200000254670158e-06,1000987.2338806682,227.22223199644853,46.00116486716871,3.0,0.0,1.0
r102C15,2,8,depot,1,nearest,2.8800001018680632e-05,3001459.4532399555,231.35074319648476,102.81024967590665,2.0,0.0,3.0
r102C15,2,8,depot,1,grasp,0.002914000000600936,1002876.8316299268,233.19168874408822,244.363994118269,2.0,1.0,1.0
r102C15,2,8,depot,1,mp_eavns,0.035966999999800464,1000535.3017603403,235.30176034036947,0.0,3.0,0.0,1.0
r102C15,2,8,phased,5,edd,6.199999916134402e-06,1001386.5039718832,258.9798093663453,82.75241625168485,3.0,1.0,1.0
r102C15,2,8,phased,5,sweep,5.599998985417187e-06,1000987.2338806682,227.22223199644853,46.00116486716871,3.0,0.0,1.0
r102C15,2,8,phased,5,nearest,1.7099999240599573e-05,3767.458899977507,250.0206245298766,331.743827544763,2.0,2.0,0.0
r102C15,2,8,phased,5,grasp,0.002298399998835521,1605.3401834745318,280.5471208162838,112.47930626582482,2.0,3.0,0.0
r102C15,2,8,phased,5,mp_eavns,0.044311800000286894,529.6316131989479,229.63161319894792,0.0,3.0,1.0,0.0
r102C15,2,8,all,8,edd,5.699999746866524e-06,1001386.5039718832,258.9798093663453,82.75241625168485,3.0,1.0,1.0
r102C15,2,8,all,8,sweep,5.999998393235728e-06,1000987.2338806682,227.22223199644853,46.00116486716871,3.0,0.0,1.0
r102C15,2,8,all,8,nearest,1.729999712551944e-05,3767.458899977507,250.0206245298766,331.743827544763,2.0,2.0,0.0
r102C15,2,8,all,8,grasp,0.0026746000003186055,1031.6628562631802,240.89058091762146,49.077227534555874,3.0,1.0,0.0
r102C15,2,8,all,8,mp_eavns,0.03483589999814285,529.6316131989479,229.63161319894792,0.0,3.0,1.0,0.0
r102C15,3,12,depot,1,edd,7.099999493220821e-06,2004820.9334207273,410.4448726138429,411.0488548113352,3.0,2.0,2.0
r102C15,3,12,depot,1,sweep,4.300000000512227e-06,3003818.739252468,288.8474268445844,322.98918256233276,3.0,0.0,3.0
r102C15,3,12,depot,1,nearest,2.760000279522501e-05,4002053.470538227,295.3680414679446,145.81024967590665,3.0,0.0,4.0
r102C15,3,12,depot,1,grasp,0.006305999999312917,1003665.3910591122,385.8755068975617,297.95155522145603,3.0,2.0,1.0
r102C15,3,12,depot,1,mp_eavns,0.07618530000036117,1000752.1585769393,352.1585769392053,0.0,4.0,1.0,1.0
r102C15,3,12,phased,7,edd,7.99999907030724e-06,4124.035585488004,392.1946965136809,343.1840888974322,3.0,4.0,0.0
r102C15,3,12,phased,7,sweep,6.70000008540228e-06,1004921.2124541386,288.8474268445844,433.2365027294008,3.0,1.0,1.0
r102C15,3,12,phased,7,nearest,2.7300000510876998e-05,3540.837875863635,313.0036837836274,292.78341920800074,3.0,3.0,0.0
r102C15,3,12,phased,7,grasp,0.010006000000430504,3117.8615856824654,340.274501285485,247.75870843969804,3.0,2.0,0.0
r102C15,3,12,phased,7,mp_eavns,0.11410039999827859,728.4546748324274,328.4546748324274,0.0,4.0,1.0,0.0
r102C15,3,12,all,8,edd,7.200000254670158e-06,4098.113614571323,387.26403174293057,341.0849582828392,3.0,4.0,0.0
r102C15,3,12,all,8,sweep,6.599999323952943e-06,1004921.2124541386,288.8474268445844,433.2365027294008,3.0,1.0,1.0
r102C15,3,12,all,8,nearest,2.719999974942766e-05,3540.837875863635,313.0036837836274,292.78341920800074,3.0,3.0,0.0
r102C15,3,12,all,8,grasp,0.0114274999978079,3785.4122476010966,387.6954697559854,309.7716777845111,3.0,3.0,0.0
r102C15,3,12,all,8,mp_eavns,0.13912030000210507,728.4546748324274,328.4546748324274,0.0,4.0,1.0,0.0
r102C15,4,15,depot,1,edd,1.2299999070819467e-05,2005103.290858725,523.7778139494216,397.9513044775655,6.0,2.0,2.0
r102C15,4,15,depot,1,sweep,9.700001101009548e-06,4004132.654526514,402.7627008908688,322.98918256233276,5.0,0.0,4.0
r102C15,4,15,depot,1,nearest,5.8900001022266224e-05,4002172.8696915573,382.79582733228233,139.0073864224882,4.0,0.0,4.0
r102C15,4,15,depot,1,grasp,0.010182600002735853,1004837.2246909734,430.4122769268579,400.6812414046526,4.0,2.0,1.0
r102C15,4,15,depot,1,mp_eavns,0.1308921999989252,1001045.0222929249,445.02229292492467,0.0,6.0,1.0,1.0
r102C15,4,15,phased,8,edd,8.700000762473792e-06,1004379.1687560374,499.2946765467203,327.9874079490695,6.0,3.0,1.0
r102C15,4,15,phased,8,sweep,7.800001185387373e-06,1006256.5958792217,402.7627008908688,535.3833178330805,5.0,1.0,1.0
r102C15,4,15,phased,8,nearest,3.730000025825575e-05,3003021.2100385944,397.7071512165202,222.3502887377976,4.0,1.0,3.0
r102C15,4,15,phased,8,grasp,0.018498800000088522,4548.219100158787,528.3256272211507,351.9893472937636,5.0,4.0,0.0
r102C15,4,15,phased,8,mp_eavns,0.17877629999929923,928.3523091926471,428.3523091926471,0.0,5.0,2.0,0.0
r102C15,4,15,all,8,edd,1.0399999155197293e-05,1004379.1687560374,499.2946765467203,327.9874079490695,6.0,3.0,1.0
r102C15,4,15,all,8,sweep,9.199997293762863e-06,1006256.5958792217,402.7627008908688,535.3833178330805,5.0,1.0,1.0
r102C15,4,15,all,8,nearest,3.780000042752363e-05,3003021.2100385944,397.7071512165202,222.3502887377976,4.0,1.0,3.0
r102C15,4,15,all,8,grasp,0.015339800000219839,2970.1953433787467,455.2306784620811,201.49646649166655,5.0,2.0,0.0
r102C15,4,15,all,8,mp_eavns,0.23153289999754634,1015.1690824238276,415.16908242382766,0.0,6.0,1.0,0.0
r103_21,1,25,depot,1,edd,1.1600001016631722e-05,2001789.698705141,580.0718534188026,20.962685172213952,10.0,0.0,2.0
r103_21,1,25,depot,1,sweep,8.099999831756577e-06,1002820.2821861847,647.921506409716,107.2360679774998,11.0,0.0,1.0
r103_21,1,25,depot,1,nearest,7.209999967017211e-05,1004474.5250261233,523.1732702595285,305.13517558636954,9.0,0.0,1.0
r103_21,1,25,depot,1,grasp,0.020143199999438366,1002220.5806695322,586.4435338532951,73.41371356788453,9.0,0.0,1.0
r103_21,1,25,depot,1,mp_eavns,0.17979399999967427,1001399.111058964,499.11105896400665,0.0,9.0,0.0,1.0
r103_21,1,25,phased,6,edd,2.8299997211433947e-05,1789.7948210893142,580.1679693671746,20.962685172213952,10.0,2.0,0.0
r103_21,1,25,phased,6,sweep,1.080000220099464e-05,2826.519667380499,654.1589876055009,107.2360679774998,11.0,1.0,0.0
r103_21,1,25,phased,6,nearest,7.929999992484227e-05,4474.550916447617,523.1991605839216,305.13517558636954,9.0,1.0,0.0
r103_21,1,25,phased,6,grasp,0.021087500001158332,1473.41552774761,573.41552774761,0.0,9.0,2.0,0.0
r103_21,1,25,phased,6,mp_eavns,0.13720719999764697,1254.5011585097675,454.50115850976755,0.0,8.0,1.0,0.0
r103_21,1,25,all,21,edd,1.2399999832268804e-05,1789.7948210893142,580.1679693671746,20.962685172213952,10.0,2.0,0.0
r103_21,1,25,all,21,sweep,9.300001693191007e-06,2826.519667380499,654.1589876055009,107.2360679774998,11.0,1.0,0.0
r103_21,1,25,all,21,nearest,7.2900002123788e-05,4474.550916447617,523.1991605839216,305.13517558636954,9.0,1.0,0.0
r103_21,1,25,all,21,grasp,0.025161300000036135,2052.715116331271,583.7355622509749,56.89795540802963,9.0,1.0,0.0
r103_21,1,25,all,21,mp_eavns,0.27137370000127703,1386.5006226009457,486.5006226009457,0.0,9.0,2.0,0.0
r103_21,2,50,depot,1,edd,2.2000000171829015e-05,11004404.313586555,1535.8968392155139,96.84167473407398,19.0,2.0,11.0
r103_21,2,50,depot,1,sweep,1.2699998478638008e-05,4005175.1886809873,1280.0830555088833,199.51056254786698,19.0,0.0,4.0
r103_21,2,50,depot,1,nearest,0.0002179000002797693,7006913.527207592,1229.088358614161,398.443884897756,17.0,0.0,7.0
r103_21,2,50,depot,1,grasp,0.07889489999797661,2007140.6934622915,1270.8477250247365,426.98457372666564,16.0,3.0,2.0
r103_21,2,50,depot,1,mp_eavns,1.06942859999981,2002602.626131779,1002.6261317790395,0.0,16.0,0.0,2.0
r103_21,2,50,phased,11,edd,2.3200002033263445e-05,5004890.35090953,1518.724295413569,147.1626614116395,19.0,6.0,5.0
r103_21,2,50,phased,11,sweep,1.4500001270789653e-05,5420.011736905286,1289.8800838015918,223.01316531036946,19.0,3.0,0.0
r103_21,2,50,phased,11,nearest,0.0002117000003636349,8455.402554861597,1242.7250457250452,551.2677509136552,17.0,6.0,0.0
r103_21,2,50,phased,11,grasp,0.1851998000020103,5014.804035954892,1324.367626371653,209.04364095832398,16.0,6.0,0.0
r103_21,2,50,phased,11,mp_eavns,1.4391921999995247,2570.932146674216,970.9321466742159,0.0,16.0,2.0,0.0
r103_21,2,50,all,21,edd,3.2500000088475645e-05,5004890.35090953,1518.724295413569,147.1626614116395,19.0,6.0,5.0
r103_21,2,50,all,21,sweep,2.4500001018168405e-05,5420.011736905286,1289.8800838015918,223.01316531036946,19.0,3.0,0.0
r103_21,2,50,all,21,nearest,0.000538699998287484,8455.402554861597,1242.7250457250452,551.2677509136552,17.0,6.0,0.0
r103_21,2,50,all,21,grasp,0.2266821000011987,4622.2794128399155,1338.9430660512935,168.3336346788622,16.0,7.0,0.0
r103_21,2,50,all,21,mp_eavns,1.5060255999997025,2590.3009184111315,990.3009184111315,0.0,16.0,4.0,0.0
r103_21,3,75,depot,1,edd,4.260000059730373e-05,31011182.48710185,2804.0891155532618,577.8397986296479,26.0,4.0,31.0
r103_21,3,75,depot,1,sweep,2.9999999242136255e-05,8009323.475920064,1996.1896668765703,442.7286253187786,29.0,0.0,8.0
r103_21,3,75,depot,1,nearest,0.0007282000005943701,8013527.498481897,1947.9687338641163,917.9529748032942,24.0,3.0,8.0
r103_21,3,75,depot,1,grasp,0.37937630000305944,7011171.433634293,2020.9018945431908,675.0531739750136,24.0,4.0,7.0
r103_21,3,75,depot,1,mp_eavns,4.152666199999658,5003944.717905781,1544.7179057815079,0.0,24.0,0.0,5.0
r103_21,3,75,phased,16,edd,3.440000000409782e-05,10020608.457475485,2807.4508470182386,1520.100662846779,26.0,18.0,10.0
r103_21,3,75,phased,16,sweep,2.179999864893034e-05,10437.701983723,2010.0301128079313,552.7671870915068,29.0,6.0,0.0
r103_21,3,75,phased,16,nearest,0.000447300000814721,1013134.3368853261,1919.1176822794014,881.521920304662,24.0,9.0,1.0
r103_21,3,75,phased,16,grasp,0.7674384999991162,10430.822851240322,2104.1137594578336,592.6709091782488,24.0,11.0,0.0
r103_21,3,75,phased,16,mp_eavns,5.0007905999991635,3783.6132926046203,1483.6132926046205,0.0,23.0,5.0,0.0
r103_21,3,75,all,21,edd,2.8200000087963417e-05,10020608.457475485,2807.4508470182386,1520.100662846779,26.0,18.0,10.0
r103_21,3,75,all,21,sweep,1.8599999748403206e-05,10437.701983723,2010.0301128079313,552.7671870915068,29.0,6.0,0.0
r103_21,3,75,all,21,nearest,0.0004014000005554408,1013134.3368853261,1919.1176822794014,881.521920304662,24.0,9.0,1.0
r103_21,3,75,all,21,grasp,0.8011751000012737,9984.792371425543,2135.066948839947,544.9725422585595,24.0,14.0,0.0
r103_21,3,75,all,21,mp_eavns,6.486769899998762,3947.246037488301,1547.2460374883012,0.0,24.0,7.0,0.0
r103_21,4,100,depot,1,edd,3.469999865046702e-05,34022214.883918196,3959.23266467686,1455.5651253515452,37.0,10.0,34.0
r103_21,4,100,depot,1,sweep,2.1500000002561137e-05,13014413.71511754,2658.4321244414664,805.5282993099343,37.0,0.0,13.0
r103_21,4,100,depot,1,nearest,0.0007189999996626284,12022355.36766496,2904.047138274771,1625.1320526684337,32.0,7.0,12.0
r103_21,4,100,depot,1,grasp,0.890620799997123,12016326.851147348,2956.1476137509094,1017.0703533596712,32.0,7.0,12.0
r103_21,4,100,depot,1,mp_eavns,5.454846999997244,8005175.241713292,2075.241713292205,0.0,31.0,0.0,8.0
r103_21,4,100,phased,21,edd,4.41999982285779e-05,6031990.118382315,3917.569660003338,2437.254872231162,37.0,30.0,6.0
r103_21,4,100,phased,21,sweep,2.4900000425986946e-05,15532.781929166042,2677.113318339417,915.5668610826624,37.0,11.0,0.0
r103_21,4,100,phased,21,nearest,0.0008111999995890073,2021391.2038230563,2827.811498968305,1536.3392324087952,32.0,16.0,2.0
r103_21,4,100,phased,21,grasp,2.683468000002904,16325.675758977668,2947.8148095258907,1017.7860949451776,32.0,18.0,0.0
r103_21,4,100,phased,21,mp_eavns,12.130677900000592,5157.040347456295,2057.040347456296,0.0,31.0,8.0,0.0
r103_21,4,100,all,21,edd,3.80000019504223e-05,6031990.118382315,3917.569660003338,2437.254872231162,37.0,30.0,6.0
r103_21,4,100,all,21,sweep,6.0200000007171184e-05,15532.781929166042,2677.113318339417,915.5668610826624,37.0,11.0,0.0
r103_21,4,100,all,21,nearest,0.0007420000001729932,2021391.2038230563,2827.811498968305,1536.3392324087952,32.0,16.0,2.0
r103_21,4,100,all,21,grasp,2.549572799998714,17162.900081460342,2939.658429821582,1112.324165163876,31.0,22.0,0.0
r103_21,4,100,all,21,mp_eavns,12.738736100000096,5218.598332352603,2118.598332352603,0.0,31.0,10.0,0.0
r103C10,1,3,depot,1,edd,4.800000169780105e-06,171.2339397496857,71.23393974968569,0.0,1.0,0.0,0.0
r103C10,1,3,depot,1,sweep,2.4000000848900527e-06,727.9853430813773,66.08792760170431,56.1897415479673,1.0,0.0,0.0
r103C10,1,3,depot,1,nearest,8.500002877553925e-06,727.9853430813773,66.08792760170431,56.1897415479673,1.0,0.0,0.0
r103C10,1,3,depot,1,grasp,0.00015940000230330043,171.2339397496857,71.23393974968569,0.0,1.0,0.0,0.0
r103C10,1,3,depot,1,mp_eavns,0.0019701999990502372,171.2339397496857,71.23393974968569,0.0,1.0,0.0,0.0
r103C10,1,3,phased,2,edd,2.1999985619913787e-06,171.2339397496857,71.23393974968569,0.0,1.0,0.0,0.0
r103C10,1,3,phased,2,sweep,1.8999999156221747e-06,727.9853430813773,66.08792760170431,56.1897415479673,1.0,0.0,0.0
r103C10,1,3,phased,2,nearest,5.300000339047983e-06,727.9853430813773,66.08792760170431,56.1897415479673,1.0,0.0,0.0
r103C10,1,3,phased,2,grasp,0.00015579999671899714,171.2339397496857,71.23393974968569,0.0,1.0,0.0,0.0
r103C10,1,3,phased,2,mp_eavns,0.001949199999216944,171.2339397496857,71.23393974968569,0.0,1.0,0.0,0.0
r103C10,1,3,all,3,edd,2.0000006770715117e-06,171.2339397496857,71.23393974968569,0.0,1.0,0.0,0.0
r103C10,1,3,all,3,sweep,1.5999976312741637e-06,727.9853430813773,66.08792760170431,56.1897415479673,1.0,0.0,0.0
r103C10,1,3,all,3,nearest,6.500002200482413e-06,727.9853430813773,66.08792760170431,56.1897415479673,1.0,0.0,0.0
r103C10,1,3,all,3,grasp,0.0001542999998491723,171.2339397496857,71.23393974968569,0.0,1.0,0.0,0.0
r103C10,1,3,all,3,mp_eavns,0.001887999998871237,171.2339397496857,71.23393974968569,0.0,1.0,0.0,0.0
r103C10,2,5,depot,1,edd,3.2000025385059416e-06,302.53889143468274,102.53889143468274,0.0,2.0,1.0,0.0
r103C10,2,5,depot,1,sweep,2.3999964469112456e-06,854.2655900339267,92.36817455425373,56.1897415479673,2.0,0.0,0.0
r103C10,2,5,depot,1,nearest,9.499999578110874e-06,1000339.7771640309,139.77716403095843,0.0,2.0,0.0,1.0
r103C10,2,5,depot,1,grasp,0.000719700001354795,298.06675547968314,98.06675547968315,0.0,2.0,0.0,0.0
r103C10,2,5,depot,1,mp_eavns,0.010889500001212582,294.94867334048274,94.94867334048277,0.0,2.0,0.0,0.0
r103C10,2,5,phased,2,edd,5.199999577598646e-06,302.53889143468274,102.53889143468274,0.0,2.0,1.0,0.0
r103C10,2,5,phased,2,sweep,5.199999577598646e-06,854.2655900339267,92.36817455425373,56.1897415479673,2.0,0.0,0.0
r103C10,2,5,phased,2,nearest,1.2299999070819467e-05,348.00471113138207,148.00471113138207,0.0,2.0,1.0,0.0
r103C10,2,5,phased,2,grasp,0.0007695999993302394,298.06675547968314,98.06675547968315,0.0,2.0,0.0,0.0
r103C10,2,5,phased,2,mp_eavns,0.01041609999811044,294.94867334048274,94.94867334048277,0.0,2.0,0.0,0.0
r103C10,2,5,all,3,edd,5.199999577598646e-06,302.53889143468274,102.53889143468274,0.0,2.0,1.0,0.0
r103C10,2,5,all,3,sweep,5.40000110049732e-06,854.2655900339267,92.36817455425373,56.1897415479673,2.0,0.0,0.0
r103C10,2,5,all,3,nearest,1.1899999663000926e-05,348.00471113138207,148.00471113138207,0.0,2.0,1.0,0.0
r103C10,2,5,all,3,grasp,0.0007864000035624485,302.53889143468274,102.53889143468274,0.0,2.0,1.0,0.0
r103C10,2,5,all,3,mp_eavns,0.009944500001438428,294.94867334048274,94.94867334048277,0.0,2.0,0.0,0.0
r103C10,3,8,depot,1,edd,4.900000931229442e-06,1000482.3434048543,182.34340485429334,0.0,3.0,0.0,1.0
r103C10,3,8,depot,1,sweep,3.2999996619764715e-06,1032.482866895537,170.5854514158641,56.1897415479673,3.0,0.0,0.0
r103C10,3,8,depot,1,nearest,1.550000160932541e-05,1001915.6545241987,205.20091402690886,141.04536101718725,3.0,0.0,1.0
r103C10,3,8,depot,1,grasp,0.0029740999998466577,816.0136856140455,269.98283656162937,24.603084905241616,3.0,2.0,0.0
r103C10,3,8,depot,1,mp_eavns,0.031271099996956764,456.15627326122444,156.15627326122447,0.0,3.0,0.0,0.0
r103C10,3,8,phased,3,edd,6.899997970322147e-06,493.1068014610031,193.10680146100307,0.0,3.0,1.0,0.0
r103C10,3,8,phased,3,sweep,6.399997801054269e-06,1032.482866895537,170.5854514158641,56.1897415479673,3.0,0.0,0.0
r103C10,3,8,phased,3,nearest,1.840000186348334e-05,1915.8552043560921,205.40159418421965,141.04536101718725,3.0,1.0,0.0
r103C10,3,8,phased,3,grasp,0.00232500000129221,761.5547147364572,215.523865684041,24.603084905241616,3.0,1.0,0.0
r103C10,3,8,phased,3,mp_eavns,0.028713299998344155,456.15627326122444,156.15627326122447,0.0,3.0,0.0,0.0
r103C10,3,8,all,3,edd,6.900001608300954e-06,493.1068014610031,193.10680146100307,0.0,3.0,1.0,0.0
r103C10,3,8,all,3,sweep,6.800000846851617e-06,1032.482866895537,170.5854514158641,56.1897415479673,3.0,0.0,0.0
r103C10,3,8,all,3,nearest,2.0700001186924055e-05,1915.8552043560921,205.40159418421965,141.04536101718725,3.0,1.0,0.0
r103C10,3,8,all,3,grasp,0.0018878000009863172,659.4267435629706,198.43654842704285,16.09901951359278,3.0,0.0,0.0
r103C10,3,8,all,3,mp_eavns,0.04780660000324133,456.15627326122444,156.15627326122447,0.0,3.0,0.0,0.0
r103C10,4,10,depot,1,edd,6.300000677583739e-06,665.8705395848324,265.87053958483233,0.0,4.0,1.0,0.0
r103C10,4,10,depot,1,sweep,3.6000019463244826e-06,1423.57977614942,240.26100443243766,78.33187717169825,4.0,0.0,0.0
r103C10,4,10,depot,1,nearest,2.179999864893034e-05,1001907.7867320813,261.75588302885814,134.60308490524162,3.0,1.0,1.0
r103C10,4,10,depot,1,grasp,0.0036017999991599936,1564.584565851365,304.20439058219165,96.03801752691734,3.0,2.0,0.0
r103C10,4,10,depot,1,mp_eavns,0.045378400001936825,501.00770864846055,201.00770864846055,0.0,3.0,0.0,0.0
r103C10,4,10,phased,3,edd,8.900002285372466e-06,660.7396354997767,260.7396354997767,0.0,4.0,1.0,0.0
r103C10,4,10,phased,3,sweep,8.899998647393659e-06,1423.57977614942,240.26100443243766,78.33187717169825,4.0,0.0,0.0
r103C10,4,10,phased,3,nearest,2.429999949526973e-05,1907.9874122385852,261.9565631861689,134.60308490524162,3.0,2.0,0.0
r103C10,4,10,phased,3,grasp,0.00411069999972824,833.2796992395565,266.78859283282134,16.649110640673513,4.0,2.0,0.0
r103C10,4,10,phased,3,mp_eavns,0.04197840000051656,515.1915981762204,215.1915981762204,0.0,3.0,1.0,0.0
r103C10,4,10,all,3,edd,7.800001185387373e-06,660.7396354997767,260.7396354997767,0.0,4.0,1.0,0.0
r103C10,4,10,all,3,sweep,7.200000254670158e-06,1423.57977614942,240.26100443243766,78.33187717169825,4.0,0.0,0.0
r103C10,4,10,all,3,nearest,2.4100001610349864e-05,1907.9874122385852,261.9565631861689,134.60308490524162,3.0,2.0,0.0
r103C10,4,10,all,3,grasp,0.0024847999993653502,521.1989076466614,221.1989076466614,0.0,3.0,0.0,0.0
r103C10,4,10,all,3,mp_eavns,0.04506780000156141,515.1915981762204,215.1915981762204,0.0,3.0,1.0,0.0
r104_21,1,25,depot,1,edd,1.1100000847363845e-05,2001711.2033281198,611.2033281198101,0.0,11.0,0.0,2.0
r104_21,1,25,depot,1,sweep,7.099999493220821e-06,1001747.9215064098,647.921506409716,0.0,11.0,0.0,1.0
r104_21,1,25,depot,1,nearest,7.249999907799065e-05,1001520.1139279576,523.1732702595285,9.694065769802663,9.0,0.0,1.0
r104_21,1,25,depot,1,grasp,0.010525399997277418,1001430.3868333779,530.3868333778789,0.0,9.0,0.0,1.0
r104_21,1,25,depot,1,mp_eavns,0.12324969999826862,1001252.0914178952,452.0914178951261,0.0,8.0,0.0,1.0
r104_21,1,25,phased,6,edd,1.2999997125007212e-05,1712.837910857973,612.8379108579728,0.0,11.0,2.0,0.0
r104_21,1,25,phased,6,sweep,9.400002454640344e-06,1754.158987605501,654.1589876055009,0.0,11.0,1.0,0.0
r104_21,1,25,phased,6,nearest,7.279999772435986e-05,1520.1398182819482,523.1991605839216,9.694065769802663,9.0,1.0,0.0
r104_21,1,25,phased,6,grasp,0.01177309999911813,1445.1485896640893,545.1485896640892,0.0,9.0,1.0,0.0
r104_21,1,25,phased,6,mp_eavns,0.18812500000058208,1375.0575866837858,475.0575866837858,0.0,9.0,1.0,0.0
r104_21,1,25,all,21,edd,1.300000076298602e-05,1712.837910857973,612.8379108579728,0.0,11.0,2.0,0.0
r104_21,1,25,all,21,sweep,9.100000170292333e-06,1754.158987605501,654.1589876055009,0.0,11.0,1.0,0.0
r104_21,1,25,all,21,nearest,7.550000009359792e-05,1520.1398182819482,523.1991605839216,9.694065769802663,9.0,1.0,0.0
r104_21,1,25,all,21,grasp,0.01627540000117733,1450.0591969894645,550.0591969894646,0.0,9.0,1.0,0.0
r104_21,1,25,all,21,mp_eavns,0.21966999999858672,1261.2143719247058,461.21437192470586,0.0,8.0,1.0,0.0
r104_21,2,50,depot,1,edd,1.979999797185883e-05,15004638.114038954,1601.3594860140279,113.675455294003,19.0,1.0,15.0
r104_21,2,50,depot,1,sweep,1.2299999070819467e-05,4003867.167812533,1280.0830555088833,68.70847570242378,19.0,0.0,4.0
r104_21,2,50,depot,1,nearest,0.0002069000001938548,7003126.029016312,1229.088358614161,19.694065769802663,17.0,0.0,7.0
r104_21,2,50,depot,1,grasp,0.07810059999974328,3002876.0564943473,1202.2695444167744,7.37869499306251,16.0,1.0,3.0
r104_21,2,50,depot,1,mp_eavns,1.1408272000007855,2002586.2791442757,986.2791442757805,0.0,16.0,0.0,2.0
r104_21,2,50,phased,11,edd,4.350000017439015e-05,5005473.812941766,1608.281286833254,196.5531654933466,19.0,8.0,5.0
r104_21,2,50,phased,11,sweep,2.7099998987978324e-05,3876.96484082583,1289.8800838015918,68.70847570242378,19.0,3.0,0.0
r104_21,2,50,phased,11,nearest,0.00036079999699722975,3697.904363582064,1242.7250457250452,75.51793178570189,17.0,6.0,0.0
r104_21,2,50,phased,11,grasp,0.16471129999990808,2948.853824082526,1222.7198619350725,12.613396214745364,16.0,4.0,0.0
r104_21,2,50,phased,11,mp_eavns,1.7074723000005179,2557.841202517564,957.8412025175642,0.0,16.0,2.0,0.0
r104_21,2,50,all,21,edd,2.099999983329326e-05,5005473.812941766,1608.281286833254,196.5531654933466,19.0,8.0,5.0
r104_21,2,50,all,21,sweep,1.3900000340072438e-05,3876.96484082583,1289.8800838015918,68.70847570242378,19.0,3.0,0.0
r104_21,2,50,all,21,nearest,0.0002080000012938399,3697.904363582064,1242.7250457250452,75.51793178570189,17.0,6.0,0.0
r104_21,2,50,all,21,grasp,0.26752309999938007,3069.953593981704,1236.3739769194024,23.357961706230185,16.0,8.0,0.0
r104_21,2,50,all,21,mp_eavns,1.5838106999981392,2574.945409074057,974.9454090740569,0.0,16.0,2.0,0.0
r104_21,3,75,depot,1,edd,4.6299999667098746e-05,25010395.99324024,2800.4144572838723,479.55787829559216,28.0,6.0,25.0
r104_21,3,75,depot,1,sweep,5.029999738326296e-05,8005859.8817222,1996.1896668765703,96.36920553234901,29.0,0.0,8.0
r104_21,3,75,depot,1,nearest,0.0006059999977878761,8007811.426130849,1947.9687338641163,346.34573969852715,24.0,3.0,8.0
r104_21,3,75,depot,1,grasp,0.37218270000084885,6006363.69970235,2211.825615923237,185.18740864276515,23.0,8.0,6.0
r104_21,3,75,depot,1,mp_eavns,3.0687946999969427,4003883.475707996,1483.4757079962153,0.0,24.0,0.0,4.0
r104_21,3,75,phased,16,edd,8.240000170189887e-05,7018247.262583337,2772.9051653890633,1267.4357417947538,28.0,17.0,7.0
r104_21,3,75,phased,16,sweep,2.260000110254623e-05,7019.0817582336795,2010.0301128079313,210.90516454257482,29.0,6.0,0.0
r104_21,3,75,phased,16,nearest,0.0004417000018293038,1007456.2026691092,1919.1176822794014,313.7084986829853,24.0,9.0,1.0
r104_21,3,75,phased,16,grasp,0.7007373999986157,5090.20051863723,2003.1465843126552,78.70539343245746,23.0,15.0,0.0
r104_21,3,75,phased,16,mp_eavns,4.591284000001906,3884.1044391870782,1484.104439187078,0.0,24.0,5.0,0.0
r104_21,3,75,all,21,edd,3.640000068116933e-05,7018247.262583337,2772.9051653890633,1267.4357417947538,28.0,17.0,7.0
r104_21,3,75,all,21,sweep,1.9800001609837636e-05,7019.0817582336795,2010.0301128079313,210.90516454257482,29.0,6.0,0.0
r104_21,3,75,all,21,nearest,0.0004036999998788815,1007456.2026691092,1919.1176822794014,313.7084986829853,24.0,9.0,1.0
r104_21,3,75,all,21,grasp,0.7987370999981067,5459.513186783557,2227.0966278001706,83.24165589833865,24.0,14.0,0.0
r104_21,3,75,all,21,mp_eavns,5.141765899999882,3816.5425787328313,1516.542578732831,0.0,23.0,5.0,0.0
r104_21,4,100,depot,1,edd,3.599999763537198e-05,37015693.77235036,3984.334090659758,810.9438259703709,36.0,8.0,37.0
r104_21,4,100,depot,1,sweep,2.1500000002561137e-05,13007365.949602596,2658.4321244414664,100.75174781547051,37.0,0.0,13.0
r104_21,4,100,depot,1,nearest,0.0007043000005069189,12011995.34003824,2904.047138274771,589.1292899965781,32.0,7.0,12.0
r104_21,4,100,depot,1,grasp,0.7831855000003998,12011750.51175705,3133.047267591233,551.7464489458496,31.0,11.0,12.0
r104_21,4,100,depot,1,mp_eavns,8.996804999998858,6005132.83576481,2032.8357648100919,0.0,31.0,0.0,6.0
r104_21,4,100,phased,21,edd,0.00011239999730605632,8029096.512986024,3945.2239809823386,2155.1289005041162,36.0,29.0,8.0
r104_21,4,100,phased,21,sweep,6.55999974696897e-05,8529.99038659638,2677.113318339417,215.28770682569632,37.0,11.0,0.0
r104_21,4,100,phased,21,nearest,0.0010455000010551885,2011072.6288311635,2827.811498968305,504.48173321953163,32.0,16.0,2.0
r104_21,4,100,phased,21,grasp,2.1108731999993324,8408.706723257565,2901.7268804951896,230.69798427623752,32.0,20.0,0.0
r104_21,4,100,phased,21,mp_eavns,13.029094400000758,5137.847010335773,2037.8470103357731,0.0,31.0,7.0,0.0
r104_21,4,100,all,21,edd,4.350000017439015e-05,8029096.512986024,3945.2239809823386,2155.1289005041162,36.0,29.0,8.0
r104_21,4,100,all,21,sweep,2.5099998310906813e-05,8529.99038659638,2677.113318339417,215.28770682569632,37.0,11.0,0.0
r104_21,4,100,all,21,nearest,0.0007581999998365063,2011072.6288311635,2827.811498968305,504.48173321953163,32.0,16.0,2.0
r104_21,4,100,all,21,grasp,2.0630644999982906,8581.834090393975,2860.9441035606346,252.08899868333395,32.0,22.0,0.0
r104_21,4,100,all,21,mp_eavns,13.03893369999787,5168.779022605018,2068.779022605018,0.0,31.0,8.0,0.0
r104C5,1,2,depot,1,edd,4.699999408330768e-06,144.51150805005705,44.51150805005705,0.0,1.0,0.0,0.0
r104C5,1,2,depot,1,sweep,2.1999985619913787e-06,144.51150805005705,44.51150805005705,0.0,1.0,0.0,0.0
r104C5,1,2,depot,1,nearest,8.099999831756577e-06,144.51150805005705,44.51150805005705,0.0,1.0,0.0,0.0
r104C5,1,2,depot,1,grasp,0.00011440000162110664,144.51150805005705,44.51150805005705,0.0,1.0,0.0,0.0
r104C5,1,2,depot,1,mp_eavns,0.0015346000000135973,144.51150805005705,44.51150805005705,0.0,1.0,0.0,0.0
r104C5,1,2,phased,2,edd,2.1000014385208488e-06,144.51150805005705,44.51150805005705,0.0,1.0,0.0,0.0
r104C5,1,2,phased,2,sweep,1.7999991541728377e-06,144.51150805005705,44.51150805005705,0.0,1.0,0.0,0.0
r104C5,1,2,phased,2,nearest,4.800000169780105e-06,144.51150805005705,44.51150805005705,0.0,1.0,0.0,0.0
r104C5,1,2,phased,2,grasp,0.0001081000009435229,144.51150805005705,44.51150805005705,0.0,1.0,0.0,0.0
r104C5,1,2,phased,2,mp_eavns,0.0011177999986102805,144.51150805005705,44.51150805005705,0.0,1.0,0.0,0.0
r104C5,1,2,all,3,edd,1.8000027921516448e-06,144.51150805005705,44.51150805005705,0.0,1.0,0.0,0.0
r104C5,1,2,all,3,sweep,1.7000020307023078e-06,144.51150805005705,44.51150805005705,0.0,1.0,0.0,0.0
r104C5,1,2,all,3,nearest,4.7000030463095754e-06,144.51150805005705,44.51150805005705,0.0,1.0,0.0,0.0
r104C5,1,2,all,3,grasp,0.00024340000163647346,144.51150805005705,44.51150805005705,0.0,1.0,0.0,0.0
r104C5,1,2,all,3,mp_eavns,0.0011110999985248782,144.51150805005705,44.51150805005705,0.0,1.0,0.0,0.0
r104C5,2,3,depot,1,edd,2.9000002541579306e-06,281.28106067175753,81.28106067175752,0.0,2.0,0.0,0.0
r104C5,2,3,depot,1,sweep,2.5000008463393897e-06,281.28106067175753,81.28106067175753,0.0,2.0,0.0,0.0
r104C5,2,3,depot,1,nearest,6.499998562503606e-06,281.28106067175753,81.28106067175753,0.0,2.0,0.0,0.0
r104C5,2,3,depot,1,grasp,0.00016510000205016695,281.28106067175753,81.28106067175753,0.0,2.0,0.0,0.0
r104C5,2,3,depot,1,mp_eavns,0.0024646999991091434,281.28106067175753,81.28106067175753,0.0,2.0,0.0,0.0
r104C5,2,3,phased,2,edd,4.699999408330768e-06,281.28106067175753,81.28106067175752,0.0,2.0,0.0,0.0
r104C5,2,3,phased,2,sweep,3.7999998312443495e-06,281.28106067175753,81.28106067175753,0.0,2.0,0.0,0.0
r104C5,2,3,phased,2,nearest,8.899998647393659e-06,281.28106067175753,81.28106067175753,0.0,2.0,0.0,0.0
r104C5,2,3,phased,2,grasp,0.00019329999850015156,281.28106067175753,81.28106067175753,0.0,2.0,0.0,0.0
r104C5,2,3,phased,2,mp_eavns,0.002964899998914916,281.28106067175753,81.28106067175753,0.0,2.0,0.0,0.0
r104C5,2,3,all,3,edd,4.900000931229442e-06,281.28106067175753,81.28106067175752,0.0,2.0,0.0,0.0
r104C5,2,3,all,3,sweep,5.000001692678779e-06,281.28106067175753,81.28106067175753,0.0,2.0,0.0,0.0
r104C5,2,3,all,3,nearest,1.080000220099464e-05,281.28106067175753,81.28106067175753,0.0,2.0,0.0,0.0
r104C5,2,3,all,3,grasp,0.000170899998920504,281.28106067175753,81.28106067175753,0.0,2.0,0.0,0.0
r104C5,2,3,all,3,mp_eavns,0.0032618000004731584,281.28106067175753,81.28106067175753,0.0,2.0,0.0,0.0
r104C5,3,4,depot,1,edd,6.800000846851617e-06,1000848.3725731223,160.35873245748488,48.8013840664737,2.0,0.0,1.0
r104C5,3,4,depot,1,sweep,5.199999577598646e-06,1000848.3725731223,160.35873245748488,48.8013840664737,2.0,0.0,1.0
r104C5,3,4,depot,1,nearest,1.790000169421546e-05,360.6031887319653,160.6031887319653,0.0,2.0,1.0,0.0
r104C5,3,4,depot,1,grasp,0.000525500003277557,360.6031887319653,160.6031887319653,0.0,2.0,1.0,0.0
r104C5,3,4,depot,1,mp_eavns,0.00847319999957108,360.60318873196525,160.60318873196528,0.0,2.0,1.0,0.0
r104C5,3,4,phased,3,edd,2.2300002456177026e-05,1000848.3725731223,160.35873245748488,48.8013840664737,2.0,0.0,1.0
r104C5,3,4,phased,3,sweep,1.9899998733308166e-05,1000848.3725731223,160.35873245748488,48.8013840664737,2.0,0.0,1.0
r104C5,3,4,phased,3,nearest,2.130000211764127e-05,356.9663973945209,156.96639739452092,0.0,2.0,1.0,0.0
r104C5,3,4,phased,3,grasp,0.000603899999987334,356.9663973945209,156.96639739452092,0.0,2.0,1.0,0.0
r104C5,3,4,phased,3,mp_eavns,0.009042600002430845,356.9663973945209,156.96639739452092,0.0,2.0,1.0,0.0
r104C5,3,4,all,3,edd,8.699997124494985e-06,1000848.3725731223,160.35873245748488,48.8013840664737,2.0,0.0,1.0
r104C5,3,4,all,3,sweep,8.400002116104588e-06,1000848.3725731223,160.35873245748488,48.8013840664737,2.0,0.0,1.0
r104C5,3,4,all,3,nearest,1.880000127130188e-05,356.9663973945209,156.96639739452092,0.0,2.0,1.0,0.0
r104C5,3,4,all,3,grasp,0.0005095000014989637,356.9663973945209,156.96639739452092,0.0,2.0,1.0,0.0
r104C5,3,4,all,3,mp_eavns,0.00720750000255066,356.9663973945209,156.96639739452092,0.0,2.0,1.0,0.0
r104C5,4,5,depot,1,edd,4.400000761961564e-06,391.0654312607861,191.06543126078608,0.0,2.0,1.0,0.0
r104C5,4,5,depot,1,sweep,2.9000002541579306e-06,1000978.8356655457,190.8218248809405,48.8013840664737,3.0,0.0,1.0
r104C5,4,5,depot,1,nearest,1.2700002116616815e-05,492.718415185529,192.718415185529,0.0,3.0,1.0,0.0
r104C5,4,5,depot,1,grasp,0.000305499997921288,396.62803834274206,196.62803834274206,0.0,2.0,1.0,0.0
r104C5,4,5,depot,1,mp_eavns,0.008164799997757655,387.42169119181403,187.42169119181406,0.0,2.0,1.0,0.0
r104C5,4,5,phased,3,edd,5.899997631786391e-06,387.42863992334173,187.4286399233417,0.0,2.0,1.0,0.0
r104C5,4,5,phased,3,sweep,5.299996701069176e-06,1000978.8356655457,190.8218248809405,48.8013840664737,3.0,0.0,1.0
r104C5,4,5,phased,3,nearest,1.3599998055724427e-05,491.65152114077205,191.65152114077202,0.0,3.0,1.0,0.0
r104C5,4,5,phased,3,grasp,0.0003473999968264252,387.42169119181403,187.42169119181406,0.0,2.0,1.0,0.0
r104C5,4,5,phased,3,mp_eavns,0.007377699999778997,387.42169119181403,187.42169119181406,0.0,2.0,1.0,0.0
r104C5,4,5,all,3,edd,4.099998477613553e-06,387.42863992334173,187.4286399233417,0.0,2.0,1.0,0.0
r104C5,4,5,all,3,sweep,2.9000002541579306e-06,1000978.8356655457,190.8218248809405,48.8013840664737,3.0,0.0,1.0
r104C5,4,5,all,3,nearest,9.800001862458885e-06,491.65152114077205,191.65152114077202,0.0,3.0,1.0,0.0
r104C5,4,5,all,3,grasp,0.00031070000113686547,491.65152114077205,191.65152114077202,0.0,3.0,1.0,0.0
r104C5,4,5,all,3,mp_eavns,0.007472500001313165,387.42169119181403,187.42169119181406,0.0,2.0,1.0,0.0
r105_21,1,25,depot,1,edd,1.3699998817173764e-05,2001605.2349562896,605.2349562896432,0.0,10.0,0.0,2.0
r105_21,1,25,depot,1,sweep,7.400001777568832e-06,1002786.8507286797,647.921506409716,103.89292222699218,11.0,0.0,1.0
r105_21,1,25,depot,1,nearest,8.899999738787301e-05,1007617.5196791114,523.1732702595285,619.434640885185,9.0,0.0,1.0
r105_21,1,25,depot,1,grasp,0.02643259999967995,1003610.4701235307,580.8800242317334,212.959009929903,9.0,0.0,1.0
r105_21,1,25,depot,1,mp_eavns,0.17035539999778848,1001378.3008722172,478.30087221716883,0.0,9.0,0.0,1.0
r105_21,1,25,phased,6,edd,1.3200002285884693e-05,1606.152363548383,606.1523635483829,0.0,10.0,2.0,0.0
r105_21,1,25,phased,6,sweep,9.499999578110874e-06,2793.0882098754228,654.1589876055009,103.89292222699218,11.0,1.0,0.0
r105_21,1,25,phased,6,nearest,7.449999975506216e-05,7617.5455694357715,523.1991605839216,619.434640885185,9.0,1.0,0.0
r105_21,1,25,phased,6,grasp,0.032586899997113505,3499.785425799875,605.6285307568337,199.41568950430417,9.0,2.0,0.0
r105_21,1,25,phased,6,mp_eavns,0.2775863000024401,1391.0119046848972,491.0119046848973,0.0,9.0,1.0,0.0
r105_21,1,25,all,21,edd,1.2299999070819467e-05,1606.152363548383,606.1523635483829,0.0,10.0,2.0,0.0
r105_21,1,25,all,21,sweep,2.3100001271814108e-05,2793.0882098754228,654.1589876055009,103.89292222699218,11.0,1.0,0.0
r105_21,1,25,all,21,nearest,7.950000144774094e-05,7617.5455694357715,523.1991605839216,619.434640885185,9.0,1.0,0.0
r105_21,1,25,all,21,grasp,0.03368680000130553,3418.8260065670897,597.8618825283772,192.09641240387126,9.0,2.0,0.0
r105_21,1,25,all,21,mp_eavns,0.2714283000022988,1384.7043360123562,484.7043360123563,0.0,9.0,1.0,0.0
r105_21,2,50,depot,1,edd,3.269999797339551e-05,19005046.38379051,1592.6509749047455,165.37328156065087,18.0,1.0,19.0
r105_21,2,50,depot,1,sweep,2.2500000341096893e-05,4010021.0658954373,1280.0830555088833,684.0982839928602,19.0,0.0,4.0
r105_21,2,50,depot,1,nearest,0.0004884999980276916,3020786.62869333,1233.6292575745763,1785.2999435755607,17.0,2.0,3.0
r105_21,2,50,depot,1,grasp,0.1916041000004043,3013001.448414975,1388.2668415183564,1001.3181573456296,16.0,5.0,3.0
r105_21,2,50,depot,1,mp_eavns,1.6675981000007596,2002611.1772593807,1010.6234079993374,0.055385138137410195,16.0,0.0,2.0
r105_21,2,50,phased,11,edd,2.1100000594742596e-05,12666.960027980203,1618.0787167789522,924.8881311201251,18.0,10.0,0.0
r105_21,2,50,phased,11,sweep,1.3900000340072438e-05,11196.87195698027,1289.8800838015918,800.6991873178679,19.0,3.0,0.0
r105_21,2,50,phased,11,nearest,0.00021050000214017928,20631.596398520185,1221.962914309756,1770.9633484210428,17.0,5.0,0.0
r105_21,2,50,phased,11,grasp,0.3032802999987325,8166.112314100298,1294.520229589513,527.1592084510785,16.0,9.0,0.0
r105_21,2,50,phased,11,mp_eavns,2.3883294999977807,2621.657322876924,1021.10347149555,0.055385138137410195,16.0,3.0,0.0
r105_21,2,50,all,21,edd,2.1200001356191933e-05,12659.096907303363,1612.9439279898609,924.6152979313501,18.0,10.0,0.0
r105_21,2,50,all,21,sweep,1.639999754843302e-05,11196.87195698027,1289.8800838015918,800.6991873178679,19.0,3.0,0.0
r105_21,2,50,all,21,nearest,0.000222100003156811,20631.596398520185,1221.962914309756,1770.9633484210428,17.0,5.0,0.0
r105_21,2,50,all,21,grasp,0.4130098999994516,8460.89036034748,1323.4434902868588,553.7446870060619,16.0,6.0,0.0
r105_21,2,50,all,21,mp_eavns,1.5713810000015656,2606.9014015743605,1006.9014015743605,0.0,16.0,2.0,0.0
r105_21,3,75,depot,1,edd,2.9800001357216388e-05,29014778.41076119,2981.183023793793,909.7227737393739,27.0,7.0,29.0
r105_21,3,75,depot,1,sweep,1.6900001355679706e-05,8016129.65873183,1996.1896668765703,1123.3469064953683,29.0,0.0,8.0
r105_21,3,75,depot,1,nearest,0.00044939999861526303,8026240.05954743,1947.9687338641163,2189.2090813566106,24.0,3.0,8.0
r105_21,3,75,depot,1,grasp,0.4224805000012566,7019811.710595636,2189.89887572866,1532.1811719906743,23.0,8.0,7.0
r105_21,3,75,depot,1,mp_eavns,3.41673389999778,4003933.3867023527,1532.8328509712755,0.055385138137410195,24.0,0.0,4.0
r105_21,3,75,phased,16,edd,4.2000003304565325e-05,7025556.918025227,3023.742073929653,1983.3175951297806,27.0,23.0,7.0
r105_21,3,75,phased,16,sweep,2.099999983329326e-05,18744.650512449523,2010.0301128079313,1383.4620399641594,29.0,6.0,0.0
r105_21,3,75,phased,16,nearest,0.0004332999997131992,1025935.6421873695,1919.1176822794014,2161.652450509011,24.0,9.0,1.0
r105_21,3,75,phased,16,grasp,1.1956800000007206,14697.508973909422,2190.891313142213,1020.6617660767208,23.0,17.0,0.0
r105_21,3,75,phased,16,mp_eavns,7.878590200001781,3981.1638056259876,1580.6099542446134,0.055385138137410195,24.0,6.0,0.0
r105_21,3,75,all,21,edd,4.850000186706893e-05,7025556.918025227,3023.742073929653,1983.3175951297806,27.0,23.0,7.0
r105_21,3,75,all,21,sweep,3.6299999919719994e-05,18744.650512449523,2010.0301128079313,1383.4620399641594,29.0,6.0,0.0
r105_21,3,75,all,21,nearest,0.0007847999986552168,1025935.6421873695,1919.1176822794014,2161.652450509011,24.0,9.0,1.0
r105_21,3,75,all,21,grasp,1.3666463000008662,16829.971541439925,2226.74835445524,1220.3223186984685,24.0,15.0,0.0
r105_21,3,75,all,21,mp_eavns,6.292553600000247,3984.0378716078176,1584.0378716078178,0.0,24.0,5.0,0.0
r105_21,4,100,depot,1,edd,6.619999840040691e-05,36019764.648261294,4108.788698910847,1205.5859562380347,36.0,9.0,36.0
r105_21,4,100,depot,1,sweep,4.140000237384811e-05,13023601.38115383,2658.4321244414664,1724.2949029387169,37.0,0.0,13.0
r105_21,4,100,depot,1,nearest,0.0012888999990536831,15035251.840182314,2909.9200685915243,2914.192011372234,32.0,6.0,15.0
r105_21,4,100,depot,1,grasp,1.0218858999978693,10034106.178076714,2787.1672734833805,2821.9010803230026,31.0,7.0,10.0
r105_21,4,100,depot,1,mp_eavns,7.441188100001455,6005185.069874171,2084.516022790086,0.055385138137410195,31.0,0.0,6.0
r105_21,4,100,phased,21,edd,5.370000144466758e-05,11035399.40537096,4153.060644128028,2764.634472683222,36.0,30.0,11.0
r105_21,4,100,phased,21,sweep,3.5400000342633575e-05,26221.213682414495,2677.113318339417,1984.410036407508,37.0,11.0,0.0
r105_21,4,100,phased,21,nearest,0.0008288999997603241,3035611.908527073,2847.133473521086,2956.477505355206,32.0,16.0,3.0
r105_21,4,100,phased,21,grasp,2.9362782999996853,24038.312449591565,2932.7891457056035,1800.5523303885964,31.0,22.0,0.0
r105_21,4,100,phased,21,mp_eavns,19.347433700000693,5338.482720238472,2137.928868857098,0.055385138137410195,32.0,9.0,0.0
r105_21,4,100,all,21,edd,4.160000025876798e-05,11035399.40537096,4153.060644128028,2764.634472683222,36.0,30.0,11.0
r105_21,4,100,all,21,sweep,2.5099998310906813e-05,26221.213682414495,2677.113318339417,1984.410036407508,37.0,11.0,0.0
r105_21,4,100,all,21,nearest,0.0006989000030444004,3035611.908527073,2847.133473521086,2956.477505355206,32.0,16.0,3.0
r105_21,4,100,all,21,grasp,2.8027099999999336,24723.711942739214,2942.085656660189,1868.1626286079024,31.0,21.0,0.0
r105_21,4,100,all,21,mp_eavns,9.09591139999975,5211.399484665011,2111.3994846650107,0.0,31.0,9.0,0.0
r105C15,1,4,depot,1,edd,5.000001692678779e-06,314.18051269176664,114.18051269176662,0.0,2.0,0.0,0.0
r105C15,1,4,depot,1,sweep,2.9000002541579306e-06,436.8049360071018,136.80493600710176,0.0,3.0,0.0,0.0
r105C15,1,4,depot,1,nearest,1.080000220099464e-05,922.9852429213855,112.98524292138555,61.0,2.0,0.0,0.0
r105C15,1,4,depot,1,grasp,0.0002106000029016286,314.18051269176664,114.18051269176662,0.0,2.0,0.0,0.0
r105C15,1,4,depot,1,mp_eavns,0.0032959999989543576,314.18051269176664,114.18051269176662,0.0,2.0,0.0,0.0
r105C15,1,4,phased,3,edd,2.4000000848900527e-06,314.18051269176664,114.18051269176662,0.0,2.0,0.0,0.0
r105C15,1,4,phased,3,sweep,2.1999985619913787e-06,436.8049360071018,136.80493600710176,0.0,3.0,0.0,0.0
r105C15,1,4,phased,3,nearest,6.70000008540228e-06,922.9852429213855,112.98524292138555,61.0,2.0,0.0,0.0
r105C15,1,4,phased,3,grasp,0.000198500001715729,314.18051269176664,114.18051269176662,0.0,2.0,0.0,0.0
r105C15,1,4,phased,3,mp_eavns,0.003261899997596629,314.18051269176664,114.18051269176662,0.0,2.0,0.0,0.0
r105C15,1,4,all,6,edd,2.5999979698099196e-06,314.18051269176664,114.18051269176662,0.0,2.0,0.0,0.0
r105C15,1,4,all,6,sweep,2.5999979698099196e-06,436.8049360071018,136.80493600710176,0.0,3.0,0.0,0.0
r105C15,1,4,all,6,nearest,6.999998731771484e-06,922.9852429213855,112.98524292138555,61.0,2.0,0.0,0.0
r105C15,1,4,all,6,grasp,0.0002094999981636647,314.18051269176664,114.18051269176662,0.0,2.0,0.0,0.0
r105C15,1,4,all,6,mp_eavns,0.003282400000898633,314.18051269176664,114.18051269176662,0.0,2.0,0.0,0.0
r105C15,2,8,depot,1,edd,3.7999998312443495e-06,3001444.191053305,340.6378867699998,80.35531665349873,3.0,1.0,3.0
r105C15,2,8,depot,1,sweep,3.2000025385059416e-06,1000863.1260845598,250.32498566699266,21.280109889280524,4.0,0.0,1.0
r105C15,2,8,depot,1,nearest,1.559999873279594e-05,1001130.0813529907,220.08135299066026,61.0,3.0,0.0,1.0
r105C15,2,8,depot,1,grasp,0.0010952999982691836,3403.3782161010736,366.0290639824731,263.7349152118601,4.0,2.0,0.0
r105C15,2,8,depot,1,mp_eavns,0.024396799999522045,699.8452337310351,299.84523373103514,0.0,4.0,1.0,0.0
r105C15,2,8,phased,4,edd,4.5000015234109014e-06,2004.9059580006713,341.3586423941831,136.35473156064882,3.0,3.0,0.0
r105C15,2,8,phased,4,sweep,4.300000000512227e-06,864.1202687830325,251.31916989022733,21.280109889280524,4.0,1.0,0.0
r105C15,2,8,phased,4,nearest,1.5699999494245276e-05,1131.075537213895,221.07553721389493,61.0,3.0,1.0,0.0
r105C15,2,8,phased,4,grasp,0.001310600000579143,2370.178766840278,307.7182552648291,176.2460511575449,3.0,3.0,0.0
r105C15,2,8,phased,4,mp_eavns,0.02259559999947669,533.0470218966509,233.0470218966509,0.0,3.0,2.0,0.0
r105C15,2,8,all,6,edd,6.000002031214535e-06,2004.9059580006713,341.3586423941831,136.35473156064882,3.0,3.0,0.0
r105C15,2,8,all,6,sweep,6.300000677583739e-06,864.1202687830325,251.31916989022733,21.280109889280524,4.0,1.0,0.0
r105C15,2,8,all,6,nearest,1.7899998056236655e-05,1131.075537213895,221.07553721389493,61.0,3.0,1.0,0.0
r105C15,2,8,all,6,grasp,0.0012365000002318993,1327.2740228421264,347.07228882854,58.02017340135865,4.0,2.0,0.0
r105C15,2,8,all,6,mp_eavns,0.022589399999560555,533.0470218966509,233.0470218966509,0.0,3.0,2.0,0.0
r105C15,3,12,depot,1,edd,6.900001608300954e-06,5001350.953606116,521.0516547563694,22.99019513592785,6.0,0.0,5.0
r105C15,3,12,depot,1,sweep,4.899997293250635e-06,1003302.8156725168,333.905967150059,246.8909705366807,5.0,0.0,1.0
r105C15,3,12,depot,1,nearest,2.979999771923758e-05,1004982.256659965,344.6916752533061,423.7564984711696,4.0,1.0,1.0
r105C15,3,12,depot,1,grasp,0.0049886999986483715,1004790.285440436,482.9521359998723,380.7333304436161,5.0,2.0,1.0
r105C15,3,12,depot,1,mp_eavns,0.06645560000106343,924.7773871114056,424.7773871114056,0.0,5.0,2.0,0.0
r105C15,3,12,phased,5,edd,7.99999907030724e-06,3002062.3094239994,521.2666933343617,94.10427306650561,6.0,1.0,3.0
r105C15,3,12,phased,5,sweep,6.79999720887281e-06,1003302.8156725168,333.905967150059,246.8909705366807,5.0,0.0,1.0
r105C15,3,12,phased,5,nearest,2.7599999157246202e-05,1004918.3291363745,348.2728526733741,417.00562837011296,4.0,2.0,1.0
r105C15,3,12,phased,5,grasp,0.004344099997979356,2833.1203887600464,470.6399414426027,186.2480447317444,5.0,3.0,0.0
r105C15,3,12,phased,5,mp_eavns,0.07568320000063977,856.992171047335,356.99217104733503,0.0,5.0,2.0,0.0
r105C15,3,12,all,6,edd,0.00020389999917824753,2002066.5454399267,525.5027092615063,94.10427306650561,6.0,2.0,2.0
r105C15,3,12,all,6,sweep,1.4200002624420449e-05,1003302.8156725168,333.905967150059,246.8909705366807,5.0,0.0,1.0
r105C15,3,12,all,6,nearest,4.86999997519888e-05,1004918.3291363745,348.2728526733741,417.00562837011296,4.0,2.0,1.0
r105C15,3,12,all,6,grasp,0.0077982999973755796,2844.267047369478,371.8440703287715,197.24229770407064,5.0,1.0,0.0
r105C15,3,12,all,6,mp_eavns,0.05021450000276673,739.3997510110075,339.39975101100754,0.0,4.0,2.0,0.0
r105C15,4,15,depot,1,edd,7.099999493220821e-06,6002966.90945897,621.6038353458789,174.53056236242128,6.0,1.0,6.0
r105C15,4,15,depot,1,sweep,5.40000110049732e-06,1005669.8631364773,411.2869498350122,465.8576186642241,6.0,0.0,1.0
r105C15,4,15,depot,1,nearest,3.51999988197349e-05,4005377.5371561963,450.4510392176129,442.70861169789276,5.0,0.0,4.0
r105C15,4,15,depot,1,grasp,0.0075600999989546835,4841.672654705165,531.5157952517925,381.0156859453372,5.0,3.0,0.0
r105C15,4,15,depot,1,mp_eavns,0.11094519999824115,1009.1245470633758,509.1245470633758,0.0,5.0,4.0,0.0
r105C15,4,15,phased,6,edd,8.600000001024455e-06,3003682.501292781,626.0548898510158,245.64464029299904,6.0,3.0,3.0
r105C15,4,15,phased,6,sweep,7.300001016119495e-06,1005669.8631364773,411.2869498350122,465.8576186642241,6.0,0.0,1.0
r105C15,4,15,phased,6,nearest,3.470000228844583e-05,3005381.773172124,454.68705514475755,442.70861169789276,5.0,1.0,3.0
r105C15,4,15,phased,6,grasp,0.008450400000583613,4418.843798656031,504.5969810472377,341.4246817608793,5.0,4.0,0.0
r105C15,4,15,phased,6,mp_eavns,0.11598619999858784,884.7829160253004,384.7829160253004,0.0,5.0,1.0,0.0
r105C15,4,15,all,6,edd,9.800001862458885e-06,3003682.501292781,626.0548898510158,245.64464029299904,6.0,3.0,3.0
r105C15,4,15,all,6,sweep,9.399998816661537e-06,1005669.8631364773,411.2869498350122,465.8576186642241,6.0,0.0,1.0
r105C15,4,15,all,6,nearest,3.7599998904624954e-05,3005381.773172124,454.68705514475755,442.70861169789276,5.0,1.0,3.0
r105C15,4,15,all,6,grasp,0.01216510000085691,3044.5557336155834,523.3150622976739,202.12406713179095,5.0,3.0,0.0
r105C15,4,15,all,6,mp_eavns,0.11380130000179633,884.7829160253004,384.7829160253004,0.0,5.0,1.0,0.0
r105C5,1,2,depot,1,edd,3.5000011848751456e-06,151.65890558454885,51.65890558454885,0.0,1.0,0.0,0.0
r105C5,1,2,depot,1,sweep,2.1000014385208488e-06,151.65890558454885,51.65890558454885,0.0,1.0,0.0,0.0
r105C5,1,2,depot,1,nearest,7.400001777568832e-06,543.4623044595382,51.65890558454885,39.180339887498945,1.0,0.0,0.0
r105C5,1,2,depot,1,grasp,0.00011520000043674372,151.65890558454885,51.65890558454885,0.0,1.0,0.0,0.0
r105C5,1,2,depot,1,mp_eavns,0.0010559000002103858,151.65890558454885,51.65890558454885,0.0,1.0,0.0,0.0
r105C5,1,2,phased,2,edd,1.8999999156221747e-06,151.65890558454885,51.65890558454885,0.0,1.0,0.0,0.0
r105C5,1,2,phased,2,sweep,1.5000005078036338e-06,151.65890558454885,51.65890558454885,0.0,1.0,0.0,0.0
r105C5,1,2,phased,2,nearest,4.1000021155923605e-06,543.4623044595382,51.65890558454885,39.180339887498945,1.0,0.0,0.0
r105C5,1,2,phased,2,grasp,0.00011040000026696362,151.65890558454885,51.65890558454885,0.0,1.0,0.0,0.0
r105C5,1,2,phased,2,mp_eavns,0.0010054000013042241,151.65890558454885,51.65890558454885,0.0,1.0,0.0,0.0
r105C5,1,2,all,3,edd,1.5999976312741637e-06,151.65890558454885,51.65890558454885,0.0,1.0,0.0,0.0
r105C5,1,2,all,3,sweep,1.3999997463542968e-06,151.65890558454885,51.65890558454885,0.0,1.0,0.0,0.0
r105C5,1,2,all,3,nearest,3.4000004234258085e-06,543.4623044595382,51.65890558454885,39.180339887498945,1.0,0.0,0.0
r105C5,1,2,all,3,grasp,0.00010770000153570436,151.65890558454885,51.65890558454885,0.0,1.0,0.0,0.0
r105C5,1,2,all,3,mp_eavns,0.0009424000018043444,151.65890558454885,51.65890558454885,0.0,1.0,0.0,0.0
r105C5,2,3,depot,1,edd,2.4000000848900527e-06,1000188.7597950068,88.75979500686302,0.0,1.0,0.0,1.0
r105C5,2,3,depot,1,sweep,1.8999999156221747e-06,1001024.8192942232,91.87241294404231,83.29468812791237,1.0,0.0,1.0
r105C5,2,3,depot,1,nearest,5.300000339047983e-06,1001651.6515766883,88.75979500686302,146.28917816814385,1.0,0.0,1.0
r105C5,2,3,depot,1,grasp,0.00015920000078040175,1000188.7597950068,88.75979500686302,0.0,1.0,0.0,1.0
r105C5,2,3,depot,1,mp_eavns,0.0036360000012791716,307.22868154234806,107.22868154234806,0.0,2.0,0.0,0.0
r105C5,2,3,phased,2,edd,2.0999978005420417e-06,197.4708353890869,97.47083538908689,0.0,1.0,1.0,0.0
r105C5,2,3,phased,2,sweep,2.0000006770715117e-06,1001024.8192942232,91.87241294404231,83.29468812791237,1.0,0.0,1.0
r105C5,2,3,phased,2,nearest,4.999998054699972e-06,1001651.6515766883,88.75979500686302,146.28917816814385,1.0,0.0,1.0
r105C5,2,3,phased,2,grasp,0.000179899998329347,197.4708353890869,97.47083538908689,0.0,1.0,1.0,0.0
r105C5,2,3,phased,2,mp_eavns,0.00275820000024396,197.4708353890869,97.47083538908689,0.0,1.0,1.0,0.0
r105C5,2,3,all,3,edd,2.4000000848900527e-06,197.4708353890869,97.47083538908689,0.0,1.0,1.0,0.0
r105C5,2,3,all,3,sweep,2.5999979698099196e-06,1001024.8192942232,91.87241294404231,83.29468812791237,1.0,0.0,1.0
r105C5,2,3,all,3,nearest,5.300000339047983e-06,1001651.6515766883,88.75979500686302,146.28917816814385,1.0,0.0,1.0
r105C5,2,3,all,3,grasp,0.00018260000069858506,197.4708353890869,97.47083538908689,0.0,1.0,1.0,0.0
r105C5,2,3,all,3,mp_eavns,0.002857100000255741,197.4708353890869,97.47083538908689,0.0,1.0,1.0,0.0
r105C5,3,4,depot,1,edd,2.5999979698099196e-06,1000301.4089056476,101.40890564753653,0.0,2.0,0.0,1.0
r105C5,3,4,depot,1,sweep,2.0999978005420417e-06,1001137.4684048638,104.52152358471582,83.29468812791237,2.0,0.0,1.0
r105C5,3,4,depot,1,nearest,6.800000846851617e-06,1983.4166576802102,119.30269624345462,166.41139614367555,2.0,0.0,0.0
r105C5,3,4,depot,1,grasp,0.00022089999765739776,319.3026962434546,119.3026962434546,0.0,2.0,0.0,0.0
r105C5,3,4,depot,1,mp_eavns,0.0052859999996144325,312.9712899012561,112.9712899012561,0.0,2.0,0.0,0.0
r105C5,3,4,phased,3,edd,2.6000016077887267e-06,310.1199460297604,110.1199460297604,0.0,2.0,1.0,0.0
r105C5,3,4,phased,3,sweep,2.5000008463393897e-06,1001137.4684048638,104.52152358471582,83.29468812791237,2.0,0.0,1.0
r105C5,3,4,phased,3,nearest,6.899997970322147e-06,1983.4166576802102,119.30269624345462,166.41139614367555,2.0,0.0,0.0
r105C5,3,4,phased,3,grasp,0.0002415000017208513,711.3669153896267,119.56351651463721,39.180339887498945,2.0,0.0,0.0
r105C5,3,4,phased,3,mp_eavns,0.004781200001161778,310.1199460297604,110.1199460297604,0.0,2.0,1.0,0.0
r105C5,3,4,all,3,edd,2.2000021999701858e-06,310.1199460297604,110.1199460297604,0.0,2.0,1.0,0.0
r105C5,3,4,all,3,sweep,2.0000006770715117e-06,1001137.4684048638,104.52152358471582,83.29468812791237,2.0,0.0,1.0
r105C5,3,4,all,3,nearest,6.400001439033076e-06,1983.4166576802102,119.30269624345462,166.41139614367555,2.0,0.0,0.0
r105C5,3,4,all,3,grasp,0.00022739999985788018,319.3026962434546,119.3026962434546,0.0,2.0,0.0,0.0
r105C5,3,4,all,3,mp_eavns,0.005044399997132132,310.1199460297604,110.1199460297604,0.0,2.0,1.0,0.0
r105C5,4,5,depot,1,edd,4.5000015234109014e-06,2000363.2143030383,163.2143030382017,0.0,2.0,0.0,2.0
r105C5,4,5,depot,1,sweep,3.4000004234258085e-06,1001437.2082986776,154.2614173983972,108.29468812791237,2.0,0.0,1.0
r105C5,4,5,depot,1,nearest,1.2200001947348937e-05,3205.8730773700977,181.43159451149089,282.4441482858607,2.0,1.0,0.0
r105C5,4,5,depot,1,grasp,0.0007485000023734756,930.921019483523,181.43159451149089,54.948942497203205,2.0,1.0,0.0
r105C5,4,5,depot,1,mp_eavns,0.010672699998394819,383.55964320794817,183.55964320794817,0.0,2.0,1.0,0.0
r105C5,4,5,phased,3,edd,3.7999998312443495e-06,597.6510679753051,185.38091510349324,21.22701528718119,2.0,2.0,0.0
r105C5,4,5,phased,3,sweep,4.5000015234109014e-06,1001437.2082986776,154.2614173983972,108.29468812791237,2.0,0.0,1.0
r105C5,4,5,phased,3,nearest,1.0200001270277426e-05,3205.8730773700977,181.43159451149089,282.4441482858607,2.0,1.0,0.0
r105C5,4,5,phased,3,grasp,0.0009801999985938892,597.6510679753051,185.38091510349324,21.22701528718119,2.0,2.0,0.0
r105C5,4,5,phased,3,mp_eavns,0.010842100000445498,359.8598398434418,159.8598398434418,0.0,2.0,1.0,0.0
r105C5,4,5,all,3,edd,4.19999923906289e-06,597.6510679753051,185.38091510349324,21.22701528718119,2.0,2.0,0.0
r105C5,4,5,all,3,sweep,4.2000028770416975e-06,1001437.2082986776,154.2614173983972,108.29468812791237,2.0,0.0,1.0
r105C5,4,5,all,3,nearest,1.2000000424450263e-05,3205.8730773700977,181.43159451149089,282.4441482858607,2.0,1.0,0.0
r105C5,4,5,all,3,grasp,0.0009434999992663506,597.6510679753051,185.38091510349324,21.22701528718119,2.0,2.0,0.0
r105C5,4,5,all,3,mp_eavns,0.011075300000811694,359.8598398434418,159.8598398434418,0.0,2.0,1.0,0.0
r106_21,1,25,depot,1,edd,1.0300002031726763e-05,2001603.82566892,603.8256689201359,0.0,10.0,0.0,2.0
r106_21,1,25,depot,1,sweep,7.000002369750291e-06,1002620.2821861847,647.921506409716,87.2360679774998,11.0,0.0,1.0
r106_21,1,25,depot,1,nearest,7.259999983943999e-05,1004518.6891047732,523.1732702595285,309.5515834513683,9.0,0.0,1.0
r106_21,1,25,depot,1,grasp,0.017079699999158038,1003136.2253042206,547.5756965164278,168.864960770417,9.0,0.0,1.0
r106_21,1,25,depot,1,mp_eavns,0.22939559999940684,1001408.1460528491,508.1460528491119,0.0,9.0,0.0,1.0
r106_21,1,25,phased,6,edd,2.269999822601676e-05,1603.921784868508,603.921784868508,0.0,10.0,2.0,0.0
r106_21,1,25,phased,6,sweep,1.6499998309882358e-05,2626.519667380499,654.1589876055009,87.2360679774998,11.0,1.0,0.0
r106_21,1,25,phased,6,nearest,0.00012090000018361025,4518.7149950976045,523.1991605839216,309.5515834513683,9.0,1.0,0.0
r106_21,1,25,phased,6,grasp,0.042284099999960745,2927.377703819746,621.3125447490277,140.60651590707184,9.0,2.0,0.0
r106_21,1,25,phased,6,mp_eavns,0.2038538000015251,1378.7688411517865,478.7688411517865,0.0,9.0,1.0,0.0
r106_21,1,25,all,21,edd,1.170000177808106e-05,1603.921784868508,603.921784868508,0.0,10.0,2.0,0.0
r106_21,1,25,all,21,sweep,8.899998647393659e-06,2626.519667380499,654.1589876055009,87.2360679774998,11.0,1.0,0.0
r106_21,1,25,all,21,nearest,7.46000005165115e-05,4518.7149950976045,523.1991605839216,309.5515834513683,9.0,1.0,0.0
r106_21,1,25,all,21,grasp,0.03686999999990803,1895.3906808843412,583.4633944711838,41.19272864131574,9.0,2.0,0.0
r106_21,1,25,all,21,mp_eavns,0.2711870999992243,1385.2796849439371,485.2796849439372,0.0,9.0,1.0,0.0
r106_21,2,50,depot,1,edd,2.0600000425474718e-05,13005284.158948611,1479.68473029478,200.44742183162865,18.0,1.0,13.0
r106_21,2,50,depot,1,sweep,1.2700002116616815e-05,4006932.7111394303,1280.0830555088833,375.2628083921471,19.0,0.0,4.0
r106_21,2,50,depot,1,nearest,0.0002100000019709114,7010152.440322707,1229.088358614161,722.3351964093325,17.0,0.0,7.0
r106_21,2,50,depot,1,grasp,0.12740879999910248,3007672.946232275,1251.0038968024664,482.19423354726655,16.0,2.0,3.0
r106_21,2,50,depot,1,mp_eavns,1.384783299999981,2002617.2187141625,1017.2187141625351,0.0,16.0,0.0,2.0
r106_21,2,50,phased,11,edd,2.3600001441081986e-05,2006644.809975972,1490.5733136036033,335.42366623682324,18.0,7.0,2.0
r106_21,2,50,phased,11,sweep,1.550000160932541e-05,8108.51720097314,1289.8800838015918,491.86371171715484,19.0,3.0,0.0
r106_21,2,50,phased,11,nearest,0.00020909999875584617,11986.567485950614,1242.7250457250452,904.384244022557,17.0,6.0,0.0
r106_21,2,50,phased,11,grasp,0.218291400000453,5562.788932507778,1333.7829200541423,252.90060124536353,17.0,6.0,0.0
r106_21,2,50,phased,11,mp_eavns,1.9800318999987212,2606.8075417625573,1006.8075417625573,0.0,16.0,2.0,0.0
r106_21,2,50,all,21,edd,2.4400000256719068e-05,2006644.809975972,1490.5733136036033,335.42366623682324,18.0,7.0,2.0
r106_21,2,50,all,21,sweep,1.5400000847876072e-05,8108.51720097314,1289.8800838015918,491.86371171715484,19.0,3.0,0.0
r106_21,2,50,all,21,nearest,0.00022790000002714805,11986.567485950614,1242.7250457250452,904.384244022557,17.0,6.0,0.0
r106_21,2,50,all,21,grasp,0.2774558999990404,5118.21876938057,1354.917000028358,216.33017693522115,16.0,7.0,0.0
r106_21,2,50,all,21,mp_eavns,1.8520691999983683,2590.1500869218853,990.1500869218851,0.0,16.0,2.0,0.0
r106_21,3,75,depot,1,edd,2.7900001441594213e-05,30014691.945034165,2872.3481173112564,921.9596916852647,26.0,6.0,30.0
r106_21,3,75,depot,1,sweep,1.6999998479150236e-05,8011959.282649755,1996.1896668765703,706.3092982878048,29.0,0.0,8.0
r106_21,3,75,depot,1,nearest,0.0004374000018287916,8017343.550467816,1947.9687338641163,1299.5581733952474,24.0,3.0,8.0
r106_21,3,75,depot,1,grasp,0.31532110000262037,6017853.738467234,2143.2460017558305,1341.0492465478314,23.0,7.0,6.0
r106_21,3,75,depot,1,mp_eavns,4.334880299997167,4003976.8600044106,1576.8600044108093,0.0,24.0,0.0,4.0
r106_21,3,75,phased,16,edd,3.68999972124584e-05,6021230.406085595,2878.7414111540043,1575.1664674440606,26.0,19.0,6.0
r106_21,3,75,phased,16,sweep,2.0500003302004188e-05,14574.274430373891,2010.0301128079313,966.4244317565959,29.0,6.0,0.0
r106_21,3,75,phased,16,nearest,0.00042720000055851415,1017137.3612295949,1919.1176822794014,1281.8243547315562,24.0,9.0,1.0
r106_21,3,75,phased,16,grasp,1.0277208000006794,10856.615814758745,2173.3259996800393,628.3289815078706,24.0,15.0,0.0
r106_21,3,75,phased,16,mp_eavns,5.494322999998985,3944.8019951467777,1544.801995146778,0.0,24.0,4.0,0.0
r106_21,3,75,all,21,edd,3.550000110408291e-05,6021236.763299338,2873.338480611543,1576.3424818725887,26.0,19.0,6.0
r106_21,3,75,all,21,sweep,2.9499999072868377e-05,14574.274430373891,2010.0301128079313,966.4244317565959,29.0,6.0,0.0
r106_21,3,75,all,21,nearest,0.000598900001932634,1017137.3612295949,1919.1176822794014,1281.8243547315562,24.0,9.0,1.0
r106_21,3,75,all,21,grasp,1.1296373000004678,8285.41429338519,1930.2176578496542,405.51966355355376,23.0,12.0,0.0
r106_21,3,75,all,21,mp_eavns,6.897030899999663,3947.862186511785,1544.4455458705213,0.3416640641263484,24.0,5.0,0.0
r106_21,4,100,depot,1,edd,3.360000118846074e-05,36017613.06042701,3909.9322721729122,1020.3128154837334,35.0,8.0,36.0
r106_21,4,100,depot,1,sweep,2.1500000002561137e-05,13018883.643867614,2658.4321244414664,1252.5211743171558,37.0,0.0,13.0
r106_21,4,100,depot,1,nearest,0.0006962000006751623,14026201.87585962,2940.444262778234,2006.1431596841358,32.0,7.0,14.0
r106_21,4,100,depot,1,grasp,0.8801033000017924,10025552.263187656,2898.3706631734512,1955.389252448358,31.0,9.0,10.0
r106_21,4,100,depot,1,mp_eavns,6.684686100001272,7005247.18051027,2147.180510270274,0.0,31.0,1.0,7.0
r106_21,4,100,phased,21,edd,4.73000000056345e-05,8029479.8100267835,3951.0484654728125,2202.876156131025,35.0,26.0,8.0
r106_21,4,100,phased,21,sweep,2.5400000595254824e-05,21503.476396198887,2677.113318339417,1512.6363077859469,37.0,11.0,0.0
r106_21,4,100,phased,21,nearest,0.0008209999978134874,2025406.674641438,2854.3321612475925,1935.2342480190573,32.0,17.0,2.0
r106_21,4,100,phased,21,grasp,2.915486600002623,18159.09919515123,2948.7496224603065,1201.0349572690923,32.0,24.0,0.0
r106_21,4,100,phased,21,mp_eavns,10.137339099997916,5306.256864645949,2106.2568646459486,0.0,32.0,8.0,0.0
r106_21,4,100,all,21,edd,4.3399999412940815e-05,8029479.8100267835,3951.0484654728125,2202.876156131025,35.0,26.0,8.0
r106_21,4,100,all,21,sweep,2.5099998310906813e-05,21503.476396198887,2677.113318339417,1512.6363077859469,37.0,11.0,0.0
r106_21,4,100,all,21,nearest,0.0007279999990714714,2025406.674641438,2854.3321612475925,1935.2342480190573,32.0,17.0,2.0
r106_21,4,100,all,21,grasp,2.808010699998704,19195.799284456378,2965.6737009714307,1313.0125583484946,31.0,20.0,0.0
r106_21,4,100,all,21,mp_eavns,9.582021799997165,5188.346540551422,2088.3465405514216,0.0,31.0,8.0,0.0
r107_21,1,25,depot,1,edd,1.9699997210409492e-05,2001581.6582597524,581.658259752338,0.0,10.0,0.0,2.0
r107_21,1,25,depot,1,sweep,1.2900000001536682e-05,1002720.6984917881,647.921506409716,97.27769853784241,11.0,0.0,1.0
r107_21,1,25,depot,1,nearest,0.00013409999883151613,1003604.5250261233,523.1732702595285,218.13517558636957,9.0,0.0,1.0
r107_21,1,25,depot,1,grasp,0.021928800000750925,1001630.7221882697,630.7221882697679,0.0,10.0,0.0,1.0
r107_21,1,25,depot,1,mp_eavns,0.23543419999987236,1001401.1136946391,501.1136946390763,0.0,9.0,0.0,1.0
r107_21,1,25,phased,6,edd,1.469999915570952e-05,1583.2248040647173,583.2248040647174,0.0,10.0,2.0,0.0
r107_21,1,25,phased,6,sweep,1.0199997632298619e-05,2726.9359729839252,654.1589876055009,97.27769853784241,11.0,1.0,0.0
r107_21,1,25,phased,6,nearest,7.140000161598437e-05,3604.5509164476175,523.1991605839216,218.13517558636957,9.0,1.0,0.0
r107_21,1,25,phased,6,grasp,0.022013499998138286,1478.2360615618263,578.2360615618263,0.0,9.0,2.0,0.0
r107_21,1,25,phased,6,mp_eavns,0.21266109999851324,1389.4233139147789,489.4233139147788,0.0,9.0,1.0,0.0
r107_21,1,25,all,21,edd,1.2000000424450263e-05,1583.2248040647173,583.2248040647174,0.0,10.0,2.0,0.0
r107_21,1,25,all,21,sweep,9.499999578110874e-06,2726.9359729839252,654.1589876055009,97.27769853784241,11.0,1.0,0.0
r107_21,1,25,all,21,nearest,7.310000000870787e-05,3604.5509164476175,523.1991605839216,218.13517558636957,9.0,1.0,0.0
r107_21,1,25,all,21,grasp,0.03391869999904884,1467.8011768717688,567.8011768717688,0.0,9.0,2.0,0.0
r107_21,1,25,all,21,mp_eavns,0.2467703000002075,1371.9686600491973,471.96866004919724,0.0,9.0,1.0,0.0
r107_21,2,50,depot,1,edd,1.880000127130188e-05,12006879.51008472,1661.3426721834358,341.8167412536986,18.0,4.0,12.0
r107_21,2,50,depot,1,sweep,1.179999890155159e-05,4004757.4911035825,1280.0830555088833,157.7408048073677,19.0,0.0,4.0
r107_21,2,50,depot,1,nearest,0.00021239999841782264,7005170.409521499,1229.088358614161,224.13211628846858,17.0,0.0,7.0
r107_21,2,50,depot,1,grasp,0.09320689999731258,2007006.711227045,1407.7006139973262,389.90106130476454,17.0,3.0,2.0
r107_21,2,50,depot,1,mp_eavns,1.4202576999996381,2002604.9431980583,1004.9431980583222,0.0,16.0,0.0,2.0
r107_21,2,50,phased,11,edd,2.1800002286909148e-05,6006975.234226629,1622.9922786433635,355.2241947985498,18.0,8.0,6.0
r107_21,2,50,phased,11,sweep,1.4299999747890979e-05,4902.3141595002935,1289.8800838015918,171.24340756987016,19.0,3.0,0.0
r107_21,2,50,phased,11,nearest,0.00020740000036312267,6412.284868768724,1242.7250457250452,346.9559823043678,17.0,6.0,0.0
r107_21,2,50,phased,11,grasp,0.18541879999975208,2834.10607223484,1234.1060722348402,0.0,16.0,6.0,0.0
r107_21,2,50,phased,11,mp_eavns,1.6864182999997865,2587.3490915269317,987.3490915269317,0.0,16.0,2.0,0.0
r107_21,2,50,all,21,edd,2.1699997887481004e-05,6006975.234226629,1622.9922786433635,355.2241947985498,18.0,8.0,6.0
r107_21,2,50,all,21,sweep,1.4700002793688327e-05,4902.3141595002935,1289.8800838015918,171.24340756987016,19.0,3.0,0.0
r107_21,2,50,all,21,nearest,0.00022330000138026662,6412.284868768724,1242.7250457250452,346.9559823043678,17.0,6.0,0.0
r107_21,2,50,all,21,grasp,0.23586789999899338,3816.67775685186,1383.732591277335,83.29451655745252,16.0,8.0,0.0
r107_21,2,50,all,21,mp_eavns,2.0056884000005084,2564.6680553711185,964.6680553711187,0.0,16.0,3.0,0.0
r107_21,3,75,depot,1,edd,4.5600001612911e-05,24012758.66539921,2847.8757098850883,731.0789689324049,26.0,7.0,24.0
r107_21,3,75,depot,1,sweep,3.0100000003585592e-05,8008755.22106176,1996.1896668765703,385.90313948827844,29.0,0.0,8.0
r107_21,3,75,depot,1,nearest,0.0007378999980574008,8011221.578910242,1947.9687338641163,687.3610176377879,24.0,3.0,8.0
r107_21,3,75,depot,1,grasp,0.3704326000006404,7011175.961946524,2223.375193523167,655.2586753000616,24.0,7.0,7.0
r107_21,3,75,depot,1,mp_eavns,3.296168299999408,5003950.846745739,1550.8467457387526,0.0,24.0,0.0,5.0
r107_21,3,75,phased,16,edd,3.469999865046702e-05,5016636.511324439,2840.2699932222317,1119.6241331216538,26.0,18.0,5.0
r107_21,3,75,phased,16,sweep,1.9899998733308166e-05,9669.447125417999,2010.0301128079313,475.9417012610067,29.0,6.0,0.0
r107_21,3,75,phased,16,nearest,0.0004279000022506807,1011308.1057712395,1919.1176822794014,698.8988088960144,24.0,9.0,1.0
r107_21,3,75,phased,16,grasp,0.9360153000015998,7430.728704135135,2091.8394093407364,293.8889294794398,24.0,12.0,0.0
r107_21,3,75,phased,16,mp_eavns,6.7304303999990225,3916.325928990337,1516.3259289903374,0.0,24.0,5.0,0.0
r107_21,3,75,all,21,edd,3.050000304938294e-05,5016636.511324439,2840.2699932222317,1119.6241331216538,26.0,18.0,5.0
r107_21,3,75,all,21,sweep,1.849999898695387e-05,9669.447125417999,2010.0301128079313,475.9417012610067,29.0,6.0,0.0
r107_21,3,75,all,21,nearest,0.0003954999992856756,1011308.1057712395,1919.1176822794014,698.8988088960144,24.0,9.0,1.0
r107_21,3,75,all,21,grasp,0.9640231000012136,7971.132560542952,2146.810815795442,342.43217447475104,24.0,15.0,0.0
r107_21,3,75,all,21,mp_eavns,5.472403499999928,3801.749638343779,1501.749638343779,0.0,23.0,7.0,0.0
r107_21,4,100,depot,1,edd,3.619999915827066e-05,36014017.41007457,4126.916652144774,619.0493422423788,37.0,10.0,36.0
r107_21,4,100,depot,1,sweep,3.430000288062729e-05,13011953.889584161,2658.4321244414664,559.5457459719099,37.0,0.0,13.0
r107_21,4,100,depot,1,nearest,0.0007491999967896845,14017357.320890345,2940.444262778234,1121.687662756682,32.0,7.0,14.0
r107_21,4,100,depot,1,grasp,0.81117599999925,10017639.957432412,3132.421552206681,1140.7535880204148,31.0,12.0,10.0
r107_21,4,100,depot,1,mp_eavns,6.953263800001878,7005178.303460334,2078.303460334838,0.0,31.0,0.0,7.0
r107_21,4,100,phased,21,edd,4.510000144364312e-05,6030075.765566416,4071.762109000119,2230.4003457416143,37.0,29.0,6.0
r107_21,4,100,phased,21,sweep,2.5699999241624027e-05,12872.956395785799,2677.113318339417,649.5843077446382,37.0,11.0,0.0
r107_21,4,100,phased,21,nearest,0.0007240000013553072,2016664.0439318505,2854.3321612475925,1060.9711770602958,32.0,17.0,2.0
r107_21,4,100,phased,21,grasp,2.6925826000006055,10562.19970115452,2999.439820793741,436.27598803607793,32.0,22.0,0.0
r107_21,4,100,phased,21,mp_eavns,16.947454400000424,5271.3052587784405,2071.305258778441,0.0,32.0,8.0,0.0
r107_21,4,100,all,21,edd,4.199999966658652e-05,6030075.765566416,4071.762109000119,2230.4003457416143,37.0,29.0,6.0
r107_21,4,100,all,21,sweep,2.4199998733820394e-05,12872.956395785799,2677.113318339417,649.5843077446382,37.0,11.0,0.0
r107_21,4,100,all,21,nearest,0.0007218999999167863,2016664.0439318505,2854.3321612475925,1060.9711770602958,32.0,17.0,2.0
r107_21,4,100,all,21,grasp,2.3865944999997737,13931.602973377825,2816.8805494428807,801.4722423934944,31.0,17.0,0.0
r107_21,4,100,all,21,mp_eavns,12.50373540000146,5178.747734320703,2078.747734320703,0.0,31.0,8.0,0.0
r108_21,1,25,depot,1,edd,1.300000076298602e-05,2001713.708001499,613.7080014991607,0.0,11.0,0.0,2.0
r108_21,1,25,depot,1,sweep,7.800001185387373e-06,1001747.9215064098,647.921506409716,0.0,11.0,0.0,1.0
r108_21,1,25,depot,1,nearest,7.539999933214858e-05,1001423.1732702595,523.1732702595285,0.0,9.0,0.0,1.0
r108_21,1,25,depot,1,grasp,0.012507700001151534,1001436.7230687693,536.7230687693059,0.0,9.0,0.0,1.0
r108_21,1,25,depot,1,mp_eavns,0.2045934000016132,1001375.3932574703,475.3932574703167,0.0,9.0,0.0,1.0
r108_21,1,25,phased,6,edd,1.2799999240087345e-05,1715.894071933341,615.8940719333408,0.0,11.0,2.0,0.0
r108_21,1,25,phased,6,sweep,9.499999578110874e-06,1754.158987605501,654.1589876055009,0.0,11.0,1.0,0.0
r108_21,1,25,phased,6,nearest,0.00018769999951473437,1423.1991605839216,523.1991605839216,0.0,9.0,1.0,0.0
r108_21,1,25,phased,6,grasp,0.013136900000972673,1452.6420151640382,552.6420151640382,0.0,9.0,1.0,0.0
r108_21,1,25,phased,6,mp_eavns,0.236966599997686,1375.480101182249,475.480101182249,0.0,9.0,1.0,0.0
r108_21,1,25,all,21,edd,1.2499996955739334e-05,1715.894071933341,615.8940719333408,0.0,11.0,2.0,0.0
r108_21,1,25,all,21,sweep,8.400002116104588e-06,1754.158987605501,654.1589876055009,0.0,11.0,1.0,0.0
r108_21,1,25,all,21,nearest,6.969999958528206e-05,1423.1991605839216,523.1991605839216,0.0,9.0,1.0,0.0
r108_21,1,25,all,21,grasp,0.013454299998556962,1426.4161744344385,526.4161744344385,0.0,9.0,1.0,0.0
r108_21,1,25,all,21,mp_eavns,0.2157748999998148,1247.1590685001343,447.15906850013425,0.0,8.0,1.0,0.0
r108_21,2,50,depot,1,edd,2.000000313273631e-05,14003501.719779277,1544.5195920119959,5.720018726587654,19.0,1.0,14.0
r108_21,2,50,depot,1,sweep,1.2599997717188671e-05,4003234.714118204,1280.0830555088833,5.463106269525298,19.0,0.0,4.0
r108_21,2,50,depot,1,nearest,0.00021560000095632859,7002929.088358615,1229.088358614161,0.0,17.0,0.0,7.0
r108_21,2,50,depot,1,grasp,0.06701959999918472,2003690.1328027532,1319.2466833496874,77.08861194035251,16.0,3.0,2.0
r108_21,2,50,depot,1,mp_eavns,1.3668407000004663,2002581.0705764694,981.0705764694568,0.0,16.0,0.0,2.0
r108_21,2,50,phased,11,edd,2.6600002456689253e-05,3003905.0024612136,1540.6711312656166,46.43313299480383,19.0,9.0,3.0
r108_21,2,50,phased,11,sweep,1.680000059423037e-05,3244.511146496845,1289.8800838015918,5.463106269525298,19.0,3.0,0.0
r108_21,2,50,phased,11,nearest,0.0002144999998563435,3300.9637058840376,1242.7250457250452,35.82386601589923,17.0,6.0,0.0
r108_21,2,50,phased,11,grasp,0.1948405000002822,2790.273311340452,1190.273311340452,0.0,16.0,4.0,0.0
r108_21,2,50,phased,11,mp_eavns,1.3121661000004678,2569.3872601925523,969.3872601925525,0.0,16.0,3.0,0.0
r108_21,2,50,all,21,edd,2.2099997295299545e-05,3003905.0024612136,1540.6711312656166,46.43313299480383,19.0,9.0,3.0
r108_21,2,50,all,21,sweep,1.6199999663513154e-05,3244.511146496845,1289.8800838015918,5.463106269525298,19.0,3.0,0.0
r108_21,2,50,all,21,nearest,0.00022220000028028153,3300.9637058840376,1242.7250457250452,35.82386601589923,17.0,6.0,0.0
r108_21,2,50,all,21,grasp,0.18318039999940083,3048.2483675464277,1374.6949769531539,7.3553390593273775,16.0,8.0,0.0
r108_21,2,50,all,21,mp_eavns,2.4639088999974774,2568.150244023215,968.1502440232148,0.0,16.0,2.0,0.0
r108_21,3,75,depot,1,edd,5.259999670670368e-05,22011915.122844234,2808.761401884746,640.6361442349407,27.0,9.0,22.0
r108_21,3,75,depot,1,sweep,3.0800001695752144e-05,8004983.016174145,1996.1896668765703,8.682650726818196,29.0,0.0,8.0
r108_21,3,75,depot,1,nearest,0.0008543999974790495,8006222.533042612,1947.9687338641163,187.456430874753,24.0,3.0,8.0
r108_21,3,75,depot,1,grasp,0.39895599999726983,5005243.365289041,2164.363560261948,77.90017287787424,23.0,7.0,5.0
r108_21,3,75,depot,1,mp_eavns,3.8374776000018755,4003788.585220807,1488.5852208072001,0.0,23.0,0.0,4.0
r108_21,3,75,phased,16,edd,0.0001382000009471085,9010729.007471371,2775.255638670168,525.3751832700813,27.0,15.0,9.0
r108_21,3,75,phased,16,sweep,2.2500000341096893e-05,5762.216210178371,2010.0301128079313,85.21860973704398,29.0,6.0,0.0
r108_21,3,75,phased,16,nearest,0.0004332000025897287,1006054.281939221,1919.1176822794014,173.51642569415185,24.0,9.0,1.0
r108_21,3,75,phased,16,grasp,0.9171443999985058,4807.430363337368,1982.7093285492201,42.47210347881483,24.0,12.0,0.0
r108_21,3,75,phased,16,mp_eavns,6.315871499999048,3920.0334358842592,1520.033435884259,0.0,24.0,6.0,0.0
r108_21,3,75,all,21,edd,3.060000017285347e-05,9010729.007471371,2775.255638670168,525.3751832700813,27.0,15.0,9.0
r108_21,3,75,all,21,sweep,1.880000127130188e-05,5762.216210178371,2010.0301128079313,85.21860973704398,29.0,6.0,0.0
r108_21,3,75,all,21,nearest,0.00040220000300905667,1006054.281939221,1919.1176822794014,173.51642569415185,24.0,9.0,1.0
r108_21,3,75,all,21,grasp,0.7676505000017642,5115.261041358136,2086.593150810436,62.86678905477001,24.0,11.0,0.0
r108_21,3,75,all,21,mp_eavns,5.318810500000836,3893.708547607828,1493.708547607828,0.0,24.0,6.0,0.0
r108_21,4,100,depot,1,edd,3.870000000461005e-05,33015190.95719315,4071.3641322436774,751.9593060909035,36.0,11.0,33.0
r108_21,4,100,depot,1,sweep,2.300000051036477e-05,13006445.25863171,2658.4321244414664,8.682650726818196,37.0,0.0,13.0
r108_21,4,100,depot,1,nearest,0.0007729999997536652,14009344.842445822,2940.444262778234,320.4398183044301,32.0,7.0,14.0
r108_21,4,100,depot,1,grasp,0.6654488000021956,12011759.672872933,3012.8358260041605,554.6837046928732,32.0,8.0,12.0
r108_21,4,100,depot,1,mp_eavns,7.648998100001336,6005142.800660176,2042.8006601758912,0.0,31.0,0.0,6.0
r108_21,4,100,phased,21,edd,4.5900000259280205e-05,8016930.034410683,4028.8201619003403,930.1214248783461,36.0,29.0,8.0
r108_21,4,100,phased,21,sweep,2.6199999410891905e-05,7229.2994157098565,2677.113318339417,85.21860973704398,37.0,11.0,0.0
r108_21,4,100,phased,21,nearest,0.0007427999989886303,2008874.7448523692,2854.3321612475925,282.0412691121478,32.0,17.0,2.0
r108_21,4,100,phased,21,grasp,1.9299109000021417,7601.557847920881,2941.6355830934854,155.99222648273954,31.0,23.0,0.0
r108_21,4,100,phased,21,mp_eavns,14.279959300001792,5172.11848804585,2072.1184880458504,0.0,31.0,10.0,0.0
r108_21,4,100,all,21,edd,4.1700001020217314e-05,8016930.034410683,4028.8201619003403,930.1214248783461,36.0,29.0,8.0
r108_21,4,100,all,21,sweep,2.5299999833805487e-05,7229.2994157098565,2677.113318339417,85.21860973704398,37.0,11.0,0.0
r108_21,4,100,all,21,nearest,0.0007330999978876207,2008874.7448523692,2854.3321612475925,282.0412691121478,32.0,17.0,2.0
r108_21,4,100,all,21,grasp,1.7053859999978158,7658.021971877173,2773.200247876165,168.48217240010078,32.0,20.0,0.0
r108_21,4,100,all,21,mp_eavns,10.4623550000033,5126.013634137924,2026.0136341379236,0.0,31.0,7.0,0.0
r109_21,1,25,depot,1,edd,1.2300002708798274e-05,2001710.8997401348,610.8997401348516,0.0,11.0,0.0,2.0
r109_21,1,25,depot,1,sweep,7.700000423938036e-06,1002502.3286915256,647.921506409716,75.44071851158505,11.0,0.0,1.0
r109_21,1,25,depot,1,nearest,7.14999987394549e-05,1003460.5177380586,523.1732702595285,203.7344467799009,9.0,0.0,1.0
r109_21,1,25,depot,1,grasp,0.014884299998811912,1002330.913084043,560.5435379974401,87.03695460454907,9.0,0.0,1.0
r109_21,1,25,depot,1,mp_eavns,0.1057117999989714,1001250.3947399274,450.3947399273627,0.0,8.0,0.0,1.0
r109_21,1,25,phased,6,edd,1.2099997547920793e-05,2001710.8997401348,610.8997401348516,0.0,11.0,0.0,2.0
r109_21,1,25,phased,6,sweep,9.400002454640344e-06,2508.5661727213514,654.1589876055009,75.44071851158505,11.0,1.0,0.0
r109_21,1,25,phased,6,nearest,6.969999958528206e-05,3460.543628382931,523.1991605839216,203.7344467799009,9.0,1.0,0.0
r109_21,1,25,phased,6,grasp,0.03140060000077938,1857.6579167015748,586.1686922607307,37.148922444084405,9.0,2.0,0.0
r109_21,1,25,phased,6,mp_eavns,0.24731379999866476,1249.0232861047248,449.0232861047247,0.0,8.0,1.0,0.0
r109_21,1,25,all,21,edd,1.3299999409355223e-05,2001710.8997401348,610.8997401348516,0.0,11.0,0.0,2.0
r109_21,1,25,all,21,sweep,9.300001693191007e-06,2508.5661727213514,654.1589876055009,75.44071851158505,11.0,1.0,0.0
r109_21,1,25,all,21,nearest,7.660000119358301e-05,3460.543628382931,523.1991605839216,203.7344467799009,9.0,1.0,0.0
r109_21,1,25,all,21,grasp,0.04434449999826029,1967.9178549604367,562.6761079978364,50.52417469626002,9.0,1.0,0.0
r109_21,1,25,all,21,mp_eavns,0.2219121999987692,1249.0232861047248,449.0232861047247,0.0,8.0,1.0,0.0
r109_21,2,50,depot,1,edd,3.3299998904112726e-05,13004931.333360163,1598.0996731201872,143.3233687042777,19.0,2.0,13.0
r109_21,2,50,depot,1,sweep,3.699999797390774e-05,4006804.039790333,1280.0830555088833,362.39567348239757,19.0,0.0,4.0
r109_21,2,50,depot,1,nearest,0.00036469999758992344,7010011.166409344,1229.088358614161,708.2078050730173,17.0,0.0,7.0
r109_21,2,50,depot,1,grasp,0.1652723999977752,3007858.3035443746,1252.454849506805,500.58486948677677,16.0,2.0,3.0
r109_21,2,50,depot,1,mp_eavns,0.8387618999986444,2002591.8381835038,991.8381835039155,0.0,16.0,0.0,2.0
r109_21,2,50,phased,11,edd,4.400000034365803e-05,5005010.486292389,1570.392041859563,154.00942505295754,19.0,8.0,5.0
r109_21,2,50,phased,11,sweep,3.060000017285347e-05,7669.845851875645,1289.8800838015918,447.9965768074053,19.0,3.0,0.0
r109_21,2,50,phased,11,nearest,0.0003665000003820751,11495.293572587465,1242.7250457250452,855.256852686242,17.0,6.0,0.0
r109_21,2,50,phased,11,grasp,0.3000952000002144,4493.6291372330425,1361.4689203619387,153.21602168711036,16.0,10.0,0.0
r109_21,2,50,phased,11,mp_eavns,1.635419300000649,2570.1015999777965,970.1015999777964,0.0,16.0,2.0,0.0
r109_21,2,50,all,21,edd,2.0699997548945248e-05,5005010.486292389,1570.392041859563,154.00942505295754,19.0,8.0,5.0
r109_21,2,50,all,21,sweep,1.5199999324977398e-05,7669.845851875645,1289.8800838015918,447.9965768074053,19.0,3.0,0.0
r109_21,2,50,all,21,nearest,0.00021379999816417694,11495.293572587465,1242.7250457250452,855.256852686242,17.0,6.0,0.0
r109_21,2,50,all,21,grasp,0.42740520000006654,5328.370253064979,1323.7040090867913,230.46662439781878,17.0,8.0,0.0
r109_21,2,50,all,21,mp_eavns,1.794394700002158,2570.1015999777965,970.1015999777964,0.0,16.0,2.0,0.0
r109_21,3,75,depot,1,edd,2.769999991869554e-05,29008325.247842073,2713.984419823021,291.1263422249922,27.0,5.0,29.0
r109_21,3,75,depot,1,sweep,1.6499998309882358e-05,8010904.494626534,1996.1896668765703,600.83049596578,29.0,0.0,8.0
r109_21,3,75,depot,1,nearest,0.0004227999997965526,8014031.671286589,1947.9687338641163,968.3702552724587,24.0,3.0,8.0
r109_21,3,75,depot,1,grasp,0.40938639999876614,7011051.592133406,2119.099776869466,663.2492356536441,23.0,6.0,7.0
r109_21,3,75,depot,1,mp_eavns,3.0733444999968924,4003818.145032653,1518.145032653248,0.0,23.0,0.0,4.0
r109_21,3,75,phased,16,edd,3.099999958067201e-05,7012810.526968108,2696.895874333328,741.3631093774372,27.0,17.0,7.0
r109_21,3,75,phased,16,sweep,2.0800001948373392e-05,12769.48640715364,2010.0301128079313,785.9456294345708,29.0,6.0,0.0
r109_21,3,75,phased,16,nearest,0.00044630000047618523,1014348.1981475862,1919.1176822794014,1002.9080465306852,24.0,9.0,1.0
r109_21,3,75,phased,16,grasp,1.0312759000007645,8885.663476385602,2285.047097648946,430.06163787366563,23.0,15.0,0.0
r109_21,3,75,phased,16,mp_eavns,4.038296499998978,3799.152589794322,1499.1525897943218,0.0,23.0,5.0,0.0
r109_21,3,75,all,21,edd,3.2599997211946175e-05,7012797.274753262,2695.7192397047656,740.1555513557446,27.0,17.0,7.0
r109_21,3,75,all,21,sweep,1.9900002371286973e-05,12769.48640715364,2010.0301128079313,785.9456294345708,29.0,6.0,0.0
r109_21,3,75,all,21,nearest,0.000432699998782482,1014348.1981475862,1919.1176822794014,1002.9080465306852,24.0,9.0,1.0
r109_21,3,75,all,21,grasp,1.1802901000010024,8920.200389109685,2051.1264455606984,456.90739435489866,23.0,16.0,0.0
r109_21,3,75,all,21,mp_eavns,5.245641199999227,3799.152589794322,1499.1525897943218,0.0,23.0,5.0,0.0
r109_21,4,100,depot,1,edd,4.619999890564941e-05,39012388.005284086,3907.1669047768246,498.083837930771,35.0,7.0,39.0
r109_21,4,100,depot,1,sweep,3.070000093430281e-05,13015090.934448715,2658.4321244414664,873.2502324274083,37.0,0.0,13.0
r109_21,4,100,depot,1,nearest,0.0010550000006332994,13019664.766226556,2873.522944088061,1359.1243282468347,32.0,6.0,13.0
r109_21,4,100,depot,1,grasp,1.0778692999992927,12020737.157128742,3140.9298565464283,1449.6227272194683,31.0,9.0,12.0
r109_21,4,100,depot,1,mp_eavns,5.952339799998299,6005164.1974557815,2064.1974557815283,0.0,31.0,0.0,6.0
r109_21,4,100,phased,21,edd,5.5100001191021875e-05,8021865.290948385,3884.6702577422307,1448.0620690643036,35.0,30.0,8.0
r109_21,4,100,phased,21,sweep,3.159999687341042e-05,16960.76697730141,2677.113318339417,1058.3653658961991,37.0,11.0,0.0
r109_21,4,100,phased,21,nearest,0.0007020000011834782,3018854.553958281,2820.6128112417987,1283.394114703928,32.0,15.0,3.0
r109_21,4,100,phased,21,grasp,3.0245414999990317,11940.7807986455,2866.9773392653938,587.3803459380107,32.0,21.0,0.0
r109_21,4,100,phased,21,mp_eavns,13.669098099999246,5163.475611056277,2063.4756110562766,0.0,31.0,7.0,0.0
r109_21,4,100,all,21,edd,4.780000017490238e-05,8021865.290948385,3884.6702577422307,1448.0620690643036,35.0,30.0,8.0
r109_21,4,100,all,21,sweep,2.59000007645227e-05,16960.76697730141,2677.113318339417,1058.3653658961991,37.0,11.0,0.0
r109_21,4,100,all,21,nearest,0.0007508000016969163,3018854.553958281,2820.6128112417987,1283.394114703928,32.0,15.0,3.0
r109_21,4,100,all,21,grasp,3.132310299999517,16018.88873994625,2928.0594039169046,989.0829336029344,32.0,18.0,0.0
r109_21,4,100,all,21,mp_eavns,14.074163000001136,5163.475611056277,2063.4756110562766,0.0,31.0,7.0,0.0
r110_21,1,25,depot,1,edd,1.920000067912042e-05,2001753.4745114844,633.1472848186596,12.03272266658179,10.0,0.0,2.0
r110_21,1,25,depot,1,sweep,1.2500000593718141e-05,1002407.267034283,647.921506409716,65.93455278733478,11.0,0.0,1.0
r110_21,1,25,depot,1,nearest,0.00020960000256309286,1002194.9364816549,523.1732702595285,77.17632113953567,9.0,0.0,1.0
r110_21,1,25,depot,1,grasp,0.022780899998906534,1001438.81549992,538.8154999200706,0.0,9.0,0.0,1.0
r110_21,1,25,depot,1,mp_eavns,0.27154809999774443,1001381.9160075552,481.91600755523524,0.0,9.0,0.0,1.0
r110_21,1,25,phased,6,edd,1.1599997378652915e-05,1001753.5004018089,633.1731751430526,12.03272266658179,10.0,1.0,1.0
r110_21,1,25,phased,6,sweep,8.699997124494985e-06,2413.5045154788486,654.1589876055009,65.93455278733478,11.0,1.0,0.0
r110_21,1,25,phased,6,nearest,7.00999989931006e-05,2194.9623719792785,523.1991605839216,77.17632113953567,9.0,1.0,0.0
r110_21,1,25,phased,6,grasp,0.018769100002828054,1531.74752089831,624.8294607687687,0.6918060129541317,9.0,2.0,0.0
r110_21,1,25,phased,6,mp_eavns,0.2067349999997532,1382.226592510207,482.22659251020707,0.0,9.0,2.0,0.0
r110_21,1,25,all,21,edd,1.97000008483883e-05,1001753.5004018089,633.1731751430526,12.03272266658179,10.0,1.0,1.0
r110_21,1,25,all,21,sweep,1.5800000255694613e-05,2413.5045154788486,654.1589876055009,65.93455278733478,11.0,1.0,0.0
r110_21,1,25,all,21,nearest,0.0001407999989169184,2194.9623719792785,523.1991605839216,77.17632113953567,9.0,1.0,0.0
r110_21,1,25,all,21,grasp,0.04299669999818434,1457.903124308275,557.903124308275,0.0,9.0,2.0,0.0
r110_21,1,25,all,21,mp_eavns,0.19811570000092615,1264.3716893019734,464.3716893019734,0.0,8.0,1.0,0.0
r110_21,2,50,depot,1,edd,1.9999999494757503e-05,20005470.321625534,1685.8499933816784,188.44716321519968,19.0,1.0,20.0
r110_21,2,50,depot,1,sweep,1.2900000001536682e-05,4005073.419647061,1280.0830555088833,189.33365915520005,19.0,0.0,4.0
r110_21,2,50,depot,1,nearest,0.00021100000230944715,3007020.692273379,1233.6292575745763,408.70630158040456,17.0,2.0,3.0
r110_21,2,50,depot,1,grasp,0.13312280000172905,2004266.641159401,1238.943832237045,132.7697327164111,17.0,3.0,2.0
r110_21,2,50,depot,1,mp_eavns,1.120724500000506,2002596.2701105883,996.2701105882693,0.0,16.0,0.0,2.0
r110_21,2,50,phased,11,edd,4.7199999244185165e-05,4007077.6033059508,1693.3761244995787,348.42271814511514,19.0,11.0,4.0
r110_21,2,50,phased,11,sweep,4.389999958220869e-05,5602.832506353649,1289.8800838015918,241.2952422552057,19.0,3.0,0.0
r110_21,2,50,phased,11,nearest,0.00036049999835086055,6865.659978568623,1221.962914309756,394.36970642588665,17.0,5.0,0.0
r110_21,2,50,phased,11,grasp,0.21100129999831552,3086.0424424186795,1366.2061044539091,11.98363379647705,16.0,7.0,0.0
r110_21,2,50,phased,11,mp_eavns,1.5724700999999186,2577.636901914373,977.636901914373,0.0,16.0,3.0,0.0
r110_21,2,50,all,21,edd,2.8500002372311428e-05,4007077.6033059508,1693.3761244995787,348.42271814511514,19.0,11.0,4.0
r110_21,2,50,all,21,sweep,1.5199999324977398e-05,5602.832506353649,1289.8800838015918,241.2952422552057,19.0,3.0,0.0
r110_21,2,50,all,21,nearest,0.00022140000146464445,6865.659978568623,1221.962914309756,394.36970642588665,17.0,5.0,0.0
r110_21,2,50,all,21,grasp,0.3418530999988434,3185.938409782144,1290.8217534754062,19.511665630673747,17.0,6.0,0.0
r110_21,2,50,all,21,mp_eavns,1.644094600000244,2575.5303932306983,975.5303932306985,0.0,16.0,3.0,0.0
r110_21,3,75,depot,1,edd,2.9999999242136255e-05,35010067.16521187,3067.3914432662896,439.9773768604103,26.0,5.0,35.0
r110_21,3,75,depot,1,sweep,2.2100000933278352e-05,8006851.721703001,1996.1896668765703,195.55320361249295,29.0,0.0,8.0
r110_21,3,75,depot,1,nearest,0.0004859000000578817,8007394.940780855,1947.9687338641163,304.69720469908214,24.0,3.0,8.0
r110_21,3,75,depot,1,grasp,0.2884319000004325,6010078.96397273,2227.8519885643545,555.1111984165179,23.0,9.0,6.0
r110_21,3,75,depot,1,mp_eavns,3.587773400002334,5003934.697296122,1534.6972961220433,0.0,24.0,0.0,5.0
r110_21,3,75,phased,16,edd,3.8399997720262036e-05,10017805.881934643,3109.2385533626516,1209.6643381279964,26.0,20.0,10.0
r110_21,3,75,phased,16,sweep,2.2199998056748882e-05,7980.537570035176,2010.0301128079313,307.0507457227244,29.0,6.0,0.0
r110_21,3,75,phased,16,nearest,0.00045479999971576035,1007188.7515426333,1919.1176822794014,286.96338603539056,24.0,9.0,1.0
r110_21,3,75,phased,16,grasp,0.8845618000013928,5520.510511071336,2004.7216766143579,111.57888344569784,24.0,11.0,0.0
r110_21,3,75,phased,16,mp_eavns,6.283052700000553,3915.8261174998015,1515.8261174998013,0.0,24.0,5.0,0.0
r110_21,3,75,all,21,edd,3.2500000088475645e-05,10017805.881934643,3109.2385533626516,1209.6643381279964,26.0,20.0,10.0
r110_21,3,75,all,21,sweep,2.049999966402538e-05,7980.537570035176,2010.0301128079313,307.0507457227244,29.0,6.0,0.0
r110_21,3,75,all,21,nearest,0.00044409999827621505,1007188.7515426333,1919.1176822794014,286.96338603539056,24.0,9.0,1.0
r110_21,3,75,all,21,grasp,0.729785699997592,5284.595266485678,2001.8150862718594,98.27801802138183,23.0,15.0,0.0
r110_21,3,75,all,21,mp_eavns,7.134187799998472,3900.266068718249,1500.2660687182486,0.0,24.0,5.0,0.0
r110_21,4,100,depot,1,edd,4.859999899053946e-05,42013289.540424995,4145.917543420435,564.3622881576648,35.0,10.0,42.0
r110_21,4,100,depot,1,sweep,2.0299998141126707e-05,13009449.145070437,2658.4321244414664,309.07129459952733,37.0,0.0,13.0
r110_21,4,100,depot,1,nearest,0.0007694000014453195,15010487.37725817,2909.9200685915243,437.7457189578363,32.0,6.0,15.0
r110_21,4,100,depot,1,grasp,0.8806202999985544,12009005.46945007,3040.5239250007626,286.4945525068854,31.0,9.0,12.0
r110_21,4,100,depot,1,mp_eavns,7.337018299996998,7005177.013146009,2077.013146009062,0.0,31.0,0.0,7.0
r110_21,4,100,phased,21,edd,6.579999899258837e-05,8018968.006408759,4150.540358083876,1131.746605067593,35.0,33.0,8.0
r110_21,4,100,phased,21,sweep,3.619999915827066e-05,10582.801685437005,2677.113318339417,420.5688367097588,37.0,11.0,0.0
r110_21,4,100,phased,21,nearest,0.0007404999996651895,3009938.051873303,2847.133473521086,389.09183997818207,32.0,16.0,3.0
r110_21,4,100,phased,21,grasp,2.5338946000010765,7905.084504177717,2986.697718793498,181.83867853842182,31.0,19.0,0.0
r110_21,4,100,phased,21,mp_eavns,10.508165200000803,5182.119948917092,2082.1199489170917,0.0,31.0,9.0,0.0
r110_21,4,100,all,21,edd,3.789999755099416e-05,8018968.006408759,4150.540358083876,1131.746605067593,35.0,33.0,8.0
r110_21,4,100,all,21,sweep,2.559999848017469e-05,10582.801685437005,2677.113318339417,420.5688367097588,37.0,11.0,0.0
r110_21,4,100,all,21,nearest,0.0007356999994954094,3009938.051873303,2847.133473521086,389.09183997818207,32.0,16.0,3.0
r110_21,4,100,all,21,grasp,2.3428318000005675,7284.830006954624,2976.3136524079987,120.85163545466253,31.0,19.0,0.0
r110_21,4,100,all,21,mp_eavns,14.193230000000767,5163.312331485728,2063.312331485727,0.0,31.0,8.0,0.0
r111_21,1,25,depot,1,edd,1.2299999070819467e-05,2001584.4817615398,574.1545348741079,11.03272266658179,9.0,0.0,2.0
r111_21,1,25,depot,1,sweep,7.300001016119495e-06,1002517.267034283,647.921506409716,76.93455278733478,11.0,0.0,1.0
r111_21,1,25,depot,1,nearest,7.030000051599927e-05,1001964.393915376,536.5698660467076,52.78240493292819,9.0,0.0,1.0
r111_21,1,25,depot,1,grasp,0.016879899998457404,1001567.8859389836,567.2211855568429,10.06647534267914,9.0,0.0,1.0
r111_21,1,25,depot,1,mp_eavns,0.23992859999998473,1001383.2469672968,483.2469672967984,0.0,9.0,0.0,1.0
r111_21,1,25,phased,6,edd,1.2900000001536682e-05,1587.390645986473,577.0634193206549,11.03272266658179,9.0,2.0,0.0
r111_21,1,25,phased,6,sweep,1.3799999578623101e-05,2523.5045154788486,654.1589876055009,76.93455278733478,11.0,1.0,0.0
r111_21,1,25,phased,6,nearest,9.43000013648998e-05,1964.4198057003828,536.5957563711007,52.78240493292819,9.0,1.0,0.0
r111_21,1,25,phased,6,grasp,0.023160900000220863,1452.5726474380776,552.5726474380776,0.0,9.0,2.0,0.0
r111_21,1,25,phased,6,mp_eavns,0.15067639999688254,1264.7251184374331,464.72511843743314,0.0,8.0,2.0,0.0
r111_21,1,25,all,21,edd,1.2399999832268804e-05,1587.390645986473,577.0634193206549,11.03272266658179,9.0,2.0,0.0
r111_21,1,25,all,21,sweep,9.60000033956021e-06,2523.5045154788486,654.1589876055009,76.93455278733478,11.0,1.0,0.0
r111_21,1,25,all,21,nearest,7.069999992381781e-05,1964.4198057003828,536.5957563711007,52.78240493292819,9.0,1.0,0.0
r111_21,1,25,all,21,grasp,0.029004100000747712,1462.051045359836,562.051045359836,0.0,9.0,2.0,0.0
r111_21,1,25,all,21,mp_eavns,0.20223949999854085,1264.7251184374331,464.72511843743314,0.0,8.0,2.0,0.0
r111_21,2,50,depot,1,edd,2.1199997718213126e-05,15003752.789628347,1685.1759752488288,16.761365309779592,19.0,1.0,15.0
r111_21,2,50,depot,1,sweep,1.2700002116616815e-05,4005373.419647061,1280.0830555088833,219.33365915520005,19.0,0.0,4.0
r111_21,2,50,depot,1,nearest,0.00022639999951934442,4005240.5818334864,1172.0369986446485,236.85448348418373,17.0,0.0,4.0
r111_21,2,50,depot,1,grasp,0.13773560000117868,2006247.0327510817,1410.7122568080954,323.63204942735456,16.0,5.0,2.0
r111_21,2,50,depot,1,mp_eavns,1.0566958999988856,2002570.2499425777,970.2499425776826,0.0,16.0,0.0,2.0
r111_21,2,50,phased,11,edd,2.3799999326001853e-05,7003766.558478554,1698.9448254558679,16.761365309779592,19.0,7.0,7.0
r111_21,2,50,phased,11,sweep,1.9800001609837636e-05,5789.22570860367,1289.8800838015918,259.9345624802078,19.0,3.0,0.0
r111_21,2,50,phased,11,nearest,0.00022280000121099874,5243.600369985248,1175.0555351434105,236.85448348418373,17.0,4.0,0.0
r111_21,2,50,phased,11,grasp,0.2754736999995657,3491.7834371026497,1305.359319089131,48.642411801351855,17.0,5.0,0.0
r111_21,2,50,phased,11,mp_eavns,1.7657249000003503,2583.0067982429405,983.0067982429406,0.0,16.0,3.0,0.0
r111_21,2,50,all,21,edd,2.2000000171829015e-05,7003761.731766301,1694.1181132031302,16.761365309779592,19.0,7.0,7.0
r111_21,2,50,all,21,sweep,1.8599999748403206e-05,5789.22570860367,1289.8800838015918,259.9345624802078,19.0,3.0,0.0
r111_21,2,50,all,21,nearest,0.0004377000004751608,5243.600369985248,1175.0555351434105,236.85448348418373,17.0,4.0,0.0
r111_21,2,50,all,21,grasp,0.2858599999999569,3740.8259931441876,1217.7933766081046,92.3032616536083,16.0,6.0,0.0
r111_21,2,50,all,21,mp_eavns,1.3695217999993474,2576.1584221192384,976.1584221192384,0.0,16.0,3.0,0.0
r111_21,3,75,depot,1,edd,4.1799998143687844e-05,22010958.469350096,2863.1940345370267,549.5275315560378,26.0,8.0,22.0
r111_21,3,75,depot,1,sweep,2.9599999834317714e-05,8007191.721703001,1996.1896668765703,229.55320361249295,29.0,0.0,8.0
r111_21,3,75,depot,1,nearest,0.0007591000030515715,8006677.773822383,1917.5367693353744,236.0237053047723,24.0,2.0,8.0
r111_21,3,75,depot,1,grasp,0.3824607999995351,7008440.379261559,2212.5321123321974,392.7847149226603,23.0,8.0,7.0
r111_21,3,75,depot,1,mp_eavns,3.249504200000956,5003810.45605314,1510.456053139628,0.0,23.0,0.0,5.0
r111_21,3,75,phased,16,edd,6.13999982306268e-05,4013635.939008446,2814.8020985742214,822.113690987186,26.0,20.0,4.0
r111_21,3,75,phased,16,sweep,2.3699998564552516e-05,8296.930772285195,2010.0301128079313,338.69006594772645,29.0,6.0,0.0
r111_21,3,75,phased,16,nearest,0.0006173000001581386,1006512.4523866674,1891.6153854256968,222.08370012417114,24.0,8.0,1.0
r111_21,3,75,phased,16,grasp,0.8678609999988112,6324.429272199406,2115.373874125297,180.9055398074109,24.0,13.0,0.0
r111_21,3,75,phased,16,mp_eavns,4.6875562999994145,3816.3015626039078,1516.3015626039078,0.0,23.0,6.0,0.0
r111_21,3,75,all,21,edd,3.0100000003585592e-05,4013635.939008446,2814.8020985742214,822.113690987186,26.0,20.0,4.0
r111_21,3,75,all,21,sweep,1.9400002202019095e-05,8296.930772285195,2010.0301128079313,338.69006594772645,29.0,6.0,0.0
r111_21,3,75,all,21,nearest,0.00040530000114813447,1006512.4523866674,1891.6153854256968,222.08370012417114,24.0,8.0,1.0
r111_21,3,75,all,21,grasp,0.9391849999992701,4969.552016206516,2057.7415321015133,51.18104841050024,24.0,15.0,0.0
r111_21,3,75,all,21,mp_eavns,5.034992700002476,3816.2289102132054,1516.2289102132056,0.0,23.0,6.0,0.0
r111_21,4,100,depot,1,edd,3.479999941191636e-05,47010722.90264082,3948.547152877623,317.435548794091,36.0,5.0,47.0
r111_21,4,100,depot,1,sweep,2.1400002879090607e-05,13009899.145070437,2658.4321244414664,354.07129459952733,37.0,0.0,13.0
r111_21,4,100,depot,1,nearest,0.0006992999988142401,13010376.542683959,2873.522944088061,430.30197398717405,32.0,6.0,13.0
r111_21,4,100,depot,1,grasp,0.8446818000011262,11010871.072651183,2916.6907208876687,485.4381930296408,31.0,7.0,11.0
r111_21,4,100,depot,1,mp_eavns,7.586092699999426,7005162.477857594,2062.4778575943674,0.0,31.0,0.0,7.0
r111_21,4,100,phased,21,edd,4.940000144415535e-05,12014825.486491235,3969.58295325182,725.5903537982368,36.0,28.0,12.0
r111_21,4,100,phased,21,sweep,6.359999679261819e-05,11009.194887687026,2677.113318339417,463.20815693476084,37.0,11.0,0.0
r111_21,4,100,phased,21,nearest,0.0013389999985520262,3009926.493813123,2820.6128112417987,390.58810018812096,32.0,15.0,3.0
r111_21,4,100,phased,21,grasp,2.57562020000114,7941.841738787236,2882.5279910374256,195.93137477498107,31.0,20.0,0.0
r111_21,4,100,phased,21,mp_eavns,12.510436900000059,5170.444675958284,2070.444675958284,0.0,31.0,9.0,0.0
r111_21,4,100,all,21,edd,4.319999789004214e-05,12014825.486491235,3969.58295325182,725.5903537982368,36.0,28.0,12.0
r111_21,4,100,all,21,sweep,2.9000002541579306e-05,11009.194887687026,2677.113318339417,463.20815693476084,37.0,11.0,0.0
r111_21,4,100,all,21,nearest,0.0008428000001003966,3009926.493813123,2820.6128112417987,390.58810018812096,32.0,15.0,3.0
r111_21,4,100,all,21,grasp,2.489869400000316,9856.202042925652,3099.2761129125074,365.6925930013143,31.0,24.0,0.0
r111_21,4,100,all,21,mp_eavns,8.867621100001998,5140.8535458599,2040.8535458599001,0.0,31.0,7.0,0.0
r112_21,1,25,depot,1,edd,1.3299999409355223e-05,2001590.8531544278,590.8531544279477,0.0,10.0,0.0,2.0
r112_21,1,25,depot,1,sweep,7.499998901039362e-06,1001747.9215064098,647.921506409716,0.0,11.0,0.0,1.0
r112_21,1,25,depot,1,nearest,7.339999865507707e-05,1001442.7312007177,523.1732702595285,1.9557930458258568,9.0,0.0,1.0
r112_21,1,25,depot,1,grasp,0.009929899999406189,1001446.6724899044,546.6724899044915,0.0,9.0,0.0,1.0
r112_21,1,25,depot,1,mp_eavns,0.2064747999975225,1001375.6763197305,475.6763197304804,0.0,9.0,0.0,1.0
r112_21,1,25,phased,6,edd,1.97000008483883e-05,1595.7318844417427,595.7318844417429,0.0,10.0,2.0,0.0
r112_21,1,25,phased,6,sweep,1.8200000340584666e-05,1754.158987605501,654.1589876055009,0.0,11.0,1.0,0.0
r112_21,1,25,phased,6,nearest,0.0001351000028080307,1442.7570910421803,523.1991605839216,1.9557930458258568,9.0,1.0,0.0
r112_21,1,25,phased,6,grasp,0.01646650000111549,1432.2136796558902,532.2136796558901,0.0,9.0,1.0,0.0
r112_21,1,25,phased,6,mp_eavns,0.17721330000131275,1245.8123325823292,445.81233258232913,0.0,8.0,1.0,0.0
r112_21,1,25,all,21,edd,1.21000011858996e-05,1595.7318844417427,595.7318844417429,0.0,10.0,2.0,0.0
r112_21,1,25,all,21,sweep,8.999999408842996e-06,1754.158987605501,654.1589876055009,0.0,11.0,1.0,0.0
r112_21,1,25,all,21,nearest,7.48999991628807e-05,1442.7570910421803,523.1991605839216,1.9557930458258568,9.0,1.0,0.0
r112_21,1,25,all,21,grasp,0.02381289999902947,1435.2143183207124,535.2143183207124,0.0,9.0,1.0,0.0
r112_21,1,25,all,21,mp_eavns,0.21645969999735826,1245.8123325823292,445.81233258232913,0.0,8.0,1.0,0.0
r112_21,2,50,depot,1,edd,2.0300001779105514e-05,16003398.793562248,1598.7935622476948,0.0,18.0,2.0,16.0
r112_21,2,50,depot,1,sweep,1.179999890155159e-05,4003180.083055509,1280.0830555088833,0.0,19.0,0.0,4.0
r112_21,2,50,depot,1,nearest,0.00021289999858709052,3004177.99143881,1233.6292575745763,124.43621812352706,17.0,2.0,3.0
r112_21,2,50,depot,1,grasp,0.09656119999999646,2003068.6237496017,1368.6237496016051,0.0,17.0,3.0,2.0
r112_21,2,50,depot,1,mp_eavns,1.4040934999975434,2002565.772552507,965.7725525069874,0.0,16.0,0.0,2.0
r112_21,2,50,phased,11,edd,2.4600001779617742e-05,7003378.4977622805,1578.4977622806277,0.0,18.0,8.0,7.0
r112_21,2,50,phased,11,sweep,1.5300000086426735e-05,3189.880083801592,1289.8800838015918,0.0,19.0,3.0,0.0
r112_21,2,50,phased,11,nearest,0.0002029999996011611,4022.9591439998467,1221.962914309756,110.09962296900906,17.0,5.0,0.0
r112_21,2,50,phased,11,grasp,0.1669791999993322,2885.6555060001924,1285.6555060001924,0.0,16.0,6.0,0.0
r112_21,2,50,phased,11,mp_eavns,1.4241782999997668,2556.994079267184,956.994079267184,0.0,16.0,2.0,0.0
r112_21,2,50,all,21,edd,2.2999996872385964e-05,7003378.4977622805,1578.4977622806277,0.0,18.0,8.0,7.0
r112_21,2,50,all,21,sweep,1.6400001186411828e-05,3189.880083801592,1289.8800838015918,0.0,19.0,3.0,0.0
r112_21,2,50,all,21,nearest,0.00024080000002868474,4022.9591439998467,1221.962914309756,110.09962296900906,17.0,5.0,0.0
r112_21,2,50,all,21,grasp,0.23423510000066017,2817.104212495458,1217.104212495458,0.0,16.0,6.0,0.0
r112_21,2,50,all,21,mp_eavns,1.5466687999978603,2552.2018897324447,952.2018897324446,0.0,16.0,3.0,0.0
r112_21,3,75,depot,1,edd,2.809999932651408e-05,23007348.27685657,2884.3506281529117,166.39262284187024,28.0,8.0,23.0
r112_21,3,75,depot,1,sweep,1.8599999748403206e-05,8004896.189666877,1996.1896668765703,0.0,29.0,0.0,8.0
r112_21,3,75,depot,1,nearest,0.00041339999734191224,8004896.783250264,1947.9687338641163,54.88145163993576,24.0,3.0,8.0
r112_21,3,75,depot,1,grasp,0.31735249999837833,6006340.063896623,2251.4627726816852,168.86011239413202,24.0,7.0,6.0
r112_21,3,75,depot,1,mp_eavns,4.138312799997948,5003900.940837047,1500.940837047218,0.0,24.0,0.0,5.0
r112_21,3,75,phased,16,edd,3.310000101919286e-05,7009166.94549535,2915.419574499063,345.15259208512157,28.0,22.0,7.0
r112_21,3,75,phased,16,sweep,2.010000025620684e-05,5045.389702910189,2010.0301128079313,13.535959010225781,29.0,6.0,0.0
r112_21,3,75,phased,16,nearest,0.00041509999937261455,1004829.9940638478,1919.1176822794014,51.0876381568454,24.0,9.0,1.0
r112_21,3,75,phased,16,grasp,0.601227300001483,4392.070074622237,1992.0700746222378,0.0,24.0,13.0,0.0
r112_21,3,75,phased,16,mp_eavns,4.837055699998018,3786.1618897966364,1486.1618897966364,0.0,23.0,5.0,0.0
r112_21,3,75,all,21,edd,3.099999958067201e-05,7009166.94549535,2915.419574499063,345.15259208512157,28.0,22.0,7.0
r112_21,3,75,all,21,sweep,1.8999999156221747e-05,5045.389702910189,2010.0301128079313,13.535959010225781,29.0,6.0,0.0
r112_21,3,75,all,21,nearest,0.00045820000013918616,1004829.9940638478,1919.1176822794014,51.0876381568454,24.0,9.0,1.0
r112_21,3,75,all,21,grasp,0.7550797000003513,4450.483823529559,2031.6492765167382,11.883454701282119,23.0,12.0,0.0
r112_21,3,75,all,21,mp_eavns,4.5676451999970595,3771.437839580095,1471.437839580095,0.0,23.0,5.0,0.0
r112_21,4,100,depot,1,edd,3.680000008898787e-05,41008321.47885141,3913.4583806314376,80.80204707786928,36.0,7.0,41.0
r112_21,4,100,depot,1,sweep,2.2000000171829015e-05,13006358.432124441,2658.4321244414664,0.0,37.0,0.0,13.0
r112_21,4,100,depot,1,nearest,0.0007138000000850298,14006350.403036175,2940.444262778234,20.99587733963017,32.0,7.0,14.0
r112_21,4,100,depot,1,grasp,0.7646552000005613,10006595.453669138,2955.8334183142406,43.96202508234509,32.0,7.0,10.0
r112_21,4,100,depot,1,mp_eavns,7.291918999999325,7005145.67795272,2045.6779527195404,0.0,31.0,0.0,7.0
r112_21,4,100,phased,21,edd,4.6799999836366624e-05,12011545.166252865,3975.4546627579284,396.9711590105735,36.0,30.0,12.0
r112_21,4,100,phased,21,sweep,2.719999974942766e-05,6512.472908441675,2677.113318339417,13.535959010225781,37.0,11.0,0.0
r112_21,4,100,phased,21,nearest,0.0007638999995833728,2006077.4633487375,2854.3321612475925,2.3131187489898934,32.0,17.0,2.0
r112_21,4,100,phased,21,grasp,1.7000334000003932,6075.9774264604785,2861.046501474428,1.493092498604966,32.0,20.0,0.0
r112_21,4,100,phased,21,mp_eavns,12.922381899999891,5115.733149368274,2015.733149368274,0.0,31.0,6.0,0.0
r112_21,4,100,all,21,edd,3.870000000461005e-05,12011545.166252865,3975.4546627579284,396.9711590105735,36.0,30.0,12.0
r112_21,4,100,all,21,sweep,2.4600001779617742e-05,6512.472908441675,2677.113318339417,13.535959010225781,37.0,11.0,0.0
r112_21,4,100,all,21,nearest,0.0007110000005923212,2006077.4633487375,2854.3321612475925,2.3131187489898934,32.0,17.0,2.0
r112_21,4,100,all,21,grasp,1.4872646000003442,6127.720277915598,2814.8875534525696,21.283272446302874,31.0,20.0,0.0
r112_21,4,100,all,21,mp_eavns,9.230749899998045,5116.14964404662,2016.14964404662,0.0,31.0,7.0,0.0
r201_21,1,25,depot,1,edd,1.2799999240087345e-05,3001647.154869352,647.1548693521519,0.0,10.0,0.0,3.0
r201_21,1,25,depot,1,sweep,7.600003300467506e-06,1025668.8592472449,647.921506409716,2392.093774083515,11.0,0.0,1.0
r201_21,1,25,depot,1,nearest,7.209999967017211e-05,1032577.3288384756,523.1732702595285,3115.4155568216092,9.0,0.0,1.0
r201_21,1,25,depot,1,grasp,0.01703830000042217,1003853.7609774992,602.0163410597975,235.17446364393766,9.0,0.0,1.0
r201_21,1,25,depot,1,mp_eavns,0.1426013000018429,1001294.9862751472,494.9862751471817,0.0,8.0,0.0,1.0
r201_21,1,25,phased,6,edd,3.0100000003585592e-05,1001647.805501972,647.8055019719683,0.0,10.0,2.0,1.0
r201_21,1,25,phased,6,sweep,1.889999839477241e-05,25675.09672844065,654.1589876055009,2392.093774083515,11.0,1.0,0.0
r201_21,1,25,phased,6,nearest,0.00013140000010025688,32577.35472880001,523.1991605839216,3115.4155568216092,9.0,1.0,0.0
r201_21,1,25,phased,6,grasp,0.03211430000010296,4329.9537384409805,599.4549822297715,283.0498756211209,9.0,2.0,0.0
r201_21,1,25,phased,6,mp_eavns,0.27364400000078604,1384.1948780775137,484.19487807751375,0.0,9.0,2.0,0.0
r201_21,1,25,all,21,edd,1.2699998478638008e-05,1001647.805501972,647.8055019719683,0.0,10.0,2.0,1.0
r201_21,1,25,all,21,sweep,9.499999578110874e-06,25675.09672844065,654.1589876055009,2392.093774083515,11.0,1.0,0.0
r201_21,1,25,all,21,nearest,7.449999975506216e-05,32577.35472880001,523.1991605839216,3115.4155568216092,9.0,1.0,0.0
r201_21,1,25,all,21,grasp,0.03339400000186288,3169.7590300440525,603.7357773736262,166.6023252670426,9.0,2.0,0.0
r201_21,1,25,all,21,mp_eavns,0.23436020000008284,1288.95937433092,488.9593743309199,0.0,8.0,1.0,0.0
r201_21,2,50,depot,1,edd,1.8900002032751217e-05,18003463.64834336,1663.64834335762,0.0,18.0,0.0,18.0
r201_21,2,50,depot,1,sweep,1.2000000424450263e-05,4043326.68639519,1280.0830555088833,4014.6603339681383,19.0,0.0,4.0
r201_21,2,50,depot,1,nearest,0.00020909999875584617,7053491.217793893,1229.0883586141608,5056.212943527853,17.0,0.0,7.0
r201_21,2,50,depot,1,grasp,0.13409099999989849,3025777.4207605696,1439.909333542459,2263.7511427027,17.0,4.0,3.0
r201_21,2,50,depot,1,mp_eavns,1.3127920999977505,2002602.8631994338,1002.8631994337258,0.0,16.0,0.0,2.0
r201_21,2,50,phased,11,edd,6.930000017746352e-05,6003863.867809435,1676.856852553815,38.701095688133364,18.0,8.0,6.0
r201_21,2,50,phased,11,sweep,6.529999882332049e-05,46459.36037757476,1289.8800838015918,4326.948029377318,19.0,3.0,0.0
r201_21,2,50,phased,11,nearest,0.0006127000015112571,55863.92360089852,1242.7250457250452,5292.119855517347,17.0,6.0,0.0
r201_21,2,50,phased,11,grasp,0.2723708000012266,14044.19044878482,1270.1782541162545,1117.4012194668567,16.0,6.0,0.0
r201_21,2,50,phased,11,mp_eavns,2.24852810000084,2611.9292360545855,1011.9292360545855,0.0,16.0,4.0,0.0
r201_21,2,50,all,21,edd,2.049999966402538e-05,6003863.867809435,1676.856852553815,38.701095688133364,18.0,8.0,6.0
r201_21,2,50,all,21,sweep,1.5200002962956205e-05,46459.36037757476,1289.8800838015918,4326.948029377318,19.0,3.0,0.0
r201_21,2,50,all,21,nearest,0.00022119999994174577,55863.92360089852,1242.7250457250452,5292.119855517347,17.0,6.0,0.0
r201_21,2,50,all,21,grasp,0.3138057999967714,16216.78747004788,1303.6740100183217,1331.3113460029558,16.0,6.0,0.0
r201_21,2,50,all,21,mp_eavns,1.3847333999983675,2623.0702546586203,1023.0702546586203,0.0,16.0,2.0,0.0
r201_21,3,75,depot,1,edd,3.5099998058285564e-05,24006027.39824204,2770.8848594708033,45.65133825719744,28.0,6.0,24.0
r201_21,3,75,depot,1,sweep,2.3699998564552516e-05,8054439.152529781,1996.1896668765703,4954.29628629043,29.0,0.0,8.0
r201_21,3,75,depot,1,nearest,0.0006599999978789128,8076687.303263525,1947.9687338641163,7233.933452966047,24.0,3.0,8.0
r201_21,3,75,depot,1,grasp,0.4000685999999405,5065080.75207707,2041.5133592321547,6073.923871783812,23.0,6.0,5.0
r201_21,3,75,depot,1,mp_eavns,4.163613199998508,4003982.676660148,1582.6766601480954,0.0,24.0,0.0,4.0
r201_21,3,75,phased,16,edd,3.159999687341042e-05,8006602.887450179,2736.1725992767024,106.6714850902801,28.0,16.0,8.0
r201_21,3,75,phased,16,sweep,2.0800001948373392e-05,64681.01223124184,2010.0301128079313,5977.098211843391,29.0,6.0,0.0
r201_21,3,75,phased,16,nearest,0.0005332000000635162,1081603.2301763282,1919.1176822794014,7728.411249404874,24.0,9.0,1.0
r201_21,3,75,phased,16,grasp,1.05432060000021,20868.988677342284,2188.4646403597762,1628.0524036982508,24.0,14.0,0.0
r201_21,3,75,phased,16,mp_eavns,7.777192899997317,3980.489011971378,1580.4890119713784,0.0,24.0,7.0,0.0
r201_21,3,75,all,21,edd,3.0399998649954796e-05,8006602.887450179,2736.1725992767024,106.6714850902801,28.0,16.0,8.0
r201_21,3,75,all,21,sweep,1.9400002202019095e-05,64681.01223124184,2010.0301128079313,5977.098211843391,29.0,6.0,0.0
r201_21,3,75,all,21,nearest,0.0004000000008090865,1081603.2301763282,1919.1176822794014,7728.411249404874,24.0,9.0,1.0
r201_21,3,75,all,21,grasp,1.0840970999997808,26933.180028264258,2117.4044795025343,2251.5775548761726,23.0,14.0,0.0
r201_21,3,75,all,21,mp_eavns,5.884861900001852,3969.9570974904323,1569.9570974904323,0.0,24.0,5.0,0.0
r201_21,4,100,depot,1,edd,3.389999983482994e-05,41008647.573883,3948.4811956951444,109.90926873023525,36.0,6.0,41.0
r201_21,4,100,depot,1,sweep,2.13999992411118e-05,13080916.306716237,2658.4321244414664,7455.787459179655,37.0,0.0,13.0
r201_21,4,100,depot,1,nearest,0.0007086000005074311,13088351.843596097,2873.522944088061,8227.832065200913,32.0,6.0,13.0
r201_21,4,100,depot,1,grasp,1.1765073999995366,11107127.37225952,2888.487779069719,10113.888448044958,31.0,8.0,11.0
r201_21,4,100,depot,1,mp_eavns,7.140563799999654,5005212.972016349,2112.972016349019,0.0,31.0,0.0,5.0
r201_21,4,100,phased,21,edd,4.8000001697801054e-05,18009479.469012164,3935.1414237195127,194.4327588445615,36.0,21.0,18.0
r201_21,4,100,phased,21,sweep,2.8200000087963417e-05,91163.00716566561,2677.113318339417,8478.589384732619,37.0,11.0,0.0
r201_21,4,100,phased,21,nearest,0.0007148000004235655,3087995.8997774837,2820.6128112417987,8197.528696624202,32.0,15.0,3.0
r201_21,4,100,phased,21,grasp,3.0569684999973106,50684.875151894885,2790.3050357044585,4489.4570116190425,30.0,17.0,0.0
r201_21,4,100,phased,21,mp_eavns,15.771924000000581,5278.884706912035,2178.884706912035,0.0,31.0,9.0,0.0
r201_21,4,100,all,21,edd,3.7099998735357076e-05,18009479.469012164,3935.1414237195127,194.4327588445615,36.0,21.0,18.0
r201_21,4,100,all,21,sweep,2.4600001779617742e-05,91163.00716566561,2677.113318339417,8478.589384732619,37.0,11.0,0.0
r201_21,4,100,all,21,nearest,0.0006735000024491455,3087995.8997774837,2820.6128112417987,8197.528696624202,32.0,15.0,3.0
r201_21,4,100,all,21,grasp,2.945633400002407,62296.000827640935,2935.406120335985,5626.059470730495,31.0,24.0,0.0
r201_21,4,100,all,21,mp_eavns,8.450180300002103,5277.867711453242,2177.8677114532416,0.0,31.0,8.0,0.0
r201C10,1,3,depot,1,edd,6.800000846851617e-06,287.2206928993535,87.2206928993535,0.0,2.0,0.0,0.0
r201C10,1,3,depot,1,sweep,3.899996954714879e-06,299.9800805169304,99.98008051693041,0.0,2.0,0.0,0.0
r201C10,1,3,depot,1,nearest,1.2399999832268804e-05,4327.202865748236,96.78691996031296,403.04159457879234,2.0,0.0,0.0
r201C10,1,3,depot,1,grasp,0.0002455000030749943,287.2206928993535,87.2206928993535,0.0,2.0,0.0,0.0
r201C10,1,3,depot,1,mp_eavns,0.003874900001392234,287.2206928993535,87.2206928993535,0.0,2.0,0.0,0.0
r201C10,1,3,phased,2,edd,8.300001354655251e-06,287.2206928993535,87.2206928993535,0.0,2.0,0.0,0.0
r201C10,1,3,phased,2,sweep,3.7000027077738196e-06,299.9800805169304,99.98008051693041,0.0,2.0,0.0,0.0
r201C10,1,3,phased,2,nearest,9.800001862458885e-06,4327.202865748236,96.78691996031296,403.04159457879234,2.0,0.0,0.0
r201C10,1,3,phased,2,grasp,0.00023440000222763047,287.2206928993535,87.2206928993535,0.0,2.0,0.0,0.0
r201C10,1,3,phased,2,mp_eavns,0.004011100001662271,287.2206928993535,87.2206928993535,0.0,2.0,0.0,0.0
r201C10,1,3,all,4,edd,3.6000019463244826e-06,287.2206928993535,87.2206928993535,0.0,2.0,0.0,0.0
r201C10,1,3,all,4,sweep,4.099998477613553e-06,299.9800805169304,99.98008051693041,0.0,2.0,0.0,0.0
r201C10,1,3,all,4,nearest,9.50000321608968e-06,4327.202865748236,96.78691996031296,403.04159457879234,2.0,0.0,0.0
r201C10,1,3,all,4,grasp,0.0002390000008745119,287.2206928993535,87.2206928993535,0.0,2.0,0.0,0.0
r201C10,1,3,all,4,mp_eavns,0.0036119000033068005,287.2206928993535,87.2206928993535,0.0,2.0,0.0,0.0
r201C10,2,5,depot,1,edd,5.999998393235728e-06,360.6387258409188,160.63872584091885,0.0,2.0,1.0,0.0
r201C10,2,5,depot,1,sweep,4.800000169780105e-06,440.1286493590028,140.12864935900282,0.0,3.0,0.0,0.0
r201C10,2,5,depot,1,nearest,1.5199999324977398e-05,1405.032002799794,139.7902558371937,106.52417469626005,2.0,0.0,0.0
r201C10,2,5,depot,1,grasp,0.0004090000002179295,1405.032002799794,139.7902558371937,106.52417469626005,2.0,0.0,0.0
r201C10,2,5,depot,1,mp_eavns,0.008653900000354042,340.06716099902985,140.06716099902988,0.0,2.0,0.0,0.0
r201C10,2,5,phased,3,edd,6.100002792663872e-06,353.9724228408081,153.97242284080812,0.0,2.0,1.0,0.0
r201C10,2,5,phased,3,sweep,6.099999154685065e-06,440.1286493590028,140.12864935900282,0.0,3.0,0.0,0.0
r201C10,2,5,phased,3,nearest,1.5800000255694613e-05,1405.032002799794,139.7902558371937,106.52417469626005,2.0,0.0,0.0
r201C10,2,5,phased,3,grasp,0.00042490000123507343,335.2584153200404,135.25841532004043,0.0,2.0,1.0,0.0
r201C10,2,5,phased,3,mp_eavns,0.009975199998734752,335.2584153200404,135.25841532004043,0.0,2.0,1.0,0.0
r201C10,2,5,all,4,edd,6.000002031214535e-06,353.9724228408081,153.97242284080812,0.0,2.0,1.0,0.0
r201C10,2,5,all,4,sweep,5.900001269765198e-06,440.1286493590028,140.12864935900282,0.0,3.0,0.0,0.0
r201C10,2,5,all,4,nearest,1.6000001778593287e-05,1405.032002799794,139.7902558371937,106.52417469626005,2.0,0.0,0.0
r201C10,2,5,all,4,grasp,0.00045119999776943587,335.2584153200404,135.25841532004043,0.0,2.0,1.0,0.0
r201C10,2,5,all,4,mp_eavns,0.0073957999993581325,335.2584153200404,135.25841532004043,0.0,2.0,1.0,0.0
r201C10,3,8,depot,1,edd,6.099999154685065e-06,3000685.2555300337,285.2555300336307,0.0,4.0,0.0,3.0
r201C10,3,8,depot,1,sweep,3.9000005926936865e-06,2153.5662458530574,239.40216720306992,151.41640786499875,4.0,0.0,0.0
r201C10,3,8,depot,1,nearest,1.8699996871873736e-05,2008733.59239873,252.14780856677686,818.1444590163314,3.0,0.0,2.0
r201C10,3,8,depot,1,grasp,0.000692400000843918,4685.711021339385,255.29507555146208,403.04159457879234,4.0,1.0,0.0
r201C10,3,8,depot,1,mp_eavns,0.024368300000787713,642.9487084280174,242.94870842801748,0.0,4.0,0.0,0.0
r201C10,3,8,phased,4,edd,6.500002200482413e-06,1000693.1150369991,293.1150369991477,0.0,4.0,1.0,1.0
r201C10,3,8,phased,4,sweep,6.599999323952943e-06,2153.5662458530574,239.40216720306992,151.41640786499875,4.0,0.0,0.0
r201C10,3,8,phased,4,nearest,1.880000127130188e-05,2008733.59239873,252.14780856677686,818.1444590163314,3.0,0.0,2.0
r201C10,3,8,phased,4,grasp,0.0011948999999731313,598.5717283287212,298.5717283287212,0.0,3.0,2.0,0.0
r201C10,3,8,phased,4,mp_eavns,0.022477699996670708,525.0193079454184,225.01930794541835,0.0,3.0,2.0,0.0
r201C10,3,8,all,4,edd,6.599999323952943e-06,1000693.1150369991,293.1150369991477,0.0,4.0,1.0,1.0
r201C10,3,8,all,4,sweep,7.499998901039362e-06,2153.5662458530574,239.40216720306992,151.41640786499875,4.0,0.0,0.0
r201C10,3,8,all,4,nearest,1.8999999156221747e-05,2008733.59239873,252.14780856677686,818.1444590163314,3.0,0.0,2.0
r201C10,3,8,all,4,grasp,0.0006546000004163943,2753.6606696924136,287.16437133044633,206.6496298361967,4.0,1.0,0.0
r201C10,3,8,all,4,mp_eavns,0.01758700000209501,525.0193079454184,225.01930794541835,0.0,3.0,2.0,0.0
r201C10,4,10,depot,1,edd,6.400001439033076e-06,4000846.917505341,346.91750534110406,0.0,5.0,0.0,4.0
r201C10,4,10,depot,1,sweep,4.800000169780105e-06,2286.117520847887,271.9534421978997,151.41640786499875,5.0,0.0,0.0
r201C10,4,10,depot,1,nearest,2.4000000848900527e-05,2008883.1468568237,301.70226666029146,818.1444590163314,4.0,0.0,2.0
r201C10,4,10,depot,1,grasp,0.0007337000024563167,791.8639466026426,291.8639466026426,0.0,5.0,0.0,0.0
r201C10,4,10,depot,1,mp_eavns,0.02683450000040466,662.3628873592409,262.36288735924086,0.0,4.0,0.0,0.0
r201C10,4,10,phased,4,edd,7.299997378140688e-06,1000858.5691586052,358.5691586051954,0.0,5.0,2.0,1.0
r201C10,4,10,phased,4,sweep,6.70000008540228e-06,2286.117520847887,271.9534421978997,151.41640786499875,5.0,0.0,0.0
r201C10,4,10,phased,4,nearest,2.5299999833805487e-05,2008883.1468568237,301.70226666029146,818.1444590163314,4.0,0.0,2.0
r201C10,4,10,phased,4,grasp,0.0010857000015676022,2214.8510192123586,300.68694056237115,151.41640786499875,4.0,1.0,0.0
r201C10,4,10,phased,4,mp_eavns,0.02725030000146944,659.324844360951,259.32484436095103,0.0,4.0,1.0,0.0
r201C10,4,10,all,4,edd,7.200000254670158e-06,1000858.5691586052,358.5691586051954,0.0,5.0,2.0,1.0
r201C10,4,10,all,4,sweep,7.599999662488699e-06,2286.117520847887,271.9534421978997,151.41640786499875,5.0,0.0,0.0
r201C10,4,10,all,4,nearest,2.2300002456177026e-05,2008883.1468568237,301.70226666029146,818.1444590163314,4.0,0.0,2.0
r201C10,4,10,all,4,grasp,0.0009161000016320031,1425.6173356795823,305.33977190638257,62.027756377319974,5.0,0.0,0.0
r201C10,4,10,all,4,mp_eavns,0.02544530000159284,659.324844360951,259.32484436095103,0.0,4.0,1.0,0.0
r202_21,1,25,depot,1,edd,1.1199997970834374e-05,5001647.949915387,647.9499153868453,0.0,10.0,0.0,5.0
r202_21,1,25,depot,1,sweep,6.999998731771484e-06,1015003.6901171418,647.921506409716,1325.5768610732052,11.0,0.0,1.0
r202_21,1,25,depot,1,nearest,7.270000060088933e-05,1026326.5080928644,523.1732702595285,2490.3334822604866,9.0,0.0,1.0
r202_21,1,25,depot,1,grasp,0.014721199997438816,1001447.8169807614,547.8169807613631,0.0,9.0,0.0,1.0
r202_21,1,25,depot,1,mp_eavns,0.15738490000148886,1001252.0914178952,452.0914178951262,0.0,8.0,0.0,1.0
r202_21,1,25,phased,6,edd,1.2700002116616815e-05,1660.3193768982992,660.3193768982992,0.0,10.0,4.0,0.0
r202_21,1,25,phased,6,sweep,9.499999578110874e-06,15009.927598337552,654.1589876055009,1325.5768610732052,11.0,1.0,0.0
r202_21,1,25,phased,6,nearest,7.43000018701423e-05,26326.533983188787,523.1991605839216,2490.3334822604866,9.0,1.0,0.0
r202_21,1,25,phased,6,grasp,0.026276600001438055,1492.8006349241027,592.8006349241027,0.0,9.0,1.0,0.0
r202_21,1,25,phased,6,mp_eavns,0.23143619999973453,1384.9223594697776,484.9223594697775,0.0,9.0,1.0,0.0
r202_21,1,25,all,21,edd,1.2600001355167478e-05,1660.3193768982992,660.3193768982992,0.0,10.0,4.0,0.0
r202_21,1,25,all,21,sweep,9.499999578110874e-06,15009.927598337552,654.1589876055009,1325.5768610732052,11.0,1.0,0.0
r202_21,1,25,all,21,nearest,7.900000127847306e-05,26326.533983188787,523.1991605839216,2490.3334822604866,9.0,1.0,0.0
r202_21,1,25,all,21,grasp,0.026743399997940287,1476.794304212539,576.7943042125389,0.0,9.0,1.0,0.0
r202_21,1,25,all,21,mp_eavns,0.2623003000007884,1384.9223594697776,484.9223594697775,0.0,9.0,1.0,0.0
r202_21,2,50,depot,1,edd,2.0200001017656177e-05,15003468.702839738,1568.7028397380384,0.0,19.0,0.0,15.0
r202_21,2,50,depot,1,sweep,1.1800002539530396e-05,4019298.652765134,1280.0830555088833,1611.8569709624858,19.0,0.0,4.0
r202_21,2,50,depot,1,nearest,0.00024450000273645855,7038737.444193794,1229.0883586141608,3580.8355835180173,17.0,0.0,7.0
r202_21,2,50,depot,1,grasp,0.11549250000098255,3015078.003290563,1399.354167022391,1207.8649123540608,16.0,4.0,3.0
r202_21,2,50,depot,1,mp_eavns,1.3000456000008853,2002563.895502883,963.8955028830886,0.0,16.0,0.0,2.0
r202_21,2,50,phased,11,edd,5.65999980608467e-05,5004207.094220593,1587.5103103485183,71.95839102444575,19.0,6.0,5.0
r202_21,2,50,phased,11,sweep,1.8399998225504532e-05,22431.326747518247,1289.8800838015918,1924.1446663716656,19.0,3.0,0.0
r202_21,2,50,phased,11,nearest,0.00021259999994072132,41089.31954106421,1242.7250457250452,3814.659449533916,17.0,6.0,0.0
r202_21,2,50,phased,11,grasp,0.25450139999884414,6564.739989732174,1302.3274823231914,356.2412507408983,17.0,6.0,0.0
r202_21,2,50,phased,11,mp_eavns,1.3779334999999264,2606.9250102146343,1006.9250102146342,0.0,16.0,2.0,0.0
r202_21,2,50,all,21,edd,3.440000000409782e-05,5004207.094220593,1587.5103103485183,71.95839102444575,19.0,6.0,5.0
r202_21,2,50,all,21,sweep,1.5200002962956205e-05,22431.326747518247,1289.8800838015918,1924.1446663716656,19.0,3.0,0.0
r202_21,2,50,all,21,nearest,0.00024680000205989927,41089.31954106421,1242.7250457250452,3814.659449533916,17.0,6.0,0.0
r202_21,2,50,all,21,grasp,0.3305350000009639,6432.759023822151,1430.8124253412316,330.194659848092,17.0,8.0,0.0
r202_21,2,50,all,21,mp_eavns,1.2635540000010224,2606.9250102146343,1006.9250102146342,0.0,16.0,2.0,0.0
r202_21,3,75,depot,1,edd,2.840000161086209e-05,28005834.029461592,2801.5585684179346,33.247089317556174,27.0,4.0,28.0
r202_21,3,75,depot,1,sweep,1.6400001186411828e-05,8029531.118899724,1996.1896668765703,2463.4929232847776,29.0,0.0,8.0
r202_21,3,75,depot,1,nearest,0.0004351999996288214,8052687.354429573,1947.9687338641163,4833.938569570908,24.0,3.0,8.0
r202_21,3,75,depot,1,grasp,0.3345984000006865,8027225.114112195,2189.1173554284296,2263.5996756765776,24.0,6.0,8.0
r202_21,3,75,depot,1,mp_eavns,4.115817000001698,4003909.808448329,1509.808448329263,0.0,24.0,0.0,4.0
r202_21,3,75,phased,16,edd,3.440000000409782e-05,3012460.582205645,2827.3324389262716,693.3249766718355,27.0,18.0,3.0
r202_21,3,75,phased,16,sweep,1.979999797185883e-05,39772.978601185336,2010.0301128079313,3486.2948488377406,29.0,6.0,0.0
r202_21,3,75,phased,16,nearest,0.0007059999988996424,1057603.2813423767,1919.1176822794014,5328.416366009735,24.0,9.0,1.0
r202_21,3,75,phased,16,grasp,0.8305980000004638,19733.54255624384,2294.478139261819,1503.9064416982023,24.0,16.0,0.0
r202_21,3,75,phased,16,mp_eavns,4.188648100000137,3823.0447700682817,1523.0447700682814,0.0,23.0,5.0,0.0
r202_21,3,75,all,21,edd,3.199999991920777e-05,3012460.582205645,2827.3324389262716,693.3249766718355,27.0,18.0,3.0
r202_21,3,75,all,21,sweep,1.97000008483883e-05,39772.978601185336,2010.0301128079313,3486.2948488377406,29.0,6.0,0.0
r202_21,3,75,all,21,nearest,0.00043840000216732733,1057603.2813423767,1919.1176822794014,5328.416366009735,24.0,9.0,1.0
r202_21,3,75,all,21,grasp,1.203361899999436,21650.468288817476,2057.263620918801,1729.3204667898672,23.0,15.0,0.0
r202_21,3,75,all,21,mp_eavns,4.285226299998612,3820.3633699599186,1520.3633699599184,0.0,23.0,5.0,0.0
r202_21,4,100,depot,1,edd,3.550000110408291e-05,39008050.970101975,3953.4449730032125,49.75251289727646,36.0,6.0,39.0
r202_21,4,100,depot,1,sweep,2.0399998902576044e-05,13044670.19177074,2658.4321244414664,3831.1759646297774,37.0,0.0,13.0
r202_21,4,100,depot,1,nearest,0.0006898999999975786,13056060.787713189,2873.522944088061,4998.726476910096,32.0,6.0,13.0
r202_21,4,100,depot,1,grasp,0.8140917999990052,11067212.201019784,2924.4233995896816,6118.777762019452,31.0,7.0,11.0
r202_21,4,100,depot,1,mp_eavns,6.476395100002264,6005205.386346775,2105.386346775554,0.0,31.0,1.0,6.0
r202_21,4,100,phased,21,edd,4.4200001866556704e-05,12011366.114767408,3980.667139387513,378.54476280205154,36.0,23.0,12.0
r202_21,4,100,phased,21,sweep,2.7000001864507794e-05,54916.892220166825,2677.113318339417,4853.97789018274,37.0,11.0,0.0
r202_21,4,100,phased,21,nearest,0.0010092000011354685,3056007.877580343,2820.6128112417987,4998.726476910096,32.0,15.0,3.0
r202_21,4,100,phased,21,grasp,2.4269555999999284,36617.69889503764,2979.628071380498,3043.8070823657145,32.0,23.0,0.0
r202_21,4,100,phased,21,mp_eavns,8.178761900002428,5196.974236239806,2096.9742362398056,0.0,31.0,8.0,0.0
r202_21,4,100,all,21,edd,3.780000042752363e-05,12011366.114767408,3980.667139387513,378.54476280205154,36.0,23.0,12.0
r202_21,4,100,all,21,sweep,2.469999890308827e-05,54916.892220166825,2677.113318339417,4853.97789018274,37.0,11.0,0.0
r202_21,4,100,all,21,nearest,0.0007200000000011642,3056007.877580343,2820.6128112417987,4998.726476910096,32.0,15.0,3.0
r202_21,4,100,all,21,grasp,2.3871813000005204,34175.39905563528,2927.7424707394775,2814.7656584895803,31.0,17.0,0.0
r202_21,4,100,all,21,mp_eavns,8.269065799999225,5187.819546729092,2087.8195467290916,0.0,31.0,8.0,0.0
r202C15,1,4,depot,1,edd,5.099998816149309e-06,1000498.3316821025,198.3316821025598,0.0,3.0,0.0,1.0
r202C15,1,4,depot,1,sweep,2.6999987312592566e-06,1000482.1671510047,182.16715100460195,0.0,3.0,0.0,1.0
r202C15,1,4,depot,1,nearest,1.0699997801566496e-05,1001995.3302478307,134.83149161955498,166.04987562112092,2.0,0.0,1.0
r202C15,1,4,depot,1,grasp,0.00021919999926467426,1000334.4941032968,134.4941032967618,0.0,2.0,0.0,1.0
r202C15,1,4,depot,1,mp_eavns,0.0033189999994647224,1000334.4941032968,134.49410329676178,0.0,2.0,0.0,1.0
r202C15,1,4,phased,3,edd,2.6000016077887267e-06,498.3554834657673,198.35548346576726,0.0,3.0,1.0,0.0
r202C15,1,4,phased,3,sweep,2.4000000848900527e-06,482.1909523678094,182.19095236780942,0.0,3.0,1.0,0.0
r202C15,1,4,phased,3,nearest,6.800000846851617e-06,1995.3540491939716,134.85529298276245,166.04987562112092,2.0,1.0,0.0
r202C15,1,4,phased,3,grasp,0.0002386999985901639,337.32352336063354,137.32352336063354,0.0,2.0,1.0,0.0
r202C15,1,4,phased,3,mp_eavns,0.0036739000024681445,337.32352336063354,137.32352336063354,0.0,2.0,1.0,0.0
r202C15,1,4,all,6,edd,2.1999985619913787e-06,498.3554834657673,198.35548346576726,0.0,3.0,1.0,0.0
r202C15,1,4,all,6,sweep,2.1999985619913787e-06,482.1909523678094,182.19095236780942,0.0,3.0,1.0,0.0
r202C15,1,4,all,6,nearest,6.70000008540228e-06,1995.3540491939716,134.85529298276245,166.04987562112092,2.0,1.0,0.0
r202C15,1,4,all,6,grasp,0.0002586999980849214,337.32352336063354,137.32352336063354,0.0,2.0,1.0,0.0
r202C15,1,4,all,6,mp_eavns,0.003996700001152931,337.32352336063354,137.32352336063354,0.0,2.0,1.0,0.0
r202C15,2,8,depot,1,edd,3.999997716164216e-06,3000721.4561280725,321.4561280723842,0.0,4.0,0.0,3.0
r202C15,2,8,depot,1,sweep,3.4000004234258085e-06,1000795.4797180461,295.47971804611683,0.0,5.0,0.0,1.0
r202C15,2,8,depot,1,nearest,1.4799999917158857e-05,2007222.7396291557,294.28034627554763,652.8459282880272,4.0,0.0,2.0
r202C15,2,8,depot,1,grasp,0.000636199998552911,1003851.1291791182,348.5021596758234,310.26270194423455,4.0,1.0,1.0
r202C15,2,8,depot,1,mp_eavns,0.019640700000309153,1000647.2146543011,247.21465430105877,0.0,4.0,0.0,1.0
r202C15,2,8,phased,4,edd,6.000002031214535e-06,1000727.7124629777,327.71246297778276,0.0,4.0,2.0,1.0
r202C15,2,8,phased,4,sweep,5.399997462518513e-06,799.5299001616063,299.52990016160624,0.0,5.0,1.0,0.0
r202C15,2,8,phased,4,nearest,2.1100000594742596e-05,7225.592850582899,297.13356770262686,652.8459282880272,4.0,2.0,0.0
r202C15,2,8,phased,4,grasp,0.0009726999996928498,694.6465723539052,294.64657235390524,0.0,4.0,2.0,0.0
r202C15,2,8,phased,4,mp_eavns,0.02400370000032126,650.0440743649306,250.04407436493057,0.0,4.0,1.0,0.0
r202C15,2,8,all,6,edd,5.199999577598646e-06,1000727.7124629777,327.71246297778276,0.0,4.0,2.0,1.0
r202C15,2,8,all,6,sweep,5.200003215577453e-06,799.5299001616063,299.52990016160624,0.0,5.0,1.0,0.0
r202C15,2,8,all,6,nearest,1.6500001947861165e-05,7225.592850582899,297.13356770262686,652.8459282880272,4.0,2.0,0.0
r202C15,2,8,all,6,grasp,0.0009028999993461184,682.8802755593535,282.88027555935355,0.0,4.0,2.0,0.0
r202C15,2,8,all,6,mp_eavns,0.025584900002286304,650.0440743649306,250.04407436493057,0.0,4.0,1.0,0.0
r202C15,3,12,depot,1,edd,6.000002031214535e-06,5001011.116172742,511.1161727420193,0.0,5.0,1.0,5.0
r202C15,3,12,depot,1,sweep,4.6000022848602384e-06,2001151.2935538571,451.2935538572018,0.0,7.0,0.0,2.0
r202C15,3,12,depot,1,nearest,2.6599998818710446e-05,4004808.1945492774,484.5540593886981,382.36404898889384,5.0,1.0,4.0
r202C15,3,12,depot,1,grasp,0.0019303000008221716,1001068.5445210774,568.5445210774724,0.0,5.0,4.0,1.0
r202C15,3,12,depot,1,mp_eavns,0.07429829999819049,1001006.2971389464,406.29713894638843,0.0,6.0,0.0,1.0
r202C15,3,12,phased,5,edd,7.599999662488699e-06,1001026.8965243053,526.8965243053484,0.0,5.0,4.0,1.0
r202C15,3,12,phased,5,sweep,6.70000008540228e-06,1156.3379201959258,456.33792019592585,0.0,7.0,2.0,0.0
r202C15,3,12,phased,5,nearest,2.680000034160912e-05,4787.319165843887,463.67867595494886,382.36404898889384,5.0,3.0,0.0
r202C15,3,12,phased,5,grasp,0.002305900001374539,4169.2133403532225,497.58361222530897,317.1629728127914,5.0,4.0,0.0
r202C15,3,12,phased,5,mp_eavns,0.072311300002184,938.8768585660639,438.8768585660639,0.0,5.0,3.0,0.0
r202C15,3,12,all,6,edd,1.2399999832268804e-05,1001026.8965243053,526.8965243053484,0.0,5.0,4.0,1.0
r202C15,3,12,all,6,sweep,1.2399999832268804e-05,1156.3379201959258,456.33792019592585,0.0,7.0,2.0,0.0
r202C15,3,12,all,6,nearest,4.6299999667098746e-05,4787.319165843887,463.67867595494886,382.36404898889384,5.0,3.0,0.0
r202C15,3,12,all,6,grasp,0.004108900000574067,996.0964004613318,496.0964004613318,0.0,5.0,4.0,0.0
r202C15,3,12,all,6,mp_eavns,0.12298400000145193,1006.8520943992501,406.8520943992501,0.0,6.0,2.0,0.0
r202C15,4,15,depot,1,edd,1.340000017080456e-05,6001422.192814782,722.1928147818714,0.0,7.0,1.0,6.0
r202C15,4,15,depot,1,sweep,1.0399999155197293e-05,3003884.9978067405,557.9508076332128,252.70469991071963,8.0,0.0,3.0
r202C15,4,15,depot,1,nearest,7.249999907799065e-05,4011936.642627339,622.8327466684066,1071.380988067059,6.0,2.0,4.0
r202C15,4,15,depot,1,grasp,0.007137299999158131,1001326.4699076593,715.5898327529911,1.08800749063505,6.0,5.0,1.0
r202C15,4,15,depot,1,mp_eavns,0.159733899999992,1001238.062621282,538.0626212819516,0.0,7.0,1.0,1.0
r202C15,4,15,phased,6,edd,1.2900000001536682e-05,2001425.2345675158,725.2345675158726,0.0,7.0,4.0,2.0
r202C15,4,15,phased,6,sweep,1.0100000508828089e-05,3892.9378085239164,565.8908094167201,252.70469991071963,8.0,3.0,0.0
r202C15,4,15,phased,6,nearest,4.8499998229090124e-05,1011898.3585798017,584.5486991311499,1071.380988067059,6.0,4.0,1.0
r202C15,4,15,phased,6,grasp,0.013618200002383674,1329.2036156358977,729.2036156358976,0.0,6.0,7.0,0.0
r202C15,4,15,phased,6,mp_eavns,0.11263099999996484,1137.2513323462335,537.2513323462337,0.0,6.0,4.0,0.0
r202C15,4,15,all,6,edd,9.60000033956021e-06,2001425.2345675158,725.2345675158726,0.0,7.0,4.0,2.0
r202C15,4,15,all,6,sweep,8.700000762473792e-06,3892.9378085239164,565.8908094167201,252.70469991071963,8.0,3.0,0.0
r202C15,4,15,all,6,nearest,3.550000110408291e-05,1011898.3585798017,584.5486991311499,1071.380988067059,6.0,4.0,1.0
r202C15,4,15,all,6,grasp,0.006021799999871291,4116.052310763891,701.8554144914334,281.4196896272458,6.0,7.0,0.0
r202C15,4,15,all,6,mp_eavns,0.20767949999935809,1205.2265681794197,505.22656817941976,0.0,7.0,3.0,0.0
r202C5,1,2,depot,1,edd,5.900001269765198e-06,169.65477246440747,69.65477246440747,0.0,1.0,0.0,0.0
r202C5,1,2,depot,1,sweep,3.6999990697950125e-06,169.65477246440747,69.65477246440747,0.0,1.0,0.0,0.0
r202C5,1,2,depot,1,nearest,1.9499999325489625e-05,169.65477246440747,69.65477246440747,0.0,1.0,0.0,0.0
r202C5,1,2,depot,1,grasp,0.00037489999886020087,169.65477246440747,69.65477246440747,0.0,1.0,0.0,0.0
r202C5,1,2,depot,1,mp_eavns,0.001863400000729598,169.65477246440747,69.65477246440747,0.0,1.0,0.0,0.0
r202C5,1,2,phased,2,edd,4.19999923906289e-06,169.65477246440747,69.65477246440747,0.0,1.0,0.0,0.0
r202C5,1,2,phased,2,sweep,4.999998054699972e-06,169.65477246440747,69.65477246440747,0.0,1.0,0.0,0.0
r202C5,1,2,phased,2,nearest,9.20000093174167e-06,169.65477246440747,69.65477246440747,0.0,1.0,0.0,0.0
r202C5,1,2,phased,2,grasp,0.00021680000281776302,169.65477246440747,69.65477246440747,0.0,1.0,0.0,0.0
r202C5,1,2,phased,2,mp_eavns,0.002111400001012953,169.65477246440747,69.65477246440747,0.0,1.0,0.0,0.0
r202C5,1,2,all,3,edd,3.3999967854470015e-06,169.65477246440747,69.65477246440747,0.0,1.0,0.0,0.0
r202C5,1,2,all,3,sweep,3.6000019463244826e-06,169.65477246440747,69.65477246440747,0.0,1.0,0.0,0.0
r202C5,1,2,all,3,nearest,7.400001777568832e-06,169.65477246440747,69.65477246440747,0.0,1.0,0.0,0.0
r202C5,1,2,all,3,grasp,0.00032840000130818225,169.65477246440747,69.65477246440747,0.0,1.0,0.0,0.0
r202C5,1,2,all,3,mp_eavns,0.002159299998311326,169.65477246440747,69.65477246440747,0.0,1.0,0.0,0.0
r202C5,2,3,depot,1,edd,4.999998054699972e-06,2000205.9850521095,105.98505210951791,0.0,1.0,0.0,2.0
r202C5,2,3,depot,1,sweep,4.800000169780105e-06,1000198.208462211,98.20846221096764,0.0,1.0,0.0,1.0
r202C5,2,3,depot,1,nearest,1.1000000085914508e-05,214.59918257289593,114.59918257289593,0.0,1.0,1.0,0.0
r202C5,2,3,depot,1,grasp,0.000351099999534199,214.59918257289593,114.59918257289593,0.0,1.0,1.0,0.0
r202C5,2,3,depot,1,mp_eavns,0.004885700000158977,214.59918257289593,114.59918257289593,0.0,1.0,1.0,0.0
r202C5,2,3,phased,2,edd,4.7000030463095754e-06,2000205.9850521095,105.98505210951791,0.0,1.0,0.0,2.0
r202C5,2,3,phased,2,sweep,5.199999577598646e-06,1000198.208462211,98.20846221096764,0.0,1.0,0.0,1.0
r202C5,2,3,phased,2,nearest,1.1000000085914508e-05,206.2850368154116,106.28503681541159,0.0,1.0,1.0,0.0
r202C5,2,3,phased,2,grasp,0.0003671000013127923,206.2850368154116,106.28503681541159,0.0,1.0,1.0,0.0
r202C5,2,3,phased,2,mp_eavns,0.00411569999778294,206.2850368154116,106.28503681541159,0.0,1.0,1.0,0.0
r202C5,2,3,all,3,edd,3.5999983083456755e-06,2000205.9850521095,105.98505210951791,0.0,1.0,0.0,2.0
r202C5,2,3,all,3,sweep,3.6999990697950125e-06,1000198.208462211,98.20846221096764,0.0,1.0,0.0,1.0
r202C5,2,3,all,3,nearest,7.300001016119495e-06,206.2850368154116,106.28503681541159,0.0,1.0,1.0,0.0
r202C5,2,3,all,3,grasp,0.00018400000044493936,206.2850368154116,106.28503681541159,0.0,1.0,1.0,0.0
r202C5,2,3,all,3,mp_eavns,0.005076999997982057,206.2850368154116,106.28503681541159,0.0,1.0,1.0,0.0
r202C5,3,4,depot,1,edd,5.900001269765198e-06,239.48332649412257,139.48332649412257,0.0,1.0,1.0,0.0
r202C5,3,4,depot,1,sweep,4.599998646881431e-06,2000223.0926061322,123.09260613219428,0.0,1.0,0.0,2.0
r202C5,3,4,depot,1,nearest,1.6599999071331695e-05,2000223.0926061322,123.09260613219428,0.0,1.0,0.0,2.0
r202C5,3,4,depot,1,grasp,0.001196099998196587,239.48332649412257,139.48332649412257,0.0,1.0,1.0,0.0
r202C5,3,4,depot,1,mp_eavns,0.013055100000201492,239.48332649412257,139.48332649412257,0.0,1.0,1.0,0.0
r202C5,3,4,phased,3,edd,4.6000022848602384e-06,231.16918073663822,131.16918073663822,0.0,1.0,1.0,0.0
r202C5,3,4,phased,3,sweep,5.40000110049732e-06,2000223.0926061322,123.09260613219428,0.0,1.0,0.0,2.0
r202C5,3,4,phased,3,nearest,9.999999747378752e-06,225.18946155237245,125.18946155237244,0.0,1.0,1.0,0.0
r202C5,3,4,phased,3,grasp,0.0006721999998262618,225.18946155237245,125.18946155237244,0.0,1.0,1.0,0.0
r202C5,3,4,phased,3,mp_eavns,0.009899100001348415,225.18946155237245,125.18946155237244,0.0,1.0,1.0,0.0
r202C5,3,4,all,3,edd,4.099998477613553e-06,231.16918073663822,131.16918073663822,0.0,1.0,1.0,0.0
r202C5,3,4,all,3,sweep,3.1999989005271345e-06,2000223.0926061322,123.09260613219428,0.0,1.0,0.0,2.0
r202C5,3,4,all,3,nearest,1.8500002624932677e-05,225.18946155237245,125.18946155237244,0.0,1.0,1.0,0.0
r202C5,3,4,all,3,grasp,0.0007949999999254942,225.18946155237245,125.18946155237244,0.0,1.0,1.0,0.0
r202C5,3,4,all,3,mp_eavns,0.00973340000200551,225.18946155237245,125.18946155237244,0.0,1.0,1.0,0.0
r202C5,4,5,depot,1,edd,3.5999983083456755e-06,342.9086585207933,142.90865852079332,0.0,2.0,0.0,0.0
r202C5,4,5,depot,1,sweep,2.7999994927085936e-06,2000354.7153827338,154.71538273387804,0.0,2.0,0.0,2.0
r202C5,4,5,depot,1,nearest,9.700001101009548e-06,1002634.5312342703,141.0292254448228,229.35020088255231,2.0,0.0,1.0
r202C5,4,5,depot,1,grasp,0.0007108000027074013,371.10610309580636,171.10610309580633,0.0,2.0,1.0,0.0
r202C5,4,5,depot,1,mp_eavns,0.010349000000132946,342.9086585207933,142.90865852079332,0.0,2.0,0.0,0.0
r202C5,4,5,phased,3,edd,4.900000931229442e-06,342.9086585207933,142.90865852079332,0.0,2.0,0.0,0.0
r202C5,4,5,phased,3,sweep,5.300000339047983e-06,2000354.7153827338,154.71538273387804,0.0,2.0,0.0,2.0
r202C5,4,5,phased,3,nearest,1.179999890155159e-05,1002634.5312342703,141.0292254448228,229.35020088255231,2.0,0.0,1.0
r202C5,4,5,phased,3,grasp,0.0007055999994918238,356.8122381540562,156.81223815405622,0.0,2.0,1.0,0.0
r202C5,4,5,phased,3,mp_eavns,0.011930100001336541,342.9086585207933,142.90865852079332,0.0,2.0,0.0,0.0
r202C5,4,5,all,3,edd,4.5000015234109014e-06,342.9086585207933,142.90865852079332,0.0,2.0,0.0,0.0
r202C5,4,5,all,3,sweep,4.300000000512227e-06,2000354.7153827338,154.71538273387804,0.0,2.0,0.0,2.0
r202C5,4,5,all,3,nearest,1.1299998732283711e-05,1002634.5312342703,141.0292254448228,229.35020088255231,2.0,0.0,1.0
r202C5,4,5,all,3,grasp,0.0007194000027084257,356.8122381540562,156.81223815405622,0.0,2.0,1.0,0.0
r202C5,4,5,all,3,mp_eavns,0.010836599998583551,342.9086585207933,142.90865852079332,0.0,2.0,0.0,0.0
r203_21,1,25,depot,1,edd,1.0700001439545304e-05,2001713.2487436514,613.2487436513362,0.0,11.0,0.0,2.0
r203_21,1,25,depot,1,sweep,7.200000254670158e-06,1011497.0710792448,647.921506409716,974.9149572835145,11.0,0.0,1.0
r203_21,1,25,depot,1,nearest,0.0001370999998471234,1011657.8032769377,523.1732702595285,1023.4630006678188,9.0,0.0,1.0
r203_21,1,25,depot,1,grasp,0.011113999997178325,1001457.7225872432,557.7225872431897,0.0,9.0,0.0,1.0
r203_21,1,25,depot,1,mp_eavns,0.14816250000149012,1001266.9645777567,466.9645777566494,0.0,8.0,0.0,1.0
r203_21,1,25,phased,6,edd,1.2700002116616815e-05,1718.1274736651312,618.1274736651311,0.0,11.0,2.0,0.0
r203_21,1,25,phased,6,sweep,9.2999980552122e-06,11503.308560440644,654.1589876055009,974.9149572835145,11.0,1.0,0.0
r203_21,1,25,phased,6,nearest,7.170000026235357e-05,11657.829167262109,523.1991605839216,1023.4630006678188,9.0,1.0,0.0
r203_21,1,25,phased,6,grasp,0.01175380000131554,1461.4507187181323,561.4507187181323,0.0,9.0,1.0,0.0
r203_21,1,25,phased,6,mp_eavns,0.12713789999907021,1255.384750816629,455.3847508166291,0.0,8.0,1.0,0.0
r203_21,1,25,all,21,edd,1.21000011858996e-05,1718.1274736651312,618.1274736651311,0.0,11.0,2.0,0.0
r203_21,1,25,all,21,sweep,8.899998647393659e-06,11503.308560440644,654.1589876055009,974.9149572835145,11.0,1.0,0.0
r203_21,1,25,all,21,nearest,0.00013050000052317046,11657.829167262109,523.1991605839216,1023.4630006678188,9.0,1.0,0.0
r203_21,1,25,all,21,grasp,0.018703199999436038,1444.9274095925489,544.9274095925488,0.0,9.0,1.0,0.0
r203_21,1,25,all,21,mp_eavns,0.1949949000008928,1256.2489670761006,456.24896707610054,0.0,8.0,1.0,0.0
r203_21,2,50,depot,1,edd,2.010000025620684e-05,14003341.037222391,1541.037222391783,0.0,18.0,1.0,14.0
r203_21,2,50,depot,1,sweep,1.2600001355167478e-05,4012929.232628344,1280.0830555088833,974.9149572835145,19.0,0.0,4.0
r203_21,2,50,depot,1,nearest,0.0002117000003636349,7015542.095588691,1229.0883586141608,1261.3007230076505,17.0,0.0,7.0
r203_21,2,50,depot,1,grasp,0.1159527000017988,3013200.405331396,1421.0528405276127,1017.9352490868447,16.0,6.0,3.0
r203_21,2,50,depot,1,mp_eavns,1.002845499999239,2002554.0038326397,954.0038326395734,0.0,16.0,0.0,2.0
r203_21,2,50,phased,11,edd,4.450000051292591e-05,2003777.9191844973,1535.331424538785,44.25877599585601,18.0,8.0,2.0
r203_21,2,50,phased,11,sweep,3.170000127283856e-05,16061.906610728536,1289.8800838015918,1287.2026526926943,19.0,3.0,0.0
r203_21,2,50,phased,11,nearest,0.0004068000016559381,17893.97093596054,1242.7250457250452,1495.1245890235498,17.0,6.0,0.0
r203_21,2,50,phased,11,grasp,0.1532446000019263,2834.8323488745264,1234.8323488745264,0.0,16.0,6.0,0.0
r203_21,2,50,phased,11,mp_eavns,0.9175825999991503,2577.5323562406306,977.5323562406306,0.0,16.0,3.0,0.0
r203_21,2,50,all,21,edd,1.8599999748403206e-05,2003777.9191844973,1535.331424538785,44.25877599585601,18.0,8.0,2.0
r203_21,2,50,all,21,sweep,1.5099998563528061e-05,16061.906610728536,1289.8800838015918,1287.2026526926943,19.0,3.0,0.0
r203_21,2,50,all,21,nearest,0.0002190000013797544,17893.97093596054,1242.7250457250452,1495.1245890235498,17.0,6.0,0.0
r203_21,2,50,all,21,grasp,0.2664998999971431,2793.5202140054116,1193.5202140054118,0.0,16.0,7.0,0.0
r203_21,2,50,all,21,mp_eavns,1.2926946000006865,2565.7254080172834,965.7254080172834,0.0,16.0,2.0,0.0
r203_21,3,75,depot,1,edd,2.4400000256719068e-05,30005801.556317482,2811.571219136569,28.998509834491983,27.0,3.0,30.0
r203_21,3,75,depot,1,sweep,1.7399997886968777e-05,8014645.339239712,1996.1896668765703,974.9149572835145,29.0,0.0,8.0
r203_21,3,75,depot,1,nearest,0.0004374000018287916,8029685.351036529,1947.9687338641163,2533.7382302664837,24.0,3.0,8.0
r203_21,3,75,depot,1,grasp,0.2639209999979357,5019564.694498998,2158.6227580126506,1500.6071740985467,24.0,8.0,5.0
r203_21,3,75,depot,1,mp_eavns,2.739347999999154,5003774.940643114,1474.9406431142677,0.0,23.0,0.0,5.0
r203_21,3,75,phased,16,edd,2.6199999410891905e-05,11005815.515194261,2825.530095917252,28.998509834491983,27.0,16.0,11.0
r203_21,3,75,phased,16,sweep,1.9900002371286973e-05,18537.41622983713,2010.0301128079313,1362.73861170292,29.0,6.0,0.0
r203_21,3,75,phased,16,nearest,0.00041710000004968606,1029618.5618501133,1919.1176822794014,2529.944416783393,24.0,9.0,1.0
r203_21,3,75,phased,16,grasp,0.6143716000005952,9844.428035122339,2026.1086238950531,551.8319411227287,23.0,15.0,0.0
r203_21,3,75,phased,16,mp_eavns,3.9205968999995093,3819.4209853682014,1519.4209853682012,0.0,23.0,5.0,0.0
r203_21,3,75,all,21,edd,2.719999974942766e-05,11005815.515194261,2825.530095917252,28.998509834491983,27.0,16.0,11.0
r203_21,3,75,all,21,sweep,2.1500000002561137e-05,18537.41622983713,2010.0301128079313,1362.73861170292,29.0,6.0,0.0
r203_21,3,75,all,21,nearest,0.0004626000009011477,1029618.5618501133,1919.1176822794014,2529.944416783393,24.0,9.0,1.0
r203_21,3,75,all,21,grasp,0.8067542999997386,7183.394122516496,2044.9709119267304,283.8423210589766,23.0,17.0,0.0
r203_21,3,75,all,21,mp_eavns,4.8504786000012245,3813.560535355138,1513.5605353551382,0.0,23.0,5.0,0.0
r203_21,4,100,depot,1,edd,2.939999831141904e-05,42007795.56129643,4005.57619809067,28.998509834491983,35.0,5.0,42.0
r203_21,4,100,depot,1,sweep,2.040000254055485e-05,13024735.949527003,2658.4321244414664,1837.7517402562157,37.0,0.0,13.0
r203_21,4,100,depot,1,nearest,0.0007027999999991152,13031345.296026321,2873.522944088061,2527.1773082232676,32.0,6.0,13.0
r203_21,4,100,depot,1,grasp,0.7248737000008987,9026106.207232988,3020.3763015439226,1998.583093144331,31.0,9.0,9.0
r203_21,4,100,depot,1,mp_eavns,6.130087800000183,7005107.199557757,2007.1995577569278,0.0,31.0,0.0,7.0
r203_21,4,100,phased,21,edd,7.399999958579428e-05,13011203.310893,4045.669798214988,365.7641094783893,35.0,27.0,13.0
r203_21,4,100,phased,21,sweep,4.8800000513438135e-05,28632.86726509563,2677.113318339417,2225.5753946756213,37.0,11.0,0.0
r203_21,4,100,phased,21,nearest,0.0012676000005740207,3031292.3858934743,2820.6128112417987,2527.1773082232676,32.0,15.0,3.0
r203_21,4,100,phased,21,grasp,1.7662879999988945,18425.521737702125,2891.4414683789128,1243.4080269323213,31.0,20.0,0.0
r203_21,4,100,phased,21,mp_eavns,11.739198600000236,5169.901837916104,2069.9018379161043,0.0,31.0,8.0,0.0
r203_21,4,100,all,21,edd,3.529999958118424e-05,13011203.310893,4045.669798214988,365.7641094783893,35.0,27.0,13.0
r203_21,4,100,all,21,sweep,2.3799999326001853e-05,28632.86726509563,2677.113318339417,2225.5753946756213,37.0,11.0,0.0
r203_21,4,100,all,21,nearest,0.0007044999983918387,3031292.3858934743,2820.6128112417987,2527.1773082232676,32.0,15.0,3.0
r203_21,4,100,all,21,grasp,1.9001217000004544,9845.066132813106,2987.871360359369,375.7194772453738,31.0,25.0,0.0
r203_21,4,100,all,21,mp_eavns,13.190395000001445,5169.674477325307,2069.6744773253063,0.0,31.0,8.0,0.0
r203C10,1,3,depot,1,edd,4.800000169780105e-06,161.0293407795794,61.0293407795794,0.0,1.0,0.0,0.0
r203C10,1,3,depot,1,sweep,2.5000008463393897e-06,161.23520893549528,61.23520893549528,0.0,1.0,0.0,0.0
r203C10,1,3,depot,1,nearest,9.000003046821803e-06,161.23520893549528,61.23520893549528,0.0,1.0,0.0,0.0
r203C10,1,3,depot,1,grasp,0.00015560000247205608,161.0293407795794,61.0293407795794,0.0,1.0,0.0,0.0
r203C10,1,3,depot,1,mp_eavns,0.002017599999817321,161.0293407795794,61.0293407795794,0.0,1.0,0.0,0.0
r203C10,1,3,phased,2,edd,2.0999978005420417e-06,161.0293407795794,61.0293407795794,0.0,1.0,0.0,0.0
r203C10,1,3,phased,2,sweep,1.7999991541728377e-06,161.23520893549528,61.23520893549528,0.0,1.0,0.0,0.0
r203C10,1,3,phased,2,nearest,5.000001692678779e-06,161.23520893549528,61.23520893549528,0.0,1.0,0.0,0.0
r203C10,1,3,phased,2,grasp,0.00014400000145542435,161.0293407795794,61.0293407795794,0.0,1.0,0.0,0.0
r203C10,1,3,phased,2,mp_eavns,0.0029108000017004088,161.0293407795794,61.0293407795794,0.0,1.0,0.0,0.0
r203C10,1,3,all,5,edd,3.0999981390777975e-06,161.0293407795794,61.0293407795794,0.0,1.0,0.0,0.0
r203C10,1,3,all,5,sweep,2.6000016077887267e-06,161.23520893549528,61.23520893549528,0.0,1.0,0.0,0.0
r203C10,1,3,all,5,nearest,7.800001185387373e-06,161.23520893549528,61.23520893549528,0.0,1.0,0.0,0.0
r203C10,1,3,all,5,grasp,0.0001480999999330379,161.0293407795794,61.0293407795794,0.0,1.0,0.0,0.0
r203C10,1,3,all,5,mp_eavns,0.0020657000022765715,161.0293407795794,61.0293407795794,0.0,1.0,0.0,0.0
r203C10,2,5,depot,1,edd,3.0999981390777975e-06,313.3467431883445,113.34674318834446,0.0,2.0,0.0,0.0
r203C10,2,5,depot,1,sweep,2.5000008463393897e-06,319.2126363268431,119.21263632684308,0.0,2.0,0.0,0.0
r203C10,2,5,depot,1,nearest,9.800001862458885e-06,311.9256923282338,111.9256923282338,0.0,2.0,0.0,0.0
r203C10,2,5,depot,1,grasp,0.0008119000012811739,311.9256923282338,111.9256923282338,0.0,2.0,0.0,0.0
r203C10,2,5,depot,1,mp_eavns,0.012457200002245372,311.9256923282338,111.9256923282338,0.0,2.0,0.0,0.0
r203C10,2,5,phased,3,edd,5.199999577598646e-06,313.3467431883445,113.34674318834446,0.0,2.0,0.0,0.0
r203C10,2,5,phased,3,sweep,4.5000015234109014e-06,319.2126363268431,119.21263632684308,0.0,2.0,0.0,0.0
r203C10,2,5,phased,3,nearest,1.2700002116616815e-05,311.9256923282338,111.9256923282338,0.0,2.0,0.0,0.0
r203C10,2,5,phased,3,grasp,0.0006124000028648879,311.9256923282338,111.9256923282338,0.0,2.0,0.0,0.0
r203C10,2,5,phased,3,mp_eavns,0.011329699998896103,311.9256923282338,111.9256923282338,0.0,2.0,0.0,0.0
r203C10,2,5,all,5,edd,4.599998646881431e-06,313.3467431883445,113.34674318834446,0.0,2.0,0.0,0.0
r203C10,2,5,all,5,sweep,4.19999923906289e-06,319.2126363268431,119.21263632684308,0.0,2.0,0.0,0.0
r203C10,2,5,all,5,nearest,1.2099997547920793e-05,311.9256923282338,111.9256923282338,0.0,2.0,0.0,0.0
r203C10,2,5,all,5,grasp,0.0006745000027876813,311.9256923282338,111.9256923282338,0.0,2.0,0.0,0.0
r203C10,2,5,all,5,mp_eavns,0.01384939999843482,311.9256923282338,111.9256923282338,0.0,2.0,0.0,0.0
r203C10,3,8,depot,1,edd,4.999998054699972e-06,3000567.066949107,367.0669491072405,0.0,2.0,2.0,3.0
r203C10,3,8,depot,1,sweep,3.8000034692231566e-06,1000428.0500193288,228.05001932877536,0.0,2.0,1.0,1.0
r203C10,3,8,depot,1,nearest,1.759999940986745e-05,1000420.7630753302,220.76307533016606,0.0,2.0,1.0,1.0
r203C10,3,8,depot,1,grasp,0.0025458000018261373,476.41721685192806,276.41721685192806,0.0,2.0,2.0,0.0
r203C10,3,8,depot,1,mp_eavns,0.04637390000061714,474.9961659918174,274.9961659918174,0.0,2.0,2.0,0.0
r203C10,3,8,phased,4,edd,6.099999154685065e-06,4000564.6880517993,364.6880517993579,0.0,2.0,2.0,4.0
r203C10,3,8,phased,4,sweep,6.199999916134402e-06,430.6250232761713,230.62502327617128,0.0,2.0,2.0,0.0
r203C10,3,8,phased,4,nearest,1.7400001524947584e-05,423.338079277562,223.33807927756197,0.0,2.0,2.0,0.0
r203C10,3,8,phased,4,grasp,0.0035012999978789594,428.6934160225435,228.69341602254346,0.0,2.0,2.0,0.0
r203C10,3,8,phased,4,mp_eavns,0.04016659999979311,423.338079277562,223.33807927756197,0.0,2.0,2.0,0.0
r203C10,3,8,all,5,edd,6.999998731771484e-06,4000564.6880517993,364.6880517993579,0.0,2.0,2.0,4.0
r203C10,3,8,all,5,sweep,5.800000508315861e-06,430.6250232761713,230.62502327617128,0.0,2.0,2.0,0.0
r203C10,3,8,all,5,nearest,1.880000127130188e-05,423.338079277562,223.33807927756197,0.0,2.0,2.0,0.0
r203C10,3,8,all,5,grasp,0.0035446000001684297,423.338079277562,223.33807927756197,0.0,2.0,2.0,0.0
r203C10,3,8,all,5,mp_eavns,0.038347500001691515,423.338079277562,223.33807927756197,0.0,2.0,2.0,0.0
r203C10,4,10,depot,1,edd,5.300000339047983e-06,3000705.6975274556,405.6975274556239,0.0,3.0,2.0,3.0
r203C10,4,10,depot,1,sweep,4.19999923906289e-06,1000596.6365196842,296.63651968426166,0.0,3.0,1.0,1.0
r203C10,4,10,depot,1,nearest,2.179999864893034e-05,4000591.374399873,291.3743998730526,0.0,3.0,0.0,4.0
r203C10,4,10,depot,1,grasp,0.003622600001108367,699.4789845085579,399.4789845085579,0.0,3.0,3.0,0.0
r203C10,4,10,depot,1,mp_eavns,0.06349060000138707,645.4615475211906,345.4615475211906,0.0,3.0,2.0,0.0
r203C10,4,10,phased,5,edd,9.800001862458885e-06,3000705.6975274556,405.6975274556239,0.0,3.0,2.0,3.0
r203C10,4,10,phased,5,sweep,8.600000001024455e-06,1000596.6365196842,296.63651968426166,0.0,3.0,1.0,1.0
r203C10,4,10,phased,5,nearest,3.220000144210644e-05,2000595.5402938435,295.5402938435445,0.0,3.0,1.0,2.0
r203C10,4,10,phased,5,grasp,0.005296600000292528,614.2067130524892,314.2067130524892,0.0,3.0,2.0,0.0
r203C10,4,10,phased,5,mp_eavns,0.06617040000128327,556.0241869789304,256.0241869789304,0.0,3.0,1.0,0.0
r203C10,4,10,all,5,edd,6.70000008540228e-06,3000705.6975274556,405.6975274556239,0.0,3.0,2.0,3.0
r203C10,4,10,all,5,sweep,6.400001439033076e-06,1000596.6365196842,296.63651968426166,0.0,3.0,1.0,1.0
r203C10,4,10,all,5,nearest,2.3799999326001853e-05,2000595.5402938435,295.5402938435445,0.0,3.0,1.0,2.0
r203C10,4,10,all,5,grasp,0.005858500000613276,618.7732092470372,318.77320924703724,0.0,3.0,2.0,0.0
r203C10,4,10,all,5,mp_eavns,0.09278190000259201,556.0241869789304,256.0241869789304,0.0,3.0,1.0,0.0
r203C5,1,2,depot,1,edd,5.699999746866524e-06,1000192.3713990066,92.37139900655453,0.0,1.0,0.0,1.0
r203C5,1,2,depot,1,sweep,3.999997716164216e-06,1000192.3713990066,92.37139900655453,0.0,1.0,0.0,1.0
r203C5,1,2,depot,1,nearest,1.2299999070819467e-05,1000192.3713990066,92.37139900655453,0.0,1.0,0.0,1.0
r203C5,1,2,depot,1,grasp,0.0002569999996921979,1000192.3713990066,92.37139900655453,0.0,1.0,0.0,1.0
r203C5,1,2,depot,1,mp_eavns,0.004543399998510722,297.6107143699412,97.61071436994118,0.0,2.0,0.0,0.0
r203C5,1,2,phased,2,edd,5.699999746866524e-06,1000192.3713990066,92.37139900655453,0.0,1.0,0.0,1.0
r203C5,1,2,phased,2,sweep,5.999998393235728e-06,204.92864941748132,104.92864941748134,0.0,1.0,1.0,0.0
r203C5,1,2,phased,2,nearest,1.0100000508828089e-05,204.92864941748132,104.92864941748134,0.0,1.0,1.0,0.0
r203C5,1,2,phased,2,grasp,0.0002998000018124003,204.92864941748132,104.92864941748134,0.0,1.0,1.0,0.0
r203C5,1,2,phased,2,mp_eavns,0.002601100000902079,204.92864941748132,104.92864941748134,0.0,1.0,1.0,0.0
r203C5,1,2,all,4,edd,3.899996954714879e-06,1000192.3713990066,92.37139900655453,0.0,1.0,0.0,1.0
r203C5,1,2,all,4,sweep,4.099998477613553e-06,204.92864941748132,104.92864941748134,0.0,1.0,1.0,0.0
r203C5,1,2,all,4,nearest,8.500002877553925e-06,204.92864941748132,104.92864941748134,0.0,1.0,1.0,0.0
r203C5,1,2,all,4,grasp,0.0002983999984280672,204.92864941748132,104.92864941748134,0.0,1.0,1.0,0.0
r203C5,1,2,all,4,mp_eavns,0.0026404000018374063,204.92864941748132,104.92864941748134,0.0,1.0,1.0,0.0
r203C5,2,3,depot,1,edd,4.900000931229442e-06,2000218.742460006,118.74246000600978,0.0,1.0,0.0,2.0
r203C5,2,3,depot,1,sweep,4.7000030463095754e-06,2000213.5046835796,113.50468357954102,0.0,1.0,0.0,2.0
r203C5,2,3,depot,1,nearest,1.0699997801566496e-05,2000218.742460006,118.74246000600976,0.0,1.0,0.0,2.0
r203C5,2,3,depot,1,grasp,0.0003324999997857958,2000213.5046835796,113.50468357954102,0.0,1.0,0.0,2.0
r203C5,2,3,depot,1,mp_eavns,0.007862599999498343,448.71844372666374,148.71844372666374,0.0,3.0,0.0,0.0
r203C5,2,3,phased,3,edd,4.099998477613553e-06,234.13826784234377,134.13826784234377,0.0,1.0,1.0,0.0
r203C5,2,3,phased,3,sweep,3.4999975468963385e-06,214.45203519875065,114.45203519875065,0.0,1.0,1.0,0.0
r203C5,2,3,phased,3,nearest,8.099999831756577e-06,219.6898116252194,119.68981162521939,0.0,1.0,1.0,0.0
r203C5,2,3,phased,3,grasp,0.0001940000001923181,214.45203519875065,114.45203519875065,0.0,1.0,1.0,0.0
r203C5,2,3,phased,3,mp_eavns,0.0030237999999371823,214.45203519875065,114.45203519875065,0.0,1.0,1.0,0.0
r203C5,2,3,all,4,edd,2.1000014385208488e-06,234.13826784234377,134.13826784234377,0.0,1.0,1.0,0.0
r203C5,2,3,all,4,sweep,2.5000008463393897e-06,214.45203519875065,114.45203519875065,0.0,1.0,1.0,0.0
r203C5,2,3,all,4,nearest,5.49999822396785e-06,219.6898116252194,119.68981162521939,0.0,1.0,1.0,0.0
r203C5,2,3,all,4,grasp,0.00019489999976940453,214.45203519875065,114.45203519875065,0.0,1.0,1.0,0.0
r203C5,2,3,all,4,mp_eavns,0.0032052999995357823,214.45203519875065,114.45203519875065,0.0,1.0,1.0,0.0
r203C5,3,4,depot,1,edd,2.7999994927085936e-06,1000332.1233964862,132.12339648610242,0.0,2.0,0.0,1.0
r203C5,3,4,depot,1,sweep,2.2000021999701858e-06,2000347.4458090765,147.4458090764953,0.0,2.0,0.0,2.0
r203C5,3,4,depot,1,nearest,7.499998901039362e-06,1000349.9657383341,149.96573833411384,0.0,2.0,0.0,1.0
r203C5,3,4,depot,1,grasp,0.00023290000171982683,1217.0258560483528,182.44029013983135,83.45855659085214,2.0,1.0,0.0
r203C5,3,4,depot,1,mp_eavns,0.004292800000257557,382.4402901398314,182.44029013983138,0.0,2.0,1.0,0.0
r203C5,3,4,phased,4,edd,3.0000010156072676e-06,1000332.1233964862,132.12339648610242,0.0,2.0,0.0,1.0
r203C5,3,4,phased,4,sweep,2.2999993234407157e-06,348.3931606957049,148.39316069570492,0.0,2.0,1.0,0.0
r203C5,3,4,phased,4,nearest,7.499998901039362e-06,366.5191621736551,166.51916217365513,0.0,2.0,1.0,0.0
r203C5,3,4,phased,4,grasp,0.0002806999982567504,338.9260113181504,138.92601131815042,0.0,2.0,1.0,0.0
r203C5,3,4,phased,4,mp_eavns,0.005559200002608122,338.9260113181504,138.92601131815042,0.0,2.0,1.0,0.0
r203C5,3,4,all,4,edd,2.4000000848900527e-06,1000332.1233964862,132.12339648610242,0.0,2.0,0.0,1.0
r203C5,3,4,all,4,sweep,2.1999985619913787e-06,348.3931606957049,148.39316069570492,0.0,2.0,1.0,0.0
r203C5,3,4,all,4,nearest,6.79999720887281e-06,366.5191621736551,166.51916217365513,0.0,2.0,1.0,0.0
r203C5,3,4,all,4,grasp,0.00025770000138436444,338.9260113181504,138.92601131815042,0.0,2.0,1.0,0.0
r203C5,3,4,all,4,mp_eavns,0.006840800000645686,338.9260113181504,138.92601131815042,0.0,2.0,1.0,0.0
r203C5,4,5,depot,1,edd,6.099999154685065e-06,3000437.6227831044,237.62278310452652,0.0,2.0,0.0,3.0
r203C5,4,5,depot,1,sweep,5.800000508315861e-06,3000420.472182826,220.47218282611985,0.0,2.0,0.0,3.0
r203C5,4,5,depot,1,nearest,2.019999737967737e-05,2000437.82926888,237.82926888006904,0.0,2.0,1.0,2.0
r203C5,4,5,depot,1,grasp,0.0005774999990535434,1001404.8893865943,270.30382068578655,83.45855659085214,3.0,1.0,1.0
r203C5,4,5,depot,1,mp_eavns,0.009478299998590956,1000470.3038206858,270.30382068578655,0.0,2.0,2.0,1.0
r203C5,4,5,phased,4,edd,4.800000169780105e-06,3000437.6227831044,237.62278310452652,0.0,2.0,0.0,3.0
r203C5,4,5,phased,4,sweep,4.6000022848602384e-06,423.15690705445763,223.15690705445766,0.0,2.0,2.0,0.0
r203C5,4,5,phased,4,nearest,1.179999890155159e-05,456.1200653287385,256.1200653287385,0.0,2.0,3.0,0.0
r203C5,4,5,phased,4,grasp,0.00039649999962421134,411.6600174102963,211.6600174102963,0.0,2.0,2.0,0.0
r203C5,4,5,phased,4,mp_eavns,0.010327199997846037,411.6600174102963,211.6600174102963,0.0,2.0,2.0,0.0
r203C5,4,5,all,4,edd,4.400000761961564e-06,3000437.6227831044,237.62278310452652,0.0,2.0,0.0,3.0
r203C5,4,5,all,4,sweep,4.19999923906289e-06,423.15690705445763,223.15690705445766,0.0,2.0,2.0,0.0
r203C5,4,5,all,4,nearest,1.1200001608813182e-05,456.1200653287385,256.1200653287385,0.0,2.0,3.0,0.0
r203C5,4,5,all,4,grasp,0.0008520999981556088,411.6600174102963,211.6600174102963,0.0,2.0,2.0,0.0
r203C5,4,5,all,4,mp_eavns,0.01610419999997248,411.6600174102963,211.6600174102963,0.0,2.0,2.0,0.0
r204_21,1,25,depot,1,edd,1.1399999493733048e-05,2001607.2131552561,607.2131552562063,0.0,10.0,0.0,2.0
r204_21,1,25,depot,1,sweep,6.70000008540228e-06,1002604.4900489047,647.921506409716,85.65685424949237,11.0,0.0,1.0
r204_21,1,25,depot,1,nearest,7.239999831654131e-05,1005741.4591407861,523.1732702595285,431.82858705265096,9.0,0.0,1.0
r204_21,1,25,depot,1,grasp,0.014799600001424551,1001451.8746681861,551.8746681860455,0.0,9.0,0.0,1.0
r204_21,1,25,depot,1,mp_eavns,0.11252719999902183,1001269.7647605187,469.76476051869247,0.0,8.0,0.0,1.0
r204_21,1,25,phased,6,edd,1.4700002793688327e-05,1612.091885270001,612.0918852700012,0.0,10.0,2.0,0.0
r204_21,1,25,phased,6,sweep,9.399998816661537e-06,2610.7275301004247,654.1589876055009,85.65685424949237,11.0,1.0,0.0
r204_21,1,25,phased,6,nearest,7.31999971321784e-05,5741.485031110431,523.1991605839216,431.82858705265096,9.0,1.0,0.0
r204_21,1,25,phased,6,grasp,0.010468299999047304,1443.3750568645632,543.3750568645632,0.0,9.0,2.0,0.0
r204_21,1,25,phased,6,mp_eavns,0.2964724999983446,1390.558085528032,490.55808552803205,0.0,9.0,1.0,0.0
r204_21,1,25,all,21,edd,1.1100000847363845e-05,1612.091885270001,612.0918852700012,0.0,10.0,2.0,0.0
r204_21,1,25,all,21,sweep,8.800001523923129e-06,2610.7275301004247,654.1589876055009,85.65685424949237,11.0,1.0,0.0
r204_21,1,25,all,21,nearest,7.259999983943999e-05,5741.485031110431,523.1991605839216,431.82858705265096,9.0,1.0,0.0
r204_21,1,25,all,21,grasp,0.023625899997568922,1444.5522127400814,544.5522127400812,0.0,9.0,1.0,0.0
r204_21,1,25,all,21,mp_eavns,0.20952150000084657,1246.3185546483887,446.31855464838867,0.0,8.0,1.0,0.0
r204_21,2,50,depot,1,edd,2.0899999071843922e-05,15003141.581885736,1441.5818857356458,0.0,17.0,0.0,15.0
r204_21,2,50,depot,1,sweep,1.4499997632810846e-05,4004036.6515980037,1280.0830555088833,85.65685424949237,19.0,0.0,4.0
r204_21,2,50,depot,1,nearest,0.00021500000002561137,7007247.374229141,1229.0883586141608,431.82858705265096,17.0,0.0,7.0
r204_21,2,50,depot,1,grasp,0.07847129999936442,3002797.933086294,1197.933086294037,0.0,16.0,1.0,3.0
r204_21,2,50,depot,1,mp_eavns,1.0408939999979339,2002562.293925066,962.293925066062,0.0,16.0,0.0,2.0
r204_21,2,50,phased,11,edd,2.3299999156733975e-05,3003155.4966576668,1455.496657666963,0.0,17.0,8.0,3.0
r204_21,2,50,phased,11,sweep,1.4999997802078724e-05,4046.4486262965156,1289.8800838015918,85.65685424949237,19.0,3.0,0.0
r204_21,2,50,phased,11,nearest,0.00020760000188602135,7261.010916251555,1242.7250457250452,431.82858705265096,17.0,6.0,0.0
r204_21,2,50,phased,11,grasp,0.1577763999994204,2874.4240413413927,1274.4240413413925,0.0,16.0,7.0,0.0
r204_21,2,50,phased,11,mp_eavns,1.5827736999999615,2595.8946680778186,995.8946680778186,0.0,16.0,3.0,0.0
r204_21,2,50,all,21,edd,2.0700001186924055e-05,3003155.4966576668,1455.496657666963,0.0,17.0,8.0,3.0
r204_21,2,50,all,21,sweep,1.4599998394260183e-05,4046.4486262965156,1289.8800838015918,85.65685424949237,19.0,3.0,0.0
r204_21,2,50,all,21,nearest,0.0002027000009547919,7261.010916251555,1242.7250457250452,431.82858705265096,17.0,6.0,0.0
r204_21,2,50,all,21,grasp,0.18510089999836055,2817.246694443217,1217.2466944432172,0.0,16.0,4.0,0.0
r204_21,2,50,all,21,mp_eavns,1.4690155999996932,2565.326425936933,965.3264259369329,0.0,16.0,2.0,0.0
r204_21,3,75,depot,1,edd,3.060000017285347e-05,24005436.01468692,2736.0146869209725,0.0,27.0,5.0,24.0
r204_21,3,75,depot,1,sweep,1.7099999240599573e-05,8005752.758209372,1996.1896668765703,85.65685424949237,29.0,0.0,8.0
r204_21,3,75,depot,1,nearest,0.00043619999996735714,8013442.174357664,1947.9687338641163,909.4205623800076,24.0,3.0,8.0
r204_21,3,75,depot,1,grasp,0.20064590000038152,6010016.995490303,2137.679767060628,547.9315723243022,24.0,6.0,6.0
r204_21,3,75,depot,1,mp_eavns,3.174240299998928,5003792.801614521,1492.8016145212182,0.0,23.0,0.0,5.0
r204_21,3,75,phased,16,edd,3.3700001949910074e-05,15005429.965756923,2729.9657569238766,0.0,27.0,13.0,15.0
r204_21,3,75,phased,16,sweep,1.9099999917671084e-05,6521.958245405113,2010.0301128079313,161.19281325971818,29.0,6.0,0.0
r204_21,3,75,phased,16,nearest,0.00039570000080857426,1013413.3233060795,1919.1176822794014,909.4205623800076,24.0,9.0,1.0
r204_21,3,75,phased,16,grasp,0.5698768000002019,4372.278029821961,1972.2780298219614,0.0,24.0,10.0,0.0
r204_21,3,75,phased,16,mp_eavns,5.415602400000353,3818.216835644147,1518.216835644147,0.0,23.0,6.0,0.0
r204_21,3,75,all,21,edd,2.7999998565064743e-05,15005429.965756923,2729.9657569238766,0.0,27.0,13.0,15.0
r204_21,3,75,all,21,sweep,1.7799997294787318e-05,6521.958245405113,2010.0301128079313,161.19281325971818,29.0,6.0,0.0
r204_21,3,75,all,21,nearest,0.000405700000555953,1013413.3233060795,1919.1176822794014,909.4205623800076,24.0,9.0,1.0
r204_21,3,75,all,21,grasp,0.6243943000008585,4397.27035419649,1997.2703541964904,0.0,24.0,10.0,0.0
r204_21,3,75,all,21,mp_eavns,5.9471165999966615,3903.0497781740714,1503.0497781740717,0.0,24.0,5.0,0.0
r204_21,4,100,depot,1,edd,3.360000118846074e-05,35007776.8348847,4076.83488470429,0.0,37.0,9.0,35.0
r204_21,4,100,depot,1,sweep,2.1699997887481004e-05,13008365.62324442,2658.4321244414664,200.7191119977909,37.0,0.0,13.0
r204_21,4,100,depot,1,nearest,0.0007704000017838553,13013687.864828883,2873.522944088061,761.4341884793753,32.0,6.0,13.0
r204_21,4,100,depot,1,grasp,0.5405347999985679,12005944.14831978,2944.148319781027,0.0,30.0,9.0,12.0
r204_21,4,100,depot,1,mp_eavns,6.40866879999885,7005134.215802393,2034.215802392532,0.0,31.0,0.0,7.0
r204_21,4,100,phased,21,edd,4.020000051241368e-05,19007736.89686247,4036.896862467882,0.0,37.0,23.0,19.0
r204_21,4,100,phased,21,sweep,2.5099998310906813e-05,9139.664028419584,2677.113318339417,276.25507100801667,37.0,11.0,0.0
r204_21,4,100,phased,21,nearest,0.0006887000017741229,3013634.9546960355,2820.6128112417987,761.4341884793753,32.0,15.0,3.0
r204_21,4,100,phased,21,grasp,1.28482029999941,5995.368135964945,2895.368135964945,0.0,31.0,20.0,0.0
r204_21,4,100,phased,21,mp_eavns,10.988700800000515,5177.58270599776,2077.58270599776,0.0,31.0,8.0,0.0
r204_21,4,100,all,21,edd,6.84000006003771e-05,19007736.89686247,4036.896862467882,0.0,37.0,23.0,19.0
r204_21,4,100,all,21,sweep,5.6899996707215905e-05,9139.664028419584,2677.113318339417,276.25507100801667,37.0,11.0,0.0
r204_21,4,100,all,21,nearest,0.0014539000003424007,3013634.9546960355,2820.6128112417987,761.4341884793753,32.0,15.0,3.0
r204_21,4,100,all,21,grasp,1.3876242999976967,7442.047152160304,2895.5318191521883,134.6515333008116,32.0,20.0,0.0
r204_21,4,100,all,21,mp_eavns,11.836077500000101,5156.854040763223,2056.854040763222,0.0,31.0,7.0,0.0
r205_21,1,25,depot,1,edd,1.2499996955739334e-05,3001781.8298365697,681.8298365699403,0.0,11.0,0.0,3.0
r205_21,1,25,depot,1,sweep,7.90000194683671e-06,1017268.8592472449,647.921506409716,1552.093774083515,11.0,0.0,1.0
r205_21,1,25,depot,1,nearest,7.420000110869296e-05,1020155.7060618739,523.1732702595285,1873.2532791614408,9.0,0.0,1.0
r205_21,1,25,depot,1,grasp,0.026092100000823848,1002403.534688451,549.1108129565433,95.44238754944894,9.0,0.0,1.0
r205_21,1,25,depot,1,mp_eavns,0.1603051999991294,1001258.8188169204,458.81881692039065,0.0,8.0,0.0,1.0
r205_21,1,25,phased,6,edd,1.21000011858996e-05,1795.5393731837353,695.5393731837354,0.0,11.0,3.0,0.0
r205_21,1,25,phased,6,sweep,9.300001693191007e-06,17275.09672844065,654.1589876055009,1552.093774083515,11.0,1.0,0.0
r205_21,1,25,phased,6,nearest,7.210000330815092e-05,20155.73195219833,523.1991605839216,1873.2532791614408,9.0,1.0,0.0
r205_21,1,25,phased,6,grasp,0.022443599998950958,1837.9898081764213,565.1887092836158,37.28010988928054,9.0,2.0,0.0
r205_21,1,25,phased,6,mp_eavns,0.15501149999909103,1282.3446120145788,482.3446120145789,0.0,8.0,1.0,0.0
r205_21,1,25,all,21,edd,1.21000011858996e-05,1795.5393731837353,695.5393731837354,0.0,11.0,3.0,0.0
r205_21,1,25,all,21,sweep,9.2999980552122e-06,17275.09672844065,654.1589876055009,1552.093774083515,11.0,1.0,0.0
r205_21,1,25,all,21,nearest,7.590000313939527e-05,20155.73195219833,523.1991605839216,1873.2532791614408,9.0,1.0,0.0
r205_21,1,25,all,21,grasp,0.03340329999991809,1480.9027556659153,580.9027556659154,0.0,9.0,1.0,0.0
r205_21,1,25,all,21,mp_eavns,0.26179229999979725,1415.7769042119633,515.7769042119633,0.0,9.0,1.0,0.0
r205_21,2,50,depot,1,edd,1.8799997633323073e-05,11003566.507716654,1666.507716654243,0.0,19.0,3.0,11.0
r205_21,2,50,depot,1,sweep,1.21000011858996e-05,4025936.68639519,1280.0830555088833,2275.6603339681383,19.0,0.0,4.0
r205_21,2,50,depot,1,nearest,0.00020910000239382498,7034808.2355810795,1229.088358614161,3187.914722246507,17.0,0.0,7.0
r205_21,2,50,depot,1,grasp,0.11768799999845214,2021063.3644344327,1353.0060251518835,1811.0358409280807,16.0,4.0,2.0
r205_21,2,50,depot,1,mp_eavns,1.0372800000004645,2002579.0957702082,979.095770208176,0.0,16.0,0.0,2.0
r205_21,2,50,phased,11,edd,2.939999831141904e-05,1003578.5997689113,1678.5997689112746,0.0,19.0,9.0,1.0
r205_21,2,50,phased,11,sweep,2.2899999748915434e-05,27529.360377574772,1289.8800838015918,2433.948029377318,19.0,3.0,0.0
r205_21,2,50,phased,11,nearest,0.00025180000011459924,36280.94138808505,1242.7250457250452,3333.821634236,17.0,6.0,0.0
r205_21,2,50,phased,11,grasp,0.19366039999658824,9080.293991406112,1356.0916955327993,602.4202295873313,17.0,9.0,0.0
r205_21,2,50,phased,11,mp_eavns,1.7607194999982312,2634.6840797944706,1034.6840797944703,0.0,16.0,3.0,0.0
r205_21,2,50,all,21,edd,2.0899999071843922e-05,1003573.7730566586,1673.773056658537,0.0,19.0,9.0,1.0
r205_21,2,50,all,21,sweep,2.0299998141126707e-05,27529.360377574772,1289.8800838015918,2433.948029377318,19.0,3.0,0.0
r205_21,2,50,all,21,nearest,0.0002480000002833549,36280.94138808505,1242.7250457250452,3333.821634236,17.0,6.0,0.0
r205_21,2,50,all,21,grasp,0.28212640000128886,8363.46773825205,1391.7333167004663,537.1734421551582,16.0,7.0,0.0
r205_21,2,50,all,21,mp_eavns,1.3885965000008582,2599.1219419832814,999.1219419832813,0.0,16.0,2.0,0.0
r205_21,3,75,depot,1,edd,4.41999982285779e-05,27005636.767153442,2936.7671534430424,0.0,27.0,6.0,27.0
r205_21,3,75,depot,1,sweep,2.9499999072868377e-05,8033219.152529781,1996.1896668765703,2832.29628629043,29.0,0.0,8.0
r205_21,3,75,depot,1,nearest,0.0007222000022011343,8044687.396215675,1947.9687338641163,4033.9427481811335,24.0,3.0,8.0
r205_21,3,75,depot,1,grasp,0.4544727000029525,7028673.250580264,2284.653169613551,2408.8597410650973,23.0,9.0,7.0
r205_21,3,75,depot,1,mp_eavns,3.125100299999758,5003831.148319922,1531.148319922194,0.0,23.0,0.0,5.0
r205_21,3,75,phased,16,edd,2.9200000426499173e-05,6005634.369827008,2934.3698270080213,0.0,27.0,20.0,6.0
r205_21,3,75,phased,16,sweep,1.880000127130188e-05,39831.01223124186,2010.0301128079313,3492.098211843393,29.0,6.0,0.0
r205_21,3,75,phased,16,nearest,0.0003995000006398186,1048303.3231284791,1919.1176822794014,4398.420544619961,24.0,9.0,1.0
r205_21,3,75,phased,16,grasp,1.070456199999171,23259.65602371646,2101.197108074894,1875.8458915641563,24.0,15.0,0.0
r205_21,3,75,phased,16,mp_eavns,3.815232000000833,3878.957966165486,1578.9579661654864,0.0,23.0,6.0,0.0
r205_21,3,75,all,21,edd,2.930000118794851e-05,6005634.369827008,2934.3698270080213,0.0,27.0,20.0,6.0
r205_21,3,75,all,21,sweep,1.9099999917671084e-05,39831.01223124186,2010.0301128079313,3492.098211843393,29.0,6.0,0.0
r205_21,3,75,all,21,nearest,0.00041280000004917383,1048303.3231284791,1919.1176822794014,4398.420544619961,24.0,9.0,1.0
r205_21,3,75,all,21,grasp,0.9859546999978193,19503.33640260471,2015.3922685181205,1508.7944134086588,24.0,15.0,0.0
r205_21,3,75,all,21,mp_eavns,4.985823299997719,3959.7737063791783,1559.7737063791783,0.0,24.0,5.0,0.0
r205_21,4,100,depot,1,edd,3.269999797339551e-05,44007559.36589211,3959.365892112088,0.0,36.0,3.0,44.0
r205_21,4,100,depot,1,sweep,1.979999797185883e-05,13048321.022343148,2658.4321244414664,4196.2590218706355,37.0,0.0,13.0
r205_21,4,100,depot,1,nearest,0.0007721999973000493,15052741.851930559,2909.9200685915243,4663.193186196652,32.0,6.0,15.0
r205_21,4,100,depot,1,grasp,0.9770998999993026,11028891.694694526,3081.056467244931,2271.063822728116,31.0,11.0,11.0
r205_21,4,100,depot,1,mp_eavns,6.89183409999896,6005176.52734661,2076.5273466103977,0.0,31.0,0.0,6.0
r205_21,4,100,phased,21,edd,8.479999814881012e-05,15007562.388521872,3962.3885218723603,0.0,36.0,20.0,15.0
r205_21,4,100,phased,21,sweep,6.27999979769811e-05,54937.72279257539,2677.113318339417,4856.060947423597,37.0,11.0,0.0
r205_21,4,100,phased,21,nearest,0.0010963999993691687,3053046.1707315827,2847.133473521086,4699.903725806154,32.0,16.0,3.0
r205_21,4,100,phased,21,grasp,2.6515762000017276,32796.25613409997,2858.1955330913056,2683.806060100866,31.0,21.0,0.0
r205_21,4,100,phased,21,mp_eavns,10.245636799998465,5231.16703044367,2131.16703044367,0.0,31.0,8.0,0.0
r205_21,4,100,all,21,edd,6.339999890769832e-05,15007562.388521872,3962.3885218723603,0.0,36.0,20.0,15.0
r205_21,4,100,all,21,sweep,4.319999789004214e-05,54937.72279257539,2677.113318339417,4856.060947423597,37.0,11.0,0.0
r205_21,4,100,all,21,nearest,0.001281200002267724,3053046.1707315827,2847.133473521086,4699.903725806154,32.0,16.0,3.0
r205_21,4,100,all,21,grasp,2.3166082999996434,29017.70837073835,2846.008572065261,2307.169979867309,31.0,20.0,0.0
r205_21,4,100,all,21,mp_eavns,9.236084199998004,5191.053031767956,2091.053031767956,0.0,31.0,7.0,0.0
r206_21,1,25,depot,1,edd,1.3699998817173764e-05,2001756.3661272808,656.3661272808491,0.0,11.0,0.0,2.0
r206_21,1,25,depot,1,sweep,7.700000423938036e-06,1007305.784475213,647.921506409716,555.7862968803313,11.0,0.0,1.0
r206_21,1,25,depot,1,nearest,7.230000119307078e-05,1013803.500862788,523.1732702595285,1238.032759252836,9.0,0.0,1.0
r206_21,1,25,depot,1,grasp,0.018013500000961358,1001486.1273495683,586.1273495683197,0.0,9.0,0.0,1.0
r206_21,1,25,depot,1,mp_eavns,0.10702749999836669,1001255.1019140474,455.1019140473328,0.0,8.0,0.0,1.0
r206_21,1,25,phased,6,edd,1.2499996955739334e-05,1770.070646219603,670.0706462196031,0.0,11.0,2.0,0.0
r206_21,1,25,phased,6,sweep,9.400002454640344e-06,7312.021956408813,654.1589876055009,555.7862968803313,11.0,1.0,0.0
r206_21,1,25,phased,6,nearest,7.32000007701572e-05,13803.52675311228,523.1991605839216,1238.032759252836,9.0,1.0,0.0
r206_21,1,25,phased,6,grasp,0.014748899997357512,1475.048450862689,575.0484508626889,0.0,9.0,1.0,0.0
r206_21,1,25,phased,6,mp_eavns,0.15816110000014305,1251.6859909547265,451.68599095472655,0.0,8.0,1.0,0.0
r206_21,1,25,all,21,edd,1.2799999240087345e-05,1770.070646219603,670.0706462196031,0.0,11.0,2.0,0.0
r206_21,1,25,all,21,sweep,1.9099999917671084e-05,7312.021956408813,654.1589876055009,555.7862968803313,11.0,1.0,0.0
r206_21,1,25,all,21,nearest,8.299999899463728e-05,13803.52675311228,523.1991605839216,1238.032759252836,9.0,1.0,0.0
r206_21,1,25,all,21,grasp,0.0278165000017907,1441.2536023834773,541.2536023834772,0.0,9.0,1.0,0.0
r206_21,1,25,all,21,mp_eavns,0.2252794999985781,1251.6859909547265,451.68599095472655,0.0,8.0,1.0,0.0
r206_21,2,50,depot,1,edd,1.920000067912042e-05,13003483.7498356,1583.749835598363,0.0,19.0,2.0,13.0
r206_21,2,50,depot,1,sweep,1.2300002708798274e-05,4010725.468482755,1280.0830555088833,754.5385427246114,19.0,0.0,4.0
r206_21,2,50,depot,1,nearest,0.00021050000214017928,7020839.689129978,1229.088358614161,1791.06007713643,17.0,0.0,7.0
r206_21,2,50,depot,1,grasp,0.08395759999984875,2005838.946340282,1324.0758721741859,291.4870468107853,16.0,4.0,2.0
r206_21,2,50,depot,1,mp_eavns,1.3267564999987371,2002577.5824677525,977.582467752427,0.0,16.0,0.0,2.0
r206_21,2,50,phased,11,edd,4.579999949783087e-05,5003477.379871792,1577.3798717922864,0.0,19.0,8.0,5.0
r206_21,2,50,phased,11,sweep,2.8799997380701825e-05,10735.265511047706,1289.8800838015918,754.5385427246114,19.0,3.0,0.0
r206_21,2,50,phased,11,nearest,0.0003662999988591764,22312.394936984285,1242.7250457250452,1936.9669891259239,17.0,6.0,0.0
r206_21,2,50,phased,11,grasp,0.21386019999772543,3337.573613060447,1320.474410416798,31.709920264364882,17.0,7.0,0.0
r206_21,2,50,phased,11,mp_eavns,1.5079408999990846,2573.6509072664157,973.650907266416,0.0,16.0,3.0,0.0
r206_21,2,50,all,21,edd,2.1600000764010474e-05,5003477.379871792,1577.3798717922864,0.0,19.0,8.0,5.0
r206_21,2,50,all,21,sweep,1.5199999324977398e-05,10735.265511047706,1289.8800838015918,754.5385427246114,19.0,3.0,0.0
r206_21,2,50,all,21,nearest,0.00021019999985583127,22312.394936984285,1242.7250457250452,1936.9669891259239,17.0,6.0,0.0
r206_21,2,50,all,21,grasp,0.18339329999798792,4579.150377702899,1274.6940282041292,160.445634949877,17.0,7.0,0.0
r206_21,2,50,all,21,mp_eavns,1.3345815000029688,2562.83114993116,962.8311499311599,0.0,16.0,2.0,0.0
r206_21,3,75,depot,1,edd,2.7800000680144876e-05,31005624.198711287,2924.198711288152,0.0,27.0,4.0,31.0
r206_21,3,75,depot,1,sweep,1.7800000932766125e-05,8017513.770538695,1996.1896668765703,1261.758087181904,29.0,0.0,8.0
r206_21,3,75,depot,1,nearest,0.0005654999986290932,8031903.016149884,1947.9687338641163,2755.50474160203,24.0,3.0,8.0
r206_21,3,75,depot,1,grasp,0.35987569999997504,7025377.909731778,2021.3974011663126,2105.6512330611918,23.0,4.0,7.0
r206_21,3,75,depot,1,mp_eavns,4.660592300002463,4003816.287432298,1516.287432297903,0.0,23.0,0.0,4.0
r206_21,3,75,phased,16,edd,3.650000144261867e-05,11005607.418943375,2907.418943375219,0.0,27.0,17.0,11.0
r206_21,3,75,phased,16,sweep,2.3700002202531323e-05,22542.753286064803,2010.0301128079313,1763.2723173256873,29.0,6.0,0.0
r206_21,3,75,phased,16,nearest,0.0004248999975970946,1031874.1650982997,1919.1176822794014,2755.50474160203,24.0,9.0,1.0
r206_21,3,75,phased,16,grasp,0.7770064999967872,10280.373027423382,2206.5339198602696,567.3839107563111,24.0,18.0,0.0
r206_21,3,75,phased,16,mp_eavns,4.887171200000012,3829.313005314957,1529.3130053149573,0.0,23.0,6.0,0.0
r206_21,3,75,all,21,edd,3.070000093430281e-05,11005607.418943375,2907.418943375219,0.0,27.0,17.0,11.0
r206_21,3,75,all,21,sweep,1.9099999917671084e-05,22542.753286064803,2010.0301128079313,1763.2723173256873,29.0,6.0,0.0
r206_21,3,75,all,21,nearest,0.0004507000012381468,1031874.1650982997,1919.1176822794014,2755.50474160203,24.0,9.0,1.0
r206_21,3,75,all,21,grasp,0.9228078999985883,6205.745319017018,2211.0389394321305,169.47063795848874,23.0,16.0,0.0
r206_21,3,75,all,21,mp_eavns,5.257207499998913,3818.493247979701,1518.4932479797012,0.0,23.0,5.0,0.0
r206_21,4,100,depot,1,edd,3.810000271187164e-05,40007650.57843524,4050.5784352421547,0.0,36.0,6.0,40.0
r206_21,4,100,depot,1,sweep,2.260000110254623e-05,13030707.65657044,2658.4321244414664,2434.9224445998134,37.0,0.0,13.0
r206_21,4,100,depot,1,nearest,0.0007593000009364914,15042186.177291675,2909.9200685915243,3607.6257223083735,32.0,6.0,15.0
r206_21,4,100,depot,1,grasp,0.7281698000006145,10024599.245906029,2883.4431663966043,1851.5802739631695,32.0,7.0,10.0
r206_21,4,100,depot,1,mp_eavns,7.6669395999997505,5005171.825632302,2071.8256323022056,0.0,31.0,0.0,5.0
r206_21,4,100,phased,21,edd,6.410000059986487e-05,9007876.177374298,4077.834336256435,19.834303804221463,36.0,29.0,9.0
r206_21,4,100,phased,21,sweep,2.719999974942766e-05,35741.48006577538,2677.113318339417,2936.4366747435965,37.0,11.0,0.0
r206_21,4,100,phased,21,nearest,0.0007046999999147374,3041861.8096456635,2847.133473521086,3581.4676172142545,32.0,16.0,3.0
r206_21,4,100,phased,21,grasp,2.4351237999981095,28334.098715930864,2875.875597218576,2235.822311871229,31.0,20.0,0.0
r206_21,4,100,phased,21,mp_eavns,10.161584499997844,5174.163930246785,2074.163930246785,0.0,31.0,9.0,0.0
r206_21,4,100,all,21,edd,7.130000085453503e-05,9007876.177374298,4077.834336256435,19.834303804221463,36.0,29.0,9.0
r206_21,4,100,all,21,sweep,5.120000059832819e-05,35741.48006577538,2677.113318339417,2936.4366747435965,37.0,11.0,0.0
r206_21,4,100,all,21,nearest,0.0008196999988285825,3041861.8096456635,2847.133473521086,3581.4676172142545,32.0,16.0,3.0
r206_21,4,100,all,21,grasp,2.4028324999999313,24132.585115494694,2913.6790142068157,1801.8906101287878,32.0,19.0,0.0
r206_21,4,100,all,21,mp_eavns,11.651229999999487,5163.344172911529,2063.3441729115293,0.0,31.0,8.0,0.0
r207_21,1,25,depot,1,edd,1.3199998647905886e-05,1001705.0991362048,605.0991362048383,0.0,11.0,0.0,1.0
r207_21,1,25,depot,1,sweep,7.499998901039362e-06,1007305.784475213,647.921506409716,555.7862968803313,11.0,0.0,1.0
r207_21,1,25,depot,1,nearest,7.069999992381781e-05,1006165.5339500345,523.1732702595285,474.23606797749983,9.0,0.0,1.0
r207_21,1,25,depot,1,grasp,0.015270100000634557,1001485.597164049,585.5971640490003,0.0,9.0,0.0,1.0
r207_21,1,25,depot,1,mp_eavns,0.1431233000002976,1001273.8643979897,473.8643979896502,0.0,8.0,0.0,1.0
r207_21,1,25,phased,6,edd,2.300000051036477e-05,1713.9508154541904,613.9508154541903,0.0,11.0,1.0,0.0
r207_21,1,25,phased,6,sweep,2.7999998565064743e-05,7312.021956408813,654.1589876055009,555.7862968803313,11.0,1.0,0.0
r207_21,1,25,phased,6,nearest,0.0001311999985773582,6165.559840358919,523.1991605839216,474.23606797749983,9.0,1.0,0.0
r207_21,1,25,phased,6,grasp,0.0195400000011432,1445.6963099207048,545.6963099207048,0.0,9.0,1.0,0.0
r207_21,1,25,phased,6,mp_eavns,0.3136680999996315,1370.7298533589722,470.7298533589722,0.0,9.0,1.0,0.0
r207_21,1,25,all,21,edd,1.2500000593718141e-05,1713.9508154541904,613.9508154541903,0.0,11.0,1.0,0.0
r207_21,1,25,all,21,sweep,9.799998224480078e-06,7312.021956408813,654.1589876055009,555.7862968803313,11.0,1.0,0.0
r207_21,1,25,all,21,nearest,7.749999713269062e-05,6165.559840358919,523.1991605839216,474.23606797749983,9.0,1.0,0.0
r207_21,1,25,all,21,grasp,0.0190485000020999,1465.1586131582446,565.1586131582446,0.0,9.0,1.0,0.0
r207_21,1,25,all,21,mp_eavns,0.2691392000015185,1378.4934346914495,478.4934346914494,0.0,9.0,1.0,0.0
r207_21,2,50,depot,1,edd,1.9600000086938962e-05,14003650.599860381,1650.599860380656,0.0,20.0,3.0,14.0
r207_21,2,50,depot,1,sweep,1.2799999240087345e-05,4009560.747123205,1280.0830555088833,638.0664067696118,19.0,0.0,4.0
r207_21,2,50,depot,1,nearest,0.00021099999867146835,7013201.7222172255,1229.0883586141608,1027.2633858610934,17.0,0.0,7.0
r207_21,2,50,depot,1,grasp,0.0842711999976018,3015030.8508471693,1346.9509533475941,1198.389989382155,17.0,3.0,3.0
r207_21,2,50,depot,1,mp_eavns,1.1202554000010423,2002575.2715216025,975.2715216025528,0.0,16.0,0.0,2.0
r207_21,2,50,phased,11,edd,3.0800001695752144e-05,2003621.8648002292,1621.8648002292077,0.0,20.0,9.0,2.0
r207_21,2,50,phased,11,sweep,1.9800001609837636e-05,9570.54415149771,1289.8800838015918,638.0664067696118,19.0,3.0,0.0
r207_21,2,50,phased,11,nearest,0.0003260000012232922,14674.428024230918,1242.7250457250452,1173.1702978505873,17.0,6.0,0.0
r207_21,2,50,phased,11,grasp,0.1388085999969917,2851.542071123892,1251.5420711238921,0.0,16.0,5.0,0.0
r207_21,2,50,phased,11,mp_eavns,2.0246019000005617,2572.7907865332836,972.7907865332838,0.0,16.0,3.0,0.0
r207_21,2,50,all,21,edd,2.6900001103058457e-05,2003621.8648002292,1621.8648002292077,0.0,20.0,9.0,2.0
r207_21,2,50,all,21,sweep,2.260000110254623e-05,9570.54415149771,1289.8800838015918,638.0664067696118,19.0,3.0,0.0
r207_21,2,50,all,21,nearest,0.0003163999972457532,14674.428024230918,1242.7250457250452,1173.1702978505873,17.0,6.0,0.0
r207_21,2,50,all,21,grasp,0.2717355000022508,2951.673085714963,1351.6730857149628,0.0,16.0,7.0,0.0
r207_21,2,50,all,21,mp_eavns,1.9827170000025944,2568.5342866215315,968.5342866215317,0.0,16.0,3.0,0.0
r207_21,3,75,depot,1,edd,2.89999989036005e-05,27005491.606624883,2891.606624883359,0.0,26.0,5.0,27.0
r207_21,3,75,depot,1,sweep,1.6199999663513154e-05,8011276.853734572,1996.1896668765703,638.0664067696118,29.0,0.0,8.0
r207_21,3,75,depot,1,nearest,0.0004172000008111354,8020880.34015025,1947.9687338641163,1653.2371416385724,24.0,3.0,8.0
r207_21,3,75,depot,1,grasp,0.33943899999940186,8004665.863851111,2265.863851111046,0.0,24.0,8.0,8.0
r207_21,3,75,depot,1,mp_eavns,2.469111599999451,4003802.446458524,1502.4464585239969,0.0,23.0,0.0,4.0
r207_21,3,75,phased,16,edd,3.870000000461005e-05,6005516.518484063,2916.518484063267,0.0,26.0,20.0,6.0
r207_21,3,75,phased,16,sweep,2.179999864893034e-05,11290.69418050405,2010.0301128079313,638.0664067696118,29.0,6.0,0.0
r207_21,3,75,phased,16,nearest,0.0005624000004900154,1020851.4890986651,1919.1176822794014,1653.2371416385724,24.0,9.0,1.0
r207_21,3,75,phased,16,grasp,0.7243994999989809,6709.007671533848,2264.667860213282,204.4339811320566,24.0,17.0,0.0
r207_21,3,75,phased,16,mp_eavns,6.791114200001175,3950.6032333509074,1550.6032333509072,0.0,24.0,5.0,0.0
r207_21,3,75,all,21,edd,3.199999991920777e-05,6005516.518484063,2916.518484063267,0.0,26.0,20.0,6.0
r207_21,3,75,all,21,sweep,2.0300001779105514e-05,11290.69418050405,2010.0301128079313,638.0664067696118,29.0,6.0,0.0
r207_21,3,75,all,21,nearest,0.0004363000007288065,1020851.4890986651,1919.1176822794014,1653.2371416385724,24.0,9.0,1.0
r207_21,3,75,all,21,grasp,0.6948042000003625,6771.783011929887,1967.1632144961054,240.46197974337815,24.0,10.0,0.0
r207_21,3,75,all,21,mp_eavns,7.471575200001098,3942.546724934321,1542.5467249343208,0.0,24.0,5.0,0.0
r207_21,4,100,depot,1,edd,3.609999839682132e-05,35007689.143298194,3989.1432981946105,0.0,37.0,8.0,35.0
r207_21,4,100,depot,1,sweep,2.2700001863995567e-05,13020671.244509472,2658.4321244414664,1431.2812385029251,37.0,0.0,13.0
r207_21,4,100,depot,1,nearest,0.0006902999994053971,15018153.18666726,2909.9200685915243,1204.3266598668235,32.0,6.0,15.0
r207_21,4,100,depot,1,grasp,0.8024154999984603,12018395.263007559,3004.2714170287168,1229.099159053087,31.0,10.0,12.0
r207_21,4,100,depot,1,mp_eavns,5.94035040000017,5005157.117407006,2057.1174070061857,0.0,31.0,0.0,5.0
r207_21,4,100,phased,21,edd,5.169999712961726e-05,12007684.662674077,3984.6626740767947,0.0,37.0,25.0,12.0
r207_21,4,100,phased,21,sweep,2.599999788799323e-05,20689.925703368666,2677.113318339417,1431.2812385029251,37.0,11.0,0.0
r207_21,4,100,phased,21,nearest,0.0007436000014422461,3018090.4000721895,2847.133473521086,1204.3266598668235,32.0,16.0,3.0
r207_21,4,100,phased,21,grasp,1.802467000001343,13323.543675040908,2975.3448880733536,714.8198786967555,32.0,18.0,0.0
r207_21,4,100,phased,21,mp_eavns,12.273674500000197,5174.79880661241,2074.79880661241,0.0,31.0,8.0,0.0
r207_21,4,100,all,21,edd,4.149999949731864e-05,12007684.662674077,3984.6626740767947,0.0,37.0,25.0,12.0
r207_21,4,100,all,21,sweep,2.479999966453761e-05,20689.925703368666,2677.113318339417,1431.2812385029251,37.0,11.0,0.0
r207_21,4,100,all,21,nearest,0.0009122000010393094,3018090.4000721895,2847.133473521086,1204.3266598668235,32.0,16.0,3.0
r207_21,4,100,all,21,grasp,2.111629199996969,10875.83594171969,2896.1491959551486,487.96867457645413,31.0,22.0,0.0
r207_21,4,100,all,21,mp_eavns,13.082023400002072,5186.796610225707,2086.796610225707,0.0,31.0,8.0,0.0
r208_21,1,25,depot,1,edd,3.680000008898787e-05,2001711.2033281198,611.2033281198101,0.0,11.0,0.0,2.0
r208_21,1,25,depot,1,sweep,9.60000033956021e-06,1001747.9215064098,647.921506409716,0.0,11.0,0.0,1.0
r208_21,1,25,depot,1,nearest,7.619999814778566e-05,1001423.1732702595,523.1732702595285,0.0,9.0,0.0,1.0
r208_21,1,25,depot,1,grasp,0.009429999998246785,1001447.6174989367,547.6174989367191,0.0,9.0,0.0,1.0
r208_21,1,25,depot,1,mp_eavns,0.19447260000015376,1001375.3932574703,475.3932574703167,0.0,9.0,0.0,1.0
r208_21,1,25,phased,6,edd,1.3299999409355223e-05,1712.837910857973,612.8379108579728,0.0,11.0,2.0,0.0
r208_21,1,25,phased,6,sweep,9.60000033956021e-06,1754.158987605501,654.1589876055009,0.0,11.0,1.0,0.0
r208_21,1,25,phased,6,nearest,7.410000034724362e-05,1423.1991605839216,523.1991605839216,0.0,9.0,1.0,0.0
r208_21,1,25,phased,6,grasp,0.0111246000014944,1433.530861986439,533.5308619864389,0.0,9.0,1.0,0.0
r208_21,1,25,phased,6,mp_eavns,0.20659970000269823,1263.1692415993211,463.169241599321,0.0,8.0,1.0,0.0
r208_21,1,25,all,21,edd,1.2299999070819467e-05,1712.837910857973,612.8379108579728,0.0,11.0,2.0,0.0
r208_21,1,25,all,21,sweep,9.499999578110874e-06,1754.158987605501,654.1589876055009,0.0,11.0,1.0,0.0
r208_21,1,25,all,21,nearest,7.550000009359792e-05,1423.1991605839216,523.1991605839216,0.0,9.0,1.0,0.0
r208_21,1,25,all,21,grasp,0.01297300000078394,1442.0959748428347,542.0959748428347,0.0,9.0,2.0,0.0
r208_21,1,25,all,21,mp_eavns,0.2562851000002411,1375.480101182249,475.480101182249,0.0,9.0,1.0,0.0
r208_21,2,50,depot,1,edd,2.9000002541579306e-05,12003331.01280955,1531.0128095510895,0.0,18.0,2.0,12.0
r208_21,2,50,depot,1,sweep,2.3299999156733975e-05,4003180.083055509,1280.0830555088833,0.0,19.0,0.0,4.0
r208_21,2,50,depot,1,nearest,0.00039479999759350903,7002929.088358615,1229.0883586141608,0.0,17.0,0.0,7.0
r208_21,2,50,depot,1,grasp,0.07869800000116811,3005062.7378117247,1318.39800040388,204.4339811320566,17.0,2.0,3.0
r208_21,2,50,depot,1,mp_eavns,1.471255199998268,2002569.9789509757,969.9789509757592,0.0,16.0,0.0,2.0
r208_21,2,50,phased,11,edd,2.5800000003073364e-05,3325.4881898062667,1525.488189806267,0.0,18.0,9.0,0.0
r208_21,2,50,phased,11,sweep,1.8900002032751217e-05,3189.880083801592,1289.8800838015918,0.0,19.0,3.0,0.0
r208_21,2,50,phased,11,nearest,0.00021699999706470408,2942.725045725045,1242.7250457250452,0.0,17.0,6.0,0.0
r208_21,2,50,phased,11,grasp,0.14070219999848632,2858.8393870827144,1258.8393870827144,0.0,16.0,9.0,0.0
r208_21,2,50,phased,11,mp_eavns,1.3608591000011074,2568.594455189362,968.5944551893622,0.0,16.0,2.0,0.0
r208_21,2,50,all,21,edd,2.1299998479662463e-05,3325.4881898062667,1525.488189806267,0.0,18.0,9.0,0.0
r208_21,2,50,all,21,sweep,1.4799999917158857e-05,3189.880083801592,1289.8800838015918,0.0,19.0,3.0,0.0
r208_21,2,50,all,21,nearest,0.00020679999943240546,2942.725045725045,1242.7250457250452,0.0,17.0,6.0,0.0
r208_21,2,50,all,21,grasp,0.16497679999883985,2815.0512210995175,1215.0512210995175,0.0,16.0,5.0,0.0
r208_21,2,50,all,21,mp_eavns,2.06792669999777,2578.276958733443,978.2769587334429,0.0,16.0,3.0,0.0
r208_21,3,75,depot,1,edd,2.7599999157246202e-05,19005426.082596913,2726.0825969118227,0.0,27.0,8.0,19.0
r208_21,3,75,depot,1,sweep,1.5400000847876072e-05,8004896.189666877,1996.1896668765703,0.0,29.0,0.0,8.0
r208_21,3,75,depot,1,nearest,0.0004059999992023222,8012470.241156377,1947.9687338641163,812.2272422512451,24.0,3.0,8.0
r208_21,3,75,depot,1,grasp,0.2549590000016906,7007975.9997501215,2177.9132296549533,339.80865204668476,24.0,6.0,7.0
r208_21,3,75,depot,1,mp_eavns,4.537587700000586,4003918.831864673,1518.831864673119,0.0,24.0,0.0,4.0
r208_21,3,75,phased,16,edd,4.0099999750964344e-05,4005397.860652934,2697.8606529340423,0.0,27.0,17.0,4.0
r208_21,3,75,phased,16,sweep,2.179999864893034e-05,4910.030112807932,2010.0301128079313,0.0,29.0,6.0,0.0
r208_21,3,75,phased,16,nearest,0.00044490000072983094,1012441.3901047918,1919.1176822794014,812.2272422512451,24.0,9.0,1.0
r208_21,3,75,phased,16,grasp,0.5701919000021007,4389.09322778338,1989.0932277833797,0.0,24.0,14.0,0.0
r208_21,3,75,phased,16,mp_eavns,5.085558099999616,3888.65548972267,1488.6554897226702,0.0,24.0,4.0,0.0
r208_21,3,75,all,21,edd,3.2100000680657104e-05,4005397.860652934,2697.8606529340423,0.0,27.0,17.0,4.0
r208_21,3,75,all,21,sweep,2.010000025620684e-05,4910.030112807932,2010.0301128079313,0.0,29.0,6.0,0.0
r208_21,3,75,all,21,nearest,0.00043840000216732733,1012441.3901047918,1919.1176822794014,812.2272422512451,24.0,9.0,1.0
r208_21,3,75,all,21,grasp,0.5796120999984851,6471.679968950752,2127.3401576301853,204.4339811320566,23.0,16.0,0.0
r208_21,3,75,all,21,mp_eavns,6.31658950000201,3925.7743461325904,1525.7743461325904,0.0,24.0,6.0,0.0
r208_21,4,100,depot,1,edd,3.7500001781154424e-05,31007412.412776664,3912.4127766639363,0.0,35.0,11.0,31.0
r208_21,4,100,depot,1,sweep,2.0899999071843922e-05,13006358.432124441,2658.4321244414664,0.0,37.0,0.0,13.0
r208_21,4,100,depot,1,nearest,0.0006704000006720889,15012683.327018797,2909.9200685915243,657.3406950206538,32.0,6.0,15.0
r208_21,4,100,depot,1,grasp,0.4776772999975947,10007260.667473383,3061.6908778666307,99.8976595517023,32.0,11.0,10.0
r208_21,4,100,depot,1,mp_eavns,7.21354159999828,7005141.769474917,2041.7694749175307,0.0,31.0,0.0,7.0
r208_21,4,100,phased,21,edd,4.41999982285779e-05,12007384.08914575,3884.0891457497523,0.0,35.0,26.0,12.0
r208_21,4,100,phased,21,sweep,2.6500001695239916e-05,6377.113318339418,2677.113318339417,0.0,37.0,11.0,0.0
r208_21,4,100,phased,21,nearest,0.0007207000016933307,3012620.5404237276,2847.133473521086,657.3406950206538,32.0,16.0,3.0
r208_21,4,100,phased,21,grasp,1.4652590999976383,8267.405386709066,2960.70020044663,210.67051862624356,32.0,22.0,0.0
r208_21,4,100,phased,21,mp_eavns,11.839497199998732,5166.475139086862,2066.475139086862,0.0,31.0,7.0,0.0
r208_21,4,100,all,21,edd,4.0099999750964344e-05,12007384.08914575,3884.0891457497523,0.0,35.0,26.0,12.0
r208_21,4,100,all,21,sweep,2.4999997549457476e-05,6377.113318339418,2677.113318339417,0.0,37.0,11.0,0.0
r208_21,4,100,all,21,nearest,0.000684200000250712,3012620.5404237276,2847.133473521086,657.3406950206538,32.0,16.0,3.0
r208_21,4,100,all,21,grasp,1.4540315000012924,5750.385294479596,2650.385294479596,0.0,31.0,18.0,0.0
r208_21,4,100,all,21,mp_eavns,12.828434200000629,5172.298599986052,2072.2985999860525,0.0,31.0,8.0,0.0
r209_21,1,25,depot,1,edd,1.21000011858996e-05,2001636.2596995,636.2596994999956,0.0,10.0,0.0,2.0
r209_21,1,25,depot,1,sweep,7.200000254670158e-06,1010468.4429416414,647.921506409716,872.0521435231724,11.0,0.0,1.0
r209_21,1,25,depot,1,nearest,8.420000085607171e-05,1011146.4658490478,536.5698660467076,970.989598300101,9.0,0.0,1.0
r209_21,1,25,depot,1,grasp,0.01870210000197403,1001473.3696531189,573.36965311893,0.0,9.0,0.0,1.0
r209_21,1,25,depot,1,mp_eavns,0.14788010000120266,1001259.6643742478,459.66437424772334,0.0,8.0,0.0,1.0
r209_21,1,25,phased,6,edd,1.4499997632810846e-05,1642.2061792316053,642.2061792316053,0.0,10.0,1.0,0.0
r209_21,1,25,phased,6,sweep,1.0199997632298619e-05,10474.680422837224,654.1589876055009,872.0521435231724,11.0,1.0,0.0
r209_21,1,25,phased,6,nearest,7.590000313939527e-05,11146.49173937211,536.5957563711007,970.989598300101,9.0,1.0,0.0
r209_21,1,25,phased,6,grasp,0.021825200001330813,1485.0469813297095,585.0469813297096,0.0,9.0,1.0,0.0
r209_21,1,25,phased,6,mp_eavns,0.1829781999986153,1379.2630179482655,479.2630179482656,0.0,9.0,1.0,0.0
r209_21,1,25,all,21,edd,1.7499998648418114e-05,1642.2061792316053,642.2061792316053,0.0,10.0,1.0,0.0
r209_21,1,25,all,21,sweep,1.6099998902063817e-05,10474.680422837224,654.1589876055009,872.0521435231724,11.0,1.0,0.0
r209_21,1,25,all,21,nearest,0.00012080000306013972,11146.49173937211,536.5957563711007,970.989598300101,9.0,1.0,0.0
r209_21,1,25,all,21,grasp,0.027181800000107614,1472.1476429952163,572.1476429952163,0.0,9.0,1.0,0.0
r209_21,1,25,all,21,mp_eavns,0.1984943999996176,1379.2630179482655,479.2630179482656,0.0,9.0,1.0,0.0
r209_21,2,50,depot,1,edd,2.010000025620684e-05,9003382.55717656,1582.557176560769,0.0,18.0,2.0,9.0
r209_21,2,50,depot,1,sweep,1.2900000001536682e-05,4016962.4184415154,1280.0830555088833,1378.2335386006612,19.0,0.0,4.0
r209_21,2,50,depot,1,nearest,0.0002153999994334299,5010894.769476113,1228.1882478081927,796.6581228304317,17.0,1.0,5.0
r209_21,2,50,depot,1,grasp,0.11333949999971082,3012231.1463755397,1366.6143304381317,916.4532045101762,17.0,3.0,3.0
r209_21,2,50,depot,1,mp_eavns,1.3731975999980932,2002591.2785447245,991.2785447243717,0.0,16.0,0.0,2.0
r209_21,2,50,phased,11,edd,2.470000254106708e-05,2003372.6153900772,1572.6153900772597,0.0,18.0,8.0,2.0
r209_21,2,50,phased,11,sweep,1.590000101714395e-05,16972.215469808205,1289.8800838015918,1378.2335386006612,19.0,3.0,0.0
r209_21,2,50,phased,11,nearest,0.00021329999799490906,10879.543906944278,1212.9626786399608,796.6581228304317,17.0,5.0,0.0
r209_21,2,50,phased,11,grasp,0.3226479999975709,3872.1896010556516,1322.1896010556516,85.0,17.0,7.0,0.0
r209_21,2,50,phased,11,mp_eavns,2.0996699999996054,2598.3990153362265,998.3990153362267,0.0,16.0,4.0,0.0
r209_21,2,50,all,21,edd,1.9899998733308166e-05,2003372.6153900772,1572.6153900772597,0.0,18.0,8.0,2.0
r209_21,2,50,all,21,sweep,0.00011480000102892518,16972.215469808205,1289.8800838015918,1378.2335386006612,19.0,3.0,0.0
r209_21,2,50,all,21,nearest,0.0003571999986888841,10879.543906944278,1212.9626786399608,796.6581228304317,17.0,5.0,0.0
r209_21,2,50,all,21,grasp,0.24939310000263504,3501.4785888378574,1415.1771307105105,38.63014581273467,17.0,9.0,0.0
r209_21,2,50,all,21,mp_eavns,2.160745400000451,2602.7217164520334,1002.7217164520337,0.0,16.0,4.0,0.0
r209_21,3,75,depot,1,edd,3.179999839630909e-05,29006449.27627443,2876.8767926589494,87.23994817734274,27.0,5.0,29.0
r209_21,3,75,depot,1,sweep,2.0399998902576044e-05,8021300.720497456,1996.1896668765703,1640.453083057954,29.0,0.0,8.0
r209_21,3,75,depot,1,nearest,0.00042160000157309696,8024133.513902613,1917.5367693353744,1981.5977133277747,24.0,2.0,8.0
r209_21,3,75,depot,1,grasp,0.38233499999842024,6024539.184142899,2095.806160716725,2004.3377982181696,24.0,7.0,6.0
r209_21,3,75,depot,1,mp_eavns,4.1583352999987255,4003962.2246770007,1562.2246770008549,0.0,24.0,0.0,4.0
r209_21,3,75,phased,16,edd,3.960000321967527e-05,9006478.797437819,2906.3979560452963,87.23994817734274,27.0,18.0,9.0
r209_21,3,75,phased,16,sweep,2.1699997887481004e-05,25089.7032448253,2010.0301128079313,2017.9673132017372,29.0,6.0,0.0
r209_21,3,75,phased,16,nearest,0.0004292999983590562,1025150.3086179226,1891.6153854256968,2085.8693232496926,24.0,8.0,1.0
r209_21,3,75,phased,16,grasp,0.7293177999999898,10121.17846293374,2286.32722731264,553.48512356211,23.0,15.0,0.0
r209_21,3,75,phased,16,mp_eavns,4.751390800000081,3928.7138048176694,1528.7138048176694,0.0,24.0,5.0,0.0
r209_21,3,75,all,21,edd,3.559999822755344e-05,9006478.797437819,2906.3979560452963,87.23994817734274,27.0,18.0,9.0
r209_21,3,75,all,21,sweep,2.1599997126031667e-05,25089.7032448253,2010.0301128079313,2017.9673132017372,29.0,6.0,0.0
r209_21,3,75,all,21,nearest,0.0004243000003043562,1025150.3086179226,1891.6153854256968,2085.8693232496926,24.0,8.0,1.0
r209_21,3,75,all,21,grasp,1.0814318999982788,10661.472435519332,2089.1590527396534,627.2313382779679,23.0,13.0,0.0
r209_21,3,75,all,21,mp_eavns,7.57208620000165,3953.608087016847,1553.6080870168469,0.0,24.0,7.0,0.0
r209_21,4,100,depot,1,edd,3.5499997466104105e-05,44008307.48808288,4082.736080402029,72.47520024795517,35.0,7.0,44.0
r209_21,4,100,depot,1,sweep,2.2399999579647556e-05,13029289.68990525,2658.4321244414664,2293.125778080966,37.0,0.0,13.0
r209_21,4,100,depot,1,nearest,0.0007418000022880733,13030028.884666655,2873.522944088061,2395.5361722566818,32.0,6.0,13.0
r209_21,4,100,depot,1,grasp,0.8767828000018199,12020200.910805704,3142.4683221799783,1395.8442483523959,31.0,11.0,12.0
r209_21,4,100,depot,1,mp_eavns,8.037256100000377,7005235.616540689,2135.6165406890395,0.0,31.0,1.0,7.0
r209_21,4,100,phased,21,edd,4.760000228998251e-05,17008130.065353643,4098.785743223895,53.12796104177255,35.0,28.0,17.0
r209_21,4,100,phased,21,sweep,2.800000220304355e-05,33083.513400586904,2677.113318339417,2670.640008224749,37.0,11.0,0.0
r209_21,4,100,phased,21,nearest,0.0007269000016094651,3029714.3934828676,2820.6128112417987,2369.3780671625627,32.0,15.0,3.0
r209_21,4,100,phased,21,grasp,2.587653800001135,15769.095742402438,2818.787353108127,975.0308389294311,32.0,16.0,0.0
r209_21,4,100,phased,21,mp_eavns,13.841435800000909,5193.584240538878,2093.584240538878,0.0,31.0,8.0,0.0
r209_21,4,100,all,21,edd,4.0499999158782884e-05,17008130.065353643,4098.785743223895,53.12796104177255,35.0,28.0,17.0
r209_21,4,100,all,21,sweep,2.6500001695239916e-05,33083.513400586904,2677.113318339417,2670.640008224749,37.0,11.0,0.0
r209_21,4,100,all,21,nearest,0.0007537999990745448,3029714.3934828676,2820.6128112417987,2369.3780671625627,32.0,15.0,3.0
r209_21,4,100,all,21,grasp,2.5731899999991583,14078.01078383396,3124.6540732301205,775.335671060384,32.0,25.0,0.0
r209_21,4,100,all,21,mp_eavns,13.493302199996833,5180.590448427951,2080.5904484279513,0.0,31.0,9.0,0.0
r209C15,1,4,depot,1,edd,6.70000008540228e-06,465.54145337973364,165.54145337973364,0.0,3.0,0.0,0.0
r209C15,1,4,depot,1,sweep,3.1000017770566046e-06,455.3299508307553,155.3299508307553,0.0,3.0,0.0,0.0
r209C15,1,4,depot,1,nearest,1.1100000847363845e-05,1000350.9454789589,150.9454789588436,0.0,2.0,0.0,1.0
r209C15,1,4,depot,1,grasp,0.0002792999985103961,444.06856853728056,144.06856853728056,0.0,3.0,0.0,0.0
r209C15,1,4,depot,1,mp_eavns,0.005911699998250697,444.06856853728056,144.06856853728056,0.0,3.0,0.0,0.0
r209C15,1,4,phased,2,edd,3.5999983083456755e-06,465.54145337973364,165.54145337973364,0.0,3.0,0.0,0.0
r209C15,1,4,phased,2,sweep,2.7999994927085936e-06,455.3299508307553,155.3299508307553,0.0,3.0,0.0,0.0
r209C15,1,4,phased,2,nearest,8.299997716676444e-06,1000350.9454789589,150.9454789588436,0.0,2.0,0.0,1.0
r209C15,1,4,phased,2,grasp,0.00022230000104173087,444.06856853728056,144.06856853728056,0.0,3.0,0.0,0.0
r209C15,1,4,phased,2,mp_eavns,0.00596880000011879,444.06856853728056,144.06856853728056,0.0,3.0,0.0,0.0
r209C15,1,4,all,5,edd,4.7000030463095754e-06,465.54145337973364,165.54145337973364,0.0,3.0,0.0,0.0
r209C15,1,4,all,5,sweep,4.2000028770416975e-06,455.3299508307553,155.3299508307553,0.0,3.0,0.0,0.0
r209C15,1,4,all,5,nearest,9.60000033956021e-06,1000350.9454789589,150.9454789588436,0.0,2.0,0.0,1.0
r209C15,1,4,all,5,grasp,0.00024159999884432182,444.06856853728056,144.06856853728056,0.0,3.0,0.0,0.0
r209C15,1,4,all,5,mp_eavns,0.0056887999999162275,444.06856853728056,144.06856853728056,0.0,3.0,0.0,0.0
r209C15,2,8,depot,1,edd,4.599998646881431e-06,2000851.898381975,351.898381974919,0.0,5.0,0.0,2.0
r209C15,2,8,depot,1,sweep,3.4000004234258085e-06,4264.910199121947,314.19682216958387,345.07133769523637,5.0,0.0,0.0
r209C15,2,8,depot,1,nearest,1.680000059423037e-05,1004157.8508218054,307.13744485306495,345.07133769523637,4.0,0.0,1.0
r209C15,2,8,depot,1,grasp,0.0004594999991240911,2474.2810629699698,373.54133555635195,170.07397274136179,4.0,2.0,0.0
r209C15,2,8,depot,1,mp_eavns,0.01916949999940698,728.576897468761,328.57689746876093,0.0,4.0,1.0,0.0
r209C15,2,8,phased,3,edd,5.699999746866524e-06,1000862.5812900142,362.5812900141658,0.0,5.0,1.0,1.0
r209C15,2,8,phased,3,sweep,4.800000169780105e-06,4264.910199121947,314.19682216958387,345.07133769523637,5.0,0.0,0.0
r209C15,2,8,phased,3,nearest,1.929999780259095e-05,4168.533729844676,317.8203528923118,345.07133769523637,4.0,1.0,0.0
r209C15,2,8,phased,3,grasp,0.0005225999993854202,2451.254109838033,350.514382424415,170.07397274136179,4.0,2.0,0.0
r209C15,2,8,phased,3,mp_eavns,0.02286180000010063,715.6268898995195,315.6268898995195,0.0,4.0,1.0,0.0
r209C15,2,8,all,5,edd,4.800000169780105e-06,1000862.5812900142,362.5812900141658,0.0,5.0,1.0,1.0
r209C15,2,8,all,5,sweep,4.999998054699972e-06,4264.910199121947,314.19682216958387,345.07133769523637,5.0,0.0,0.0
r209C15,2,8,all,5,nearest,1.6000001778593287e-05,4168.533729844676,317.8203528923118,345.07133769523637,4.0,1.0,0.0
r209C15,2,8,all,5,grasp,0.0005825000007462222,2743.3457720217452,418.0087893469035,192.53369826748417,4.0,3.0,0.0
r209C15,2,8,all,5,mp_eavns,0.02395260000048438,693.3569798980325,293.3569798980324,0.0,4.0,1.0,0.0
r209C15,3,12,depot,1,edd,5.399997462518513e-06,3001055.2457332597,455.24573325957175,0.0,6.0,0.0,3.0
r209C15,3,12,depot,1,sweep,4.1000021155923605e-06,5895.450045992196,384.73666903983207,491.07133769523637,6.0,0.0,0.0
r209C15,3,12,depot,1,nearest,2.8299997211433947e-05,4373.817202939244,423.1038259868815,345.07133769523637,5.0,1.0,0.0
r209C15,3,12,depot,1,grasp,0.0008023000009416137,3179.0788940010593,390.25264612059357,228.8826247880466,5.0,1.0,0.0
r209C15,3,12,depot,1,mp_eavns,0.04822459999923012,899.2076825122654,399.2076825122654,0.0,5.0,1.0,0.0
r209C15,3,12,phased,4,edd,8.600000001024455e-06,2001065.0882712589,465.0882712588119,0.0,6.0,1.0,2.0
r209C15,3,12,phased,4,sweep,8.300001354655251e-06,5895.450045992196,384.73666903983207,491.07133769523637,6.0,0.0,0.0
r209C15,3,12,phased,4,nearest,3.0899998819222674e-05,4343.4005562557195,392.6871793033567,345.07133769523637,5.0,1.0,0.0
r209C15,3,12,phased,4,grasp,0.0009901000012177974,2892.0514478708233,464.79852697032146,192.72529209005017,5.0,4.0,0.0
r209C15,3,12,phased,4,mp_eavns,0.058848199998465134,888.1345554114423,388.13455541144236,0.0,5.0,1.0,0.0
r209C15,3,12,all,5,edd,8.499999239575118e-06,2001065.0882712589,465.0882712588119,0.0,6.0,1.0,2.0
r209C15,3,12,all,5,sweep,7.099999493220821e-06,5895.450045992196,384.73666903983207,491.07133769523637,6.0,0.0,0.0
r209C15,3,12,all,5,nearest,3.1200001103570685e-05,4343.4005562557195,392.6871793033567,345.07133769523637,5.0,1.0,0.0
r209C15,3,12,all,5,grasp,0.00122900000133086,1151.6106446573588,419.9553940513942,23.16552506059645,5.0,2.0,0.0
r209C15,3,12,all,5,mp_eavns,0.06917889999749605,865.8646454099553,365.8646454099553,0.0,5.0,1.0,0.0
r209C15,4,15,depot,1,edd,1.4599998394260183e-05,3001374.5503909723,674.5503909720653,0.0,7.0,2.0,3.0
r209C15,4,15,depot,1,sweep,1.1899999663000926e-05,6076.459876481558,465.74649952919447,491.07133769523637,7.0,0.0,0.0
r209C15,4,15,depot,1,nearest,6.809999831602909e-05,2007594.7674319863,553.7824386475718,644.0984993338659,6.0,1.0,2.0
r209C15,4,15,depot,1,grasp,0.004805200002010679,1006271.3651961944,611.2859763657493,506.0079219828674,6.0,3.0,1.0
r209C15,4,15,depot,1,mp_eavns,0.11147390000041923,1102.0978446532567,502.09784465325663,0.0,6.0,1.0,0.0
r209C15,4,15,phased,5,edd,2.1500000002561137e-05,2001389.2823609638,689.2823609638015,0.0,7.0,4.0,2.0
r209C15,4,15,phased,5,sweep,2.890000178012997e-05,6076.459876481558,465.74649952919447,491.07133769523637,7.0,0.0,0.0
r209C15,4,15,phased,5,nearest,0.00014000000010128133,1007575.033693342,534.0487000032938,644.0984993338659,6.0,2.0,1.0
r209C15,4,15,phased,5,grasp,0.013186700001824647,1170.9459606166092,570.9459606166091,0.0,6.0,4.0,0.0
r209C15,4,15,phased,5,mp_eavns,0.14190070000040578,1062.4190374697666,462.4190374697667,0.0,6.0,1.0,0.0
r209C15,4,15,all,5,edd,9.20000093174167e-06,2001389.2823609638,689.2823609638015,0.0,7.0,4.0,2.0
r209C15,4,15,all,5,sweep,7.399998139590025e-06,6076.459876481558,465.74649952919447,491.07133769523637,7.0,0.0,0.0
r209C15,4,15,all,5,nearest,3.610000203480013e-05,1007575.033693342,534.0487000032938,644.0984993338659,6.0,2.0,1.0
r209C15,4,15,all,5,grasp,0.004914400000416208,2930.493956427131,629.7542290135129,170.07397274136179,6.0,5.0,0.0
r209C15,4,15,all,5,mp_eavns,0.14623670000219136,1062.4477416324269,462.44774163242687,0.0,6.0,2.0,0.0
r210_21,1,25,depot,1,edd,1.2300002708798274e-05,1001680.6834878421,680.683487842057,0.0,10.0,1.0,1.0
r210_21,1,25,depot,1,sweep,8.400002116104588e-06,1008478.4429416414,647.921506409716,673.0521435231724,11.0,0.0,1.0
r210_21,1,25,depot,1,nearest,8.000000161700882e-05,1016393.500862788,523.1732702595285,1497.0327592528363,9.0,0.0,1.0
r210_21,1,25,depot,1,grasp,0.014301399998657871,1001473.0915356172,573.0915356172418,0.0,9.0,0.0,1.0
r210_21,1,25,depot,1,mp_eavns,0.20590010000159964,1001376.5552077389,476.5552077389208,0.0,9.0,0.0,1.0
r210_21,1,25,phased,6,edd,2.049999966402538e-05,1659.4356655152196,659.4356655152196,0.0,10.0,1.0,0.0
r210_21,1,25,phased,6,sweep,1.6499998309882358e-05,8484.680422837224,654.1589876055009,673.0521435231724,11.0,1.0,0.0
r210_21,1,25,phased,6,nearest,0.00012150000111432746,16393.526753112284,523.1991605839216,1497.0327592528363,9.0,1.0,0.0
r210_21,1,25,phased,6,grasp,0.026100300001417054,1441.2942102409,541.2942102408999,0.0,9.0,1.0,0.0
r210_21,1,25,phased,6,mp_eavns,0.18807839999863063,1384.735495764977,484.735495764977,0.0,9.0,1.0,0.0
r210_21,1,25,all,21,edd,1.170000177808106e-05,1659.4356655152196,659.4356655152196,0.0,10.0,1.0,0.0
r210_21,1,25,all,21,sweep,9.000003046821803e-06,8484.680422837224,654.1589876055009,673.0521435231724,11.0,1.0,0.0
r210_21,1,25,all,21,nearest,7.030000051599927e-05,16393.526753112284,523.1991605839216,1497.0327592528363,9.0,1.0,0.0
r210_21,1,25,all,21,grasp,0.03291489999901387,1477.9684414338499,577.9684414338499,0.0,9.0,1.0,0.0
r210_21,1,25,all,21,mp_eavns,0.23405179999826942,1377.465164046129,477.465164046129,0.0,9.0,1.0,0.0
r210_21,2,50,depot,1,edd,3.559999822755344e-05,11003777.771802753,1631.0238822915328,34.674792046157904,18.0,3.0,11.0
r210_21,2,50,depot,1,sweep,2.3399999918183312e-05,4016172.4184415154,1280.0830555088833,1299.2335386006612,19.0,0.0,4.0
r210_21,2,50,depot,1,nearest,0.0004036999998788815,7023625.019299984,1229.0883586141608,2069.593094136977,17.0,0.0,7.0
r210_21,2,50,depot,1,grasp,0.13930769999933545,3009776.2639192976,1290.266032112212,688.5997887185437,16.0,3.0,3.0
r210_21,2,50,depot,1,mp_eavns,1.3548952999990433,2002595.1269691016,995.1269691016959,0.0,16.0,0.0,2.0
r210_21,2,50,phased,11,edd,2.1200001356191933e-05,3003765.2315864284,1618.483665966919,34.674792046157904,18.0,8.0,3.0
r210_21,2,50,phased,11,sweep,1.3900000340072438e-05,16182.215469808205,1289.8800838015918,1299.2335386006612,19.0,3.0,0.0
r210_21,2,50,phased,11,nearest,0.00020109999968553893,23638.655987094815,1242.7250457250452,2069.593094136977,17.0,6.0,0.0
r210_21,2,50,phased,11,grasp,0.2239369999988412,3235.006763735809,1238.7053056084621,39.63014581273467,16.0,6.0,0.0
r210_21,2,50,phased,11,mp_eavns,1.4895665000003646,2567.740053185077,967.7400531850773,0.0,16.0,2.0,0.0
r210_21,2,50,all,21,edd,2.099999983329326e-05,3003765.2315864284,1618.483665966919,34.674792046157904,18.0,8.0,3.0
r210_21,2,50,all,21,sweep,1.3700002455152571e-05,16182.215469808205,1289.8800838015918,1299.2335386006612,19.0,3.0,0.0
r210_21,2,50,all,21,nearest,0.00021299999934853986,23638.655987094815,1242.7250457250452,2069.593094136977,17.0,6.0,0.0
r210_21,2,50,all,21,grasp,0.2918606999992335,4429.377695897307,1331.7294652949727,149.7648230602334,16.0,6.0,0.0
r210_21,2,50,all,21,mp_eavns,1.5441799000000174,2582.363661747783,982.3636617477832,0.0,16.0,3.0,0.0
r210_21,3,75,depot,1,edd,3.0300001526484266e-05,26005902.713572133,2833.927376500716,36.878619563401145,27.0,7.0,26.0
r210_21,3,75,depot,1,sweep,1.7400001524947584e-05,8019770.720497456,1996.1896668765703,1487.453083057954,29.0,0.0,8.0
r210_21,3,75,depot,1,nearest,0.0004208999998809304,8032156.488502178,1947.9687338641163,2780.851976831438,24.0,3.0,8.0
r210_21,3,75,depot,1,grasp,0.36900230000173906,7017910.406682383,2203.9184678997244,1330.6488214483902,24.0,6.0,7.0
r210_21,3,75,depot,1,mp_eavns,3.266462899999169,4003848.969161124,1548.9691611238738,0.0,23.0,0.0,4.0
r210_21,3,75,phased,16,edd,3.3700001949910074e-05,7005904.035392516,2835.249196882162,36.878619563401145,27.0,20.0,7.0
r210_21,3,75,phased,16,sweep,1.97000008483883e-05,23429.7032448253,2010.0301128079313,1851.9673132017372,29.0,6.0,0.0
r210_21,3,75,phased,16,nearest,0.0004244999981892761,1032140.3535498129,1919.1176822794014,2782.123586753356,24.0,9.0,1.0
r210_21,3,75,phased,16,grasp,0.867669899998873,5068.824694253943,2156.3388355537318,51.24858587002106,24.0,14.0,0.0
r210_21,3,75,phased,16,mp_eavns,4.081148099998245,3803.1911981576404,1503.1911981576404,0.0,23.0,5.0,0.0
r210_21,3,75,all,21,edd,4.520000220509246e-05,7005904.035392516,2835.249196882162,36.878619563401145,27.0,20.0,7.0
r210_21,3,75,all,21,sweep,3.4199998481199145e-05,23429.7032448253,2010.0301128079313,1851.9673132017372,29.0,6.0,0.0
r210_21,3,75,all,21,nearest,0.0007296000003407244,1032140.3535498129,1919.1176822794014,2782.123586753356,24.0,9.0,1.0
r210_21,3,75,all,21,grasp,0.953777300001093,9550.77855343933,2109.2476284808185,504.15309249585107,24.0,12.0,0.0
r210_21,3,75,all,21,mp_eavns,5.034688099996856,3825.910945995841,1525.9109459958406,0.0,23.0,6.0,0.0
r210_21,4,100,depot,1,edd,5.48999996681232e-05,35009709.6963254,3972.742327287282,213.69539981110472,36.0,11.0,35.0
r210_21,4,100,depot,1,sweep,3.930000093532726e-05,13026665.889117135,2658.4321244414664,2030.745699269391,37.0,0.0,13.0
r210_21,4,100,depot,1,nearest,0.0012964999987161718,15027974.42620359,2909.9200685915243,2186.4506134998437,32.0,6.0,15.0
r210_21,4,100,depot,1,grasp,0.8900547000012011,12023770.087751832,2946.1310073937,1772.3956744438374,31.0,8.0,12.0
r210_21,4,100,depot,1,mp_eavns,6.6565786999999546,6005199.7374517955,2099.737451795789,0.0,31.0,0.0,6.0
r210_21,4,100,phased,21,edd,4.0800001443130895e-05,7009424.343406619,3995.89140496579,182.84520016529962,36.0,33.0,7.0
r210_21,4,100,phased,21,sweep,2.9999999242136255e-05,30329.712612471158,2677.113318339417,2395.259929413174,37.0,11.0,0.0
r210_21,4,100,phased,21,nearest,0.0007354999979725108,3027901.123153149,2847.133473521086,2185.3989679628107,32.0,16.0,3.0
r210_21,4,100,phased,21,grasp,2.1781215999981214,10909.942106473318,2852.7862478380794,495.7155858635238,31.0,17.0,0.0
r210_21,4,100,phased,21,mp_eavns,11.611155299997336,5176.309182384248,2076.309182384248,0.0,31.0,9.0,0.0
r210_21,4,100,all,21,edd,3.7000001611886546e-05,7009424.343406619,3995.89140496579,182.84520016529962,36.0,33.0,7.0
r210_21,4,100,all,21,sweep,2.350000067963265e-05,30329.712612471158,2677.113318339417,2395.259929413174,37.0,11.0,0.0
r210_21,4,100,all,21,nearest,0.0006973999988986179,3027901.123153149,2847.133473521086,2185.3989679628107,32.0,16.0,3.0
r210_21,4,100,all,21,grasp,2.5565155999975104,15483.635642046063,2969.1696210731857,941.4466020972877,31.0,21.0,0.0
r210_21,4,100,all,21,mp_eavns,9.671238399998401,5190.970930385877,2090.970930385877,0.0,31.0,10.0,0.0
r211_21,1,25,depot,1,edd,1.1899999663000926e-05,2001501.3527963185,601.3527963184333,0.0,9.0,0.0,2.0
r211_21,1,25,depot,1,sweep,7.000002369750291e-06,1002784.906354508,647.921506409716,103.69848480983501,11.0,0.0,1.0
r211_21,1,25,depot,1,nearest,6.67000022076536e-05,1003094.2968563942,536.5698660467076,165.77269903474541,9.0,0.0,1.0
r211_21,1,25,depot,1,grasp,0.010349700001825113,1001459.8339946207,559.8339946207416,0.0,9.0,0.0,1.0
r211_21,1,25,depot,1,mp_eavns,0.15431589999934658,1001257.2852103519,457.28521035193006,0.0,8.0,0.0,1.0
r211_21,1,25,phased,6,edd,1.1699998140102252e-05,1510.1634350162387,610.1634350162387,0.0,9.0,2.0,0.0
r211_21,1,25,phased,6,sweep,8.499999239575118e-06,2791.143835703851,654.1589876055009,103.69848480983501,11.0,1.0,0.0
r211_21,1,25,phased,6,nearest,6.930000017746352e-05,3094.3227467185548,536.5957563711007,165.77269903474541,9.0,1.0,0.0
r211_21,1,25,phased,6,grasp,0.012875399999757065,1432.2030493918069,532.2030493918068,0.0,9.0,1.0,0.0
r211_21,1,25,phased,6,mp_eavns,0.15174370000022464,1265.9757001596947,465.9757001596947,0.0,8.0,1.0,0.0
r211_21,1,25,all,21,edd,1.1200001608813182e-05,1510.1634350162387,610.1634350162387,0.0,9.0,2.0,0.0
r211_21,1,25,all,21,sweep,8.999999408842996e-06,2791.143835703851,654.1589876055009,103.69848480983501,11.0,1.0,0.0
r211_21,1,25,all,21,nearest,7.189999814727344e-05,3094.3227467185548,536.5957563711007,165.77269903474541,9.0,1.0,0.0
r211_21,1,25,all,21,grasp,0.014131100000668084,1447.9978552183084,547.9978552183084,0.0,9.0,1.0,0.0
r211_21,1,25,all,21,mp_eavns,0.2994165000018256,1379.250351993929,479.250351993929,0.0,9.0,1.0,0.0
r211_21,2,50,depot,1,edd,1.8999999156221747e-05,13003506.650650073,1606.6506500726796,0.0,19.0,2.0,13.0
r211_21,2,50,depot,1,sweep,1.179999890155159e-05,4004304.2773566144,1280.0830555088833,112.41943011054423,19.0,0.0,4.0
r211_21,2,50,depot,1,nearest,0.0002282999994349666,5004450.548927583,1228.1882478081925,152.23606797749983,17.0,1.0,5.0
r211_21,2,50,depot,1,grasp,0.12622580000243033,3003050.7848395547,1350.7848395544852,0.0,17.0,3.0,3.0
r211_21,2,50,depot,1,mp_eavns,1.4744518000006792,2002585.836412212,985.8364122121187,0.0,16.0,0.0,2.0
r211_21,2,50,phased,11,edd,2.4000000848900527e-05,3003499.3978747968,1599.397874796758,0.0,19.0,10.0,3.0
r211_21,2,50,phased,11,sweep,1.5199999324977398e-05,4314.074384907034,1289.8800838015918,112.41943011054423,19.0,3.0,0.0
r211_21,2,50,phased,11,nearest,0.00020529999892460182,4435.323358414959,1212.9626786399608,152.23606797749983,17.0,5.0,0.0
r211_21,2,50,phased,11,grasp,0.2029770000008284,2889.497757125562,1289.4977571255622,0.0,16.0,7.0,0.0
r211_21,2,50,phased,11,mp_eavns,1.5017722000011418,2572.505272235472,972.5052722354719,0.0,16.0,2.0,0.0
r211_21,2,50,all,21,edd,1.939999856404029e-05,3003499.3978747968,1599.397874796758,0.0,19.0,10.0,3.0
r211_21,2,50,all,21,sweep,1.3299999409355223e-05,4314.074384907034,1289.8800838015918,112.41943011054423,19.0,3.0,0.0
r211_21,2,50,all,21,nearest,0.00021070000002509914,4435.323358414959,1212.9626786399608,152.23606797749983,17.0,5.0,0.0
r211_21,2,50,all,21,grasp,0.2367073999994318,2754.839284286283,1154.8392842862831,0.0,16.0,4.0,0.0
r211_21,2,50,all,21,mp_eavns,1.9354447000005166,2576.926344566158,976.9263445661581,0.0,16.0,2.0,0.0
r211_21,3,75,depot,1,edd,2.809999932651408e-05,30005423.203666374,2823.2036663741856,0.0,26.0,5.0,30.0
r211_21,3,75,depot,1,sweep,1.6599999071331695e-05,8006382.579412555,1996.1896668765703,148.63897456783707,29.0,0.0,8.0
r211_21,3,75,depot,1,nearest,0.0004076999975950457,8007480.703797136,1917.5367693353744,316.316702780063,24.0,2.0,8.0
r211_21,3,75,depot,1,grasp,0.23258610000266344,6005435.22899405,2141.2000832311724,89.40289108191814,24.0,6.0,6.0
r211_21,3,75,depot,1,mp_eavns,4.454287300002761,4003917.0235951273,1517.0235951272248,0.0,24.0,0.0,4.0
r211_21,3,75,phased,16,edd,3.7099998735357076e-05,5005469.709127189,2869.709127188408,0.0,26.0,22.0,5.0
r211_21,3,75,phased,16,sweep,2.1299998479662463e-05,7241.562159924133,2010.0301128079313,233.15320471162016,29.0,6.0,0.0
r211_21,3,75,phased,16,nearest,0.00041879999844240956,1007454.7824132263,1891.6153854256968,316.316702780063,24.0,8.0,1.0
r211_21,3,75,phased,16,grasp,0.632734699996945,4418.785672693193,2018.7856726931927,0.0,24.0,14.0,0.0
r211_21,3,75,phased,16,mp_eavns,4.103117900001962,3823.888902746133,1523.8889027461332,0.0,23.0,5.0,0.0
r211_21,3,75,all,21,edd,3.0300001526484266e-05,5005469.709127189,2869.709127188408,0.0,26.0,22.0,5.0
r211_21,3,75,all,21,sweep,1.9600000086938962e-05,7241.562159924133,2010.0301128079313,233.15320471162016,29.0,6.0,0.0
r211_21,3,75,all,21,nearest,0.0004201000010652933,1007454.7824132263,1891.6153854256968,316.316702780063,24.0,8.0,1.0
r211_21,3,75,all,21,grasp,0.751170399998955,4787.979036039069,2203.04811105302,28.493092498604938,23.0,17.0,0.0
r211_21,3,75,all,21,mp_eavns,6.462273700002697,3926.134559762132,1526.1345597621323,0.0,24.0,5.0,0.0
r211_21,4,100,depot,1,edd,3.640000068116933e-05,35007694.04976162,4094.0497616248877,0.0,36.0,9.0,35.0
r211_21,4,100,depot,1,sweep,2.220000169472769e-05,13008636.970187454,2658.4321244414664,227.85380630115037,37.0,0.0,13.0
r211_21,4,100,depot,1,nearest,0.0007408000019495375,14009490.51270763,2940.444262778234,335.00684448523174,32.0,7.0,14.0
r211_21,4,100,depot,1,grasp,0.6664266999978281,11010944.664689874,3171.8437155829356,467.2820974290888,31.0,14.0,11.0
r211_21,4,100,depot,1,mp_eavns,6.743312100003095,7005168.586121693,2068.5861216936482,0.0,31.0,0.0,7.0
r211_21,4,100,phased,21,edd,4.389999958220869e-05,14007666.139634646,4066.1396346462802,0.0,36.0,25.0,14.0
r211_21,4,100,phased,21,sweep,2.689999746507965e-05,9500.793682788752,2677.113318339417,312.36803644493347,37.0,11.0,0.0
r211_21,4,100,phased,21,nearest,0.0007482999972125981,2009404.4006061,2854.3321612475925,335.00684448523174,32.0,17.0,2.0
r211_21,4,100,phased,21,grasp,1.8634781000000658,6064.386800247272,2952.507053207996,1.1879747039275799,31.0,22.0,0.0
r211_21,4,100,phased,21,mp_eavns,10.287588200000755,5167.504710378358,2067.504710378358,0.0,31.0,7.0,0.0
r211_21,4,100,all,21,edd,3.819999983534217e-05,14007666.139634646,4066.1396346462802,0.0,36.0,25.0,14.0
r211_21,4,100,all,21,sweep,2.469999890308827e-05,9500.793682788752,2677.113318339417,312.36803644493347,37.0,11.0,0.0
r211_21,4,100,all,21,nearest,0.0008540999988326803,2009404.4006061,2854.3321612475925,335.00684448523174,32.0,17.0,2.0
r211_21,4,100,all,21,grasp,1.8834552000007534,9077.657593267013,2879.431679255116,309.8225914011898,31.0,23.0,0.0
r211_21,4,100,all,21,mp_eavns,12.927542500001437,5258.580207381983,2158.580207381983,0.0,31.0,10.0,0.0
rc101_21,1,25,depot,1,edd,1.4299999747890979e-05,13002787.951503614,1093.3329269785759,59.46185766352788,11.0,0.0,13.0
rc101_21,1,25,depot,1,sweep,1.2799999240087345e-05,13005180.869790154,990.4727708800376,309.0397019274203,11.0,0.0,13.0
rc101_21,1,25,depot,1,nearest,0.00022499999977299012,6010039.493403163,876.8114032887432,816.2681999873998,10.0,0.0,6.0
rc101_21,1,25,depot,1,grasp,0.018743100001302082,6005293.444142593,1071.9024841472053,322.1541658445826,10.0,2.0,6.0
rc101_21,1,25,depot,1,mp_eavns,0.24375299999883282,4001784.9691859446,784.9691859447828,0.0,10.0,0.0,4.0
rc101_21,1,25,phased,6,edd,1.349999729427509e-05,3003981.8780492092,1124.574857164867,175.73031920443952,11.0,7.0,3.0
rc101_21,1,25,phased,6,sweep,9.60000033956021e-06,3007419.34511578,1003.3546489476628,531.5990466832054,11.0,6.0,3.0
rc101_21,1,25,phased,6,nearest,7.859999823267572e-05,1010047.7565740445,885.0745741704277,816.2681999873998,10.0,5.0,1.0
rc101_21,1,25,phased,6,grasp,0.014110600001004059,7063.508160079268,975.0520864686163,508.8456073610652,10.0,9.0,0.0
rc101_21,1,25,phased,6,mp_eavns,0.2254030000003695,2182.775391139365,818.9783191211847,46.379707201818064,9.0,6.0,0.0
rc101_21,1,25,all,21,edd,1.6400001186411828e-05,3003981.18313815,1123.8799461054668,175.73031920443952,11.0,7.0,3.0
rc101_21,1,25,all,21,sweep,1.4100001862971112e-05,3007419.34511578,1003.3546489476628,531.5990466832054,11.0,6.0,3.0
rc101_21,1,25,all,21,nearest,0.0001329000006080605,1010047.7565740445,885.0745741704277,816.2681999873998,10.0,5.0,1.0
rc101_21,1,25,all,21,grasp,0.025819999998930143,7010.489209789528,967.2584498000741,504.32307599894534,10.0,9.0,0.0
rc101_21,1,25,all,21,mp_eavns,0.3416732999976375,2117.5088624913433,876.4681060715319,34.104075641981126,9.0,7.0,0.0
rc101_21,2,50,depot,1,edd,1.9800001609837636e-05,23008274.144605584,2471.9026569812945,350.22419486038103,23.0,4.0,23.0
rc101_21,2,50,depot,1,sweep,1.2600001355167478e-05,25010245.805324826,2050.1637645065243,599.5641560321375,22.0,1.0,25.0
rc101_21,2,50,depot,1,nearest,0.00020990000120946206,16019604.189209444,1755.3511880172796,1604.8838021426745,18.0,0.0,16.0
rc101_21,2,50,depot,1,grasp,0.044790400002966635,14010139.671553321,1806.7784339792597,643.2893119341431,19.0,0.0,14.0
rc101_21,2,50,depot,1,mp_eavns,1.4173063000016555,10003440.609280543,1540.6092805435246,0.0,19.0,0.0,10.0
rc101_21,2,50,phased,11,edd,2.390000008745119e-05,3011853.713050517,2412.787441807131,714.0925608709626,23.0,17.0,3.0
rc101_21,2,50,phased,11,sweep,1.6400001186411828e-05,5012431.205835952,2038.3710040081976,819.2834831944588,22.0,14.0,5.0
rc101_21,2,50,phased,11,nearest,0.00024159999884432182,2022666.6837752017,1798.6657913452566,1906.8017983856391,18.0,13.0,2.0
rc101_21,2,50,phased,11,grasp,0.16864990000249236,15678.512470765138,2102.302867577443,1167.6209603187694,19.0,21.0,0.0
rc101_21,2,50,phased,11,mp_eavns,2.68105690000084,3826.751403349816,1659.6944671111048,36.70569362387113,18.0,12.0,0.0
rc101_21,2,50,all,21,edd,2.1100000594742596e-05,3011852.639872951,2411.7142642413683,714.0925608709626,23.0,17.0,3.0
rc101_21,2,50,all,21,sweep,1.469999915570952e-05,5012431.205835952,2038.3710040081976,819.2834831944588,22.0,14.0,5.0
rc101_21,2,50,all,21,nearest,0.00021940000078757294,2022666.6837752017,1798.6657913452566,1906.8017983856391,18.0,13.0,2.0
rc101_21,2,50,all,21,grasp,0.22088719999737805,14136.842820468082,2088.3601217414766,1014.8482698726607,19.0,22.0,0.0
rc101_21,2,50,all,21,mp_eavns,3.1891335000000254,3877.169263429897,1736.1285070100857,34.104075641981126,18.0,13.0,0.0
rc101_21,3,75,depot,1,edd,3.119999746559188e-05,46014697.42899882,4198.2953293145165,729.9133669502894,32.0,7.0,46.0
rc101_21,3,75,depot,1,sweep,2.3600001441081986e-05,32018434.310042273,2928.1992880421203,1230.6110754231272,32.0,1.0,32.0
rc101_21,3,75,depot,1,nearest,0.0004549999976006802,26021281.49218906,2703.20206081961,1587.8290128241554,27.0,0.0,26.0
rc101_21,3,75,depot,1,grasp,0.1639379000007466,24016780.546269726,3056.996933911679,1102.35493358148,27.0,3.0,24.0
rc101_21,3,75,depot,1,mp_eavns,4.333962900000188,16005143.893036976,2343.8930369759273,0.0,28.0,0.0,16.0
rc101_21,3,75,phased,16,edd,4.380000245873816e-05,9027540.621989498,4204.785641796103,2013.583634770124,32.0,35.0,9.0
rc101_21,3,75,phased,16,sweep,2.2799998987466097e-05,6020627.959819728,2924.65579387287,1450.3304025854486,32.0,20.0,6.0
rc101_21,3,75,phased,16,nearest,0.00045369999861577526,5025576.693016017,2746.884810044518,2012.9808205972226,27.0,17.0,5.0
rc101_21,3,75,phased,16,grasp,0.504351300001872,1018880.9350839922,3192.2410910044855,1298.8693992987762,27.0,30.0,1.0
rc101_21,3,75,phased,16,mp_eavns,8.294293899998593,5649.859803913359,2482.8028676746485,36.70569362387113,28.0,18.0,0.0
rc101_21,3,75,all,21,edd,3.199999991920777e-05,9027540.621989498,4204.785641796103,2013.583634770124,32.0,35.0,9.0
rc101_21,3,75,all,21,sweep,2.099999983329326e-05,6020627.959819728,2924.65579387287,1450.3304025854486,32.0,20.0,6.0
rc101_21,3,75,all,21,nearest,0.00044039999920642003,5025576.693016017,2746.884810044518,2012.9808205972226,27.0,17.0,5.0
rc101_21,3,75,all,21,grasp,0.6913856999999552,18878.127086649325,3374.0059664836135,1270.4121120165712,28.0,34.0,0.0
rc101_21,3,75,all,21,mp_eavns,7.842928500002017,5460.806773071658,2419.766016651847,34.104075641981126,27.0,17.0,0.0
rc101_21,4,100,depot,1,edd,4.3399999412940815e-05,55020369.6677505,5684.656599685204,1038.501115081549,43.0,10.0,55.0
rc101_21,4,100,depot,1,sweep,2.9100003303028643e-05,33026693.571391143,3721.9699179789327,1877.160147316261,42.0,2.0,33.0
rc101_21,4,100,depot,1,nearest,0.0008339999985764734,31029948.561732437,3544.967043686832,2280.3594688750604,36.0,0.0,31.0
rc101_21,4,100,depot,1,grasp,0.34927020000031916,29028986.88118899,3840.820824312767,2154.6060364675604,36.0,5.0,29.0
rc101_21,4,100,depot,1,mp_eavns,7.607372799997393,17006670.406744223,2970.4067442234145,0.0,37.0,0.0,17.0
rc101_21,4,100,phased,21,edd,4.989999797544442e-05,13040123.96853682,5701.060305468631,3012.2908231350907,43.0,45.0,13.0
rc101_21,4,100,phased,21,sweep,2.8599999495781958e-05,6028068.028803444,3680.17486599219,2018.7853937451332,42.0,21.0,6.0
rc101_21,4,100,phased,21,nearest,0.0007927000006020535,5034188.47492355,3595.656990881017,2699.281793266926,36.0,25.0,5.0
rc101_21,4,100,phased,21,grasp,1.0133162999991328,27868.76350415742,4226.46447251318,1984.229903164424,38.0,39.0,0.0
rc101_21,4,100,phased,21,mp_eavns,18.462451300001703,7147.697658868705,3180.640722629994,36.70569362387113,36.0,24.0,0.0
rc101_21,4,100,all,21,edd,5.779999992228113e-05,13040123.96853682,5701.060305468631,3012.2908231350907,43.0,45.0,13.0
rc101_21,4,100,all,21,sweep,4.2100000428035855e-05,6028068.028803444,3680.17486599219,2018.7853937451332,42.0,21.0,6.0
rc101_21,4,100,all,21,nearest,0.0012169000001449604,5034188.47492355,3595.656990881017,2699.281793266926,36.0,25.0,5.0
rc101_21,4,100,all,21,grasp,0.991148000000976,1030562.7419695319,3940.0159895996685,2302.272597993224,36.0,31.0,1.0
rc101_21,4,100,all,21,mp_eavns,15.889609999998356,6973.548418359216,3032.5076619394054,34.104075641981126,36.0,21.0,0.0
rc102_21,1,25,depot,1,edd,1.2099997547920793e-05,11002547.243378447,1051.125471701637,39.61179067460027,11.0,0.0,11.0
rc102_21,1,25,depot,1,sweep,6.999998731771484e-06,13003602.276169755,990.4727708800376,151.18033988749895,11.0,0.0,13.0
rc102_21,1,25,depot,1,nearest,7.069999992381781e-05,6009075.090338074,876.8114032887432,719.8278934784894,10.0,0.0,6.0
rc102_21,1,25,depot,1,grasp,0.0072065999993355945,6002795.506016256,794.5557851589884,110.095023109729,9.0,0.0,6.0
rc102_21,1,25,depot,1,mp_eavns,0.126635399999941,4001813.0460859924,813.0460859922554,0.0,10.0,0.0,4.0
rc102_21,1,25,phased,6,edd,1.2500000593718141e-05,4003071.2914529233,1078.3135095883292,89.2977943334795,11.0,6.0,4.0
rc102_21,1,25,phased,6,sweep,9.2999980552122e-06,3005840.7514953804,1003.3546489476628,373.739684643284,11.0,6.0,3.0
rc102_21,1,25,phased,6,nearest,7.720000212430023e-05,1009083.3535089553,885.0745741704277,719.8278934784894,10.0,5.0,1.0
rc102_21,1,25,phased,6,grasp,0.012976300000445917,1002784.1460256794,882.901866869879,90.12441588095567,10.0,5.0,1.0
rc102_21,1,25,phased,6,mp_eavns,0.29867229999945266,1738.8720210424876,838.8720210424876,0.0,9.0,6.0,0.0
rc102_21,1,25,all,21,edd,1.21000011858996e-05,4003071.2914529233,1078.3135095883292,89.2977943334795,11.0,6.0,4.0
rc102_21,1,25,all,21,sweep,9.000003046821803e-06,3005840.7514953804,1003.3546489476628,373.739684643284,11.0,6.0,3.0
rc102_21,1,25,all,21,nearest,7.270000060088933e-05,1009083.3535089553,885.0745741704277,719.8278934784894,10.0,5.0,1.0
rc102_21,1,25,all,21,grasp,0.029424799999105744,5540.168040005712,1004.0041436955269,353.61638963101854,10.0,9.0,0.0
rc102_21,1,25,all,21,mp_eavns,0.40360490000239224,1763.2257546144438,863.2257546144438,0.0,9.0,6.0,0.0
rc102_21,2,50,depot,1,edd,1.8900002032751217e-05,25006249.60745493,2306.742120791194,174.28653341387573,22.0,1.0,25.0
rc102_21,2,50,depot,1,sweep,1.1600001016631722e-05,25007917.21170443,2050.1637645065243,366.7047939922161,22.0,1.0,25.0
rc102_21,2,50,depot,1,nearest,0.00021280000146362,16016509.786144355,1755.3511880172796,1295.443495633764,18.0,0.0,16.0
rc102_21,2,50,depot,1,grasp,0.08082099999955972,14008461.461780611,1981.0972506552469,458.0364529955775,19.0,3.0,14.0
rc102_21,2,50,depot,1,mp_eavns,1.8919840999988082,11003499.25130206,1599.25130205888,0.0,19.0,0.0,11.0
rc102_21,2,50,phased,11,edd,3.5400000342633575e-05,2011188.9689529603,2320.264963396467,666.8703989563842,22.0,18.0,2.0
rc102_21,2,50,phased,11,sweep,2.7400001272326335e-05,5010102.612215553,2038.3710040081976,586.4241211545374,22.0,14.0,5.0
rc102_21,2,50,phased,11,nearest,0.00037119999979040585,2018942.2807101125,1798.6657913452566,1534.3614918767287,18.0,13.0,2.0
rc102_21,2,50,phased,11,grasp,0.15765989999999874,11331.228110944954,1891.3577816355087,753.9870329309446,19.0,18.0,0.0
rc102_21,2,50,phased,11,mp_eavns,2.316883700001199,3447.7840209052542,1647.7840209052542,0.0,18.0,13.0,0.0
rc102_21,2,50,all,21,edd,2.2899999748915434e-05,2011188.9689529603,2320.264963396467,666.8703989563842,22.0,18.0,2.0
rc102_21,2,50,all,21,sweep,1.8200000340584666e-05,5010102.612215553,2038.3710040081976,586.4241211545374,22.0,14.0,5.0
rc102_21,2,50,all,21,nearest,0.00023010000222711824,2018942.2807101125,1798.6657913452566,1534.3614918767287,18.0,13.0,2.0
rc102_21,2,50,all,21,grasp,0.24979479999819887,8030.331780010274,1997.939762834321,413.2392017175953,19.0,17.0,0.0
rc102_21,2,50,all,21,mp_eavns,2.8607912999978,3473.007628563165,1673.0076285631649,0.0,18.0,13.0,0.0
rc102_21,3,75,depot,1,edd,4.9600002967054024e-05,40016070.457079776,3987.5267903379954,898.2930289436199,31.0,7.0,40.0
rc102_21,3,75,depot,1,sweep,3.260000084992498e-05,32012739.635620054,2928.1992880421203,661.1436332013332,32.0,1.0,32.0
rc102_21,3,75,depot,1,nearest,0.0008076999984041322,25019535.103636485,2698.07780881773,1413.702582766825,27.0,0.0,25.0
rc102_21,3,75,depot,1,grasp,0.12544939999861526,22018068.340024453,2741.4067188088284,1262.6933305645312,27.0,2.0,22.0
rc102_21,3,75,depot,1,mp_eavns,3.2703166999999667,16005125.713538932,2325.7135389325567,0.0,28.0,0.0,16.0
rc102_21,3,75,phased,16,edd,3.3200001780642197e-05,6025456.56789343,3940.4985206227275,1841.6069372806624,31.0,34.0,6.0
rc102_21,3,75,phased,16,sweep,2.1199997718213126e-05,6014933.285397509,2924.65579387287,880.8629603636546,32.0,20.0,6.0
rc102_21,3,75,phased,16,nearest,0.00043290000030538067,4022470.3731537056,2751.1189431697644,1701.9254210535767,27.0,18.0,4.0
rc102_21,3,75,phased,16,grasp,0.45290290000048117,1014426.1638271735,3012.4876574050472,861.3676169768501,28.0,27.0,1.0
rc102_21,3,75,phased,16,mp_eavns,9.780602099999669,5228.435801881449,2428.4358018814487,0.0,28.0,18.0,0.0
rc102_21,3,75,all,21,edd,3.0699997296324e-05,5025461.625438062,3932.6752783550132,1842.8950159706746,31.0,34.0,5.0
rc102_21,3,75,all,21,sweep,1.9099999917671084e-05,6014933.285397509,2924.65579387287,880.8629603636546,32.0,20.0,6.0
rc102_21,3,75,all,21,nearest,0.0004152000001340639,4022470.3731537056,2751.1189431697644,1701.9254210535767,27.0,18.0,4.0
rc102_21,3,75,all,21,grasp,0.5821133999997983,16659.66510004047,3270.106755753698,1058.9558344286772,28.0,30.0,0.0
rc102_21,3,75,all,21,mp_eavns,12.478111499996885,5272.89359760048,2472.89359760048,0.0,28.0,19.0,0.0
rc102_21,4,100,depot,1,edd,3.5799999750452116e-05,55017720.24287857,5247.09858180025,837.3144296767475,41.0,8.0,55.0
rc102_21,4,100,depot,1,sweep,2.179999864893034e-05,33018246.600742318,3721.9699179789327,1032.463082433925,42.0,2.0,33.0
rc102_21,4,100,depot,1,nearest,0.000729800001863623,31021335.856022164,3544.967043686832,1419.0888978478429,36.0,0.0,31.0
rc102_21,4,100,depot,1,grasp,0.2583154999992985,29019542.989957012,3918.4979916340294,1202.449196537752,36.0,6.0,29.0
rc102_21,4,100,depot,1,mp_eavns,5.046522999997251,17006579.396550305,2979.396550305042,0.0,36.0,0.0,17.0
rc102_21,4,100,phased,21,edd,4.9700000090524554e-05,13026598.552530881,5306.882598034973,1719.1669932846567,41.0,41.0,13.0
rc102_21,4,100,phased,21,sweep,2.8599999495781958e-05,6019676.73971253,3680.17486599219,1179.6564846537378,42.0,21.0,6.0
rc102_21,4,100,phased,21,nearest,0.000743499997042818,5024414.516779471,3595.656990881017,1721.8859788590103,36.0,25.0,5.0
rc102_21,4,100,phased,21,grasp,0.9074295999998867,28040.375770006263,4176.319361939408,2016.4056408066854,37.0,38.0,0.0
rc102_21,4,100,phased,21,mp_eavns,20.830520200001047,6746.510777904083,3046.510777904083,0.0,37.0,22.0,0.0
rc102_21,4,100,all,21,edd,4.529999932856299e-05,13026598.552530881,5306.882598034973,1719.1669932846567,41.0,41.0,13.0
rc102_21,4,100,all,21,sweep,2.5700002879602835e-05,6019676.73971253,3680.17486599219,1179.6564846537378,42.0,21.0,6.0
rc102_21,4,100,all,21,nearest,0.0007278999983100221,5024414.516779471,3595.656990881017,1721.8859788590103,36.0,25.0,5.0
rc102_21,4,100,all,21,grasp,0.9529602000002342,1025886.339255703,4096.246851871263,1809.0092403831807,37.0,37.0,1.0
rc102_21,4,100,all,21,mp_eavns,17.10024120000162,6706.227583756251,3106.227583756251,0.0,36.0,24.0,0.0
rc102C10,1,3,depot,1,edd,4.800000169780105e-06,1000349.7224436864,149.72244368646838,0.0,2.0,0.0,1.0
rc102C10,1,3,depot,1,sweep,2.9999973776284605e-06,1000349.7224436864,149.72244368646838,0.0,2.0,0.0,1.0
rc102C10,1,3,depot,1,nearest,8.900002285372466e-06,1000349.7224436864,149.72244368646838,0.0,2.0,0.0,1.0
rc102C10,1,3,depot,1,grasp,0.00018280000222148374,1046.953886526324,197.00905689006765,64.99448296362561,2.0,1.0,0.0
rc102C10,1,3,depot,1,mp_eavns,0.0048447999979543965,497.00905689006765,197.00905689006765,0.0,3.0,0.0,0.0
rc102C10,1,3,phased,2,edd,2.6000016077887267e-06,350.0084938677925,150.00849386779248,0.0,2.0,1.0,0.0
rc102C10,1,3,phased,2,sweep,2.7000023692380637e-06,350.0084938677925,150.00849386779248,0.0,2.0,1.0,0.0
rc102C10,1,3,phased,2,nearest,5.299996701069176e-06,350.0084938677925,150.00849386779248,0.0,2.0,1.0,0.0
rc102C10,1,3,phased,2,grasp,0.00019210000027669594,350.0084938677925,150.00849386779248,0.0,2.0,1.0,0.0
rc102C10,1,3,phased,2,mp_eavns,0.002885099998820806,350.0084938677925,150.00849386779248,0.0,2.0,1.0,0.0
rc102C10,1,3,all,4,edd,3.6000019463244826e-06,350.0084938677925,150.00849386779248,0.0,2.0,1.0,0.0
rc102C10,1,3,all,4,sweep,3.899996954714879e-06,350.0084938677925,150.00849386779248,0.0,2.0,1.0,0.0
rc102C10,1,3,all,4,nearest,7.300001016119495e-06,350.0084938677925,150.00849386779248,0.0,2.0,1.0,0.0
rc102C10,1,3,all,4,grasp,0.00020189999850117601,350.0084938677925,150.00849386779248,0.0,2.0,1.0,0.0
rc102C10,1,3,all,4,mp_eavns,0.003017399998498149,350.0084938677925,150.00849386779248,0.0,2.0,1.0,0.0
rc102C10,2,5,depot,1,edd,3.6999990697950125e-06,3000566.9766621743,266.97666217426115,0.0,3.0,0.0,3.0
rc102C10,2,5,depot,1,sweep,3.1999989005271345e-06,2000576.3754390797,276.3754390798142,0.0,3.0,0.0,2.0
rc102C10,2,5,depot,1,nearest,9.69999746303074e-06,2002574.8559403413,283.814605551246,199.10413347899507,3.0,0.0,2.0
rc102C10,2,5,depot,1,grasp,0.0002884999994421378,1001645.6206174094,331.1012187548453,101.45193986545326,3.0,1.0,1.0
rc102C10,2,5,depot,1,mp_eavns,0.011955899997701636,1000731.1012187549,331.10121875484526,0.0,4.0,0.0,1.0
rc102C10,2,5,phased,3,edd,4.300000000512227e-06,776.3236352190572,268.5915046095364,20.773213060952088,3.0,2.0,0.0
rc102C10,2,5,phased,3,sweep,4.6000022848602384e-06,1000577.9114212159,277.9114212158422,0.0,3.0,1.0,1.0
rc102C10,2,5,phased,3,nearest,9.700001101009548e-06,2576.6779726585487,285.63663786859814,199.10413347899507,3.0,2.0,0.0
rc102C10,2,5,phased,3,grasp,0.0003499999984342139,1476.7977403181535,316.1603192585806,86.06374210595729,3.0,2.0,0.0
rc102C10,2,5,phased,3,mp_eavns,0.015253900000971043,698.1211212314836,298.1211212314836,0.0,4.0,2.0,0.0
rc102C10,2,5,all,4,edd,3.9000005926936865e-06,776.3236352190572,268.5915046095364,20.773213060952088,3.0,2.0,0.0
rc102C10,2,5,all,4,sweep,4.300000000512227e-06,1000577.9114212159,277.9114212158422,0.0,3.0,1.0,1.0
rc102C10,2,5,all,4,nearest,9.499999578110874e-06,2576.6779726585487,285.63663786859814,199.10413347899507,3.0,2.0,0.0
rc102C10,2,5,all,4,grasp,0.0003453999997873325,1461.2400485808362,274.6630297116827,88.65770188691535,3.0,2.0,0.0
rc102C10,2,5,all,4,mp_eavns,0.016320599999744445,698.1211212314836,298.1211212314836,0.0,4.0,2.0,0.0
rc102C10,3,8,depot,1,edd,5.599998985417187e-06,3001707.7534939256,460.02367990574214,74.77298140196378,5.0,1.0,3.0
rc102C10,3,8,depot,1,sweep,3.9000005926936865e-06,3000764.721493586,364.7214935858222,0.0,4.0,0.0,3.0
rc102C10,3,8,depot,1,nearest,1.7099999240599573e-05,4002900.91847152,438.0866750102354,206.28317965096906,4.0,0.0,4.0
rc102C10,3,8,depot,1,grasp,0.0006763000019418541,1004435.6798688996,461.3899582243042,357.4289910675366,4.0,2.0,1.0
rc102C10,3,8,depot,1,mp_eavns,0.031662499997764826,1000945.9985291918,445.99852919177135,0.0,5.0,1.0,1.0
rc102C10,3,8,phased,4,edd,6.599999323952943e-06,1001916.8144167889,461.3524721596932,95.54619446291586,5.0,2.0,1.0
rc102C10,3,8,phased,4,sweep,6.400001439033076e-06,1000776.7303981464,369.9236440612987,0.6806754085162652,4.0,1.0,1.0
rc102C10,3,8,phased,4,nearest,1.7300000763498247e-05,2002908.6048390574,445.773042547657,206.28317965096906,4.0,2.0,2.0
rc102C10,3,8,phased,4,grasp,0.0008155000032274984,3658.4892448296623,441.9020549445348,281.65871898851276,4.0,3.0,0.0
rc102C10,3,8,phased,4,mp_eavns,0.025787700000364566,796.9400981621029,390.1333440769402,0.6806754085162652,4.0,3.0,0.0
rc102C10,3,8,all,4,edd,7.99999907030724e-06,1001916.8144167889,461.3524721596932,95.54619446291586,5.0,2.0,1.0
rc102C10,3,8,all,4,sweep,6.300000677583739e-06,1000776.7303981464,369.9236440612987,0.6806754085162652,4.0,1.0,1.0
rc102C10,3,8,all,4,nearest,1.680000059423037e-05,2002908.6048390574,445.773042547657,206.28317965096906,4.0,2.0,2.0
rc102C10,3,8,all,4,grasp,0.0007459999978891574,2982.68553732316,441.9020549445348,214.07834823786254,4.0,3.0,0.0
rc102C10,3,8,all,4,mp_eavns,0.02519430000029388,796.9400981621029,390.1333440769402,0.6806754085162652,4.0,3.0,0.0
rc102C10,4,10,depot,1,edd,6.499998562503606e-06,4002470.9741652976,535.7912034089065,143.5182961888852,5.0,1.0,4.0
rc102C10,4,10,depot,1,sweep,4.19999923906289e-06,5001065.418376535,416.9240441227129,24.8494332412792,4.0,0.0,5.0
rc102C10,4,10,depot,1,nearest,2.2199998056748882e-05,3003092.910165847,504.52836593255637,208.83817999143267,5.0,1.0,3.0
rc102C10,4,10,depot,1,grasp,0.0011062000012316275,1004128.2002583037,527.4036056801915,320.07966526234884,4.0,3.0,1.0
rc102C10,4,10,depot,1,mp_eavns,0.0618255000008503,1001041.8362690549,517.1657502950013,2.467051875986101,5.0,2.0,1.0
rc102C10,4,10,phased,4,edd,7.800001185387373e-06,2002680.0350881612,537.1199956628576,164.29150924983728,5.0,2.0,2.0
rc102C10,4,10,phased,4,sweep,6.800000846851617e-06,3001077.427281096,422.12619459818944,25.530108649795466,4.0,1.0,3.0
rc102C10,4,10,phased,4,nearest,2.4100001610349864e-05,2002965.9943293147,492.9400296810078,197.3054299633602,5.0,2.0,2.0
rc102C10,4,10,phased,4,grasp,0.0013187000004108995,1738.311978773255,486.11267862805863,85.21993001451965,4.0,4.0,0.0
rc102C10,4,10,phased,4,mp_eavns,0.04914260000077775,851.4764581863406,451.4764581863406,0.0,4.0,4.0,0.0
rc102C10,4,10,all,4,edd,7.599999662488699e-06,2002680.0350881612,537.1199956628576,164.29150924983728,5.0,2.0,2.0
rc102C10,4,10,all,4,sweep,7.300001016119495e-06,3001077.427281096,422.12619459818944,25.530108649795466,4.0,1.0,3.0
rc102C10,4,10,all,4,nearest,2.2500000341096893e-05,2002965.9943293147,492.9400296810078,197.3054299633602,5.0,2.0,2.0
rc102C10,4,10,all,4,grasp,0.001612700001714984,3712.691018493045,590.6247792664769,272.2066239226568,4.0,6.0,0.0
rc102C10,4,10,all,4,mp_eavns,0.05093499999929918,851.4764581863406,451.4764581863406,0.0,4.0,4.0,0.0
rc103_21,1,25,depot,1,edd,1.1999996786471456e-05,12002164.760081349,1064.7600813488596,0.0,11.0,0.0,12.0
rc103_21,1,25,depot,1,sweep,7.299997378140688e-06,13002090.47277088,990.4727708800376,0.0,11.0,0.0,13.0
rc103_21,1,25,depot,1,nearest,8.449999950244091e-05,6006722.894893501,876.8114032887432,484.60834902119643,10.0,0.0,6.0
rc103_21,1,25,depot,1,grasp,0.005857099997228943,5003438.983518612,802.4169115538755,173.6566607057922,9.0,0.0,5.0
rc103_21,1,25,depot,1,mp_eavns,0.14024129999961588,5001675.805938698,775.8059386983361,0.0,9.0,0.0,5.0
rc103_21,1,25,phased,6,edd,1.1599997378652915e-05,3002324.7574601127,1107.3993080925038,11.735815202039362,11.0,6.0,3.0
rc103_21,1,25,phased,6,sweep,1.300000076298602e-05,3003499.503224052,1003.3546489476628,139.614857510425,11.0,6.0,3.0
rc103_21,1,25,phased,6,nearest,7.619999814778566e-05,1006731.1580643824,885.0745741704277,484.60834902119643,10.0,5.0,1.0
rc103_21,1,25,phased,6,grasp,0.01314759999877424,1002484.1098128477,934.4454423894553,54.96643704582749,10.0,8.0,1.0
rc103_21,1,25,phased,6,mp_eavns,0.23671709999689483,1751.6839986204636,851.6839986204637,0.0,9.0,8.0,0.0
rc103_21,1,25,all,21,edd,1.1500000255182385e-05,3002324.7574601127,1107.3993080925038,11.735815202039362,11.0,6.0,3.0
rc103_21,1,25,all,21,sweep,8.499999239575118e-06,3003499.503224052,1003.3546489476628,139.614857510425,11.0,6.0,3.0
rc103_21,1,25,all,21,nearest,7.639999967068434e-05,1006731.1580643824,885.0745741704277,484.60834902119643,10.0,5.0,1.0
rc103_21,1,25,all,21,grasp,0.01650589999917429,5357.409538325969,984.242908703387,337.3166629622582,10.0,11.0,0.0
rc103_21,1,25,all,21,mp_eavns,0.43653709999853163,1782.616514617818,864.2259750769338,1.8390539540884276,9.0,8.0,0.0
rc103_21,2,50,depot,1,edd,2.1699997887481004e-05,26005522.57339837,2458.915558438679,76.36578399307592,23.0,3.0,26.0
rc103_21,2,50,depot,1,sweep,1.2799999240087345e-05,25005956.90511992,2050.1637645065243,170.6741355410063,22.0,1.0,25.0
rc103_21,2,50,depot,1,nearest,0.0002252000012958888,16010223.11932127,1755.3511880172796,666.7768133252393,18.0,0.0,16.0
rc103_21,2,50,depot,1,grasp,0.054686100000253646,14004878.965984868,2027.5253362930778,95.14406485740832,19.0,3.0,14.0
rc103_21,2,50,depot,1,mp_eavns,1.1254546999989543,12003399.466268694,1599.466268694649,0.0,18.0,0.0,12.0
rc103_21,2,50,phased,11,edd,2.2399999579647556e-05,1011783.538218319,2443.8148553778456,703.9723362941049,23.0,21.0,1.0
rc103_21,2,50,phased,11,sweep,1.5300000086426735e-05,5007312.860758588,2038.3710040081976,307.44897545796755,22.0,14.0,5.0
rc103_21,2,50,phased,11,nearest,0.00021239999841782264,2012655.6138870274,1798.6657913452566,905.6948095682039,18.0,13.0,2.0
rc103_21,2,50,phased,11,grasp,0.12905459999819868,5995.856981162033,1994.8450477564961,210.1011933405537,19.0,16.0,0.0
rc103_21,2,50,phased,11,mp_eavns,2.544459000000643,3446.300827214479,1646.300827214479,0.0,18.0,13.0,0.0
rc103_21,2,50,all,21,edd,3.360000118846074e-05,1011783.1599518126,2443.4365888714838,703.9723362941049,23.0,21.0,1.0
rc103_21,2,50,all,21,sweep,1.7300000763498247e-05,5007312.860758588,2038.3710040081976,307.44897545796755,22.0,14.0,5.0
rc103_21,2,50,all,21,nearest,0.00023769999825162813,2012655.6138870274,1798.6657913452566,905.6948095682039,18.0,13.0,2.0
rc103_21,2,50,all,21,grasp,0.16173759999946924,4907.801291797524,1880.8773498675369,112.69239419299868,19.0,16.0,0.0
rc103_21,2,50,all,21,mp_eavns,2.198822799997288,3466.63891277938,1659.4892911111865,0.7149621668193333,18.0,13.0,0.0
rc103_21,3,75,depot,1,edd,3.099999958067201e-05,36010430.33833277,3859.683408081425,337.06549246921895,32.0,5.0,36.0
rc103_21,3,75,depot,1,sweep,1.759999940986745e-05,32009602.020543065,2928.1992880421203,347.3821255023993,32.0,1.0,32.0
rc103_21,3,75,depot,1,nearest,0.00043989999903715216,25015117.139098514,2698.07780881773,971.9061289694453,27.0,0.0,25.0
rc103_21,3,75,depot,1,grasp,0.12401239999962854,24010943.166114125,2808.7431376289737,543.4422976495969,27.0,2.0,24.0
rc103_21,3,75,depot,1,mp_eavns,2.4331746000025305,16005030.060460126,2330.0604601256737,0.0,27.0,0.0,16.0
rc103_21,3,75,phased,16,edd,3.569999898900278e-05,6019409.794335305,3869.3195092715673,1234.0474826032957,32.0,31.0,6.0
rc103_21,3,75,phased,16,sweep,2.0699997548945248e-05,6010966.225448066,2924.65579387287,484.1569654193606,32.0,20.0,6.0
rc103_21,3,75,phased,16,nearest,0.0004579999986162875,4017582.4086157316,2751.1189431697644,1213.128967256197,27.0,18.0,4.0
rc103_21,3,75,phased,16,grasp,0.37760179999895627,15312.062460285753,3167.7689643923304,944.4293495893425,27.0,29.0,0.0
rc103_21,3,75,phased,16,mp_eavns,8.179782499999419,5139.696603627467,2439.696603627467,0.0,27.0,19.0,0.0
rc103_21,3,75,all,21,edd,3.520000245771371e-05,6019409.416068798,3868.941242765205,1234.0474826032957,32.0,31.0,6.0
rc103_21,3,75,all,21,sweep,2.0300001779105514e-05,6010966.225448066,2924.65579387287,484.1569654193606,32.0,20.0,6.0
rc103_21,3,75,all,21,nearest,0.00042360000225016847,4017582.4086157316,2751.1189431697644,1213.128967256197,27.0,18.0,4.0
rc103_21,3,75,all,21,grasp,0.4479361000012432,1010564.023605399,3251.0874849945903,461.2936120404389,27.0,30.0,1.0
rc103_21,3,75,all,21,mp_eavns,6.256016600000294,5153.214491558647,2446.0648698904533,0.7149621668193333,27.0,18.0,0.0
rc103_21,4,100,depot,1,edd,3.8300000596791506e-05,43015812.16077259,5206.124998420453,640.6035774171347,42.0,10.0,43.0
rc103_21,4,100,depot,1,sweep,2.269999822601676e-05,33013299.407973815,3721.9699179789327,537.7438055834231,42.0,2.0,33.0
rc103_21,4,100,depot,1,nearest,0.0007344000005105045,31015899.53329379,3544.967043686832,875.45662501025,36.0,0.0,31.0
rc103_21,4,100,depot,1,grasp,0.32994889999827137,28014692.836638734,4098.229087749495,689.4607550982421,37.0,8.0,28.0
rc103_21,4,100,depot,1,mp_eavns,4.738232499999867,17006642.478083134,2942.4780831336484,0.0,37.0,0.0,17.0
rc103_21,4,100,phased,21,edd,4.340000305091962e-05,12020155.47283014,5246.580451088577,1070.889237904973,42.0,38.0,12.0
rc103_21,4,100,phased,21,sweep,2.470000254106708e-05,6014625.361320996,3680.17486599219,674.5186455003843,42.0,21.0,6.0
rc103_21,4,100,phased,21,nearest,0.0006964999993215315,5018978.194051095,3595.656990881017,1178.2537060214172,36.0,25.0,5.0
rc103_21,4,100,phased,21,grasp,0.9877083999999741,1016217.2905114068,4076.067283059989,844.1223228346895,37.0,40.0,1.0
rc103_21,4,100,phased,21,mp_eavns,19.35240799999883,6718.748043345583,3118.748043345583,0.0,36.0,22.0,0.0
rc103_21,4,100,all,21,edd,4.610000178217888e-05,12020155.47283014,5246.580451088577,1070.889237904973,42.0,38.0,12.0
rc103_21,4,100,all,21,sweep,2.4900000425986946e-05,6014625.361320996,3680.17486599219,674.5186455003843,42.0,21.0,6.0
rc103_21,4,100,all,21,nearest,0.0007089000027917791,5018978.194051095,3595.656990881017,1178.2537060214172,36.0,25.0,5.0
rc103_21,4,100,all,21,grasp,1.0831266999994114,1014313.3788775485,4174.0838275794695,653.9295049969016,36.0,39.0,1.0
rc103_21,4,100,all,21,mp_eavns,13.534014000000752,6705.2545853753945,3098.1049637072006,0.7149621668193333,36.0,21.0,0.0
rc103C15,1,4,depot,1,edd,5.899997631786391e-06,355.9989383473421,155.99893834734212,0.0,2.0,0.0,0.0
rc103C15,1,4,depot,1,sweep,2.9000002541579306e-06,2001277.415246279,118.73562363793346,95.8679622641132,2.0,0.0,2.0
rc103C15,1,4,depot,1,nearest,1.1500000255182385e-05,2342.1187915033315,156.3380791952832,198.57807123080482,2.0,0.0,0.0
rc103C15,1,4,depot,1,grasp,0.00022489999901154079,355.9989383473421,155.99893834734212,0.0,2.0,0.0,0.0
rc103C15,1,4,depot,1,mp_eavns,0.007913299999927403,355.9989383473421,155.99893834734212,0.0,2.0,0.0,0.0
rc103C15,1,4,phased,2,edd,7.99999907030724e-06,355.9989383473421,155.99893834734212,0.0,2.0,0.0,0.0
rc103C15,1,4,phased,2,sweep,7.399998139590025e-06,1968.435212786923,122.25233212844532,164.6182880658478,2.0,1.0,0.0
rc103C15,1,4,phased,2,nearest,1.6599999071331695e-05,2342.1187915033315,156.3380791952832,198.57807123080482,2.0,0.0,0.0
rc103C15,1,4,phased,2,grasp,0.0004948000023432542,318.17579055542706,118.17579055542703,0.0,2.0,1.0,0.0
rc103C15,1,4,phased,2,mp_eavns,0.010483099998964462,318.17579055542706,118.17579055542703,0.0,2.0,1.0,0.0
rc103C15,1,4,all,5,edd,7.499998901039362e-06,355.9989383473421,155.99893834734212,0.0,2.0,0.0,0.0
rc103C15,1,4,all,5,sweep,7.399998139590025e-06,1968.435212786923,122.25233212844532,164.6182880658478,2.0,1.0,0.0
rc103C15,1,4,all,5,nearest,1.750000228639692e-05,2342.1187915033315,156.3380791952832,198.57807123080482,2.0,0.0,0.0
rc103C15,1,4,all,5,grasp,0.0005418000000645407,318.17579055542706,118.17579055542703,0.0,2.0,1.0,0.0
rc103C15,1,4,all,5,mp_eavns,0.007941500000015367,318.17579055542706,118.17579055542703,0.0,2.0,1.0,0.0
rc103C15,2,8,depot,1,edd,5.900001269765198e-06,3001460.2479357873,403.65747822085643,75.65904575664257,3.0,1.0,3.0
rc103C15,2,8,depot,1,sweep,4.400000761961564e-06,3001525.5663042176,266.8866815763412,95.8679622641132,3.0,0.0,3.0
rc103C15,2,8,depot,1,nearest,1.9600000086938962e-05,2002681.7713668975,274.35862482397215,210.74127420734825,3.0,0.0,2.0
rc103C15,2,8,depot,1,grasp,0.0013450000005832408,1001664.4705223566,405.9948277506199,95.84756946059957,3.0,3.0,1.0
rc103C15,2,8,depot,1,mp_eavns,0.04300449999936973,1000579.1729041312,279.17290413118815,0.0,3.0,0.0,1.0
rc103C15,2,8,phased,3,edd,1.0600000678095967e-05,2002467.9013249138,390.6649720970567,177.72363528168725,3.0,2.0,2.0
rc103C15,2,8,phased,3,sweep,9.900002623908222e-06,2216.6015828420786,270.4187021836008,164.6182880658478,3.0,2.0,0.0
rc103C15,2,8,phased,3,nearest,3.0100000003585592e-05,2685.251019095593,277.83827702211045,210.74127420734825,3.0,2.0,0.0
rc103C15,2,8,phased,3,grasp,0.003076200002396945,843.1114964843646,313.112691716705,22.999880476765952,3.0,2.0,0.0
rc103C15,2,8,phased,3,mp_eavns,0.033399899999494664,537.3839377130852,237.38393771308515,0.0,3.0,2.0,0.0
rc103C15,2,8,all,5,edd,6.899997970322147e-06,2002467.9013249138,390.6649720970567,177.72363528168725,3.0,2.0,2.0
rc103C15,2,8,all,5,sweep,6.000002031214535e-06,2216.6015828420786,270.4187021836008,164.6182880658478,3.0,2.0,0.0
rc103C15,2,8,all,5,nearest,1.8599999748403206e-05,2685.251019095593,277.83827702211045,210.74127420734825,3.0,2.0,0.0
rc103C15,2,8,all,5,grasp,0.0018419999978505075,1195.2447191495683,341.4556955833096,55.37890235662587,3.0,3.0,0.0
rc103C15,2,8,all,5,mp_eavns,0.034097899999324,537.3839377130852,237.38393771308515,0.0,3.0,2.0,0.0
rc103C15,3,12,depot,1,edd,6.800000846851617e-06,5002113.44391756,620.4433715330439,109.3000546026949,4.0,2.0,5.0
rc103C15,3,12,depot,1,sweep,4.599998646881431e-06,4001721.238320663,362.558698022086,95.8679622641132,4.0,0.0,4.0
rc103C15,3,12,depot,1,nearest,2.8100002964492887e-05,6002987.614197641,480.2014555672483,210.74127420734825,4.0,0.0,6.0
rc103C15,3,12,depot,1,grasp,0.0030268000009527896,1002579.8086304364,542.853721418107,163.69549090183096,4.0,3.0,1.0
rc103C15,3,12,depot,1,mp_eavns,0.08035279999967315,1000974.7320605214,474.73206052136834,0.0,5.0,1.0,1.0
rc103C15,3,12,phased,4,edd,7.500002539018169e-06,3001913.5972187524,608.6602430378805,90.49369757145601,4.0,4.0,3.0
rc103C15,3,12,phased,4,sweep,6.199999916134402e-06,1002416.3175850902,370.1347044317549,164.6182880658478,4.0,2.0,1.0
rc103C15,3,12,phased,4,nearest,2.6600002456689253e-05,3003236.8159831334,488.478272916122,234.83377102173418,4.0,3.0,3.0
rc103C15,3,12,phased,4,grasp,0.004626499998266809,2095.2245852202896,413.88705421855434,128.13375310017355,4.0,3.0,0.0
rc103C15,3,12,phased,4,mp_eavns,0.04913270000179182,790.7687412107509,390.768741210751,0.0,4.0,3.0,0.0
rc103C15,3,12,all,5,edd,9.499999578110874e-06,3001913.5972187524,608.6602430378805,90.49369757145601,4.0,4.0,3.0
rc103C15,3,12,all,5,sweep,8.499999239575118e-06,1002416.3175850902,370.1347044317549,164.6182880658478,4.0,2.0,1.0
rc103C15,3,12,all,5,nearest,2.8700000257231295e-05,3003236.8159831334,488.478272916122,234.83377102173418,4.0,3.0,3.0
rc103C15,3,12,all,5,grasp,0.0061550000027637,2092.646266698014,529.3193401355262,116.33269265624881,4.0,5.0,0.0
rc103C15,3,12,all,5,mp_eavns,0.06410780000078375,790.7687412107509,390.768741210751,0.0,4.0,3.0,0.0
rc103C15,4,15,depot,1,edd,8.300001354655251e-06,6003155.93367682,768.1654879418235,188.7768188878504,5.0,3.0,6.0
rc103C15,4,15,depot,1,sweep,5.099998816149309e-06,4001903.4828098607,444.8031872194405,95.8679622641132,5.0,0.0,4.0
rc103C15,4,15,depot,1,nearest,3.65999985660892e-05,5003610.141384342,622.1247592462279,248.8016625095185,5.0,2.0,5.0
rc103C15,4,15,depot,1,grasp,0.00452180000138469,2002184.5118420569,639.6785558210325,104.4833286235777,5.0,3.0,2.0
rc103C15,4,15,depot,1,mp_eavns,0.1490431999991415,1001128.5673581026,528.5673581026668,0.0,6.0,1.0,1.0
rc103C15,4,15,phased,5,edd,8.700000762473792e-06,3004694.2097795913,759.3092464640698,343.49005331272065,5.0,7.0,3.0
rc103C15,4,15,phased,5,sweep,7.100003131199628e-06,1002598.5620742876,452.3791936291094,164.6182880658478,5.0,2.0,1.0
rc103C15,4,15,phased,5,nearest,3.6200002796249464e-05,4381.3268114388775,622.6174809784486,325.87093304604286,5.0,7.0,0.0
rc103C15,4,15,phased,5,grasp,0.00815629999851808,1814.8419760647885,662.8971458260257,65.19448302387627,5.0,7.0,0.0
rc103C15,4,15,phased,5,mp_eavns,0.21030850000170176,969.7522569060495,469.75225690604947,0.0,5.0,3.0,0.0
rc103C15,4,15,all,5,edd,9.599996701581404e-06,3004694.2097795913,759.3092464640698,343.49005331272065,5.0,7.0,3.0
rc103C15,4,15,all,5,sweep,7.499998901039362e-06,1002598.5620742876,452.3791936291094,164.6182880658478,5.0,2.0,1.0
rc103C15,4,15,all,5,nearest,3.680000008898787e-05,4381.3268114388775,622.6174809784486,325.87093304604286,5.0,7.0,0.0
rc103C15,4,15,all,5,grasp,0.007624500001838896,3564.6405790597682,668.6198312569735,239.60207478027945,5.0,6.0,0.0
rc103C15,4,15,all,5,mp_eavns,0.1561669000002439,969.7522569060495,469.75225690604947,0.0,5.0,3.0,0.0
rc104_21,1,25,depot,1,edd,1.1699998140102252e-05,10002120.329188583,1020.329188583225,0.0,11.0,0.0,10.0
rc104_21,1,25,depot,1,sweep,7.700000423938036e-06,13002090.47277088,990.4727708800376,0.0,11.0,0.0,13.0
rc104_21,1,25,depot,1,nearest,7.550000009359792e-05,6003899.466411146,876.8114032887432,202.2655007857699,10.0,0.0,6.0
rc104_21,1,25,depot,1,grasp,0.006184999998367857,5003655.942852993,947.5633446469094,170.83795083453472,10.0,1.0,5.0
rc104_21,1,25,depot,1,mp_eavns,0.20702850000088802,4001779.7769603305,779.7769603305205,0.0,10.0,0.0,4.0
rc104_21,1,25,phased,6,edd,1.2699998478638008e-05,2002139.5311961784,1039.531196178342,0.0,11.0,6.0,2.0
rc104_21,1,25,phased,6,sweep,9.399998816661537e-06,3002646.715018091,1003.3546489476628,54.33603691432528,11.0,6.0,3.0
rc104_21,1,25,phased,6,nearest,7.65999975556042e-05,1003907.7295820281,885.0745741704277,202.2655007857699,10.0,5.0,1.0
rc104_21,1,25,phased,6,grasp,0.0126419000007445,2747.875367666698,986.1395124420902,76.17358552246077,10.0,8.0,0.0
rc104_21,1,25,phased,6,mp_eavns,0.2725252999989607,1718.3406009512241,818.340600951224,0.0,9.0,6.0,0.0
rc104_21,1,25,all,21,edd,1.1399999493733048e-05,2002139.5311961784,1039.531196178342,0.0,11.0,6.0,2.0
rc104_21,1,25,all,21,sweep,9.300001693191007e-06,3002646.715018091,1003.3546489476628,54.33603691432528,11.0,6.0,3.0
rc104_21,1,25,all,21,nearest,7.680000271648169e-05,1003907.7295820281,885.0745741704277,202.2655007857699,10.0,5.0,1.0
rc104_21,1,25,all,21,grasp,0.016064700001152232,2769.984006489649,1008.2481512650414,76.17358552246077,10.0,9.0,0.0
rc104_21,1,25,all,21,mp_eavns,0.4770642000003136,1725.1956837671796,825.1956837671795,0.0,9.0,7.0,0.0
rc104_21,2,50,depot,1,edd,2.049999966402538e-05,24006714.336836394,2561.8281405327525,195.2508695861675,22.0,5.0,24.0
rc104_21,2,50,depot,1,sweep,1.21000011858996e-05,25004687.726572953,2050.1637645065243,43.756280844536604,22.0,1.0,25.0
rc104_21,2,50,depot,1,nearest,0.0003791999988607131,16005568.915678777,1755.3511880172796,201.35644907598643,18.0,0.0,16.0
rc104_21,2,50,depot,1,grasp,0.05442150000089896,13005992.259706942,2012.8981810563148,217.9361525885624,18.0,4.0,13.0
rc104_21,2,50,depot,1,mp_eavns,1.158662200003164,10003325.035145266,1525.0351452659525,0.0,18.0,0.0,10.0
rc104_21,2,50,phased,11,edd,2.2100000933278352e-05,3007341.077106607,2535.630502567957,260.54466040391924,22.0,21.0,3.0
rc104_21,2,50,phased,11,sweep,1.5300000086426735e-05,5005190.894005662,2038.3710040081976,95.2523001653981,22.0,14.0,5.0
rc104_21,2,50,phased,11,nearest,0.0002424000012979377,2007205.342864846,1798.6657913452566,360.6677073500811,18.0,13.0,2.0
rc104_21,2,50,phased,11,grasp,0.11729969999942114,6411.238795033774,2128.7303314669934,238.25084635667804,19.0,22.0,0.0
rc104_21,2,50,phased,11,mp_eavns,2.013573799998994,3428.5374730756985,1628.5374730756982,0.0,18.0,12.0,0.0
rc104_21,2,50,all,21,edd,2.2199998056748882e-05,3007340.0039290413,2534.5573250021953,260.54466040391924,22.0,21.0,3.0
rc104_21,2,50,all,21,sweep,1.4599998394260183e-05,5005190.894005662,2038.3710040081976,95.2523001653981,22.0,14.0,5.0
rc104_21,2,50,all,21,nearest,0.0002131000001099892,2007205.342864846,1798.6657913452566,360.6677073500811,18.0,13.0,2.0
rc104_21,2,50,all,21,grasp,0.11803010000221548,5702.295534446175,1968.869853709583,173.3425680736592,20.0,19.0,0.0
rc104_21,2,50,all,21,mp_eavns,2.5877044000008027,3378.5169471370045,1578.5169471370045,0.0,18.0,13.0,0.0
rc104_21,3,75,depot,1,edd,2.840000161086209e-05,44009782.05681649,4073.8564229802573,250.82003935073317,32.0,5.0,44.0
rc104_21,3,75,depot,1,sweep,1.630000042496249e-05,32006565.762096487,2928.1992880421203,43.756280844536604,32.0,1.0,32.0
rc104_21,3,75,depot,1,nearest,0.00042810000013560057,25007320.54297197,2698.07780881773,192.24651631515704,27.0,0.0,25.0
rc104_21,3,75,depot,1,grasp,0.14974179999990156,26006350.720657192,2867.4588845138364,78.32617726793174,27.0,4.0,26.0
rc104_21,3,75,depot,1,mp_eavns,3.12483710000015,15004960.40783867,2260.4078386698166,0.0,27.0,0.0,15.0
rc104_21,3,75,phased,16,edd,3.6600002204068005e-05,8014897.1739292815,4092.3076302702248,760.4866299010979,32.0,35.0,8.0
rc104_21,3,75,phased,16,sweep,2.1299998479662463e-05,6007077.178795527,2924.65579387287,95.2523001653981,32.0,20.0,6.0
rc104_21,3,75,phased,16,nearest,0.0004222999996272847,4008384.6770948404,2751.1189431697644,293.35581516707873,27.0,18.0,4.0
rc104_21,3,75,phased,16,grasp,0.3638013999989198,7786.7475266925585,3250.241366130399,183.65061605621594,27.0,33.0,0.0
rc104_21,3,75,phased,16,mp_eavns,7.277377599999454,5134.157286780774,2432.437207395702,0.17200793850722107,27.0,19.0,0.0
rc104_21,3,75,all,21,edd,3.2899999496294186e-05,8014732.382462711,4087.1584477273695,744.5224014983419,32.0,35.0,8.0
rc104_21,3,75,all,21,sweep,1.8999999156221747e-05,6007077.178795527,2924.65579387287,95.2523001653981,32.0,20.0,6.0
rc104_21,3,75,all,21,nearest,0.0006630999996559694,4008384.6770948404,2751.1189431697644,293.35581516707873,27.0,18.0,4.0
rc104_21,3,75,all,21,grasp,0.4105401000015263,1007373.2892124898,3286.740385533577,118.65488269562402,29.0,29.0,1.0
rc104_21,3,75,all,21,mp_eavns,9.948824200000672,5035.073120400401,2335.0731204004014,0.0,27.0,19.0,0.0
rc104_21,4,100,depot,1,edd,3.8800000766059384e-05,48014925.87867946,5213.601323655227,551.2277355809571,42.0,9.0,48.0
rc104_21,4,100,depot,1,sweep,2.399999721092172e-05,33008371.728171,3721.9699179789327,44.97582530182949,42.0,2.0,33.0
rc104_21,4,100,depot,1,nearest,0.0007912000000942498,31010174.664378032,3544.967043686832,302.9697334345221,36.0,0.0,31.0
rc104_21,4,100,depot,1,grasp,0.20453210000050603,31010053.571173362,4046.2009036910918,220.73702696702497,38.0,4.0,31.0
rc104_21,4,100,depot,1,mp_eavns,7.374281600001268,16006509.314124176,2909.3141241756257,0.0,36.0,0.0,16.0
rc104_21,4,100,phased,21,edd,4.9799997213995084e-05,17018498.86032275,5248.037694014008,905.0822628738758,42.0,39.0,17.0
rc104_21,4,100,phased,21,sweep,3.440000000409782e-05,6008844.8933122195,3680.17486599219,96.47184462269098,42.0,21.0,6.0
rc104_21,4,100,phased,21,nearest,0.0008425999985774979,5011927.043763073,3595.656990881017,473.13867721921577,36.0,25.0,5.0
rc104_21,4,100,phased,21,grasp,0.7320523999987927,1011267.4594727634,4076.045702814026,359.141376994931,36.0,34.0,1.0
rc104_21,4,100,phased,21,mp_eavns,12.633037100000365,6682.365787228712,3082.365787228712,0.0,36.0,20.0,0.0
rc104_21,4,100,all,21,edd,3.990000186604448e-05,17018498.86032275,5248.037694014008,905.0822628738758,42.0,39.0,17.0
rc104_21,4,100,all,21,sweep,2.5699999241624027e-05,6008844.8933122195,3680.17486599219,96.47184462269098,42.0,21.0,6.0
rc104_21,4,100,all,21,nearest,0.0007162999972933903,5011927.043763073,3595.656990881017,473.13867721921577,36.0,25.0,5.0
rc104_21,4,100,all,21,grasp,0.8019948000001023,10405.244802336398,3872.7673387019354,293.24774636344614,36.0,33.0,0.0
rc104_21,4,100,all,21,mp_eavns,17.340732699998625,6563.375933813524,2963.375933813524,0.0,36.0,21.0,0.0
rc105_21,1,25,depot,1,edd,1.2399999832268804e-05,12003327.535190947,1132.070904161321,109.54642867868768,11.0,1.0,12.0
rc105_21,1,25,depot,1,sweep,7.299997378140688e-06,13004622.986847874,990.4727708800376,253.25140769936442,11.0,0.0,13.0
rc105_21,1,25,depot,1,nearest,7.03999976394698e-05,6008939.493403163,876.8114032887432,706.2681999873998,10.0,0.0,6.0
rc105_21,1,25,depot,1,grasp,0.0064281000013579614,6004047.645413756,902.1003264815852,214.55450872745809,10.0,0.0,6.0
rc105_21,1,25,depot,1,mp_eavns,0.16531129999930272,5001684.208209894,783.1005071312716,0.1107702762748346,9.0,0.0,5.0
rc105_21,1,25,phased,6,edd,1.2699998478638008e-05,3003732.95002565,1110.0133702558007,152.29366553945476,11.0,6.0,3.0
rc105_21,1,25,phased,6,sweep,9.2999980552122e-06,3006901.462173499,1003.3546489476628,479.81075245514944,11.0,6.0,3.0
rc105_21,1,25,phased,6,nearest,7.189999814727344e-05,1008947.7565740445,885.0745741704277,706.2681999873998,10.0,5.0,1.0
rc105_21,1,25,phased,6,grasp,0.01384200000029523,4736.082271373952,946.9844720316705,278.90977993422814,10.0,9.0,0.0
rc105_21,1,25,phased,6,mp_eavns,0.27955110000038985,2498.723843399839,847.6318606644853,75.10919827353538,9.0,6.0,0.0
rc105_21,1,25,all,21,edd,1.1399999493733048e-05,3003732.2551145907,1109.318459196401,152.29366553945476,11.0,6.0,3.0
rc105_21,1,25,all,21,sweep,8.600000001024455e-06,3006901.462173499,1003.3546489476628,479.81075245514944,11.0,6.0,3.0
rc105_21,1,25,all,21,nearest,7.049999840091914e-05,1008947.7565740445,885.0745741704277,706.2681999873998,10.0,5.0,1.0
rc105_21,1,25,all,21,grasp,0.025248999998439103,4858.524317084039,939.6489017912667,291.8875415292772,10.0,9.0,0.0
rc105_21,1,25,all,21,mp_eavns,0.3454273999996076,2060.673304352092,848.2119659665165,31.246133838557554,9.0,7.0,0.0
rc105_21,2,50,depot,1,edd,1.9600000086938962e-05,30011417.682371,2719.7247478418562,649.7957623161615,22.0,4.0,30.0
rc105_21,2,50,depot,1,sweep,1.300000076298602e-05,25008540.4678054,2050.1637645065243,429.0304040894463,22.0,1.0,25.0
rc105_21,2,50,depot,1,nearest,0.00022820000231149606,16014612.986616263,1755.2418613645243,1105.7744754899193,18.0,0.0,16.0
rc105_21,2,50,depot,1,grasp,0.07713099999818951,14010270.942008263,2049.9880896672994,632.0953918596042,19.0,3.0,14.0
rc105_21,2,50,depot,1,mp_eavns,0.911343300002045,10003366.903163144,1566.9031631447053,0.0,18.0,1.0,10.0
rc105_21,2,50,phased,11,edd,2.2000000171829015e-05,7013901.867926129,2631.054799171567,907.0813126957571,22.0,19.0,7.0
rc105_21,2,50,phased,11,sweep,1.4400000509340316e-05,5010530.048989299,2038.3710040081976,629.1677985290938,22.0,14.0,5.0
rc105_21,2,50,phased,11,nearest,0.000216199998249067,2016811.2859259974,1794.3612086685855,1321.6924717328839,18.0,13.0,2.0
rc105_21,2,50,phased,11,grasp,0.11702799999693525,10354.99810697067,2059.457329299285,639.5540777671386,19.0,19.0,0.0
rc105_21,2,50,phased,11,mp_eavns,2.315729800000554,4166.282559043822,1615.1905763084685,75.10919827353538,18.0,12.0,0.0
rc105_21,2,50,all,21,edd,1.9600000086938962e-05,7013901.867926129,2631.054799171567,907.0813126957571,22.0,19.0,7.0
rc105_21,2,50,all,21,sweep,1.4400000509340316e-05,5010530.048989299,2038.3710040081976,629.1677985290938,22.0,14.0,5.0
rc105_21,2,50,all,21,nearest,0.00021269999706419185,2016811.2859259974,1794.3612086685855,1321.6924717328839,18.0,13.0,2.0
rc105_21,2,50,all,21,grasp,0.19192560000010417,6236.337044282622,1881.910220934217,255.44268233484047,18.0,20.0,0.0
rc105_21,2,50,all,21,mp_eavns,3.3093736999981047,3729.050645205119,1616.5893068195435,31.246133838557554,18.0,13.0,0.0
rc105_21,3,75,depot,1,edd,3.0399998649954796e-05,45015093.20073911,4248.9898612787865,754.4210877827695,33.0,8.0,45.0
rc105_21,3,75,depot,1,sweep,1.6699999832781032e-05,32015778.972522847,2928.1992880421203,965.077323480436,32.0,1.0,32.0
rc105_21,3,75,depot,1,nearest,0.00042970000140485354,25020533.82726863,2698.07780881773,1513.5749459812178,27.0,0.0,25.0
rc105_21,3,75,depot,1,grasp,0.13935700000001816,24011541.5287498,2948.7149993405324,589.2813750461878,27.0,2.0,24.0
rc105_21,3,75,depot,1,mp_eavns,3.428757300000143,15005125.111486344,2425.111486344246,0.0,27.0,2.0,15.0
rc105_21,3,75,phased,16,edd,4.859999899053946e-05,14021338.924399555,4201.113426188895,1383.7810973366322,33.0,34.0,14.0
rc105_21,3,75,phased,16,sweep,2.6300000172341242e-05,6017776.802973074,2924.65579387287,1165.2147179200836,32.0,20.0,6.0
rc105_21,3,75,phased,16,nearest,0.0004498000016610604,4022449.0967858494,2751.1189431697644,1699.7977842679695,27.0,18.0,4.0
rc105_21,3,75,phased,16,grasp,0.5085400999996637,14675.395986598975,3302.861359997386,857.2534626601588,28.0,34.0,0.0
rc105_21,3,75,phased,16,mp_eavns,6.1226140999970085,5857.5421096873,2406.4501269519455,75.10919827353538,27.0,17.0,0.0
rc105_21,3,75,all,21,edd,4.8400001105619594e-05,14021338.924399555,4201.113426188895,1383.7810973366322,33.0,34.0,14.0
rc105_21,3,75,all,21,sweep,2.2300002456177026e-05,6017776.802973074,2924.65579387287,1165.2147179200836,32.0,20.0,6.0
rc105_21,3,75,all,21,nearest,0.00045200000022305176,4022449.0967858494,2751.1189431697644,1699.7977842679695,27.0,18.0,4.0
rc105_21,3,75,all,21,grasp,0.4861399999972491,1016284.8209456491,3158.62205322448,1032.6198892424554,28.0,26.0,1.0
rc105_21,3,75,all,21,mp_eavns,5.647918499998923,5392.049708297732,2379.588369912156,31.246133838557554,27.0,18.0,0.0
rc105_21,4,100,depot,1,edd,3.619999915827066e-05,54019439.580060914,5588.322880246159,935.1257180667039,45.0,12.0,54.0
rc105_21,4,100,depot,1,sweep,2.13999992411118e-05,33020132.73434784,3721.9699179789327,1221.0764429859203,42.0,2.0,33.0
rc105_21,4,100,depot,1,nearest,0.0007366999998339452,31022469.347929295,3544.967043686832,1532.4380885608869,36.0,0.0,31.0
rc105_21,4,100,depot,1,grasp,0.29238709999845014,31021209.35677877,4303.246750526494,1320.6110028242845,37.0,10.0,31.0
rc105_21,4,100,depot,1,mp_eavns,7.043367099999159,16006762.236590428,3062.2365904281105,0.0,37.0,0.0,16.0
rc105_21,4,100,phased,21,edd,8.660000094096176e-05,14026959.076647269,5550.775229454572,1690.8301417814564,45.0,46.0,14.0
rc105_21,4,100,phased,21,sweep,5.569999848376028e-05,6021887.52439449,3680.17486599219,1400.734952849784,42.0,21.0,6.0
rc105_21,4,100,phased,21,nearest,0.001476999997976236,5025819.261120409,3595.656990881017,1862.3604129527525,36.0,25.0,5.0
rc105_21,4,100,phased,21,grasp,1.1692819000018062,2018823.394269794,4040.636882460095,1118.2757387333977,36.0,33.0,2.0
rc105_21,4,100,phased,21,mp_eavns,15.634502100001555,6981.508188416623,3052.7358137344618,32.877237468216066,36.0,20.0,0.0
rc105_21,4,100,all,21,edd,4.459999763639644e-05,14026959.076647269,5550.775229454572,1690.8301417814564,45.0,46.0,14.0
rc105_21,4,100,all,21,sweep,2.5700002879602835e-05,6021887.52439449,3680.17486599219,1400.734952849784,42.0,21.0,6.0
rc105_21,4,100,all,21,nearest,0.0007175999999162741,5025819.261120409,3595.656990881017,1862.3604129527525,36.0,25.0,5.0
rc105_21,4,100,all,21,grasp,1.0909477999994124,1019914.0075052459,4022.119674844334,1219.1887830401479,37.0,31.0,1.0
rc105_21,4,100,all,21,mp_eavns,18.922064000002138,7070.489265094983,3058.027926709408,31.246133838557554,37.0,21.0,0.0
rc105C5,1,2,depot,1,edd,4.599998646881431e-06,167.52631635038517,67.52631635038516,0.0,1.0,0.0,0.0
rc105C5,1,2,depot,1,sweep,2.2000021999701858e-06,167.52631635038517,67.52631635038516,0.0,1.0,0.0,0.0
rc105C5,1,2,depot,1,nearest,7.700000423938036e-06,259.88015696709857,67.52631635038517,9.23538406167134,1.0,0.0,0.0
rc105C5,1,2,depot,1,grasp,0.00011889999950653873,167.52631635038517,67.52631635038516,0.0,1.0,0.0,0.0
rc105C5,1,2,depot,1,mp_eavns,0.0009868999986792915,167.52631635038517,67.52631635038516,0.0,1.0,0.0,0.0
rc105C5,1,2,phased,2,edd,1.8999999156221747e-06,167.52631635038517,67.52631635038516,0.0,1.0,0.0,0.0
rc105C5,1,2,phased,2,sweep,2.2000021999701858e-06,167.52631635038517,67.52631635038516,0.0,1.0,0.0,0.0
rc105C5,1,2,phased,2,nearest,3.7999998312443495e-06,259.88015696709857,67.52631635038517,9.23538406167134,1.0,0.0,0.0
rc105C5,1,2,phased,2,grasp,0.00010550000297371298,167.52631635038517,67.52631635038516,0.0,1.0,0.0,0.0
rc105C5,1,2,phased,2,mp_eavns,0.0009657000009610783,167.52631635038517,67.52631635038516,0.0,1.0,0.0,0.0
rc105C5,1,2,all,4,edd,1.6999983927235007e-06,167.52631635038517,67.52631635038516,0.0,1.0,0.0,0.0
rc105C5,1,2,all,4,sweep,1.3999997463542968e-06,167.52631635038517,67.52631635038516,0.0,1.0,0.0,0.0
rc105C5,1,2,all,4,nearest,3.7000027077738196e-06,259.88015696709857,67.52631635038517,9.23538406167134,1.0,0.0,0.0
rc105C5,1,2,all,4,grasp,0.00010300000212737359,167.52631635038517,67.52631635038516,0.0,1.0,0.0,0.0
rc105C5,1,2,all,4,mp_eavns,0.000981000001047505,167.52631635038517,67.52631635038516,0.0,1.0,0.0,0.0
rc105C5,2,3,depot,1,edd,2.5000008463393897e-06,1000347.6877395981,147.68773959806052,0.0,2.0,0.0,1.0
rc105C5,2,3,depot,1,sweep,2.2999993234407157e-06,337.5263163503852,137.52631635038517,0.0,2.0,0.0,0.0
rc105C5,2,3,depot,1,nearest,6.000002031214535e-06,429.88015696709857,137.52631635038517,9.23538406167134,2.0,0.0,0.0
rc105C5,2,3,depot,1,grasp,0.00016509999841218814,337.5263163503852,137.52631635038517,0.0,2.0,0.0,0.0
rc105C5,2,3,depot,1,mp_eavns,0.0021239999987301417,337.5263163503852,137.52631635038517,0.0,2.0,0.0,0.0
rc105C5,2,3,phased,3,edd,2.6000016077887267e-06,1000347.6877395981,147.68773959806052,0.0,2.0,0.0,1.0
rc105C5,2,3,phased,3,sweep,2.2999993234407157e-06,337.5263163503852,137.52631635038517,0.0,2.0,0.0,0.0
rc105C5,2,3,phased,3,nearest,5.699999746866524e-06,429.88015696709857,137.52631635038517,9.23538406167134,2.0,0.0,0.0
rc105C5,2,3,phased,3,grasp,0.0001807000007829629,337.5263163503852,137.52631635038517,0.0,2.0,0.0,0.0
rc105C5,2,3,phased,3,mp_eavns,0.002193800002714852,337.5263163503852,137.52631635038517,0.0,2.0,0.0,0.0
rc105C5,2,3,all,4,edd,4.099998477613553e-06,1000347.6877395981,147.68773959806052,0.0,2.0,0.0,1.0
rc105C5,2,3,all,4,sweep,2.1000014385208488e-06,337.5263163503852,137.52631635038517,0.0,2.0,0.0,0.0
rc105C5,2,3,all,4,nearest,5.599998985417187e-06,429.88015696709857,137.52631635038517,9.23538406167134,2.0,0.0,0.0
rc105C5,2,3,all,4,grasp,0.00018309999722987413,337.5263163503852,137.52631635038517,0.0,2.0,0.0,0.0
rc105C5,2,3,all,4,mp_eavns,0.0022802999992563855,337.5263163503852,137.52631635038517,0.0,2.0,0.0,0.0
rc105C5,3,4,depot,1,edd,2.4000000848900527e-06,2000533.7109922685,233.71099226848676,0.0,3.0,0.0,2.0
rc105C5,3,4,depot,1,sweep,2.3000029614195228e-06,1000523.5495690209,223.54956902081142,0.0,3.0,0.0,1.0
rc105C5,3,4,depot,1,nearest,6.900001608300954e-06,1000615.9034096375,223.54956902081142,9.23538406167134,3.0,0.0,1.0
rc105C5,3,4,depot,1,grasp,0.00023430000146618113,1000523.5495690209,223.54956902081142,0.0,3.0,0.0,1.0
rc105C5,3,4,depot,1,mp_eavns,0.0045992000013939105,1000523.5495690209,223.54956902081142,0.0,3.0,0.0,1.0
rc105C5,3,4,phased,4,edd,4.599998646881431e-06,1000535.4787115426,235.47871154257805,0.0,3.0,1.0,1.0
rc105C5,3,4,phased,4,sweep,4.5000015234109014e-06,525.3172882949027,225.3172882949027,0.0,3.0,1.0,0.0
rc105C5,3,4,phased,4,nearest,1.0299998393747956e-05,617.671128911616,225.3172882949027,9.23538406167134,3.0,1.0,0.0
rc105C5,3,4,phased,4,grasp,0.00043589999768300913,525.3172882949027,225.3172882949027,0.0,3.0,1.0,0.0
rc105C5,3,4,phased,4,mp_eavns,0.007749399999738671,525.3172882949027,225.3172882949027,0.0,3.0,1.0,0.0
rc105C5,3,4,all,4,edd,4.900000931229442e-06,1000535.4787115426,235.47871154257805,0.0,3.0,1.0,1.0
rc105C5,3,4,all,4,sweep,4.599998646881431e-06,525.3172882949027,225.3172882949027,0.0,3.0,1.0,0.0
rc105C5,3,4,all,4,nearest,1.3199998647905886e-05,617.671128911616,225.3172882949027,9.23538406167134,3.0,1.0,0.0
rc105C5,3,4,all,4,grasp,0.00042209999810438603,525.3172882949027,225.3172882949027,0.0,3.0,1.0,0.0
rc105C5,3,4,all,4,mp_eavns,0.0073015000016312115,525.3172882949027,225.3172882949027,0.0,3.0,1.0,0.0
rc105C5,4,5,depot,1,edd,4.499997885432094e-06,2000661.995263516,261.9952635159487,0.0,4.0,0.0,2.0
rc105C5,4,5,depot,1,sweep,4.0000013541430235e-06,1000651.8338402683,251.83384026827332,0.0,4.0,0.0,1.0
rc105C5,4,5,depot,1,nearest,1.2799999240087345e-05,1000669.245106313,269.2451063129835,0.0,4.0,0.0,1.0
rc105C5,4,5,depot,1,grasp,0.0002975999996124301,1000651.8338402683,251.83384026827332,0.0,4.0,0.0,1.0
rc105C5,4,5,depot,1,mp_eavns,0.009783299999980954,1000651.8338402683,251.83384026827332,0.0,4.0,0.0,1.0
rc105C5,4,5,phased,4,edd,6.900001608300954e-06,1000663.76298279,263.76298279004,0.0,4.0,1.0,1.0
rc105C5,4,5,phased,4,sweep,6.199999916134402e-06,653.6015595423646,253.6015595423646,0.0,4.0,1.0,0.0
rc105C5,4,5,phased,4,nearest,1.6400001186411828e-05,671.0128255870748,271.0128255870748,0.0,4.0,1.0,0.0
rc105C5,4,5,phased,4,grasp,0.0005114999985380564,653.6015595423646,253.6015595423646,0.0,4.0,1.0,0.0
rc105C5,4,5,phased,4,mp_eavns,0.011461999998573447,653.6015595423646,253.6015595423646,0.0,4.0,1.0,0.0
rc105C5,4,5,all,4,edd,6.70000008540228e-06,1000663.76298279,263.76298279004,0.0,4.0,1.0,1.0
rc105C5,4,5,all,4,sweep,4.800000169780105e-06,653.6015595423646,253.6015595423646,0.0,4.0,1.0,0.0
rc105C5,4,5,all,4,nearest,1.300000076298602e-05,671.0128255870748,271.0128255870748,0.0,4.0,1.0,0.0
rc105C5,4,5,all,4,grasp,0.00047789999734959565,653.6015595423646,253.6015595423646,0.0,4.0,1.0,0.0
rc105C5,4,5,all,4,mp_eavns,0.007768100000248523,653.6015595423646,253.6015595423646,0.0,4.0,1.0,0.0
rc106_21,1,25,depot,1,edd,1.0200001270277426e-05,10002193.46609303,1054.1326011168628,3.9333491913646554,11.0,0.0,10.0
rc106_21,1,25,depot,1,sweep,7.400001777568832e-06,13003192.276169755,990.4727708800376,110.18033988749895,11.0,0.0,13.0
rc106_21,1,25,depot,1,nearest,7.049999840091914e-05,6006121.252266817,876.8114032887432,424.44408635280183,10.0,0.0,6.0
rc106_21,1,25,depot,1,grasp,0.006647499998507556,7003201.236556121,920.9543254940846,128.02822306272645,10.0,0.0,7.0
rc106_21,1,25,depot,1,mp_eavns,0.16472389999762527,5001641.38699779,741.3869977901957,0.0,9.0,0.0,5.0
rc106_21,1,25,phased,6,edd,1.3299999409355223e-05,4002365.225366422,1085.050780950184,18.017458547201173,11.0,5.0,4.0
rc106_21,1,25,phased,6,sweep,9.199997293762863e-06,3004830.7514953804,1003.3546489476628,272.739684643284,11.0,6.0,3.0
rc106_21,1,25,phased,6,nearest,7.280000136233866e-05,1006129.5154376985,885.0745741704277,424.44408635280183,10.0,5.0,1.0
rc106_21,1,25,phased,6,grasp,0.01551100000142469,1003069.2312115259,953.2279369674912,111.60032745583912,10.0,7.0,1.0
rc106_21,1,25,phased,6,mp_eavns,0.3112175999995088,1735.4766356934856,835.4766356934855,0.0,9.0,7.0,0.0
rc106_21,1,25,all,21,edd,1.2300002708798274e-05,4002357.879879019,1077.705293547438,18.017458547201173,11.0,5.0,4.0
rc106_21,1,25,all,21,sweep,9.399998816661537e-06,3004830.7514953804,1003.3546489476628,272.739684643284,11.0,6.0,3.0
rc106_21,1,25,all,21,nearest,7.519999780924991e-05,1006129.5154376985,885.0745741704277,424.44408635280183,10.0,5.0,1.0
rc106_21,1,25,all,21,grasp,0.029930900000181282,1002299.2607218904,955.5328243574438,34.37278975329366,10.0,8.0,1.0
rc106_21,1,25,all,21,mp_eavns,0.2622609999998531,1759.074151573685,842.8047817635019,1.6269369810183036,9.0,6.0,0.0
rc106_21,2,50,depot,1,edd,1.97000008483883e-05,27005951.765871417,2527.8518635516334,122.39140078635522,22.0,3.0,27.0
rc106_21,2,50,depot,1,sweep,1.2000000424450263e-05,25006958.26031292,2050.1637645065243,270.8096548412916,22.0,1.0,25.0
rc106_21,2,50,depot,1,nearest,0.00020950000180164352,16012241.755560007,1755.2418613645243,868.6513698643016,18.0,0.0,16.0
rc106_21,2,50,depot,1,grasp,0.05310330000065733,14010562.944333391,1990.2961081491787,667.2648225242908,19.0,3.0,14.0
rc106_21,2,50,depot,1,mp_eavns,1.0258826999997837,12003337.906543888,1537.9065438873754,0.0,18.0,0.0,12.0
rc106_21,2,50,phased,11,edd,2.229999881819822e-05,7008353.93075956,2487.4361440516336,366.6494615508983,22.0,16.0,7.0
rc106_21,2,50,phased,11,sweep,1.4499997632810846e-05,5008307.841496818,2038.3710040081976,406.9470492809392,22.0,14.0,5.0
rc106_21,2,50,phased,11,nearest,0.00021389999892562628,2014140.0548697412,1794.3612086685855,1054.5693661072662,18.0,13.0,2.0
rc106_21,2,50,phased,11,grasp,0.1679842000012286,6586.434747258289,1895.1999983664307,279.1234748891858,19.0,17.0,0.0
rc106_21,2,50,phased,11,mp_eavns,1.9958512999983213,3398.7940354890807,1598.7940354890804,0.0,18.0,11.0,0.0
rc106_21,2,50,all,21,edd,2.2099997295299545e-05,7008353.93075956,2487.4361440516336,366.6494615508983,22.0,16.0,7.0
rc106_21,2,50,all,21,sweep,1.5400000847876072e-05,5008307.841496818,2038.3710040081976,406.9470492809392,22.0,14.0,5.0
rc106_21,2,50,all,21,nearest,0.00021769999875687063,2014140.0548697412,1794.3612086685855,1054.5693661072662,18.0,13.0,2.0
rc106_21,2,50,all,21,grasp,0.20872070000041276,1008844.1166313685,2001.1031435702162,494.30134877982954,19.0,16.0,1.0
rc106_21,2,50,all,21,mp_eavns,2.2645541000019875,3434.183184754678,1617.9138149444952,1.6269369810183036,18.0,12.0,0.0
rc106_21,3,75,depot,1,edd,3.0300001526484266e-05,44010045.6250257,3849.088334207627,299.65366914912,32.0,6.0,44.0
rc106_21,3,75,depot,1,sweep,1.8300001102034003e-05,32012411.910899166,2928.1992880421203,628.3711611123133,32.0,1.0,32.0
rc106_21,3,75,depot,1,nearest,0.00045390000013867393,26013596.135100838,2703.20206081961,819.2933040018631,27.0,0.0,26.0
rc106_21,3,75,depot,1,grasp,0.14506110000002082,22011410.588753767,2792.3388006939645,591.8249953074319,27.0,2.0,22.0
rc106_21,3,75,depot,1,mp_eavns,2.5948232999980974,19005072.256221358,2372.2562213588208,0.0,27.0,0.0,19.0
rc106_21,3,75,phased,16,edd,4.940000144415535e-05,13014750.030055193,3847.6407771678573,770.2389278024463,32.0,30.0,13.0
rc106_21,3,75,phased,16,sweep,2.4599998141638935e-05,6013769.741349393,2924.65579387287,764.5085555519611,32.0,20.0,6.0
rc106_21,3,75,phased,16,nearest,0.00042630000098142773,5016351.335927794,2746.884810044518,1090.4451117749309,27.0,17.0,5.0
rc106_21,3,75,phased,16,grasp,0.523042600001645,17596.99854646083,3052.133285363653,1174.4865261097177,28.0,30.0,0.0
rc106_21,3,75,phased,16,mp_eavns,8.601711100000102,5211.5462176630845,2411.5462176630845,0.0,28.0,17.0,0.0
rc106_21,3,75,all,21,edd,3.230000220355578e-05,13014749.335144132,3846.9458661084573,770.2389278024463,32.0,30.0,13.0
rc106_21,3,75,all,21,sweep,2.010000025620684e-05,6013769.741349393,2924.65579387287,764.5085555519611,32.0,20.0,6.0
rc106_21,3,75,all,21,nearest,0.0004275999999663327,5016351.335927794,2746.884810044518,1090.4451117749309,27.0,17.0,5.0
rc106_21,3,75,all,21,grasp,0.5625656999982311,2011535.773077381,2931.441791244608,580.433128613656,28.0,24.0,2.0
rc106_21,3,75,all,21,mp_eavns,13.8611204000008,5248.147492493012,2431.8781226828282,1.6269369810183036,28.0,18.0,0.0
rc106_21,4,100,depot,1,edd,6.10999995842576e-05,52016163.690756366,5575.442787685786,628.8247968681263,43.0,11.0,52.0
rc106_21,4,100,depot,1,sweep,4.3399999412940815e-05,33017591.172248032,3721.9699179789327,966.9202330054471,42.0,2.0,33.0
rc106_21,4,100,depot,1,nearest,0.0013575999983004294,31018609.669649094,3544.967043686832,1146.4702605405732,36.0,0.0,31.0
rc106_21,4,100,depot,1,grasp,0.3386181999994733,28016541.04085531,3961.058393160653,897.9982462149037,36.0,5.0,28.0
rc106_21,4,100,depot,1,mp_eavns,4.837776600001234,18006591.139792148,2991.1397921485145,0.0,36.0,1.0,18.0
rc106_21,4,100,phased,21,edd,4.739999712910503e-05,20020955.17885729,5570.789097935409,1108.4389759352264,43.0,39.0,20.0
rc106_21,4,100,phased,21,sweep,2.680000034160912e-05,6018285.491891018,3680.17486599219,1040.5317025025863,42.0,21.0,6.0
rc106_21,4,100,phased,21,nearest,0.0007707000004302245,5021670.188580526,3595.656990881017,1447.453158964473,36.0,25.0,5.0
rc106_21,4,100,phased,21,grasp,1.149461799999699,2016579.2271849469,4182.931492127506,869.6295692819284,37.0,39.0,2.0
rc106_21,4,100,phased,21,mp_eavns,19.696739300001354,6717.017411096393,3117.017411096392,0.0,36.0,22.0,0.0
rc106_21,4,100,all,21,edd,6.399999983841553e-05,20020955.17885729,5570.789097935409,1108.4389759352264,43.0,39.0,20.0
rc106_21,4,100,all,21,sweep,4.479999915929511e-05,6018285.491891018,3680.17486599219,1040.5317025025863,42.0,21.0,6.0
rc106_21,4,100,all,21,nearest,0.0012816000016755424,5021670.188580526,3595.656990881017,1447.453158964473,36.0,25.0,5.0
rc106_21,4,100,all,21,grasp,1.1549460000023828,1021274.1324509889,4105.9499028123,1346.8182548176512,37.0,35.0,1.0
rc106_21,4,100,all,21,mp_eavns,13.76151960000061,6809.041946303697,3092.772576493514,1.6269369810183036,37.0,20.0,0.0
rc107_21,1,25,depot,1,edd,1.2700002116616815e-05,12002195.264517972,1011.9511875180618,8.331333045474608,11.0,0.0,12.0
rc107_21,1,25,depot,1,sweep,7.200000254670158e-06,13002590.47277088,990.4727708800376,50.0,11.0,0.0,13.0
rc107_21,1,25,depot,1,nearest,7.100000220816582e-05,6003964.653757155,876.8114032887432,208.7842353865984,10.0,0.0,6.0
rc107_21,1,25,depot,1,grasp,0.006175899998197565,5002196.437699616,799.8710925576593,49.656660705792206,9.0,0.0,5.0
rc107_21,1,25,depot,1,mp_eavns,0.22385660000145435,4001797.9407163193,797.9407163193054,0.0,10.0,0.0,4.0
rc107_21,1,25,phased,6,edd,1.3799999578623101e-05,2002263.3757946882,1045.9819313011508,11.739386338718148,11.0,8.0,2.0
rc107_21,1,25,phased,6,sweep,8.899998647393659e-06,3003908.9480965054,1003.3546489476628,180.55934475578508,11.0,6.0,3.0
rc107_21,1,25,phased,6,nearest,7.389999882434495e-05,1003972.9169280364,885.0745741704277,208.7842353865984,10.0,5.0,1.0
rc107_21,1,25,phased,6,grasp,0.012201900000945898,1001936.6765312668,936.6765312667815,0.0,10.0,5.0,1.0
rc107_21,1,25,phased,6,mp_eavns,0.2577774999990652,1736.958751150492,836.9587511504918,0.0,9.0,7.0,0.0
rc107_21,1,25,all,21,edd,1.3100001524435356e-05,2002262.680883629,1045.287020241751,11.739386338718148,11.0,8.0,2.0
rc107_21,1,25,all,21,sweep,1.0100000508828089e-05,3003908.9480965054,1003.3546489476628,180.55934475578508,11.0,6.0,3.0
rc107_21,1,25,all,21,nearest,7.480000203941017e-05,1003972.9169280364,885.0745741704277,208.7842353865984,10.0,5.0,1.0
rc107_21,1,25,all,21,grasp,0.027029300003050594,2726.9634966361277,1050.0497981029553,67.69136985331724,10.0,10.0,0.0
rc107_21,1,25,all,21,mp_eavns,0.437578900000517,1734.5332933308487,834.5332933308488,0.0,9.0,7.0,0.0
rc107_21,2,50,depot,1,edd,2.0699997548945248e-05,20004708.80711153,2211.915345981618,39.68917655494978,21.0,3.0,20.0
rc107_21,2,50,depot,1,sweep,1.3199998647905886e-05,25005487.953728408,2050.1637645065243,123.77899639008184,22.0,1.0,25.0
rc107_21,2,50,depot,1,nearest,0.0002266000010422431,16006022.669595651,1755.2418613645243,246.74277342868274,18.0,0.0,16.0
rc107_21,2,50,depot,1,grasp,0.04614009999932023,13005803.837220991,2086.0387993472013,171.77984216446168,20.0,3.0,13.0
rc107_21,2,50,depot,1,mp_eavns,1.377212999999756,10003432.994846903,1532.9948469021679,0.0,19.0,0.0,10.0
rc107_21,2,50,phased,11,edd,2.2500000341096893e-05,6004746.6477598455,2227.434547282357,41.92132125631214,21.0,17.0,6.0
rc107_21,2,50,phased,11,sweep,1.5199999324977398e-05,5006517.534912306,2038.3710040081976,227.91639082972952,22.0,14.0,5.0
rc107_21,2,50,phased,11,nearest,0.00022570000146515667,2006529.875916866,1794.3612086685855,293.5514708197257,18.0,13.0,2.0
rc107_21,2,50,phased,11,grasp,0.13847630000236677,1004174.4134759847,1957.4495493418585,41.69639266428226,18.0,18.0,1.0
rc107_21,2,50,phased,11,mp_eavns,2.7686781999982486,3411.121115497454,1611.121115497454,0.0,18.0,12.0,0.0
rc107_21,2,50,all,21,edd,2.3600001441081986e-05,6004739.302272443,2220.089059879611,41.92132125631214,21.0,17.0,6.0
rc107_21,2,50,all,21,sweep,1.5199999324977398e-05,5006517.534912306,2038.3710040081976,227.91639082972952,22.0,14.0,5.0
rc107_21,2,50,all,21,nearest,0.00021920000290265307,2006529.875916866,1794.3612086685855,293.5514708197257,18.0,13.0,2.0
rc107_21,2,50,all,21,grasp,0.16060460000153398,1004160.2026890615,1959.8764125892858,40.03262764722649,18.0,17.0,1.0
rc107_21,2,50,all,21,mp_eavns,2.746687999999267,3408.695657677811,1608.695657677811,0.0,18.0,12.0,0.0
rc107_21,3,75,depot,1,edd,3.189999915775843e-05,44007776.9669557,3922.330377471575,65.46365782275885,32.0,4.0,44.0
rc107_21,3,75,depot,1,sweep,1.6699999832781032e-05,32009033.160212617,2928.1992880421203,290.4960924573916,32.0,1.0,32.0
rc107_21,3,75,depot,1,nearest,0.0005213000004005153,26008607.877299137,2703.20206081961,320.4675238316404,27.0,0.0,26.0
rc107_21,3,75,depot,1,grasp,0.11859790000016801,22008107.549711853,2880.937992114214,252.66117197400385,27.0,3.0,22.0
rc107_21,3,75,depot,1,mp_eavns,3.2125691000001098,15005086.064167224,2386.06416722299,0.0,27.0,2.0,15.0
rc107_21,3,75,phased,16,edd,9.139999747276306e-05,12010863.452321,3928.695221031847,373.47570999689304,32.0,30.0,12.0
rc107_21,3,75,phased,16,sweep,0.0001334000007773284,6010070.990662843,2924.65579387287,394.6334868970393,32.0,20.0,6.0
rc107_21,3,75,phased,16,nearest,0.0008121999999275431,5009461.9851375725,2746.884810044518,401.5100327527863,27.0,17.0,5.0
rc107_21,3,75,phased,16,grasp,0.48171520000323653,11155.786215375574,3442.1023806152807,501.3683834760293,27.0,34.0,0.0
rc107_21,3,75,phased,16,mp_eavns,7.219958600002428,5176.779733875018,2476.779733875018,0.0,27.0,20.0,0.0
rc107_21,3,75,all,21,edd,3.740000101970509e-05,12010863.452321,3928.695221031847,373.47570999689304,32.0,30.0,12.0
rc107_21,3,75,all,21,sweep,1.9499999325489625e-05,6010070.990662843,2924.65579387287,394.6334868970393,32.0,20.0,6.0
rc107_21,3,75,all,21,nearest,0.00040670000089448877,5009461.9851375725,2746.884810044518,401.5100327527863,27.0,17.0,5.0
rc107_21,3,75,all,21,grasp,0.4664461000029405,7418.079222979104,3002.4122183513423,161.56670046277623,28.0,26.0,0.0
rc107_21,3,75,all,21,mp_eavns,7.686195199999929,5174.3542760553755,2474.3542760553755,0.0,27.0,20.0,0.0
rc107_21,4,100,depot,1,edd,4.0400002035312355e-05,45014898.79567729,5403.35055811765,549.5445119174915,40.0,15.0,45.0
rc107_21,4,100,depot,1,sweep,2.30999976338353e-05,33011151.42251373,3721.9699179789327,322.9452595752265,42.0,2.0,33.0
rc107_21,4,100,depot,1,nearest,0.0007423999995808117,31011319.645733584,3544.967043686832,417.4678689895239,36.0,0.0,31.0
rc107_21,4,100,depot,1,grasp,0.3135662000022421,30011864.617537796,3766.6554948325884,449.7962042963715,36.0,5.0,30.0
rc107_21,4,100,depot,1,mp_eavns,5.772938599999179,15006624.776354466,3024.776354465823,0.0,36.0,2.0,15.0
rc107_21,4,100,phased,21,edd,4.2100000428035855e-05,10018972.570500711,5312.476066168959,966.0094434542262,40.0,41.0,10.0
rc107_21,4,100,phased,21,sweep,2.5400000595254824e-05,6012151.001406141,3680.17486599219,427.08265401487415,42.0,21.0,6.0
rc107_21,4,100,phased,21,nearest,0.0007160999994084705,5013316.906209559,3595.656990881017,612.1249218678379,36.0,25.0,5.0
rc107_21,4,100,phased,21,grasp,1.035309099999722,1011499.6493940256,3875.6270974972363,402.4022296528352,36.0,32.0,1.0
rc107_21,4,100,phased,21,mp_eavns,16.477452700000867,6760.83882649636,3160.8388264963596,0.0,36.0,24.0,0.0
rc107_21,4,100,all,21,edd,3.909999941242859e-05,10018972.570500711,5312.476066168959,966.0094434542262,40.0,41.0,10.0
rc107_21,4,100,all,21,sweep,2.4600001779617742e-05,6012151.001406141,3680.17486599219,427.08265401487415,42.0,21.0,6.0
rc107_21,4,100,all,21,nearest,0.0007465999988198746,5013316.906209559,3595.656990881017,612.1249218678379,36.0,25.0,5.0
rc107_21,4,100,all,21,grasp,1.0861579999982496,13291.878742710198,4000.542300977229,569.133644173297,36.0,38.0,0.0
rc107_21,4,100,all,21,mp_eavns,17.55429869999716,6759.108279736117,3159.108279736117,0.0,36.0,24.0,0.0
rc108_21,1,25,depot,1,edd,1.889999839477241e-05,9002540.90939991,1085.313037819151,35.55963620904234,11.0,1.0,9.0
rc108_21,1,25,depot,1,sweep,1.2000000424450263e-05,13002340.47277088,990.4727708800376,25.0,11.0,0.0,13.0
rc108_21,1,25,depot,1,nearest,0.00011969999832217582,6002828.476216011,876.8114032887432,95.16648127217714,10.0,0.0,6.0
rc108_21,1,25,depot,1,grasp,0.010383900000306312,6001877.556428705,877.5564287054146,0.0,10.0,0.0,6.0
rc108_21,1,25,depot,1,mp_eavns,0.19342129999859026,4001786.186306939,786.1863069387975,0.0,10.0,0.0,4.0
rc108_21,1,25,phased,6,edd,1.2000000424450263e-05,1002287.0486257726,1089.7749564428568,9.727366932969716,11.0,8.0,1.0
rc108_21,1,25,phased,6,sweep,1.1399999493733048e-05,3003159.718597474,1003.3546489476628,105.63639485261862,11.0,6.0,3.0
rc108_21,1,25,phased,6,nearest,7.650000043213367e-05,1002836.7393868922,885.0745741704277,95.16648127217714,10.0,5.0,1.0
rc108_21,1,25,phased,6,grasp,0.015606400000251597,1975.874076525306,975.8740765253061,0.0,10.0,9.0,0.0
rc108_21,1,25,phased,6,mp_eavns,0.19847219999792287,1704.6844545346748,804.6844545346747,0.0,9.0,6.0,0.0
rc108_21,1,25,all,21,edd,1.2399999832268804e-05,1002286.3537147131,1089.080045383457,9.727366932969716,11.0,8.0,1.0
rc108_21,1,25,all,21,sweep,9.60000033956021e-06,3003159.718597474,1003.3546489476628,105.63639485261862,11.0,6.0,3.0
rc108_21,1,25,all,21,nearest,6.98000003467314e-05,1002836.7393868922,885.0745741704277,95.16648127217714,10.0,5.0,1.0
rc108_21,1,25,all,21,grasp,0.016312899999320507,1001969.2915880075,929.8488689075098,3.944271909999159,10.0,7.0,1.0
rc108_21,1,25,all,21,mp_eavns,0.33114300000306685,1722.95970785742,822.95970785742,0.0,9.0,6.0,0.0
rc108_21,2,50,depot,1,edd,3.719999949680641e-05,21004388.35211352,2288.3521135176034,0.0,21.0,3.0,21.0
rc108_21,2,50,depot,1,sweep,2.390000008745119e-05,25004927.726572953,2050.1637645065243,67.75628084453663,22.0,1.0,25.0
rc108_21,2,50,depot,1,nearest,0.0003775000004679896,16004460.904645057,1755.3511880172796,90.55534570397013,18.0,0.0,16.0
rc108_21,2,50,depot,1,grasp,0.06758780000018305,13003711.017856028,1768.2167571346317,14.280109889280524,18.0,1.0,13.0
rc108_21,2,50,depot,1,mp_eavns,1.212839100000565,10003374.667216888,1574.6672168873822,0.0,18.0,0.0,10.0
rc108_21,2,50,phased,11,edd,4.3799998820759356e-05,4005231.4824174303,2264.1574693575067,86.73249480729183,21.0,15.0,4.0
rc108_21,2,50,phased,11,sweep,4.569999873638153e-05,5005458.078257819,2038.3710040081976,121.97072538101781,22.0,14.0,5.0
rc108_21,2,50,phased,11,nearest,0.00037990000055287965,2004620.2866280735,1798.6657913452566,102.16208367284018,18.0,13.0,2.0
rc108_21,2,50,phased,11,grasp,0.14710820000254898,4535.147365855325,1887.9836527313785,84.71637131239464,18.0,15.0,0.0
rc108_21,2,50,phased,11,mp_eavns,2.3206497999999556,3392.2572326685104,1592.2572326685106,0.0,18.0,12.0,0.0
rc108_21,2,50,all,21,edd,2.1100000594742596e-05,4005230.787506371,2263.4625582981066,86.73249480729183,21.0,15.0,4.0
rc108_21,2,50,all,21,sweep,1.5800000255694613e-05,5005458.078257819,2038.3710040081976,121.97072538101781,22.0,14.0,5.0
rc108_21,2,50,all,21,nearest,0.00021190000188653357,2004620.2866280735,1798.6657913452566,102.16208367284018,18.0,13.0,2.0
rc108_21,2,50,all,21,grasp,0.19691679999959888,1004191.7817109001,1986.3309581857707,30.545075271431074,19.0,16.0,1.0
rc108_21,2,50,all,21,mp_eavns,2.9901619000011124,3426.3000706710036,1626.3000706710034,0.0,18.0,12.0,0.0
rc108_21,3,75,depot,1,edd,4.7500001528533176e-05,43008858.08021404,4079.372469189747,157.87077448471322,32.0,7.0,43.0
rc108_21,3,75,depot,1,sweep,3.029999788850546e-05,32007198.899181478,2928.1992880421203,107.06998934352139,32.0,1.0,32.0
rc108_21,3,75,depot,1,nearest,0.0007737999985693023,25007236.442573857,2698.07780881773,183.83647650388582,27.0,0.0,25.0
rc108_21,3,75,depot,1,grasp,0.1124662999973225,22007375.581863347,2972.5341617631498,160.30477015855357,28.0,3.0,22.0
rc108_21,3,75,depot,1,mp_eavns,3.1119259000006423,15005103.572226567,2403.5722265679256,0.0,27.0,1.0,15.0
rc108_21,3,75,phased,16,edd,4.280000212020241e-05,6013277.8871856835,4058.8684089476424,601.9018776735552,32.0,35.0,6.0
rc108_21,3,75,phased,16,sweep,2.2599997464567423e-05,6007737.5001326725,2924.65579387287,161.28443388000255,32.0,20.0,6.0
rc108_21,3,75,phased,16,nearest,0.0005077999994682614,4007405.5510878973,2751.1189431697644,195.44321447275587,27.0,18.0,4.0
rc108_21,3,75,phased,16,grasp,0.3812021999983699,1006545.3372616154,3137.3675034631246,60.79697581523649,28.0,28.0,1.0
rc108_21,3,75,phased,16,mp_eavns,7.656771900001331,5059.051477920122,2359.051477920122,0.0,27.0,18.0,0.0
rc108_21,3,75,all,21,edd,3.7599998904624954e-05,6013211.669052076,4047.3327421493223,596.4336309926675,32.0,35.0,6.0
rc108_21,3,75,all,21,sweep,3.130000186502002e-05,6007737.5001326725,2924.65579387287,161.28443388000255,32.0,20.0,6.0
rc108_21,3,75,all,21,nearest,0.000496299999213079,4007405.5510878973,2751.1189431697644,195.44321447275587,27.0,18.0,4.0
rc108_21,3,75,all,21,grasp,0.46272939999835216,2006438.3313023613,3041.7337704299694,69.65975319314512,27.0,27.0,2.0
rc108_21,3,75,all,21,mp_eavns,6.894232599999668,5095.031415437973,2395.031415437973,0.0,27.0,17.0,0.0
rc108_21,4,100,depot,1,edd,3.6600002204068005e-05,53009585.12005741,5270.274337560116,1.4845719848848091,43.0,7.0,53.0
rc108_21,4,100,depot,1,sweep,2.220000169472769e-05,33009013.91592939,3721.9699179789327,109.19460114101949,42.0,2.0,33.0
rc108_21,4,100,depot,1,nearest,0.0007260999991558492,31008430.312262148,3544.967043686832,128.53452184608673,36.0,0.0,31.0
rc108_21,4,100,depot,1,grasp,0.24117760000081034,29008586.720682137,4125.763888727686,76.09567934099101,37.0,10.0,29.0
rc108_21,4,100,depot,1,mp_eavns,6.899257099998067,16006686.044263015,2986.044263013985,0.0,37.0,0.0,16.0
rc108_21,4,100,phased,21,edd,4.659999831346795e-05,12016688.096803505,5330.154676405625,705.7942127099092,43.0,39.0,12.0
rc108_21,4,100,phased,21,sweep,2.6900001103058457e-05,6009514.265322767,3680.17486599219,163.40904567750067,42.0,21.0,6.0
rc108_21,4,100,phased,21,nearest,0.0007654000000911765,5009827.572738125,3595.656990881017,263.1915747244006,36.0,25.0,5.0
rc108_21,4,100,phased,21,grasp,0.7233933999996225,1010609.8966669538,4086.914228431613,292.2982438522233,36.0,35.0,1.0
rc108_21,4,100,phased,21,mp_eavns,16.170537499998318,6591.067975893062,2991.0679758930623,0.0,36.0,20.0,0.0
rc108_21,4,100,all,21,edd,4.3399999412940815e-05,12016688.096803505,5330.154676405625,705.7942127099092,43.0,39.0,12.0
rc108_21,4,100,all,21,sweep,2.59000007645227e-05,6009514.265322767,3680.17486599219,163.40904567750067,42.0,21.0,6.0
rc108_21,4,100,all,21,nearest,0.0010284999989380594,5009827.572738125,3595.656990881017,263.1915747244006,36.0,25.0,5.0
rc108_21,4,100,all,21,grasp,0.8347876999978325,1009787.496054719,3898.2610849115345,228.92349698073795,36.0,31.0,1.0
rc108_21,4,100,all,21,mp_eavns,17.984929199999897,6649.638672117611,3049.6386721176113,0.0,36.0,21.0,0.0
rc108C10,1,3,depot,1,edd,5.699999746866524e-06,304.04023715888167,104.04023715888167,0.0,2.0,0.0,0.0
rc108C10,1,3,depot,1,sweep,2.6999987312592566e-06,725.7168002672132,103.11388401252016,42.26029162546931,2.0,0.0,0.0
rc108C10,1,3,depot,1,nearest,1.4199998986441642e-05,304.04023715888167,104.04023715888167,0.0,2.0,0.0,0.0
rc108C10,1,3,depot,1,grasp,0.00016360000154236332,291.2627974094514,91.26279740945145,0.0,2.0,0.0,0.0
rc108C10,1,3,depot,1,mp_eavns,0.002691500001674285,291.2627974094514,91.26279740945145,0.0,2.0,0.0,0.0
rc108C10,1,3,phased,2,edd,2.4000000848900527e-06,304.04023715888167,104.04023715888167,0.0,2.0,0.0,0.0
rc108C10,1,3,phased,2,sweep,2.4999972083605826e-06,725.7168002672132,103.11388401252016,42.26029162546931,2.0,0.0,0.0
rc108C10,1,3,phased,2,nearest,5.900001269765198e-06,304.04023715888167,104.04023715888167,0.0,2.0,0.0,0.0
rc108C10,1,3,phased,2,grasp,0.0001581999968038872,291.2627974094514,91.26279740945145,0.0,2.0,0.0,0.0
rc108C10,1,3,phased,2,mp_eavns,0.0026246999987051822,291.2627974094514,91.26279740945145,0.0,2.0,0.0,0.0
rc108C10,1,3,all,4,edd,1.8999999156221747e-06,304.04023715888167,104.04023715888167,0.0,2.0,0.0,0.0
rc108C10,1,3,all,4,sweep,1.8999999156221747e-06,725.7168002672132,103.11388401252016,42.26029162546931,2.0,0.0,0.0
rc108C10,1,3,all,4,nearest,4.900000931229442e-06,304.04023715888167,104.04023715888167,0.0,2.0,0.0,0.0
rc108C10,1,3,all,4,grasp,0.0001536999989184551,291.2627974094514,91.26279740945145,0.0,2.0,0.0,0.0
rc108C10,1,3,all,4,mp_eavns,0.0025816000015765894,291.2627974094514,91.26279740945145,0.0,2.0,0.0,0.0
rc108C10,2,5,depot,1,edd,3.1000017770566046e-06,1000371.0169516129,171.01695161288774,0.0,2.0,0.0,1.0
rc108C10,2,5,depot,1,sweep,2.4000000848900527e-06,1000770.1445405326,147.54162427789555,42.26029162546931,2.0,0.0,1.0
rc108C10,2,5,depot,1,nearest,8.700000762473792e-06,1000357.8039670244,157.80396702443235,0.0,2.0,0.0,1.0
rc108C10,2,5,depot,1,grasp,0.0004608999988704454,476.1217528946546,198.51769035902458,7.760406253563005,2.0,1.0,0.0
rc108C10,2,5,depot,1,mp_eavns,0.007690899998124223,363.53897814393514,163.53897814393514,0.0,2.0,1.0,0.0
rc108C10,2,5,phased,3,edd,5.200003215577453e-06,1000371.0169516129,171.01695161288774,0.0,2.0,0.0,1.0
rc108C10,2,5,phased,3,sweep,4.19999923906289e-06,1000770.1445405326,147.54162427789555,42.26029162546931,2.0,0.0,1.0
rc108C10,2,5,phased,3,nearest,1.1800002539530396e-05,380.0476288546207,180.04762885462068,0.0,2.0,1.0,0.0
rc108C10,2,5,phased,3,grasp,0.0004793999978573993,393.2225207847341,193.22252078473414,0.0,2.0,1.0,0.0
rc108C10,2,5,phased,3,mp_eavns,0.008466399998724228,363.53897814393514,163.53897814393514,0.0,2.0,1.0,0.0
rc108C10,2,5,all,4,edd,3.7999998312443495e-06,1000371.0169516129,171.01695161288774,0.0,2.0,0.0,1.0
rc108C10,2,5,all,4,sweep,4.0000013541430235e-06,1000770.1445405326,147.54162427789555,42.26029162546931,2.0,0.0,1.0
rc108C10,2,5,all,4,nearest,9.999999747378752e-06,380.0476288546207,180.04762885462068,0.0,2.0,1.0,0.0
rc108C10,2,5,all,4,grasp,0.0004956000011588912,380.0476288546207,180.04762885462068,0.0,2.0,1.0,0.0
rc108C10,2,5,all,4,mp_eavns,0.009043899997777771,363.53897814393514,163.53897814393514,0.0,2.0,1.0,0.0
rc108C10,3,8,depot,1,edd,5.699999746866524e-06,4000715.7200470776,415.7200470774168,0.0,3.0,1.0,4.0
rc108C10,3,8,depot,1,sweep,3.7999998312443495e-06,4001058.1491444586,335.54622820368115,42.26029162546931,3.0,0.0,4.0
rc108C10,3,8,depot,1,nearest,1.8999999156221747e-05,4001288.1026567565,372.3348287783965,61.57678279780848,3.0,1.0,4.0
rc108C10,3,8,depot,1,grasp,0.0018128000010619871,2000670.4465789797,370.4465789797795,0.0,3.0,1.0,2.0
rc108C10,3,8,depot,1,mp_eavns,0.0302291999978479,2000586.2067512935,286.2067512934186,0.0,3.0,0.0,2.0
rc108C10,3,8,phased,4,edd,6.499998562503606e-06,1070.2600432045058,448.0146237666413,32.22454194378645,3.0,4.0,0.0
rc108C10,3,8,phased,4,sweep,5.000001692678779e-06,3001060.6207206207,338.01780436597795,42.26029162546931,3.0,1.0,3.0
rc108C10,3,8,phased,4,nearest,1.68999977177009e-05,2026.665041045407,389.9388666740552,133.6726174371352,3.0,4.0,0.0
rc108C10,3,8,phased,4,grasp,0.0021688000015274156,683.4046247115981,383.4046247115981,0.0,3.0,3.0,0.0
rc108C10,3,8,phased,4,mp_eavns,0.037880500000028405,608.5916256790779,308.5916256790778,0.0,3.0,2.0,0.0
rc108C10,3,8,all,4,edd,6.099999154685065e-06,1070.2600432045058,448.0146237666413,32.22454194378645,3.0,4.0,0.0
rc108C10,3,8,all,4,sweep,6.099999154685065e-06,3001060.6207206207,338.01780436597795,42.26029162546931,3.0,1.0,3.0
rc108C10,3,8,all,4,nearest,1.759999940986745e-05,2026.665041045407,389.9388666740552,133.6726174371352,3.0,4.0,0.0
rc108C10,3,8,all,4,grasp,0.002370000001974404,683.4046247115981,383.4046247115981,0.0,3.0,3.0,0.0
rc108C10,3,8,all,4,mp_eavns,0.04822300000159885,610.4970318114725,310.49703181147254,0.0,3.0,2.0,0.0
rc108C10,4,10,depot,1,edd,1.5699999494245276e-05,5000931.742170058,531.7421700583091,0.0,4.0,1.0,5.0
rc108C10,4,10,depot,1,sweep,8.499999239575118e-06,5001275.71818038,453.1152641252587,42.26029162546931,4.0,0.0,5.0
rc108C10,4,10,depot,1,nearest,3.6299999919719994e-05,4002694.433848382,524.7482140815347,186.96856343002764,3.0,3.0,4.0
rc108C10,4,10,depot,1,grasp,0.0038944000007177237,2001297.1906069845,553.121220714135,34.4069386270468,4.0,3.0,2.0
rc108C10,4,10,depot,1,mp_eavns,0.07673060000161058,2000841.5238610932,441.5238610932954,0.0,4.0,1.0,2.0
rc108C10,4,10,phased,4,edd,1.2600001355167478e-05,1637.2916298821547,558.8890079880665,67.8402621894088,4.0,5.0,0.0
rc108C10,4,10,phased,4,sweep,1.089999932446517e-05,3001276.062839532,453.4599232769028,42.26029162546931,4.0,1.0,3.0
rc108C10,4,10,phased,4,nearest,3.6299999919719994e-05,3416.0169227068436,525.3729420132998,259.06439806935435,3.0,6.0,0.0
rc108C10,4,10,phased,4,grasp,0.00475929999811342,1416.4520963123382,408.42849726551066,60.80235990468276,4.0,3.0,0.0
rc108C10,4,10,phased,4,mp_eavns,0.10319610000078683,813.2127343532807,413.2127343532807,0.0,4.0,3.0,0.0
rc108C10,4,10,all,4,edd,7.99999907030724e-06,1637.2916298821547,558.8890079880665,67.8402621894088,4.0,5.0,0.0
rc108C10,4,10,all,4,sweep,7.399998139590025e-06,3001276.062839532,453.4599232769028,42.26029162546931,4.0,1.0,3.0
rc108C10,4,10,all,4,nearest,2.429999949526973e-05,3416.0169227068436,525.3729420132998,259.06439806935435,3.0,6.0,0.0
rc108C10,4,10,all,4,grasp,0.002938699999504024,1148.3853041841453,502.16693464101434,24.621836954313096,4.0,4.0,0.0
rc108C10,4,10,all,4,mp_eavns,0.09020650000093156,815.1181404856754,415.11814048567544,0.0,4.0,3.0,0.0
rc108C15,1,4,depot,1,edd,6.800000846851617e-06,1000495.0376695356,195.0376695356182,0.0,3.0,0.0,1.0
rc108C15,1,4,depot,1,sweep,5.000001692678779e-06,1000372.6400078138,172.64000781377848,0.0,2.0,0.0,1.0
rc108C15,1,4,depot,1,nearest,1.6999998479150236e-05,2000410.21035887,210.21035886999155,0.0,2.0,0.0,2.0
rc108C15,1,4,depot,1,grasp,0.0004575000020849984,1000372.6400078138,172.64000781377848,0.0,2.0,0.0,1.0
rc108C15,1,4,depot,1,mp_eavns,0.007557100001577055,1000372.6400078138,172.64000781377848,0.0,2.0,0.0,1.0
rc108C15,1,4,phased,2,edd,7.800001185387373e-06,495.15912647029165,195.15912647029168,0.0,3.0,1.0,0.0
rc108C15,1,4,phased,2,sweep,6.800000846851617e-06,372.6402056361149,172.6402056361149,0.0,2.0,1.0,0.0
rc108C15,1,4,phased,2,nearest,1.3699998817173764e-05,1000410.2105566923,210.210556692328,0.0,2.0,1.0,1.0
rc108C15,1,4,phased,2,grasp,0.0005620999982056674,372.6402056361149,172.6402056361149,0.0,2.0,1.0,0.0
rc108C15,1,4,phased,2,mp_eavns,0.008043600002565654,372.6402056361149,172.6402056361149,0.0,2.0,1.0,0.0
rc108C15,1,4,all,5,edd,6.70000008540228e-06,495.15912647029165,195.15912647029168,0.0,3.0,1.0,0.0
rc108C15,1,4,all,5,sweep,6.599999323952943e-06,372.6402056361149,172.6402056361149,0.0,2.0,1.0,0.0
rc108C15,1,4,all,5,nearest,1.6199999663513154e-05,1000410.2105566923,210.210556692328,0.0,2.0,1.0,1.0
rc108C15,1,4,all,5,grasp,0.0007346000020334031,372.6402056361149,172.6402056361149,0.0,2.0,1.0,0.0
rc108C15,1,4,all,5,mp_eavns,0.01065079999898444,372.6402056361149,172.6402056361149,0.0,2.0,1.0,0.0
rc108C15,2,8,depot,1,edd,8.799997885944322e-06,4000794.566512621,394.5665126208586,0.0,4.0,0.0,4.0
rc108C15,2,8,depot,1,sweep,6.999998731771484e-06,3000767.2829113747,367.2829113749158,0.0,4.0,0.0,3.0
rc108C15,2,8,depot,1,nearest,2.9099999665049836e-05,4000836.182505703,436.1825057031999,0.0,4.0,1.0,4.0
rc108C15,2,8,depot,1,grasp,0.0016025000004447065,3000759.0932430974,359.09324309761786,0.0,4.0,0.0,3.0
rc108C15,2,8,depot,1,mp_eavns,0.02488910000101896,3000759.0932430974,359.0932430976179,0.0,4.0,0.0,3.0
rc108C15,2,8,phased,3,edd,6.300000677583739e-06,805.1346298568168,405.1346298568168,0.0,4.0,3.0,0.0
rc108C15,2,8,phased,3,sweep,5.300000339047983e-06,1000767.5327853033,367.53278530327896,0.0,4.0,2.0,1.0
rc108C15,2,8,phased,3,nearest,1.729999712551944e-05,841.365562917784,441.3655629177841,0.0,4.0,5.0,0.0
rc108C15,2,8,phased,3,grasp,0.001012999997328734,830.0989827449638,430.0989827449638,0.0,4.0,3.0,0.0
rc108C15,2,8,phased,3,mp_eavns,0.023516000001109205,787.9467374079469,387.9467374079469,0.0,4.0,3.0,0.0
rc108C15,2,8,all,5,edd,6.099999154685065e-06,805.1346298568168,405.1346298568168,0.0,4.0,3.0,0.0
rc108C15,2,8,all,5,sweep,5.999998393235728e-06,767.5480974200268,367.54809742002675,0.0,4.0,3.0,0.0
rc108C15,2,8,all,5,nearest,1.7700000171316788e-05,824.7809362062292,424.7809362062292,0.0,4.0,5.0,0.0
rc108C15,2,8,all,5,grasp,0.0011044999992009252,769.6454956331695,369.64549563316956,0.0,4.0,3.0,0.0
rc108C15,2,8,all,5,mp_eavns,0.025990900001488626,767.5480974200268,367.54809742002675,0.0,4.0,3.0,0.0
rc108C15,3,12,depot,1,edd,5.599998985417187e-06,6002473.113379877,755.8997491599316,121.72136307172269,5.0,2.0,6.0
rc108C15,3,12,depot,1,sweep,4.19999923906289e-06,5001136.71725976,536.717259760395,0.0,6.0,0.0,5.0
rc108C15,3,12,depot,1,nearest,2.5200002710334957e-05,6001226.505180805,626.5051808052334,0.0,6.0,1.0,6.0
rc108C15,3,12,depot,1,grasp,0.0011326999992888886,5001179.986618357,679.9866183571569,0.0,5.0,2.0,5.0
rc108C15,3,12,depot,1,mp_eavns,0.06250589999763179,4001051.935776279,551.9357762788877,0.0,5.0,2.0,4.0
rc108C15,3,12,phased,4,edd,7.800001185387373e-06,2002474.3550241594,757.1413934421673,121.72136307172269,5.0,5.0,2.0
rc108C15,3,12,phased,4,sweep,6.999998731771484e-06,2001160.8440919945,560.8440919944973,0.0,6.0,3.0,2.0
rc108C15,3,12,phased,4,nearest,2.9200000426499173e-05,1001255.5651963255,655.5651963255566,0.0,6.0,6.0,1.0
rc108C15,3,12,phased,4,grasp,0.0021474999994097743,1481.1078643256353,646.6510996422417,23.44567646833937,6.0,6.0,0.0
rc108C15,3,12,phased,4,mp_eavns,0.07109259999924689,1089.8836762218098,589.8836762218099,0.0,5.0,5.0,0.0
rc108C15,3,12,all,5,edd,8.299997716676444e-06,2002474.3550241594,757.1413934421673,121.72136307172269,5.0,5.0,2.0
rc108C15,3,12,all,5,sweep,8.099999831756577e-06,1161.382501315566,561.3825013155661,0.0,6.0,4.0,0.0
rc108C15,3,12,all,5,nearest,2.970000059576705e-05,1001238.980569614,638.9805696140019,0.0,6.0,6.0,1.0
rc108C15,3,12,all,5,grasp,0.0022797999990871176,1146.7609697559892,646.7609697559892,0.0,5.0,6.0,0.0
rc108C15,3,12,all,5,mp_eavns,0.09371829999872716,1061.382501315566,561.3825013155661,0.0,5.0,5.0,0.0
rc108C15,4,15,depot,1,edd,8.499999239575118e-06,9001668.951205185,968.9512051844374,0.0,7.0,2.0,9.0
rc108C15,4,15,depot,1,sweep,5.500001861946657e-06,6001151.889634765,551.8896347648837,0.0,6.0,0.0,6.0
rc108C15,4,15,depot,1,nearest,3.6699999327538535e-05,8001328.833515399,728.8335153986923,0.0,6.0,0.0,8.0
rc108C15,4,15,depot,1,grasp,0.002217100001871586,4002234.67393801,814.2640572575474,82.04098807525196,6.0,4.0,4.0
rc108C15,4,15,depot,1,mp_eavns,0.08511020000150893,4001232.6119533693,632.6119533695463,0.0,6.0,2.0,4.0
rc108C15,4,15,phased,5,edd,2.2399999579647556e-05,2003445.159663551,1031.7416826819879,171.34179808689564,7.0,9.0,2.0
rc108C15,4,15,phased,5,sweep,7.899998308857903e-06,1001176.5548763201,576.5548763200547,0.0,6.0,4.0,1.0
rc108C15,4,15,phased,5,nearest,3.6699999327538535e-05,4001793.24426287,758.0671027783785,43.51771600914219,6.0,4.0,4.0
rc108C15,4,15,phased,5,grasp,0.003581799999665236,1661.774274669769,862.2132810007081,9.956099366906102,7.0,9.0,0.0
rc108C15,4,15,phased,5,mp_eavns,0.12191720000191708,1224.3136928968022,624.3136928968022,0.0,6.0,5.0,0.0
rc108C15,4,15,all,5,edd,9.499999578110874e-06,2003445.159663551,1031.7416826819879,171.34179808689564,7.0,9.0,2.0
rc108C15,4,15,all,5,sweep,9.700001101009548e-06,1001176.5548763201,576.5548763200547,0.0,6.0,4.0,1.0
rc108C15,4,15,all,5,nearest,3.5700002626981586e-05,4001793.24426287,758.0671027783785,43.51771600914219,6.0,4.0,4.0
rc108C15,4,15,all,5,grasp,0.0031343999980890658,1001451.6386176733,753.8191135662986,9.781950410702535,6.0,5.0,1.0
rc108C15,4,15,all,5,mp_eavns,0.11502499999915017,1177.4666195892182,577.4666195892181,0.0,6.0,5.0,0.0
rc108C5,1,2,depot,1,edd,4.0000013541430235e-06,1000374.9202874479,174.92028744789238,0.0,2.0,0.0,1.0
rc108C5,1,2,depot,1,sweep,2.1999985619913787e-06,1000374.9202874479,174.92028744789235,0.0,2.0,0.0,1.0
rc108C5,1,2,depot,1,nearest,8.499999239575118e-06,1000374.9202874479,174.92028744789235,0.0,2.0,0.0,1.0
rc108C5,1,2,depot,1,grasp,0.00014100000043981709,1000374.9202874479,174.92028744789235,0.0,2.0,0.0,1.0
rc108C5,1,2,depot,1,mp_eavns,0.0010934000019915402,1000374.9202874479,174.92028744789235,0.0,2.0,0.0,1.0
rc108C5,1,2,phased,2,edd,2.0000006770715117e-06,375.6179633978903,175.61796339789035,0.0,2.0,1.0,0.0
rc108C5,1,2,phased,2,sweep,2.0000006770715117e-06,375.6179633978903,175.61796339789032,0.0,2.0,1.0,0.0
rc108C5,1,2,phased,2,nearest,4.099998477613553e-06,375.6179633978903,175.61796339789032,0.0,2.0,1.0,0.0
rc108C5,1,2,phased,2,grasp,0.0001765000015439,375.6179633978903,175.61796339789032,0.0,2.0,1.0,0.0
rc108C5,1,2,phased,2,mp_eavns,0.0012549000020953827,375.6179633978903,175.61796339789032,0.0,2.0,1.0,0.0
rc108C5,1,2,all,4,edd,1.7000020307023078e-06,375.6179633978903,175.61796339789035,0.0,2.0,1.0,0.0
rc108C5,1,2,all,4,sweep,1.3000026228837669e-06,375.6179633978903,175.61796339789032,0.0,2.0,1.0,0.0
rc108C5,1,2,all,4,nearest,3.6999990697950125e-06,375.6179633978903,175.61796339789032,0.0,2.0,1.0,0.0
rc108C5,1,2,all,4,grasp,0.00018400000044493936,375.6179633978903,175.61796339789032,0.0,2.0,1.0,0.0
rc108C5,1,2,all,4,mp_eavns,0.0014110000010987278,375.6179633978903,175.61796339789032,0.0,2.0,1.0,0.0
rc108C5,2,3,depot,1,edd,2.7999994927085936e-06,2000410.0292275508,210.02922755073246,0.0,2.0,0.0,2.0
rc108C5,2,3,depot,1,sweep,2.5000008463393897e-06,2000410.0292275508,210.02922755073246,0.0,2.0,0.0,2.0
rc108C5,2,3,depot,1,nearest,5.500001861946657e-06,2000665.739237762,264.9202874478924,20.081895031410113,2.0,1.0,2.0
rc108C5,2,3,depot,1,grasp,0.0001894999986689072,2000410.0292275508,210.02922755073246,0.0,2.0,0.0,2.0
rc108C5,2,3,depot,1,mp_eavns,0.0028240999999979977,2000410.0292275508,210.02922755073246,0.0,2.0,0.0,2.0
rc108C5,2,3,phased,3,edd,2.0999978005420417e-06,410.0338887336792,210.03388873367916,0.0,2.0,1.0,0.0
rc108C5,2,3,phased,3,sweep,2.1000014385208488e-06,410.03388873367913,210.03388873367913,0.0,2.0,1.0,0.0
rc108C5,2,3,phased,3,nearest,4.900000931229442e-06,444.53638940065116,244.5363894006512,0.0,2.0,3.0,0.0
rc108C5,2,3,phased,3,grasp,0.0002787000012176577,410.03388873367913,210.03388873367913,0.0,2.0,1.0,0.0
rc108C5,2,3,phased,3,mp_eavns,0.004072200001246529,410.03388873367913,210.03388873367913,0.0,2.0,1.0,0.0
rc108C5,2,3,all,4,edd,3.2000025385059416e-06,410.0338887336792,210.03388873367916,0.0,2.0,1.0,0.0
rc108C5,2,3,all,4,sweep,3.0000010156072676e-06,410.03388873367913,210.03388873367913,0.0,2.0,1.0,0.0
rc108C5,2,3,all,4,nearest,5.699999746866524e-06,444.53638940065116,244.5363894006512,0.0,2.0,3.0,0.0
rc108C5,2,3,all,4,grasp,0.0003055000015592668,410.03388873367913,210.03388873367913,0.0,2.0,1.0,0.0
rc108C5,2,3,all,4,mp_eavns,0.004261599999153987,410.03388873367913,210.03388873367913,0.0,2.0,1.0,0.0
rc108C5,3,4,depot,1,edd,2.4999972083605826e-06,3000621.4377214825,321.43772148237787,0.0,3.0,0.0,3.0
rc108C5,3,4,depot,1,sweep,2.4999972083605826e-06,3000604.897557356,304.8975573557839,0.0,3.0,0.0,3.0
rc108C5,3,4,depot,1,nearest,7.300001016119495e-06,3000860.607567567,359.78861725294377,20.081895031410113,3.0,1.0,3.0
rc108C5,3,4,depot,1,grasp,0.00027259999842499383,3000621.4377214825,321.4377214823779,0.0,3.0,0.0,3.0
rc108C5,3,4,depot,1,mp_eavns,0.00736250000045402,3000604.897557356,304.8975573557839,0.0,3.0,0.0,3.0
rc108C5,3,4,phased,4,edd,2.6999987312592566e-06,633.1282065228152,333.12820652281516,0.0,3.0,3.0,0.0
rc108C5,3,4,phased,4,sweep,2.4000000848900527e-06,608.9615164578877,308.9615164578876,0.0,3.0,2.0,0.0
rc108C5,3,4,phased,4,nearest,7.400001777568832e-06,643.4640171248597,343.46401712485965,0.0,3.0,4.0,0.0
rc108C5,3,4,phased,4,grasp,0.0004307999988668598,633.1282065228152,333.12820652281516,0.0,3.0,3.0,0.0
rc108C5,3,4,phased,4,mp_eavns,0.012330099998507649,608.9615164578877,308.9615164578876,0.0,3.0,2.0,0.0
rc108C5,3,4,all,4,edd,3.0000010156072676e-06,633.1282065228152,333.12820652281516,0.0,3.0,3.0,0.0
rc108C5,3,4,all,4,sweep,2.8000031306874007e-06,608.9615164578877,308.9615164578876,0.0,3.0,2.0,0.0
rc108C5,3,4,all,4,nearest,6.900001608300954e-06,643.4640171248597,343.46401712485965,0.0,3.0,4.0,0.0
rc108C5,3,4,all,4,grasp,0.0003969999997934792,633.1282065228152,333.12820652281516,0.0,3.0,3.0,0.0
rc108C5,3,4,all,4,mp_eavns,0.012740400001348462,608.9615164578877,308.9615164578876,0.0,3.0,2.0,0.0
rc108C5,4,5,depot,1,edd,4.5000015234109014e-06,3000672.4279166185,372.42791661830574,0.0,3.0,1.0,3.0
rc108C5,4,5,depot,1,sweep,3.1999989005271345e-06,3000611.2427612687,311.242761268684,0.0,3.0,0.0,3.0
rc108C5,4,5,depot,1,nearest,1.21000011858996e-05,3000866.9527714797,366.1338211658439,20.081895031410113,3.0,1.0,3.0
rc108C5,4,5,depot,1,grasp,0.00032809999902383424,3000611.2427612687,311.242761268684,0.0,3.0,0.0,3.0
rc108C5,4,5,depot,1,mp_eavns,0.008345199999894248,3000611.2427612687,311.242761268684,0.0,3.0,0.0,3.0
rc108C5,4,5,phased,4,edd,3.4000004234258085e-06,684.118401658743,384.118401658743,0.0,3.0,4.0,0.0
rc108C5,4,5,phased,4,sweep,3.1000017770566046e-06,1000611.2474224516,311.24742245163065,0.0,3.0,1.0,1.0
rc108C5,4,5,phased,4,nearest,9.399998816661537e-06,649.8092210377598,349.8092210377598,0.0,3.0,4.0,0.0
rc108C5,4,5,phased,4,grasp,0.00048070000048028305,615.3067203707877,315.30672037078773,0.0,3.0,2.0,0.0
rc108C5,4,5,phased,4,mp_eavns,0.013224099999206373,615.3067203707877,315.30672037078773,0.0,3.0,2.0,0.0
rc108C5,4,5,all,4,edd,4.900000931229442e-06,684.118401658743,384.118401658743,0.0,3.0,4.0,0.0
rc108C5,4,5,all,4,sweep,4.499997885432094e-06,1000611.2474224516,311.24742245163065,0.0,3.0,1.0,1.0
rc108C5,4,5,all,4,nearest,1.2799999240087345e-05,649.8092210377598,349.8092210377598,0.0,3.0,4.0,0.0
rc108C5,4,5,all,4,grasp,0.0005261000005702954,694.4542122607875,394.45421226078753,0.0,3.0,5.0,0.0
rc108C5,4,5,all,4,mp_eavns,0.011742399998183828,615.3067203707877,315.30672037078773,0.0,3.0,2.0,0.0
rc201_21,1,25,depot,1,edd,1.0900002962443978e-05,11002370.474057507,1170.4740575075657,0.0,12.0,0.0,11.0
rc201_21,1,25,depot,1,sweep,6.900001608300954e-06,13016536.077529088,990.4727708800376,1444.5604758207073,11.0,0.0,13.0
rc201_21,1,25,depot,1,nearest,6.859999848529696e-05,6029611.097882256,876.8114032887432,2773.4286478967615,10.0,0.0,6.0
rc201_21,1,25,depot,1,grasp,0.007765099999232916,5023310.313421194,846.6298204488256,2156.3683600745435,9.0,0.0,5.0
rc201_21,1,25,depot,1,mp_eavns,0.19221620000098483,5004613.046408245,826.7449501179742,288.63014581273467,9.0,0.0,5.0
rc201_21,1,25,phased,6,edd,1.3600001693703234e-05,1002402.5944663635,1202.5944663635046,0.0,12.0,6.0,1.0
rc201_21,1,25,phased,6,sweep,1.0200001270277426e-05,3034916.0938566495,1003.3546489476628,3281.2739207701593,11.0,6.0,3.0
rc201_21,1,25,phased,6,nearest,7.790000017848797e-05,1029619.361053138,885.0745741704277,2773.4286478967615,10.0,5.0,1.0
rc201_21,1,25,phased,6,grasp,0.011960200001340127,13398.57096286236,967.0332565048408,1143.153770635752,10.0,7.0,0.0
rc201_21,1,25,phased,6,mp_eavns,0.15356290000272566,1752.428084352515,852.428084352515,0.0,9.0,6.0,0.0
rc201_21,1,25,all,21,edd,1.2300002708798274e-05,1002402.5944663635,1202.5944663635046,0.0,12.0,6.0,1.0
rc201_21,1,25,all,21,sweep,9.499999578110874e-06,3034916.0938566495,1003.3546489476628,3281.2739207701593,11.0,6.0,3.0
rc201_21,1,25,all,21,nearest,7.479999840143137e-05,1029619.361053138,885.0745741704277,2773.4286478967615,10.0,5.0,1.0
rc201_21,1,25,all,21,grasp,0.014189000001351815,1010222.133319944,839.4032971594919,848.2730022784534,9.0,5.0,1.0
rc201_21,1,25,all,21,mp_eavns,0.32371879999845987,1720.0704923309397,820.0704923309397,0.0,9.0,6.0,0.0
rc201_21,2,50,depot,1,edd,1.9900002371286973e-05,27004840.34061754,2540.340617540962,0.0,23.0,2.0,27.0
rc201_21,2,50,depot,1,sweep,1.2600001355167478e-05,25038717.040792156,2050.1637645065243,3446.6877027650517,22.0,1.0,25.0
rc201_21,2,50,depot,1,nearest,0.00021389999892562628,16060975.199642789,1755.2418613645243,5741.99577814236,18.0,0.0,16.0
rc201_21,2,50,depot,1,grasp,0.0625787000026321,15040905.085003037,1938.8803816814582,3706.620462135472,19.0,3.0,15.0
rc201_21,2,50,depot,1,mp_eavns,1.076789099999587,9003463.990977142,1663.9909771424514,0.0,18.0,2.0,9.0
rc201_21,2,50,phased,11,edd,3.6699999327538535e-05,7004850.31473399,2550.314733989077,0.0,23.0,17.0,7.0
rc201_21,2,50,phased,11,sweep,2.4400000256719068e-05,5062482.426081579,2038.3710040081976,5824.405507757143,22.0,14.0,5.0
rc201_21,2,50,phased,11,nearest,0.0003314000023237895,2072004.2407121651,1794.3612086685855,6840.987950349651,18.0,13.0,2.0
rc201_21,2,50,phased,11,grasp,0.19312060000083875,37633.75715263781,1973.7100481330908,3376.004710450472,19.0,16.0,0.0
rc201_21,2,50,phased,11,mp_eavns,2.296090700001514,3401.825953647003,1601.825953647003,0.0,18.0,11.0,0.0
rc201_21,2,50,all,21,edd,1.7700000171316788e-05,7004850.31473399,2550.314733989077,0.0,23.0,17.0,7.0
rc201_21,2,50,all,21,sweep,1.460000203223899e-05,5062482.426081579,2038.3710040081976,5824.405507757143,22.0,14.0,5.0
rc201_21,2,50,all,21,nearest,0.0002172999993490521,2072004.2407121651,1794.3612086685855,6840.987950349651,18.0,13.0,2.0
rc201_21,2,50,all,21,grasp,0.2390653000002203,33121.91497240422,1867.841158184825,2945.4073814219396,18.0,16.0,0.0
rc201_21,2,50,all,21,mp_eavns,3.27293699999791,3370.2440256951068,1570.244025695107,0.0,18.0,11.0,0.0
rc201_21,3,75,depot,1,edd,2.4800003302516416e-05,44007396.61866901,3996.61866900887,0.0,34.0,6.0,44.0
rc201_21,3,75,depot,1,sweep,1.7499998648418114e-05,32054751.897067495,2928.1992880421203,4862.369777945156,32.0,1.0,32.0
rc201_21,3,75,depot,1,nearest,0.0004527000019152183,25076663.63002568,2698.07780881773,7126.555221686416,27.0,0.0,25.0
rc201_21,3,75,depot,1,grasp,0.16932900000028894,25042212.600076295,3044.3997002840656,3636.82003760099,28.0,2.0,25.0
rc201_21,3,75,depot,1,mp_eavns,3.2164114999977755,15005209.349118046,2509.3491180459237,0.0,27.0,2.0,15.0
rc201_21,3,75,phased,16,edd,3.4500000765547156e-05,6007909.047566845,4002.2573463206045,50.679022052421686,34.0,32.0,6.0
rc201_21,3,75,phased,16,sweep,2.1100000594742596e-05,6078525.531623245,2924.65579387287,7240.087582937247,32.0,20.0,6.0
rc201_21,3,75,phased,16,nearest,0.00042460000258870423,4084104.573287885,2751.1189431697644,7865.345434471535,27.0,18.0,4.0
rc201_21,3,75,phased,16,grasp,0.5619412000014563,59215.89900141154,3357.384592064609,5305.8514409346935,28.0,33.0,0.0
rc201_21,3,75,phased,16,mp_eavns,7.54052849999789,5247.165025238577,2547.1650252385766,0.0,27.0,20.0,0.0
rc201_21,3,75,all,21,edd,5.909999890718609e-05,6007909.047566845,4002.2573463206045,50.679022052421686,34.0,32.0,6.0
rc201_21,3,75,all,21,sweep,5.5500000598840415e-05,6078525.531623245,2924.65579387287,7240.087582937247,32.0,20.0,6.0
rc201_21,3,75,all,21,nearest,0.0009781000007933471,4084104.573287885,2751.1189431697644,7865.345434471535,27.0,18.0,4.0
rc201_21,3,75,all,21,grasp,0.7419196999981068,2052992.9445796155,3210.0123688682716,4698.293221074719,28.0,24.0,2.0
rc201_21,3,75,all,21,mp_eavns,8.123610899998312,5119.551360499508,2419.5513604995076,0.0,27.0,18.0,0.0
rc201_21,4,100,depot,1,edd,2.9099999665049836e-05,52010253.40023229,5337.516461463796,61.588377082598186,43.0,13.0,52.0
rc201_21,4,100,depot,1,sweep,2.2899999748915434e-05,33071096.11131118,3721.9699179789327,6317.414139319787,42.0,2.0,33.0
rc201_21,4,100,depot,1,nearest,0.0009214999990945216,31077283.032664414,3544.967043686832,7013.806562072831,36.0,0.0,31.0
rc201_21,4,100,depot,1,grasp,0.4294224999975995,31077682.222916152,4296.272542798813,6968.5950373352935,37.0,7.0,31.0
rc201_21,4,100,depot,1,mp_eavns,7.004713999998785,16006667.932363747,2967.9323637474927,0.0,37.0,0.0,16.0
rc201_21,4,100,phased,21,edd,4.079999780515209e-05,8013012.697668014,5320.852517340269,339.18451506734345,43.0,43.0,8.0
rc201_21,4,100,phased,21,sweep,2.8700000257231295e-05,6094831.494309111,3680.17486599219,8695.13194431188,42.0,21.0,6.0
rc201_21,4,100,phased,21,nearest,0.0007732999984000344,5087587.991897364,3595.656990881017,8039.233490648325,36.0,25.0,5.0
rc201_21,4,100,phased,21,grasp,1.2167756999988342,70171.46401492044,4295.80275659786,6227.566125832257,36.0,43.0,0.0
rc201_21,4,100,phased,21,mp_eavns,16.833473600003344,6808.440433672025,3208.4404336720254,0.0,36.0,21.0,0.0
rc201_21,4,100,all,21,edd,3.94000016967766e-05,8013012.697668014,5320.852517340269,339.18451506734345,43.0,43.0,8.0
rc201_21,4,100,all,21,sweep,2.7599999157246202e-05,6094831.494309111,3680.17486599219,8695.13194431188,42.0,21.0,6.0
rc201_21,4,100,all,21,nearest,0.0007232999996631406,5087587.991897364,3595.656990881017,8039.233490648325,36.0,25.0,5.0
rc201_21,4,100,all,21,grasp,1.2668391000006523,1074011.5172425127,4161.343986829997,6615.017325568265,37.0,37.0,1.0
rc201_21,4,100,all,21,mp_eavns,14.469855200000893,6698.400985970323,3098.400985970323,0.0,36.0,21.0,0.0
rc201C10,1,3,depot,1,edd,6.400001439033076e-06,399.02019706710774,199.02019706710774,0.0,2.0,1.0,0.0
rc201C10,1,3,depot,1,sweep,2.7999994927085936e-06,399.02019706710774,199.02019706710774,0.0,2.0,1.0,0.0
rc201C10,1,3,depot,1,nearest,9.999999747378752e-06,1000366.88105878,166.8810587800455,0.0,2.0,0.0,1.0
rc201C10,1,3,depot,1,grasp,0.0001990000018849969,399.02019706710774,199.02019706710774,0.0,2.0,1.0,0.0
rc201C10,1,3,depot,1,mp_eavns,0.0033774999974411912,399.02019706710774,199.02019706710774,0.0,2.0,1.0,0.0
rc201C10,1,3,phased,2,edd,2.6000016077887267e-06,399.02019706710774,199.02019706710774,0.0,2.0,1.0,0.0
rc201C10,1,3,phased,2,sweep,2.0999978005420417e-06,378.65890321326856,178.65890321326853,0.0,2.0,1.0,0.0
rc201C10,1,3,phased,2,nearest,5.599998985417187e-06,366.9472440961614,166.9472440961614,0.0,2.0,1.0,0.0
rc201C10,1,3,phased,2,grasp,0.00021240000205580145,366.9472440961614,166.9472440961614,0.0,2.0,1.0,0.0
rc201C10,1,3,phased,2,mp_eavns,0.0036537000014504883,366.9472440961614,166.9472440961614,0.0,2.0,1.0,0.0
rc201C10,1,3,all,4,edd,2.1000014385208488e-06,399.02019706710774,199.02019706710774,0.0,2.0,1.0,0.0
rc201C10,1,3,all,4,sweep,1.6000012692529708e-06,378.65890321326856,178.65890321326853,0.0,2.0,1.0,0.0
rc201C10,1,3,all,4,nearest,5.099998816149309e-06,366.9472440961614,166.9472440961614,0.0,2.0,1.0,0.0
rc201C10,1,3,all,4,grasp,0.00022449999960372224,366.9472440961614,166.9472440961614,0.0,2.0,1.0,0.0
rc201C10,1,3,all,4,mp_eavns,0.0038330999996105675,366.9472440961614,166.9472440961614,0.0,2.0,1.0,0.0
rc201C10,2,5,depot,1,edd,3.0999981390777975e-06,448.1429765541567,248.1429765541567,0.0,2.0,2.0,0.0
rc201C10,2,5,depot,1,sweep,2.5000008463393897e-06,415.35744316677415,215.35744316677417,0.0,2.0,1.0,0.0
rc201C10,2,5,depot,1,nearest,9.100000170292333e-06,8781.713560005952,215.35744316677417,836.6356116839178,2.0,1.0,0.0
rc201C10,2,5,depot,1,grasp,0.0006795000008423813,444.48022265382315,244.48022265382312,0.0,2.0,2.0,0.0
rc201C10,2,5,depot,1,mp_eavns,0.007862300000851974,415.35744316677415,215.35744316677417,0.0,2.0,1.0,0.0
rc201C10,2,5,phased,3,edd,4.499997885432094e-06,448.1429765541567,248.1429765541567,0.0,2.0,2.0,0.0
rc201C10,2,5,phased,3,sweep,4.0000013541430235e-06,394.99614931293496,194.99614931293496,0.0,2.0,1.0,0.0
rc201C10,2,5,phased,3,nearest,1.0600000678095967e-05,8781.713560005952,215.35744316677417,836.6356116839178,2.0,1.0,0.0
rc201C10,2,5,phased,3,grasp,0.0008321999994223006,448.1429765541567,248.1429765541567,0.0,2.0,2.0,0.0
rc201C10,2,5,phased,3,mp_eavns,0.00837120000142022,394.99614931293496,194.99614931293496,0.0,2.0,1.0,0.0
rc201C10,2,5,all,4,edd,3.0000010156072676e-06,448.1429765541567,248.1429765541567,0.0,2.0,2.0,0.0
rc201C10,2,5,all,4,sweep,2.4000000848900527e-06,394.99614931293496,194.99614931293496,0.0,2.0,1.0,0.0
rc201C10,2,5,all,4,nearest,7.90000194683671e-06,8781.713560005952,215.35744316677417,836.6356116839178,2.0,1.0,0.0
rc201C10,2,5,all,4,grasp,0.0008285000003525056,444.48022265382315,244.48022265382312,0.0,2.0,2.0,0.0
rc201C10,2,5,all,4,mp_eavns,0.008546100001694867,394.99614931293496,194.99614931293496,0.0,2.0,1.0,0.0
rc201C10,3,8,depot,1,edd,3.6999990697950125e-06,1000722.2156037112,422.21560371125105,0.0,3.0,3.0,1.0
rc201C10,3,8,depot,1,sweep,3.1999989005271345e-06,1108.5280371084887,368.79510399390773,43.97329331145809,3.0,2.0,0.0
rc201C10,3,8,depot,1,nearest,1.4499997632810846e-05,17808.37395704385,368.79510399390773,1713.9578853049943,3.0,2.0,0.0
rc201C10,3,8,depot,1,grasp,0.001743600001645973,6484.975111344577,368.79510399390773,581.618000735067,3.0,2.0,0.0
rc201C10,3,8,depot,1,mp_eavns,0.02910130000236677,668.7951039939078,368.7951039939078,0.0,3.0,2.0,0.0
rc201C10,3,8,phased,4,edd,3.5000011848751456e-06,1000708.0185366232,408.0185366232658,0.0,3.0,4.0,1.0
rc201C10,3,8,phased,4,sweep,4.1000021155923605e-06,816.9097093403338,329.4608584914245,18.74488508489094,3.0,3.0,0.0
rc201C10,3,8,phased,4,nearest,1.4500001270789653e-05,17537.116923129535,349.8221523452637,1688.7294770784272,3.0,3.0,0.0
rc201C10,3,8,phased,4,grasp,0.0020877000024484005,870.0565365815556,382.60768573264625,18.74488508489094,3.0,4.0,0.0
rc201C10,3,8,phased,4,mp_eavns,0.035385999999562046,634.2367430520833,334.23674305208334,0.0,3.0,3.0,0.0
rc201C10,3,8,all,4,edd,5.399997462518513e-06,1000708.0185366232,408.0185366232658,0.0,3.0,4.0,1.0
rc201C10,3,8,all,4,sweep,4.2000028770416975e-06,816.9097093403338,329.4608584914245,18.74488508489094,3.0,3.0,0.0
rc201C10,3,8,all,4,nearest,1.5400000847876072e-05,17537.116923129535,349.8221523452637,1688.7294770784272,3.0,3.0,0.0
rc201C10,3,8,all,4,grasp,0.003002199999173172,4302.640829705286,352.64082970528625,365.0,3.0,3.0,0.0
rc201C10,3,8,all,4,mp_eavns,0.039479500002926216,634.2367430520833,334.23674305208334,0.0,3.0,3.0,0.0
rc201C10,4,10,depot,1,edd,6.199999916134402e-06,1000858.9154315369,458.9154315368298,0.0,4.0,3.0,1.0
rc201C10,4,10,depot,1,sweep,3.9000005926936865e-06,3590.128825075922,407.15033875797377,278.29784863179486,4.0,2.0,0.0
rc201C10,4,10,depot,1,nearest,2.2500000341096893e-05,25329.26829021241,397.0884112199993,2453.217987899241,4.0,2.0,0.0
rc201C10,4,10,depot,1,grasp,0.002412099998764461,9961.021859860439,402.6343088684833,915.8387550991956,4.0,2.0,0.0
rc201C10,4,10,depot,1,mp_eavns,0.060011400000803405,775.2727778066036,375.2727778066036,0.0,4.0,1.0,0.0
rc201C10,4,10,phased,4,edd,1.089999932446517e-05,1000844.7183644489,444.7183644488446,0.0,4.0,4.0,1.0
rc201C10,4,10,phased,4,sweep,1.1399999493733048e-05,3298.510497307768,367.81609325549056,253.06944040522774,4.0,3.0,0.0
rc201C10,4,10,phased,4,nearest,3.680000008898787e-05,25069.36209934596,376.7271173661601,2429.26349819798,4.0,2.0,0.0
rc201C10,4,10,phased,4,grasp,0.0038764999990235083,3515.636707877592,398.8229070204153,271.6813800857177,4.0,4.0,0.0
rc201C10,4,10,phased,4,mp_eavns,0.07804780000151368,761.0757107186183,361.0757107186183,0.0,4.0,2.0,0.0
rc201C10,4,10,all,4,edd,6.800000846851617e-06,1000844.7183644489,444.7183644488446,0.0,4.0,4.0,1.0
rc201C10,4,10,all,4,sweep,9.60000033956021e-06,3298.510497307768,367.81609325549056,253.06944040522774,4.0,3.0,0.0
rc201C10,4,10,all,4,nearest,2.2799998987466097e-05,25069.36209934596,376.7271173661601,2429.26349819798,4.0,2.0,0.0
rc201C10,4,10,all,4,grasp,0.0032971000000543427,6967.816214380819,388.4512643725512,617.9364950008268,4.0,3.0,0.0
rc201C10,4,10,all,4,mp_eavns,0.07903559999977006,761.0757107186183,361.0757107186183,0.0,4.0,2.0,0.0
rc202_21,1,25,depot,1,edd,1.1000000085914508e-05,11002141.74904786,1041.749047860225,0.0,11.0,0.0,11.0
rc202_21,1,25,depot,1,sweep,7.100003131199628e-06,13010507.483908689,990.4727708800376,841.7011137807859,11.0,0.0,13.0
rc202_21,1,25,depot,1,nearest,7.439999899361283e-05,6018576.694817168,876.8114032887432,1669.9883413878508,10.0,0.0,6.0
rc202_21,1,25,depot,1,grasp,0.006499499999335967,6014741.784050711,980.5312687928913,1276.1252781918492,10.0,1.0,6.0
rc202_21,1,25,depot,1,mp_eavns,0.11317380000036792,4001815.8249290567,815.8249290568237,0.0,10.0,0.0,4.0
rc202_21,1,25,phased,6,edd,1.2900000001536682e-05,3002180.936646997,1080.9366469969,0.0,11.0,5.0,3.0
rc202_21,1,25,phased,6,sweep,9.799998224480078e-06,3028887.50023625,1003.3546489476628,2678.414558730238,11.0,6.0,3.0
rc202_21,1,25,phased,6,nearest,7.18000010238029e-05,1018584.9579880489,885.0745741704277,1669.9883413878508,10.0,5.0,1.0
rc202_21,1,25,phased,6,grasp,0.012685899997450178,10409.004882403027,907.0180343372583,860.198684806577,9.0,7.0,0.0
rc202_21,1,25,phased,6,mp_eavns,0.2556291000000783,1722.489744730302,822.489744730302,0.0,9.0,7.0,0.0
rc202_21,1,25,all,21,edd,1.1100000847363845e-05,3002180.936646997,1080.9366469969,0.0,11.0,5.0,3.0
rc202_21,1,25,all,21,sweep,9.999999747378752e-06,3028887.50023625,1003.3546489476628,2678.414558730238,11.0,6.0,3.0
rc202_21,1,25,all,21,nearest,7.539999933214858e-05,1018584.9579880489,885.0745741704277,1669.9883413878508,10.0,5.0,1.0
rc202_21,1,25,all,21,grasp,0.018297200000233715,9893.704755235789,981.9697471913254,791.1735008044463,10.0,8.0,0.0
rc202_21,1,25,all,21,mp_eavns,0.3771723000027123,1788.188045896208,888.188045896208,0.0,9.0,7.0,0.0
rc202_21,2,50,depot,1,edd,1.8700000509852543e-05,22004743.22028926,2443.2202892613304,0.0,23.0,4.0,22.0
rc202_21,2,50,depot,1,sweep,1.2200001947348937e-05,25028226.466781486,2050.1637645065243,2397.6303016979446,22.0,1.0,25.0
rc202_21,2,50,depot,1,nearest,0.00021579999884124845,16038033.80986994,1755.2418613645243,3447.8568008574985,18.0,0.0,16.0
rc202_21,2,50,depot,1,grasp,0.07799189999786904,14025962.685201587,1856.0788309349937,2220.6606370652953,19.0,2.0,14.0
rc202_21,2,50,depot,1,mp_eavns,1.0366598000000522,10003372.389432434,1572.3894324340422,0.0,18.0,0.0,10.0
rc202_21,2,50,phased,11,edd,2.4199998733820394e-05,4004788.690417872,2447.890569352546,4.079984851930362,23.0,17.0,4.0
rc202_21,2,50,phased,11,sweep,1.7300000763498247e-05,5051991.852070909,2038.3710040081976,4775.348106690035,22.0,14.0,5.0
rc202_21,2,50,phased,11,nearest,0.00022390000231098384,2044594.0222057628,1794.3612086685855,4099.96609970942,18.0,13.0,2.0
rc202_21,2,50,phased,11,grasp,0.2193390000029467,22188.71405414267,2142.463218313032,1814.6250835829642,19.0,20.0,0.0
rc202_21,2,50,phased,11,mp_eavns,2.434524300002522,3434.085539519994,1634.0855395199942,0.0,18.0,14.0,0.0
rc202_21,2,50,all,21,edd,1.849999898695387e-05,4004788.690417872,2447.890569352546,4.079984851930362,23.0,17.0,4.0
rc202_21,2,50,all,21,sweep,1.4400000509340316e-05,5051991.852070909,2038.3710040081976,4775.348106690035,22.0,14.0,5.0
rc202_21,2,50,all,21,nearest,0.00027570000020205043,2044594.0222057628,1794.3612086685855,4099.96609970942,18.0,13.0,2.0
rc202_21,2,50,all,21,grasp,0.24660909999875003,26783.438228981864,2064.5590547042025,2281.8879174277663,19.0,18.0,0.0
rc202_21,2,50,all,21,mp_eavns,2.6249614999978803,3416.653208000222,1616.653208000222,0.0,18.0,13.0,0.0
rc202_21,3,75,depot,1,edd,2.5099998310906813e-05,36008875.33471641,4032.8633932900907,154.24713231219067,33.0,10.0,36.0
rc202_21,3,75,depot,1,sweep,1.7000002117129043e-05,32034761.810797498,2928.1992880421203,2863.3611509456687,32.0,1.0,32.0
rc202_21,3,75,depot,1,nearest,0.00042579999717418104,26047686.5601647,2703.20206081961,4228.335810388206,27.0,0.0,26.0
rc202_21,3,75,depot,1,grasp,0.1487916000005498,23035426.21368176,3310.4801655671035,2931.573351619443,28.0,8.0,23.0
rc202_21,3,75,depot,1,mp_eavns,3.5596155999992334,15005073.021744227,2373.0217442279286,0.0,27.0,0.0,15.0
rc202_21,3,75,phased,16,edd,6.489999941550195e-05,4008149.6682614465,4014.2038784616752,83.54643829850329,33.0,33.0,4.0
rc202_21,3,75,phased,16,sweep,4.400000034365803e-05,6058535.44535325,2924.65579387287,5241.078955937759,32.0,20.0,6.0
rc202_21,3,75,phased,16,nearest,0.0007928000013635028,5057940.625597309,2746.884810044518,5249.374078726441,27.0,17.0,5.0
rc202_21,3,75,phased,16,grasp,0.5107718000035675,1026752.3106022364,3175.7355795992175,2077.657502263715,28.0,29.0,1.0
rc202_21,3,75,phased,16,mp_eavns,8.410395300001255,5153.129347023838,2453.129347023838,0.0,27.0,21.0,0.0
rc202_21,3,75,all,21,edd,5.48999996681232e-05,4008101.127361924,4009.9726013139993,79.11547606099282,33.0,33.0,4.0
rc202_21,3,75,all,21,sweep,4.199999966658652e-05,6058535.44535325,2924.65579387287,5241.078955937759,32.0,20.0,6.0
rc202_21,3,75,all,21,nearest,0.0008166000006895047,5057940.625597309,2746.884810044518,5249.374078726441,27.0,17.0,5.0
rc202_21,3,75,all,21,grasp,0.593983600003412,1030973.7483798045,3075.233247007172,2509.8515132797374,28.0,26.0,1.0
rc202_21,3,75,all,21,mp_eavns,8.51617830000032,5137.050496703527,2437.0504967035267,0.0,27.0,19.0,0.0
rc202_21,4,100,depot,1,edd,4.260000059730373e-05,49010847.05445984,5375.285532787441,127.17689270489592,42.0,12.0,49.0
rc202_21,4,100,depot,1,sweep,2.8399997972883284e-05,33040976.456494648,3721.9699179789327,3305.4486576670743,42.0,2.0,33.0
rc202_21,4,100,depot,1,nearest,0.00075970000034431,31046419.31862927,3544.967043686832,3927.4351585582813,36.0,0.0,31.0
rc202_21,4,100,depot,1,grasp,0.30752989999746205,31047535.26583662,4173.901331393676,3976.1364505224615,36.0,7.0,31.0
rc202_21,4,100,depot,1,mp_eavns,6.628084099997068,16006767.556508237,3167.5565082369612,0.0,36.0,2.0,16.0
rc202_21,4,100,phased,21,edd,4.329999865149148e-05,8011743.196505668,5298.138044159385,224.5058461507972,42.0,45.0,8.0
rc202_21,4,100,phased,21,sweep,2.680000034160912e-05,6064711.839492584,3680.17486599219,5683.166462659165,42.0,21.0,6.0
rc202_21,4,100,phased,21,nearest,0.0007377000001724809,5056724.277862219,3595.656990881017,4952.8620871337735,36.0,25.0,5.0
rc202_21,4,100,phased,21,grasp,1.1532262000000628,1042883.6670113144,4125.273912274722,3505.839309903974,37.0,38.0,1.0
rc202_21,4,100,phased,21,mp_eavns,21.7258393000011,6783.987969519834,3083.9879695198338,0.0,37.0,23.0,0.0
rc202_21,4,100,all,21,edd,3.7099998735357076e-05,8011743.196505668,5298.138044159385,224.5058461507972,42.0,45.0,8.0
rc202_21,4,100,all,21,sweep,2.6699999580159783e-05,6064711.839492584,3680.17486599219,5683.166462659165,42.0,21.0,6.0
rc202_21,4,100,all,21,nearest,0.0007385999997495674,5056724.277862219,3595.656990881017,4952.8620871337735,36.0,25.0,5.0
rc202_21,4,100,all,21,grasp,1.070697300001484,1042422.072321457,4147.01910667471,3467.505321478231,36.0,41.0,1.0
rc202_21,4,100,all,21,mp_eavns,18.89160229999834,6692.553448039595,3092.5534480395954,0.0,36.0,22.0,0.0
rc202C15,1,4,depot,1,edd,5.699999746866524e-06,355.4536629777351,155.45366297773512,0.0,2.0,0.0,0.0
rc202C15,1,4,depot,1,sweep,2.6999987312592566e-06,329.7151874316648,129.7151874316648,0.0,2.0,0.0,0.0
rc202C15,1,4,depot,1,nearest,1.1099997209385037e-05,922.1863857057082,154.95555647254776,56.72308292331604,2.0,0.0,0.0
rc202C15,1,4,depot,1,grasp,0.00023919999875943176,329.7151874316648,129.7151874316648,0.0,2.0,0.0,0.0
rc202C15,1,4,depot,1,mp_eavns,0.004814500000065891,329.7151874316648,129.7151874316648,0.0,2.0,0.0,0.0
rc202C15,1,4,phased,2,edd,3.0000010156072676e-06,355.4536629777351,155.45366297773512,0.0,2.0,0.0,0.0
rc202C15,1,4,phased,2,sweep,2.8000031306874007e-06,329.7151874316648,129.7151874316648,0.0,2.0,0.0,0.0
rc202C15,1,4,phased,2,nearest,8.39999847812578e-06,922.1863857057082,154.95555647254776,56.72308292331604,2.0,0.0,0.0
rc202C15,1,4,phased,2,grasp,0.00024699999994481914,329.7151874316648,129.7151874316648,0.0,2.0,0.0,0.0
rc202C15,1,4,phased,2,mp_eavns,0.005585900002188282,329.7151874316648,129.7151874316648,0.0,2.0,0.0,0.0
rc202C15,1,4,all,5,edd,2.6999987312592566e-06,355.4536629777351,155.45366297773512,0.0,2.0,0.0,0.0
rc202C15,1,4,all,5,sweep,2.1000014385208488e-06,329.7151874316648,129.7151874316648,0.0,2.0,0.0,0.0
rc202C15,1,4,all,5,nearest,1.21000011858996e-05,922.1863857057082,154.95555647254776,56.72308292331604,2.0,0.0,0.0
rc202C15,1,4,all,5,grasp,0.0002421000026515685,329.7151874316648,129.7151874316648,0.0,2.0,0.0,0.0
rc202C15,1,4,all,5,mp_eavns,0.005717699998058379,329.7151874316648,129.7151874316648,0.0,2.0,0.0,0.0
rc202C15,2,8,depot,1,edd,4.19999923906289e-06,2000640.6665571611,340.66655716116827,0.0,3.0,1.0,2.0
rc202C15,2,8,depot,1,sweep,3.5000011848751456e-06,2002733.2741103352,242.56343221639605,219.07106781186553,3.0,0.0,2.0
rc202C15,2,8,depot,1,nearest,1.5699999494245276e-05,3000695.394034581,297.20501483509435,9.818901974546634,3.0,0.0,3.0
rc202C15,2,8,depot,1,grasp,0.0019497000030241907,1000618.9288789757,318.92887897565174,0.0,3.0,1.0,1.0
rc202C15,2,8,depot,1,mp_eavns,0.02158919999783393,1000539.4914592019,239.49145920191617,0.0,3.0,0.0,1.0
rc202C15,2,8,phased,3,edd,5.49999822396785e-06,1000646.0056400782,346.0056400782458,0.0,3.0,3.0,1.0
rc202C15,2,8,phased,3,sweep,5.500001861946657e-06,2002733.2741103352,242.56343221639605,219.07106781186553,3.0,0.0,2.0
rc202C15,2,8,phased,3,nearest,1.8799997633323073e-05,698.3380872266532,300.1490674811869,9.818901974546634,3.0,2.0,0.0
rc202C15,2,8,phased,3,grasp,0.001712600002065301,591.0511866425734,291.05118664257344,0.0,3.0,2.0,0.0
rc202C15,2,8,phased,3,mp_eavns,0.027779700001701713,545.493437555827,245.49343755582694,0.0,3.0,1.0,0.0
rc202C15,2,8,all,5,edd,5.099998816149309e-06,1000646.0056400782,346.0056400782458,0.0,3.0,3.0,1.0
rc202C15,2,8,all,5,sweep,4.399997123982757e-06,2002733.2741103352,242.56343221639605,219.07106781186553,3.0,0.0,2.0
rc202C15,2,8,all,5,nearest,1.590000101714395e-05,698.3380872266532,300.1490674811869,9.818901974546634,3.0,2.0,0.0
rc202C15,2,8,all,5,grasp,0.001966699997865362,591.0511866425734,291.05118664257344,0.0,3.0,2.0,0.0
rc202C15,2,8,all,5,mp_eavns,0.027602999998634914,545.493437555827,245.49343755582694,0.0,3.0,1.0,0.0
rc202C15,3,12,depot,1,edd,7.099999493220821e-06,6001092.769231211,592.7692312113538,0.0,5.0,1.0,6.0
rc202C15,3,12,depot,1,sweep,4.7000030463095754e-06,4006347.028274059,443.10840067302894,540.3919873385972,5.0,0.0,4.0
rc202C15,3,12,depot,1,nearest,2.8299997211433947e-05,4009294.8991973596,495.6735769451898,839.9225620414363,4.0,1.0,4.0
rc202C15,3,12,depot,1,grasp,0.003807999997661682,2001046.2308038378,546.2308038378354,0.0,5.0,2.0,2.0
rc202C15,3,12,depot,1,mp_eavns,0.08362750000014785,2000890.148677738,390.1486777379389,0.0,5.0,0.0,2.0
rc202C15,3,12,phased,4,edd,8.499999239575118e-06,2001135.7882510354,635.7882510353004,0.0,5.0,6.0,2.0
rc202C15,3,12,phased,4,sweep,8.200000593205914e-06,4006347.028274059,443.10840067302894,540.3919873385972,5.0,0.0,4.0
rc202C15,3,12,phased,4,nearest,4.540000009001233e-05,3009297.47688602,498.25126560574756,839.9225620414363,4.0,2.0,3.0
rc202C15,3,12,phased,4,grasp,0.012440200000128243,9011.423940753364,568.5848105440737,804.283913020929,4.0,6.0,0.0
rc202C15,3,12,phased,4,mp_eavns,0.11231630000111181,974.8372177240594,474.8372177240594,0.0,5.0,3.0,0.0
rc202C15,3,12,all,5,edd,8.899998647393659e-06,2001135.7882510354,635.7882510353004,0.0,5.0,6.0,2.0
rc202C15,3,12,all,5,sweep,7.799997547408566e-06,4006347.028274059,443.10840067302894,540.3919873385972,5.0,0.0,4.0
rc202C15,3,12,all,5,nearest,2.8700000257231295e-05,3009297.47688602,498.25126560574756,839.9225620414363,4.0,2.0,3.0
rc202C15,3,12,all,5,grasp,0.005109400000947062,1255.875137188431,515.4451128632658,34.043002432516516,4.0,4.0,0.0
rc202C15,3,12,all,5,mp_eavns,0.10801749999882304,955.4152782597303,455.4152782597303,0.0,5.0,2.0,0.0
rc202C15,4,15,depot,1,edd,9.100000170292333e-06,8001385.402985172,785.4029851725327,0.0,6.0,1.0,8.0
rc202C15,4,15,depot,1,sweep,5.500001861946657e-06,5006556.920585903,553.0007125177342,540.3919873385972,6.0,0.0,5.0
rc202C15,4,15,depot,1,nearest,3.640000068116933e-05,5013723.717653828,579.6139719695773,1264.4103681857741,5.0,1.0,5.0
rc202C15,4,15,depot,1,grasp,0.005345599998690886,2010425.98360436,771.7240932416651,915.4259511118307,5.0,5.0,2.0
rc202C15,4,15,depot,1,mp_eavns,0.11242520000087097,2001144.0729109251,544.0729109250273,0.0,6.0,1.0,2.0
rc202C15,4,15,phased,5,edd,9.499999578110874e-06,3001397.3692083014,797.369208301262,0.0,6.0,6.0,3.0
rc202C15,4,15,phased,5,sweep,7.899998308857903e-06,4006558.6777404672,554.7578670812004,540.3919873385972,6.0,1.0,4.0
rc202C15,4,15,phased,5,nearest,3.590000051190145e-05,3013730.7674784428,586.6637965851346,1264.4103681857741,5.0,3.0,3.0
rc202C15,4,15,phased,5,grasp,0.008421100003033644,4703.867159847039,664.1804891993684,353.96866706476715,5.0,6.0,0.0
rc202C15,4,15,phased,5,mp_eavns,0.13513629999943078,1085.3935968354174,585.3935968354174,0.0,5.0,4.0,0.0
rc202C15,4,15,all,5,edd,9.000003046821803e-06,3001397.3692083014,797.369208301262,0.0,6.0,6.0,3.0
rc202C15,4,15,all,5,sweep,7.899998308857903e-06,4006558.6777404672,554.7578670812004,540.3919873385972,6.0,1.0,4.0
rc202C15,4,15,all,5,nearest,3.5799999750452116e-05,3013730.7674784428,586.6637965851346,1264.4103681857741,5.0,3.0,3.0
rc202C15,4,15,all,5,grasp,0.007293699996807845,5362.11342273611,638.4452581128762,422.3668164623234,5.0,6.0,0.0
rc202C15,4,15,all,5,mp_eavns,0.16497009999875445,1083.8011314857918,583.8011314857918,0.0,5.0,4.0,0.0
rc203_21,1,25,depot,1,edd,1.6900001355679706e-05,10002147.628098909,1047.6280989092324,0.0,11.0,0.0,10.0
rc203_21,1,25,depot,1,sweep,1.2300002708798274e-05,13008045.680509813,990.4727708800376,595.520773893287,11.0,0.0,13.0
rc203_21,1,25,depot,1,nearest,0.00012070000229869038,6012694.499372594,876.8114032887432,1081.768796930558,10.0,0.0,6.0
rc203_21,1,25,depot,1,grasp,0.010697199999412987,6009276.737414268,896.0267361493362,738.0710678118655,10.0,0.0,6.0
rc203_21,1,25,depot,1,mp_eavns,0.23677300000053947,4001811.261453218,811.2614532179753,0.0,10.0,0.0,4.0
rc203_21,1,25,phased,6,edd,1.170000177808106e-05,3002189.6472146427,1089.6472146427839,0.0,11.0,6.0,3.0
rc203_21,1,25,phased,6,sweep,8.600000001024455e-06,3008058.5623878804,1003.3546489476628,595.520773893287,11.0,6.0,3.0
rc203_21,1,25,phased,6,nearest,7.330000153160654e-05,1012702.762543476,885.0745741704277,1081.768796930558,10.0,5.0,1.0
rc203_21,1,25,phased,6,grasp,0.012547999998787418,1951.0443062113745,951.0443062113746,0.0,10.0,8.0,0.0
rc203_21,1,25,phased,6,mp_eavns,0.33181969999714056,1730.052950051053,830.052950051053,0.0,9.0,7.0,0.0
rc203_21,1,25,all,21,edd,1.1599997378652915e-05,3002189.6472146427,1089.6472146427839,0.0,11.0,6.0,3.0
rc203_21,1,25,all,21,sweep,9.700001101009548e-06,3008058.5623878804,1003.3546489476628,595.520773893287,11.0,6.0,3.0
rc203_21,1,25,all,21,nearest,7.550000009359792e-05,1012702.762543476,885.0745741704277,1081.768796930558,10.0,5.0,1.0
rc203_21,1,25,all,21,grasp,0.015962400000717025,4187.781346424945,896.8311153276547,229.09502310972897,10.0,7.0,0.0
rc203_21,1,25,all,21,mp_eavns,0.4575086000004376,1711.761671226292,811.7616712262922,0.0,9.0,6.0,0.0
rc203_21,2,50,depot,1,edd,1.8700000509852543e-05,19004388.882526524,2188.882526522731,0.0,22.0,1.0,19.0
rc203_21,2,50,depot,1,sweep,1.2700002116616815e-05,25019274.32289495,2050.1637645065243,1502.4159130442115,22.0,1.0,25.0
rc203_21,2,50,depot,1,nearest,0.0002117000003636349,16022713.98138489,1755.3511880172796,1915.8630196873546,18.0,0.0,16.0
rc203_21,2,50,depot,1,grasp,0.05304210000031162,14016857.587275319,2175.962507879001,1278.1624767440658,19.0,5.0,14.0
rc203_21,2,50,depot,1,mp_eavns,1.239196799997444,10003454.161946978,1554.1619469779346,0.0,19.0,0.0,10.0
rc203_21,2,50,phased,11,edd,2.0300001779105514e-05,3004433.170249592,2193.9483126321907,3.9221936959751815,22.0,12.0,3.0
rc203_21,2,50,phased,11,sweep,1.460000203223899e-05,5024568.3494616775,2038.3710040081976,2032.9978457668851,22.0,14.0,5.0
rc203_21,2,50,phased,11,nearest,0.0002965000021504238,2029278.388976738,1798.6657913452566,2567.9723185392763,18.0,13.0,2.0
rc203_21,2,50,phased,11,grasp,0.136354800000845,13936.732544281516,2042.19272853014,999.4539815751375,19.0,20.0,0.0
rc203_21,2,50,phased,11,mp_eavns,3.0112359000013385,3443.364088121224,1643.3640881212243,0.0,18.0,14.0,0.0
rc203_21,2,50,all,21,edd,1.9999999494757503e-05,3004433.170249592,2193.9483126321907,3.9221936959751815,22.0,12.0,3.0
rc203_21,2,50,all,21,sweep,6.060000305296853e-05,5024568.3494616775,2038.3710040081976,2032.9978457668851,22.0,14.0,5.0
rc203_21,2,50,all,21,nearest,0.0003711000026669353,2029278.388976738,1798.6657913452566,2567.9723185392763,18.0,13.0,2.0
rc203_21,2,50,all,21,grasp,0.20105709999916144,12923.831822052754,1926.887379211085,919.6944442841669,18.0,18.0,0.0
rc203_21,2,50,all,21,mp_eavns,2.8018540000011853,3436.6775558092863,1636.6775558092863,0.0,18.0,12.0,0.0
rc203_21,3,75,depot,1,edd,2.8800001018680632e-05,41006978.17121229,3778.171212296625,0.0,32.0,4.0,41.0
rc203_21,3,75,depot,1,sweep,1.7400001524947584e-05,32021152.358418483,2928.1992880421203,1502.4159130442115,32.0,1.0,32.0
rc203_21,3,75,depot,1,nearest,0.00043989999903715216,26031656.18554054,2703.20206081961,2625.2983479717723,27.0,0.0,26.0
rc203_21,3,75,depot,1,grasp,0.148306600000069,22018459.48422215,2756.0365281815693,1300.344769397085,27.0,1.0,22.0
rc203_21,3,75,depot,1,mp_eavns,3.2045209999996587,15005070.982090598,2370.9820905988495,0.0,27.0,1.0,15.0
rc203_21,3,75,phased,16,edd,3.0499999411404133e-05,6007085.397452801,3846.175515840924,3.9221936959751815,32.0,30.0,6.0
rc203_21,3,75,phased,16,sweep,1.939999856404029e-05,6026454.634251541,2924.65579387287,2032.9978457668851,32.0,20.0,6.0
rc203_21,3,75,phased,16,nearest,0.00041429999691899866,5038220.961278281,2746.884810044518,3277.407646823694,27.0,17.0,5.0
rc203_21,3,75,phased,16,grasp,0.40925699999934295,1020509.7677868776,3142.439356053249,1456.7328430824296,28.0,27.0,1.0
rc203_21,3,75,phased,16,mp_eavns,7.105267200000526,5118.499038273587,2418.499038273587,0.0,27.0,20.0,0.0
rc203_21,3,75,all,21,edd,3.060000017285347e-05,6007085.397452801,3846.175515840924,3.9221936959751815,32.0,30.0,6.0
rc203_21,3,75,all,21,sweep,2.0399998902576044e-05,6026454.634251541,2924.65579387287,2032.9978457668851,32.0,20.0,6.0
rc203_21,3,75,all,21,nearest,0.0006929000010131858,5038220.961278281,2746.884810044518,3277.407646823694,27.0,17.0,5.0
rc203_21,3,75,all,21,grasp,0.46775029999844264,1016489.500035313,3276.791738578089,1041.2708296734859,28.0,27.0,1.0
rc203_21,3,75,all,21,mp_eavns,8.712679299998854,5154.819820501929,2454.819820501929,0.0,27.0,19.0,0.0
rc203_21,4,100,depot,1,edd,3.5400000342633575e-05,48009795.6296866,5299.899008128486,9.57306784698585,44.0,9.0,48.0
rc203_21,4,100,depot,1,sweep,2.260000110254623e-05,33027178.324492995,3721.9699179789327,1925.6354575015043,42.0,2.0,33.0
rc203_21,4,100,depot,1,nearest,0.0007673000000067987,31026482.412947472,3544.967043686832,1933.7445903785479,36.0,0.0,31.0
rc203_21,4,100,depot,1,grasp,0.29788080000071204,29032399.299169812,3997.3278434999224,2470.1971326313183,37.0,7.0,29.0
rc203_21,4,100,depot,1,mp_eavns,6.412531599999056,15006637.866711479,3037.8667114792706,0.0,36.0,1.0,15.0
rc203_21,4,100,phased,21,edd,4.600000102072954e-05,13010853.579200972,5271.123722532886,118.24554784394599,44.0,38.0,13.0
rc203_21,4,100,phased,21,sweep,3.389999983482994e-05,6032442.348768234,3680.17486599219,2456.2173902241775,42.0,21.0,6.0
rc203_21,4,100,phased,21,nearest,0.0007375000022875611,5028901.099620866,3595.656990881017,2170.5442629984345,36.0,25.0,5.0
rc203_21,4,100,phased,21,grasp,1.0339531999998144,31183.660701934623,3760.4367626038115,2382.322393933081,36.0,32.0,0.0
rc203_21,4,100,phased,21,mp_eavns,15.840537299998687,6617.785218407844,3017.7852184078442,0.0,36.0,23.0,0.0
rc203_21,4,100,all,21,edd,4.059999992023222e-05,13010853.579200972,5271.123722532886,118.24554784394599,44.0,38.0,13.0
rc203_21,4,100,all,21,sweep,2.9099999665049836e-05,6032442.348768234,3680.17486599219,2456.2173902241775,42.0,21.0,6.0
rc203_21,4,100,all,21,nearest,0.0008760000018810388,5028901.099620866,3595.656990881017,2170.5442629984345,36.0,25.0,5.0
rc203_21,4,100,all,21,grasp,1.081471400000737,1019784.1756823399,4148.657442670127,1203.5518239669855,36.0,38.0,1.0
rc203_21,4,100,all,21,mp_eavns,12.737950299997465,6708.545356069466,3108.5453560694655,0.0,36.0,23.0,0.0
rc204_21,1,25,depot,1,edd,1.2900000001536682e-05,10002212.626518209,1112.6265182084578,0.0,11.0,1.0,10.0
rc204_21,1,25,depot,1,sweep,7.200000254670158e-06,13007204.8125822,990.4727708800376,511.4339811320566,11.0,0.0,13.0
rc204_21,1,25,depot,1,nearest,7.650000043213367e-05,6004273.876795111,876.8114032887432,239.7065391822594,10.0,0.0,6.0
rc204_21,1,25,depot,1,grasp,0.005846500000188826,6001716.993533129,816.9935331287785,0.0,9.0,0.0,6.0
rc204_21,1,25,depot,1,mp_eavns,0.1916811000010057,4001779.7769603305,779.7769603305205,0.0,10.0,0.0,4.0
rc204_21,1,25,phased,6,edd,1.4099998224992305e-05,2206.9716898268352,1106.9716898268355,0.0,11.0,9.0,0.0
rc204_21,1,25,phased,6,sweep,9.999999747378752e-06,3007217.694460268,1003.3546489476628,511.4339811320566,11.0,6.0,3.0
rc204_21,1,25,phased,6,nearest,8.81000014487654e-05,1004282.139965993,885.0745741704277,239.7065391822594,10.0,5.0,1.0
rc204_21,1,25,phased,6,grasp,0.011830899999040412,1910.1472470380802,910.1472470380802,0.0,10.0,7.0,0.0
rc204_21,1,25,phased,6,mp_eavns,0.5105098000021826,1811.0485163926674,811.0485163926674,0.0,10.0,5.0,0.0
rc204_21,1,25,all,21,edd,1.219999830937013e-05,2206.9716898268352,1106.9716898268355,0.0,11.0,9.0,0.0
rc204_21,1,25,all,21,sweep,9.400002454640344e-06,3007217.694460268,1003.3546489476628,511.4339811320566,11.0,6.0,3.0
rc204_21,1,25,all,21,nearest,7.560000085504726e-05,1004282.139965993,885.0745741704277,239.7065391822594,10.0,5.0,1.0
rc204_21,1,25,all,21,grasp,0.021198700000240933,1991.6988842415785,991.6988842415785,0.0,10.0,8.0,0.0
rc204_21,1,25,all,21,mp_eavns,0.4010904999995546,1813.6174277142627,813.6174277142628,0.0,10.0,6.0,0.0
rc204_21,2,50,depot,1,edd,2.5299999833805487e-05,23004619.5593404,2419.559340399251,0.0,22.0,4.0,23.0
rc204_21,2,50,depot,1,sweep,1.309999788645655e-05,25009364.503575828,2050.1637645065243,511.4339811320566,22.0,1.0,25.0
rc204_21,2,50,depot,1,nearest,0.0002327999973203987,16003555.351188017,1755.3511880172796,0.0,18.0,0.0,16.0
rc204_21,2,50,depot,1,grasp,0.04340260000026319,15003782.860392762,1882.8603927625222,0.0,19.0,1.0,15.0
rc204_21,2,50,depot,1,mp_eavns,1.1728498999982548,10003324.661760576,1524.6617605768752,0.0,18.0,0.0,10.0
rc204_21,2,50,phased,11,edd,2.260000110254623e-05,3004612.689269218,2412.6892692182205,0.0,22.0,19.0,3.0
rc204_21,2,50,phased,11,sweep,1.6099998902063817e-05,5014658.530142556,2038.3710040081976,1042.0159138547301,22.0,14.0,5.0
rc204_21,2,50,phased,11,nearest,0.00021600000036414713,2004369.7587798645,1798.6657913452566,77.10929885192172,18.0,13.0,2.0
rc204_21,2,50,phased,11,grasp,0.1029329000011785,1003811.8171459943,1911.817145994333,0.0,19.0,16.0,1.0
rc204_21,2,50,phased,11,mp_eavns,2.562112399999023,3407.976855602533,1607.9768556025326,0.0,18.0,11.0,0.0
rc204_21,2,50,all,21,edd,2.2500000341096893e-05,3004611.6160916523,2411.6160916524586,0.0,22.0,19.0,3.0
rc204_21,2,50,all,21,sweep,1.6699999832781032e-05,5014658.530142556,2038.3710040081976,1042.0159138547301,22.0,14.0,5.0
rc204_21,2,50,all,21,nearest,0.00021879999985685572,2004369.7587798645,1798.6657913452566,77.10929885192172,18.0,13.0,2.0
rc204_21,2,50,all,21,grasp,0.11162830000102986,6515.610277914645,1954.2803448709985,266.1329933043646,19.0,17.0,0.0
rc204_21,2,50,all,21,mp_eavns,2.747353700000531,3354.247060195735,1554.2470601957345,0.0,18.0,12.0,0.0
rc204_21,3,75,depot,1,edd,3.0399998649954796e-05,37007049.23039991,3849.2303999080027,0.0,32.0,7.0,37.0
rc204_21,3,75,depot,1,sweep,1.68999977177009e-05,32011242.53909936,2928.1992880421203,511.4339811320566,32.0,1.0,32.0
rc204_21,3,75,depot,1,nearest,0.0004461999997147359,26006613.20206082,2703.20206081961,121.0,27.0,0.0,26.0
rc204_21,3,75,depot,1,grasp,0.13114649999988615,23005952.09424208,2818.062999707708,43.40312423743285,27.0,1.0,23.0
rc204_21,3,75,depot,1,mp_eavns,3.185818499998277,15004964.718659686,2264.7186596856573,0.0,27.0,0.0,15.0
rc204_21,3,75,phased,16,edd,3.079999805777334e-05,7007062.396418645,3862.396418644715,0.0,32.0,32.0,7.0
rc204_21,3,75,phased,16,sweep,2.229999881819822e-05,6016544.81493242,2924.65579387287,1042.0159138547301,32.0,20.0,6.0
rc204_21,3,75,phased,16,nearest,0.0004489999992074445,5007427.977798563,2746.884810044518,198.10929885192172,27.0,17.0,5.0
rc204_21,3,75,phased,16,grasp,0.23023679999823798,1006263.649640199,3029.6183978247327,43.40312423743285,28.0,25.0,1.0
rc204_21,3,75,phased,16,mp_eavns,7.133414200001425,5082.188371526587,2382.1883715265863,0.0,27.0,17.0,0.0
rc204_21,3,75,all,21,edd,5.0099999498343095e-05,7007061.701507585,3861.701507585315,0.0,32.0,32.0,7.0
rc204_21,3,75,all,21,sweep,3.730000025825575e-05,6016544.81493242,2924.65579387287,1042.0159138547301,32.0,20.0,6.0
rc204_21,3,75,all,21,nearest,0.0007616000002599321,5007427.977798563,2746.884810044518,198.10929885192172,27.0,17.0,5.0
rc204_21,3,75,all,21,grasp,0.3537796000018716,1007050.5696026203,3089.8589245016665,126.07106781186553,27.0,28.0,1.0
rc204_21,3,75,all,21,mp_eavns,8.084516200000508,5052.948341253243,2352.9483412532427,0.0,27.0,18.0,0.0
rc204_21,4,100,depot,1,edd,4.270000135875307e-05,44009233.434053175,5133.434053177461,0.0,41.0,15.0,44.0
rc204_21,4,100,depot,1,sweep,2.3200002033263445e-05,33014868.505173873,3721.9699179789327,694.6535255893494,42.0,2.0,33.0
rc204_21,4,100,depot,1,nearest,0.000718100000085542,31009542.03243551,3544.967043686832,239.7065391822594,36.0,0.0,31.0
rc204_21,4,100,depot,1,grasp,0.19584329999997863,29012884.757206798,3889.4426306797704,539.5314576115974,36.0,4.0,29.0
rc204_21,4,100,depot,1,mp_eavns,7.408723900000041,16006662.941704655,2962.941704654158,0.0,37.0,0.0,16.0
rc204_21,4,100,phased,21,edd,5.1300001359777525e-05,14009180.49625512,5080.49625511937,0.0,41.0,42.0,14.0
rc204_21,4,100,phased,21,sweep,8.119999984046444e-05,6020132.529449113,3680.17486599219,1225.235458312023,42.0,21.0,6.0
rc204_21,4,100,phased,21,nearest,0.0013822000000800472,5011215.768133223,3595.656990881017,402.01111423418234,36.0,25.0,5.0
rc204_21,4,100,phased,21,grasp,0.7082477999974799,1016417.6189417567,3772.6462737624015,894.4972667994266,37.0,29.0,1.0
rc204_21,4,100,phased,21,mp_eavns,13.73396490000232,6586.425562073101,2986.425562073101,0.0,36.0,20.0,0.0
rc204_21,4,100,all,21,edd,4.059999992023222e-05,14009180.49625512,5080.49625511937,0.0,41.0,42.0,14.0
rc204_21,4,100,all,21,sweep,2.5699999241624027e-05,6020132.529449113,3680.17486599219,1225.235458312023,42.0,21.0,6.0
rc204_21,4,100,all,21,nearest,0.0007086999976309016,5011215.768133223,3595.656990881017,402.01111423418234,36.0,25.0,5.0
rc204_21,4,100,all,21,grasp,0.6277525000004971,13973.365155643474,4011.976316243979,636.1388839399494,36.0,37.0,0.0
rc204_21,4,100,all,21,mp_eavns,15.742781799999648,6610.544707408916,3010.544707408916,0.0,36.0,20.0,0.0
rc204C15,1,4,depot,1,edd,9.899998985929415e-06,1000541.928009401,241.92800940097928,0.0,3.0,0.0,1.0
rc204C15,1,4,depot,1,sweep,3.0999981390777975e-06,1000396.3679896725,196.36798967243485,0.0,2.0,0.0,1.0
rc204C15,1,4,depot,1,nearest,1.1600001016631722e-05,2000404.0897094593,204.0897094592362,0.0,2.0,0.0,2.0
rc204C15,1,4,depot,1,grasp,0.0007442999994964339,1000396.3679896725,196.36798967243487,0.0,2.0,0.0,1.0
rc204C15,1,4,depot,1,mp_eavns,0.005879100001038751,1000396.3679896725,196.36798967243485,0.0,2.0,0.0,1.0
rc204C15,1,4,phased,3,edd,4.599998646881431e-06,1000541.928009401,241.92800940097928,0.0,3.0,0.0,1.0
rc204C15,1,4,phased,3,sweep,3.6000019463244826e-06,1000396.3679896725,196.36798967243485,0.0,2.0,0.0,1.0
rc204C15,1,4,phased,3,nearest,9.800001862458885e-06,1000406.2595214859,206.25952148591182,0.0,2.0,1.0,1.0
rc204C15,1,4,phased,3,grasp,0.00027599999884841964,1000396.3679896725,196.36798967243485,0.0,2.0,0.0,1.0
rc204C15,1,4,phased,3,mp_eavns,0.004416700001456775,1000396.3679896725,196.36798967243485,0.0,2.0,0.0,1.0
rc204C15,1,4,all,7,edd,4.5000015234109014e-06,1000541.928009401,241.92800940097928,0.0,3.0,0.0,1.0
rc204C15,1,4,all,7,sweep,3.4000004234258085e-06,1000396.3679896725,196.36798967243485,0.0,2.0,0.0,1.0
rc204C15,1,4,all,7,nearest,1.0200001270277426e-05,413.8712602659381,213.87126026593805,0.0,2.0,2.0,0.0
rc204C15,1,4,all,7,grasp,0.0003462000022409484,413.8712602659381,213.87126026593805,0.0,2.0,2.0,0.0
rc204C15,1,4,all,7,mp_eavns,0.006356699999741977,413.8712602659381,213.87126026593805,0.0,2.0,2.0,0.0
rc204C15,2,8,depot,1,edd,5.500001861946657e-06,4000774.7587900986,374.75879009878486,0.0,4.0,0.0,4.0
rc204C15,2,8,depot,1,sweep,3.999997716164216e-06,2000762.7201426846,362.7201426846383,0.0,4.0,0.0,2.0
rc204C15,2,8,depot,1,nearest,1.7899998056236655e-05,3000804.052803657,404.05280365719443,0.0,4.0,0.0,3.0
rc204C15,2,8,depot,1,grasp,0.0005153000020072795,2000776.5886888504,376.5886888504898,0.0,4.0,0.0,2.0
rc204C15,2,8,depot,1,mp_eavns,0.03031090000149561,2000744.6925235006,344.69252350070747,0.0,4.0,0.0,2.0
rc204C15,2,8,phased,4,edd,7.100003131199628e-06,3000795.7466600654,395.74666006559517,0.0,4.0,1.0,3.0
rc204C15,2,8,phased,4,sweep,5.699999746866524e-06,1000775.5465901569,375.54659015688554,0.0,4.0,1.0,1.0
rc204C15,2,8,phased,4,nearest,1.8200000340584666e-05,1000824.4909899095,424.4909899094678,0.0,4.0,2.0,1.0
rc204C15,2,8,phased,4,grasp,0.0006528000012622215,746.7145312459379,346.7145312459379,0.0,4.0,1.0,0.0
rc204C15,2,8,phased,4,mp_eavns,0.0348545999986527,740.4013462590183,340.4013462590183,0.0,4.0,1.0,0.0
rc204C15,2,8,all,7,edd,1.0299998393747956e-05,3000795.7466600654,395.74666006559517,0.0,4.0,1.0,3.0
rc204C15,2,8,all,7,sweep,9.199997293762863e-06,1000775.5465901569,375.54659015688554,0.0,4.0,1.0,1.0
rc204C15,2,8,all,7,nearest,2.979999771923758e-05,1000824.4909899095,424.4909899094678,0.0,4.0,2.0,1.0
rc204C15,2,8,all,7,grasp,0.0011933999994653277,783.9622822968427,383.9622822968426,0.0,4.0,2.0,0.0
rc204C15,2,8,all,7,mp_eavns,0.04236189999937778,746.0649401469063,346.0649401469063,0.0,4.0,1.0,0.0
rc204C15,3,12,depot,1,edd,7.300001016119495e-06,5001225.443463005,625.4434630050248,0.0,6.0,1.0,5.0
rc204C15,3,12,depot,1,sweep,4.599998646881431e-06,4001156.3093532925,556.3093532923241,0.0,6.0,0.0,4.0
rc204C15,3,12,depot,1,nearest,2.7300000510876998e-05,7003397.599075924,584.7563634487299,231.2842712474619,5.0,0.0,7.0
rc204C15,3,12,depot,1,grasp,0.0013177999971958343,4001147.9665851337,647.9665851336681,0.0,5.0,2.0,4.0
rc204C15,3,12,depot,1,mp_eavns,0.07236320000083651,3001038.2817341085,538.2817341083934,0.0,5.0,1.0,3.0
rc204C15,3,12,phased,6,edd,1.1899999663000926e-05,2001247.8037496181,647.8037496180339,0.0,6.0,3.0,2.0
rc204C15,3,12,phased,6,sweep,8.800001523923129e-06,1001180.5535263661,580.5535263660898,0.0,6.0,2.0,1.0
rc204C15,3,12,phased,6,nearest,3.2100000680657104e-05,1008062.4755538183,616.1365393816881,694.633901443662,5.0,5.0,1.0
rc204C15,3,12,phased,6,grasp,0.001552300000184914,1081.195574983236,581.1955749832359,0.0,5.0,5.0,0.0
rc204C15,3,12,phased,6,mp_eavns,0.09626959999877727,1014.1173115717261,514.1173115717261,0.0,5.0,3.0,0.0
rc204C15,3,12,all,7,edd,1.2499996955739334e-05,2001247.8037496181,647.8037496180339,0.0,6.0,3.0,2.0
rc204C15,3,12,all,7,sweep,2.3399999918183312e-05,1001180.5535263661,580.5535263660898,0.0,6.0,2.0,1.0
rc204C15,3,12,all,7,nearest,5.4600001021753997e-05,1008062.4755538183,616.1365393816881,694.633901443662,5.0,5.0,1.0
rc204C15,3,12,all,7,grasp,0.005491700001584832,1190.6626203554401,690.6626203554401,0.0,5.0,7.0,0.0
rc204C15,3,12,all,7,mp_eavns,0.11986570000226493,1018.571763728204,518.571763728204,0.0,5.0,3.0,0.0
rc204C15,4,15,depot,1,edd,7.800001185387373e-06,4001618.842766303,818.8427663030078,0.0,8.0,1.0,4.0
rc204C15,4,15,depot,1,sweep,4.999998054699972e-06,4001337.7020385703,637.702038570219,0.0,7.0,0.0,4.0
rc204C15,4,15,depot,1,nearest,3.610000203480013e-05,6007111.713394906,699.7886398076008,581.1924755098942,6.0,1.0,6.0
rc204C15,4,15,depot,1,grasp,0.0017985000013140962,3001265.80916355,665.8091635499253,0.0,6.0,2.0,3.0
rc204C15,4,15,depot,1,mp_eavns,0.10441780000110157,3001319.6744193863,619.6744193862882,0.0,7.0,0.0,3.0
rc204C15,4,15,phased,7,edd,8.39999847812578e-06,3001628.2922490607,828.2922490607738,0.0,8.0,3.0,3.0
rc204C15,4,15,phased,7,sweep,7.700000423938036e-06,1001361.946211644,661.9462116439847,0.0,7.0,2.0,1.0
rc204C15,4,15,phased,7,nearest,3.4500000765547156e-05,7137.809213737529,725.8844586385864,581.1924755098942,6.0,6.0,0.0
rc204C15,4,15,phased,7,grasp,0.0019027000016649254,1460.649802210588,760.6498022105881,0.0,7.0,6.0,0.0
rc204C15,4,15,phased,7,mp_eavns,0.13726970000061556,1316.3548209832802,616.3548209832803,0.0,7.0,2.0,0.0
rc204C15,4,15,all,7,edd,1.1000000085914508e-05,3001628.2922490607,828.2922490607738,0.0,8.0,3.0,3.0
rc204C15,4,15,all,7,sweep,9.20000093174167e-06,1001361.946211644,661.9462116439847,0.0,7.0,2.0,1.0
rc204C15,4,15,all,7,nearest,3.909999941242859e-05,7137.809213737529,725.8844586385864,581.1924755098942,6.0,6.0,0.0
rc204C15,4,15,all,7,grasp,0.0017678000003797933,1295.5587861328816,695.5587861328816,0.0,6.0,5.0,0.0
rc204C15,4,15,all,7,mp_eavns,0.09914149999895017,1276.8975060526113,676.8975060526113,0.0,6.0,5.0,0.0
rc204C5,1,2,depot,1,edd,3.6999990697950125e-06,2000370.1887826144,170.18878261444482,0.0,2.0,0.0,2.0
rc204C5,1,2,depot,1,sweep,2.5000008463393897e-06,2000370.1887826144,170.18878261444482,0.0,2.0,0.0,2.0
rc204C5,1,2,depot,1,nearest,8.499999239575118e-06,2000370.1887826144,170.18878261444482,0.0,2.0,0.0,2.0
rc204C5,1,2,depot,1,grasp,0.0001537000025564339,2000370.1887826144,170.18878261444482,0.0,2.0,0.0,2.0
rc204C5,1,2,depot,1,mp_eavns,0.001117200001317542,2000370.1887826144,170.18878261444482,0.0,2.0,0.0,2.0
rc204C5,1,2,phased,2,edd,2.0000006770715117e-06,370.438656542808,170.43865654280802,0.0,2.0,2.0,0.0
rc204C5,1,2,phased,2,sweep,1.5000005078036338e-06,370.438656542808,170.43865654280802,0.0,2.0,2.0,0.0
rc204C5,1,2,phased,2,nearest,4.2000028770416975e-06,370.43865654280796,170.438656542808,0.0,2.0,2.0,0.0
rc204C5,1,2,phased,2,grasp,0.000207500001124572,370.43865654280796,170.438656542808,0.0,2.0,2.0,0.0
rc204C5,1,2,phased,2,mp_eavns,0.0018156000005546957,370.43865654280796,170.438656542808,0.0,2.0,2.0,0.0
rc204C5,1,2,all,4,edd,2.0999978005420417e-06,370.438656542808,170.43865654280802,0.0,2.0,2.0,0.0
rc204C5,1,2,all,4,sweep,2.0000006770715117e-06,370.438656542808,170.43865654280802,0.0,2.0,2.0,0.0
rc204C5,1,2,all,4,nearest,3.999997716164216e-06,370.43865654280796,170.438656542808,0.0,2.0,2.0,0.0
rc204C5,1,2,all,4,grasp,0.00024119999943650328,370.43865654280796,170.438656542808,0.0,2.0,2.0,0.0
rc204C5,1,2,all,4,mp_eavns,0.0018068000026687514,370.43865654280796,170.438656542808,0.0,2.0,2.0,0.0
rc204C5,2,3,depot,1,edd,2.4000000848900527e-06,2000370.1914090062,170.19140900632414,0.0,2.0,0.0,2.0
rc204C5,2,3,depot,1,sweep,2.0000006770715117e-06,2000370.1914090062,170.19140900632414,0.0,2.0,0.0,2.0
rc204C5,2,3,depot,1,nearest,6.399997801054269e-06,2000370.1914090062,170.19140900632414,0.0,2.0,0.0,2.0
rc204C5,2,3,depot,1,grasp,0.00018619999900693074,2000370.1914090062,170.19140900632414,0.0,2.0,0.0,2.0
rc204C5,2,3,depot,1,mp_eavns,0.0033172000003105495,2000370.1914090062,170.19140900632414,0.0,2.0,0.0,2.0
rc204C5,2,3,phased,3,edd,4.0000013541430235e-06,370.4776570099847,170.47765700998465,0.0,2.0,2.0,0.0
rc204C5,2,3,phased,3,sweep,3.0000010156072676e-06,370.4776570099847,170.47765700998465,0.0,2.0,2.0,0.0
rc204C5,2,3,phased,3,nearest,8.300001354655251e-06,370.4412829346873,170.4412829346873,0.0,2.0,2.0,0.0
rc204C5,2,3,phased,3,grasp,0.00026479999723960645,370.4412829346873,170.4412829346873,0.0,2.0,2.0,0.0
rc204C5,2,3,phased,3,mp_eavns,0.0037654999978258274,370.4412829346873,170.4412829346873,0.0,2.0,2.0,0.0
rc204C5,2,3,all,4,edd,2.5000008463393897e-06,370.4776570099847,170.47765700998465,0.0,2.0,2.0,0.0
rc204C5,2,3,all,4,sweep,2.4000000848900527e-06,370.4776570099847,170.47765700998465,0.0,2.0,2.0,0.0
rc204C5,2,3,all,4,nearest,5.699999746866524e-06,370.4412829346873,170.4412829346873,0.0,2.0,2.0,0.0
rc204C5,2,3,all,4,grasp,0.0003116000007139519,370.4412829346873,170.4412829346873,0.0,2.0,2.0,0.0
rc204C5,2,3,all,4,mp_eavns,0.004708000000391621,370.4412829346873,170.4412829346873,0.0,2.0,2.0,0.0
rc204C5,3,4,depot,1,edd,3.7999998312443495e-06,2000494.274598164,194.2745981639087,0.0,3.0,0.0,2.0
rc204C5,3,4,depot,1,sweep,3.4000004234258085e-06,2000494.274598164,194.2745981639087,0.0,3.0,0.0,2.0
rc204C5,3,4,depot,1,nearest,9.300001693191007e-06,2000391.7777729197,191.77777291984222,0.0,2.0,0.0,2.0
rc204C5,3,4,depot,1,grasp,0.00023909999799798243,2000391.3180554777,191.31805547779302,0.0,2.0,0.0,2.0
rc204C5,3,4,depot,1,mp_eavns,0.00454409999656491,2000391.3180554777,191.31805547779302,0.0,2.0,0.0,2.0
rc204C5,3,4,phased,4,edd,2.7000023692380637e-06,494.56084616756925,194.56084616756922,0.0,3.0,2.0,0.0
rc204C5,3,4,phased,4,sweep,2.2000021999701858e-06,494.56084616756925,194.56084616756922,0.0,3.0,2.0,0.0
rc204C5,3,4,phased,4,nearest,6.70000008540228e-06,1000392.0274490259,192.02744902586898,0.0,2.0,1.0,1.0
rc204C5,3,4,phased,4,grasp,0.00032469999860040843,392.0245365183287,192.02453651832872,0.0,2.0,2.0,0.0
rc204C5,3,4,phased,4,mp_eavns,0.006704800001898548,391.9881624430314,191.9881624430314,0.0,2.0,2.0,0.0
rc204C5,3,4,all,4,edd,4.0000013541430235e-06,494.56084616756925,194.56084616756922,0.0,3.0,2.0,0.0
rc204C5,3,4,all,4,sweep,3.899996954714879e-06,494.56084616756925,194.56084616756922,0.0,3.0,2.0,0.0
rc204C5,3,4,all,4,nearest,8.700000762473792e-06,1000392.0274490259,192.02744902586898,0.0,2.0,1.0,1.0
rc204C5,3,4,all,4,grasp,0.00032700000156182796,391.9881624430314,191.9881624430314,0.0,2.0,2.0,0.0
rc204C5,3,4,all,4,mp_eavns,0.008294599996588659,391.9881624430314,191.9881624430314,0.0,2.0,2.0,0.0
rc204C5,4,5,depot,1,edd,3.999997716164216e-06,2000666.3856236732,266.38562367318855,0.0,4.0,0.0,2.0
rc204C5,4,5,depot,1,sweep,3.1999989005271345e-06,3000554.689065786,254.6890657861589,0.0,3.0,0.0,3.0
rc204C5,4,5,depot,1,nearest,1.1299998732283711e-05,3000554.689065786,254.68906578615895,0.0,3.0,0.0,3.0
rc204C5,4,5,depot,1,grasp,0.0003538999990269076,2000563.429080987,263.4290809870728,0.0,3.0,0.0,2.0
rc204C5,4,5,depot,1,mp_eavns,0.008299500001157867,2000563.429080987,263.4290809870728,0.0,3.0,0.0,2.0
rc204C5,4,5,phased,4,edd,5.199999577598646e-06,666.671871676849,266.67187167684904,0.0,4.0,2.0,0.0
rc204C5,4,5,phased,4,sweep,4.300000000512227e-06,568.2737636874162,268.2737636874163,0.0,3.0,3.0,0.0
rc204C5,4,5,phased,4,nearest,1.2699998478638008e-05,568.2373896121189,268.237389612119,0.0,3.0,3.0,0.0
rc204C5,4,5,phased,4,grasp,0.0004545999981928617,564.0991879523112,264.0991879523112,0.0,3.0,2.0,0.0
rc204C5,4,5,phased,4,mp_eavns,0.013393500001257053,564.0991879523112,264.0991879523112,0.0,3.0,2.0,0.0
rc204C5,4,5,all,4,edd,5.800000508315861e-06,666.671871676849,266.67187167684904,0.0,4.0,2.0,0.0
rc204C5,4,5,all,4,sweep,5.599998985417187e-06,568.2737636874162,268.2737636874163,0.0,3.0,3.0,0.0
rc204C5,4,5,all,4,nearest,1.4199998986441642e-05,568.2373896121189,268.237389612119,0.0,3.0,3.0,0.0
rc204C5,4,5,all,4,grasp,0.0004684999985329341,564.1194695953767,264.1194695953767,0.0,3.0,2.0,0.0
rc204C5,4,5,all,4,mp_eavns,0.014526299997669412,564.0991879523112,264.0991879523112,0.0,3.0,2.0,0.0
rc205_21,1,25,depot,1,edd,1.1699998140102252e-05,15002280.096999576,1180.0969995769915,0.0,11.0,0.0,15.0
rc205_21,1,25,depot,1,sweep,7.599999662488699e-06,13014137.326659195,990.4727708800376,1204.6853888314208,11.0,0.0,13.0
rc205_21,1,25,depot,1,nearest,7.619999814778566e-05,6024988.902437683,876.8114032887432,2311.2091034394684,10.0,0.0,6.0
rc205_21,1,25,depot,1,grasp,0.010690699997212505,5009423.252854656,904.7672714344446,751.8485583222166,10.0,0.0,5.0
rc205_21,1,25,depot,1,mp_eavns,0.17909549999967567,4001667.377049343,767.3770493433481,0.0,9.0,0.0,4.0
rc205_21,1,25,phased,6,edd,2.2000000171829015e-05,4002321.203169219,1221.2031692193534,0.0,11.0,7.0,4.0
rc205_21,1,25,phased,6,sweep,1.6600002709310502e-05,3031217.3429867565,1003.3546489476628,2911.398833780873,11.0,6.0,3.0
rc205_21,1,25,phased,6,nearest,0.00011999999696854502,1024997.1656085651,885.0745741704277,2311.2091034394684,10.0,5.0,1.0
rc205_21,1,25,phased,6,grasp,0.020457599999645026,10144.057636290538,947.2525017344934,819.6805134556043,10.0,8.0,0.0
rc205_21,1,25,phased,6,mp_eavns,0.2305248999982723,1758.059396980887,858.0593969808871,0.0,9.0,7.0,0.0
rc205_21,1,25,all,21,edd,1.2399999832268804e-05,4002320.8877276974,1220.8877276972353,0.0,11.0,7.0,4.0
rc205_21,1,25,all,21,sweep,9.100000170292333e-06,3031217.3429867565,1003.3546489476628,2911.398833780873,11.0,6.0,3.0
rc205_21,1,25,all,21,nearest,7.809999806340784e-05,1024997.1656085651,885.0745741704277,2311.2091034394684,10.0,5.0,1.0
rc205_21,1,25,all,21,grasp,0.0238777000013215,15885.36721375903,930.1670788963631,1395.5200134862666,10.0,8.0,0.0
rc205_21,1,25,all,21,mp_eavns,0.4696260999990045,1743.7259677180118,843.7259677180119,0.0,9.0,7.0,0.0
rc205_21,2,50,depot,1,edd,1.9000002794200554e-05,23004821.05325596,2401.05325596068,12.0,23.0,3.0,23.0
rc205_21,2,50,depot,1,sweep,1.2399999832268804e-05,25020908.36538039,2050.1637645065243,1665.8201615883233,22.0,1.0,25.0
rc205_21,2,50,depot,1,nearest,0.0002142000012099743,16044760.800676407,1755.3511880172796,4120.544948838921,18.0,0.0,16.0
rc205_21,2,50,depot,1,grasp,0.060476099999505095,14029298.126530701,1933.0687208616582,2546.5057809839336,19.0,2.0,14.0
rc205_21,2,50,depot,1,mp_eavns,1.0634768000018084,10003324.302863082,1524.3028630815961,0.0,18.0,0.0,10.0
rc205_21,2,50,phased,11,edd,2.359999780310318e-05,5004993.854192814,2364.4843105417494,32.93698822719682,23.0,15.0,5.0
rc205_21,2,50,phased,11,sweep,1.4400000509340316e-05,5040019.526396613,2038.3710040081976,3578.1155392604487,22.0,14.0,5.0
rc205_21,2,50,phased,11,nearest,0.0002181999989261385,2050977.2278624754,1798.6657913452566,4737.856207113016,18.0,13.0,2.0
rc205_21,2,50,phased,11,grasp,0.2051675000002433,19389.01550245206,1993.1492168840498,1549.5866285568013,19.0,18.0,0.0
rc205_21,2,50,phased,11,mp_eavns,2.059303699999873,3423.333791188047,1623.333791188047,0.0,18.0,12.0,0.0
rc205_21,2,50,all,21,edd,1.9499999325489625e-05,5004993.854192814,2364.4843105417494,32.93698822719682,23.0,15.0,5.0
rc205_21,2,50,all,21,sweep,1.3900000340072438e-05,5040019.526396613,2038.3710040081976,3578.1155392604487,22.0,14.0,5.0
rc205_21,2,50,all,21,nearest,0.00020420000146259554,2050977.2278624754,1798.6657913452566,4737.856207113016,18.0,13.0,2.0
rc205_21,2,50,all,21,grasp,0.2119267000016407,16803.653464633702,2089.1111596271985,1281.4542305006505,19.0,19.0,0.0
rc205_21,2,50,all,21,mp_eavns,2.985918299997138,3430.5026916887773,1630.502691688777,0.0,18.0,13.0,0.0
rc205_21,3,75,depot,1,edd,4.4200001866556704e-05,47007454.65413957,4043.632598149972,21.10215414239991,32.0,4.0,47.0
rc205_21,3,75,depot,1,sweep,3.239999932702631e-05,32030328.722040936,2928.1992880421203,2420.052275289252,32.0,1.0,32.0
rc205_21,3,75,depot,1,nearest,0.0007834000025468413,25050827.48617957,2698.07780881773,4542.94083707537,27.0,0.0,25.0
rc205_21,3,75,depot,1,grasp,0.17814460000226973,23045737.013212826,2999.1561869636203,3993.785702586257,28.0,5.0,23.0
rc205_21,3,75,depot,1,mp_eavns,2.742027100000996,15004964.911215177,2264.9112151759036,0.0,27.0,0.0,15.0
rc205_21,3,75,phased,16,edd,3.7599998904624954e-05,12007733.221339894,4085.7362716898115,44.74850682045809,32.0,33.0,12.0
rc205_21,3,75,phased,16,sweep,2.010000025620684e-05,6049448.132323487,2924.65579387287,4332.347652961377,32.0,20.0,6.0
rc205_21,3,75,phased,16,nearest,0.0004321000014897436,4055631.6203024425,2751.1189431697644,5018.050135927291,27.0,18.0,4.0
rc205_21,3,75,phased,16,grasp,0.48352499999964493,1026439.5867201039,3159.6471986921756,2057.9939521411707,27.0,30.0,1.0
rc205_21,3,75,phased,16,mp_eavns,5.579050199998164,5152.112232299968,2452.112232299968,0.0,27.0,19.0,0.0
rc205_21,3,75,all,21,edd,4.6799999836366624e-05,13007724.690697348,4077.2056291432996,44.74850682045809,32.0,31.0,13.0
rc205_21,3,75,all,21,sweep,3.870000000461005e-05,6049448.132323487,2924.65579387287,4332.347652961377,32.0,20.0,6.0
rc205_21,3,75,all,21,nearest,0.0007875999981479254,4055631.6203024425,2751.1189431697644,5018.050135927291,27.0,18.0,4.0
rc205_21,3,75,all,21,grasp,0.6360518999972555,27389.620443590655,3145.916431154922,2154.3704012435733,27.0,31.0,0.0
rc205_21,3,75,all,21,mp_eavns,8.533048500001314,5173.382588585717,2473.382588585717,0.0,27.0,20.0,0.0
rc205_21,4,100,depot,1,edd,3.6299999919719994e-05,45011255.986779325,5405.546090987954,155.04406883393938,43.0,16.0,45.0
rc205_21,4,100,depot,1,sweep,2.3299999156733975e-05,33037898.54539547,3721.9699179789327,2997.6575477492984,42.0,2.0,33.0
rc205_21,4,100,depot,1,nearest,0.0007702000002609566,31050561.03589397,3544.967043686832,4341.606885028109,36.0,0.0,31.0
rc205_21,4,100,depot,1,grasp,0.38247209999826737,28049951.569919515,4254.027536215232,4199.754238330111,37.0,11.0,28.0
rc205_21,4,100,depot,1,mp_eavns,6.596524500000669,16006498.227894679,2898.2278946783076,0.0,36.0,0.0,16.0
rc205_21,4,100,phased,21,edd,4.8400001105619594e-05,6012410.982559502,5341.426365227119,276.955619427498,43.0,45.0,6.0
rc205_21,4,100,phased,21,sweep,2.970000059576705e-05,6056979.704120207,3680.17486599219,4909.952925421422,42.0,21.0,6.0
rc205_21,4,100,phased,21,nearest,0.0010581999995338265,5057265.995126917,3595.656990881017,5007.0338136036025,36.0,25.0,5.0
rc205_21,4,100,phased,21,grasp,1.1211546000013186,1049360.1306829075,4105.770620093557,4165.436006281401,36.0,38.0,1.0
rc205_21,4,100,phased,21,mp_eavns,15.519535799998266,6712.2196886541315,3112.219688654132,0.0,36.0,22.0,0.0
rc205_21,4,100,all,21,edd,3.82999969588127e-05,6012410.982559502,5341.426365227119,276.955619427498,43.0,45.0,6.0
rc205_21,4,100,all,21,sweep,2.3799999326001853e-05,6056979.704120207,3680.17486599219,4909.952925421422,42.0,21.0,6.0
rc205_21,4,100,all,21,nearest,0.0007426000011037104,5057265.995126917,3595.656990881017,5007.0338136036025,36.0,25.0,5.0
rc205_21,4,100,all,21,grasp,1.2626243000013346,2035606.4599695872,3970.056070503437,2793.6403899083643,37.0,32.0,2.0
rc205_21,4,100,all,21,mp_eavns,13.467566100000113,6742.453399048321,3142.453399048321,0.0,36.0,21.0,0.0
rc205C10,1,3,depot,1,edd,8.199996955227107e-06,255.76973710069342,155.76973710069342,0.0,1.0,1.0,0.0
rc205C10,1,3,depot,1,sweep,4.5000015234109014e-06,2996.0560157642417,155.65783779120994,274.03981779730316,1.0,1.0,0.0
rc205C10,1,3,depot,1,nearest,1.469999915570952e-05,1000959.2083563452,97.133987606944,76.20743687382037,1.0,0.0,1.0
rc205C10,1,3,depot,1,grasp,0.0004714999995485414,255.76973710069342,155.76973710069342,0.0,1.0,1.0,0.0
rc205C10,1,3,depot,1,mp_eavns,0.004419100001541665,255.76973710069342,155.76973710069342,0.0,1.0,1.0,0.0
rc205C10,1,3,phased,2,edd,7.099999493220821e-06,255.76973710069342,155.76973710069342,0.0,1.0,1.0,0.0
rc205C10,1,3,phased,2,sweep,8.099999831756577e-06,2996.0560157642417,155.65783779120994,274.03981779730316,1.0,1.0,0.0
rc205C10,1,3,phased,2,nearest,7.370000093942508e-05,971.5389465137032,109.46457777549952,76.20743687382037,1.0,1.0,0.0
rc205C10,1,3,phased,2,grasp,0.00045539999700849876,255.76973710069342,155.76973710069342,0.0,1.0,1.0,0.0
rc205C10,1,3,phased,2,mp_eavns,0.0058039999967149924,255.76973710069342,155.76973710069342,0.0,1.0,1.0,0.0
rc205C10,1,3,all,4,edd,5.300000339047983e-06,255.76973710069342,155.76973710069342,0.0,1.0,1.0,0.0
rc205C10,1,3,all,4,sweep,4.399997123982757e-06,2996.0560157642417,155.65783779120994,274.03981779730316,1.0,1.0,0.0
rc205C10,1,3,all,4,nearest,9.50000321608968e-06,971.5389465137032,109.46457777549952,76.20743687382037,1.0,1.0,0.0
rc205C10,1,3,all,4,grasp,0.00022480000188807026,255.76973710069342,155.76973710069342,0.0,1.0,1.0,0.0
rc205C10,1,3,all,4,mp_eavns,0.0053340000013122335,255.76973710069342,155.76973710069342,0.0,1.0,1.0,0.0
rc205C10,2,5,depot,1,edd,1.849999898695387e-05,4000476.1881421264,276.1881421262379,0.0,2.0,0.0,4.0
rc205C10,2,5,depot,1,sweep,5.200003215577453e-06,2003270.6772521627,330.2790741896553,274.03981779730316,2.0,1.0,2.0
rc205C10,2,5,depot,1,nearest,1.3899996702093631e-05,2002870.663382011,279.62584516060843,239.10375368504776,2.0,1.0,2.0
rc205C10,2,5,depot,1,grasp,0.0003797999997914303,2000496.9197704862,296.9197704861843,0.0,2.0,1.0,2.0
rc205C10,2,5,depot,1,mp_eavns,0.014635900002758717,2000496.9197704862,296.9197704861843,0.0,2.0,1.0,2.0
rc205C10,2,5,phased,3,edd,9.899998985929415e-06,1000489.1815732261,289.1815732261488,0.0,2.0,2.0,1.0
rc205C10,2,5,phased,3,sweep,1.0199997632298619e-05,1003290.510099619,350.11192164604523,274.03981779730316,2.0,2.0,1.0
rc205C10,2,5,phased,3,nearest,2.3100001271814108e-05,2886.3904760344426,295.35293918396513,239.10375368504776,2.0,3.0,0.0
rc205C10,2,5,phased,3,grasp,0.0008789000021351967,814.6778036029436,289.9915934484093,32.46862101545344,2.0,3.0,0.0
rc205C10,2,5,phased,3,mp_eavns,0.019008900002518203,548.312923772818,348.31292377281795,0.0,2.0,4.0,0.0
rc205C10,2,5,all,4,edd,5.599998985417187e-06,1000489.1815732261,289.1815732261488,0.0,2.0,2.0,1.0
rc205C10,2,5,all,4,sweep,5.099998816149309e-06,1003290.510099619,350.11192164604523,274.03981779730316,2.0,2.0,1.0
rc205C10,2,5,all,4,nearest,1.2399999832268804e-05,2886.3904760344426,295.35293918396513,239.10375368504776,2.0,3.0,0.0
rc205C10,2,5,all,4,grasp,0.00040779999835649505,814.6778036029436,289.9915934484093,32.46862101545344,2.0,3.0,0.0
rc205C10,2,5,all,4,mp_eavns,0.02408370000193827,548.312923772818,348.31292377281795,0.0,2.0,4.0,0.0
rc205C10,3,8,depot,1,edd,5.49999822396785e-06,3001629.7018650137,495.1189897927938,83.45828752209161,3.0,3.0,3.0
rc205C10,3,8,depot,1,sweep,3.5000011848751456e-06,4003457.9922639225,417.59408594933086,274.03981779730316,3.0,1.0,4.0
rc205C10,3,8,depot,1,nearest,1.849999898695387e-05,4003091.4811856956,400.4436488452238,239.10375368504776,3.0,1.0,4.0
rc205C10,3,8,depot,1,grasp,0.0006747000006726012,2001277.3047208625,370.8809570264288,60.64237638361311,3.0,1.0,2.0
rc205C10,3,8,depot,1,mp_eavns,0.02433989999917685,2000659.1373553507,359.13735535072783,0.0,3.0,1.0,2.0
rc205C10,3,8,phased,4,edd,6.599999323952943e-06,1001648.4383365288,513.8554613079604,83.45828752209161,3.0,5.0,1.0
rc205C10,3,8,phased,4,sweep,5.900001269765198e-06,2003479.5871389888,439.1889610158521,274.03981779730316,3.0,3.0,2.0
rc205C10,3,8,phased,4,nearest,1.8200000340584666e-05,5426.6875563583135,421.97576233809633,470.4711794020217,3.0,4.0,0.0
rc205C10,3,8,phased,4,grasp,0.0016818000003695488,2313.2392297161487,417.4416985305351,159.57975311856137,3.0,4.0,0.0
rc205C10,3,8,phased,4,mp_eavns,0.0432533000021067,725.9456173613887,425.9456173613887,0.0,3.0,4.0,0.0
rc205C10,3,8,all,4,edd,6.199999916134402e-06,1001648.4383365288,513.8554613079604,83.45828752209161,3.0,5.0,1.0
rc205C10,3,8,all,4,sweep,5.699999746866524e-06,2003479.5871389888,439.1889610158521,274.03981779730316,3.0,3.0,2.0
rc205C10,3,8,all,4,nearest,1.7300000763498247e-05,5426.6875563583135,421.97576233809633,470.4711794020217,3.0,4.0,0.0
rc205C10,3,8,all,4,grasp,0.0008344999987457413,1476.732532850602,414.6581641123983,76.20743687382037,3.0,4.0,0.0
rc205C10,3,8,all,4,mp_eavns,0.03730260000156704,725.9456173613887,425.9456173613887,0.0,3.0,4.0,0.0
rc205C10,4,10,depot,1,edd,9.800001862458885e-06,4001787.834081208,553.2512059869204,83.45828752209161,4.0,2.0,4.0
rc205C10,4,10,depot,1,sweep,7.500002539018169e-06,4003635.752085676,495.35390770306947,274.03981779730316,4.0,1.0,4.0
rc205C10,4,10,depot,1,nearest,3.640000068116933e-05,6002930.716660081,463.38971197229773,206.7326948109171,4.0,0.0,6.0
rc205C10,4,10,depot,1,grasp,0.0020789000009244774,2005328.5171933905,544.6005809926276,438.3916612397918,4.0,3.0,2.0
rc205C10,4,10,depot,1,mp_eavns,0.05178130000058445,2000826.9387285456,426.93872854556633,0.0,4.0,1.0,2.0
rc205C10,4,10,phased,4,edd,6.70000008540228e-06,2001806.6050316365,572.0221564156057,83.45828752209161,4.0,4.0,2.0
rc205C10,4,10,phased,4,sweep,5.999998393235728e-06,3003655.5849331324,515.1867551594594,274.03981779730316,4.0,2.0,3.0
rc205C10,4,10,phased,4,nearest,2.1600000764010474e-05,2006474.615406513,475.9380175088297,559.8677389004265,4.0,3.0,2.0
rc205C10,4,10,phased,4,grasp,0.002309400002559414,4530.881310756827,529.2125591361131,360.1668751620714,4.0,5.0,0.0
rc205C10,4,10,phased,4,mp_eavns,0.06044060000203899,831.8230289087708,431.8230289087708,0.0,4.0,3.0,0.0
rc205C10,4,10,all,4,edd,6.800000846851617e-06,2001806.6050316365,572.0221564156057,83.45828752209161,4.0,4.0,2.0
rc205C10,4,10,all,4,sweep,6.60000296193175e-06,3003655.5849331324,515.1867551594594,274.03981779730316,4.0,2.0,3.0
rc205C10,4,10,all,4,nearest,2.2799998987466097e-05,2006474.615406513,475.9380175088297,559.8677389004265,4.0,3.0,2.0
rc205C10,4,10,all,4,grasp,0.0020373000006657094,4274.159696363078,555.877996985852,331.8281699377226,4.0,5.0,0.0
rc205C10,4,10,all,4,mp_eavns,0.051461099999869475,831.8230289087708,431.8230289087708,0.0,4.0,3.0,0.0
rc206_21,1,25,depot,1,edd,1.0699997801566496e-05,14002251.880383363,1151.8803833636894,0.0,11.0,0.0,14.0
rc206_21,1,25,depot,1,sweep,6.900001608300954e-06,13008007.326659195,990.4727708800376,591.6853888314209,11.0,0.0,13.0
rc206_21,1,25,depot,1,nearest,7.18000010238029e-05,6017618.902437683,876.8114032887432,1574.2091034394684,10.0,0.0,6.0
rc206_21,1,25,depot,1,grasp,0.00600049999775365,5009758.8779648,879.496677277479,787.9381287522407,10.0,0.0,5.0
rc206_21,1,25,depot,1,mp_eavns,0.1428846999988309,5001738.419830707,838.4198307064448,0.0,9.0,0.0,5.0
rc206_21,1,25,phased,6,edd,1.2599997717188671e-05,1002271.2491053729,1171.2491053729402,0.0,11.0,7.0,1.0
rc206_21,1,25,phased,6,sweep,9.60000033956021e-06,3021147.3429867565,1003.3546489476628,1904.3988337808728,11.0,6.0,3.0
rc206_21,1,25,phased,6,nearest,7.620000178576447e-05,1017627.1656085651,885.0745741704277,1574.2091034394684,10.0,5.0,1.0
rc206_21,1,25,phased,6,grasp,0.011607199998252327,9301.987340764677,976.3486527446976,732.5638688019981,10.0,8.0,0.0
rc206_21,1,25,phased,6,mp_eavns,0.3329738000029465,1798.4210449304373,898.4210449304375,0.0,9.0,8.0,0.0
rc206_21,1,25,all,21,edd,1.2700002116616815e-05,1002271.2491053729,1171.2491053729402,0.0,11.0,7.0,1.0
rc206_21,1,25,all,21,sweep,9.399998816661537e-06,3021147.3429867565,1003.3546489476628,1904.3988337808728,11.0,6.0,3.0
rc206_21,1,25,all,21,nearest,7.429999823216349e-05,1017627.1656085651,885.0745741704277,1574.2091034394684,10.0,5.0,1.0
rc206_21,1,25,all,21,grasp,0.014096299997618189,5904.555649804864,977.5843623482137,392.697128745665,10.0,9.0,0.0
rc206_21,1,25,all,21,mp_eavns,0.4486825999993016,1760.6306844284923,860.6306844284923,0.0,9.0,7.0,0.0
rc206_21,2,50,depot,1,edd,2.010000025620684e-05,27004803.016373537,2503.016373537888,0.0,23.0,1.0,27.0
rc206_21,2,50,depot,1,sweep,1.2000000424450263e-05,25020976.868566025,2050.1637645065243,1672.670480152034,22.0,1.0,25.0
rc206_21,2,50,depot,1,nearest,0.00021630000264849514,16035618.820824323,1755.2418613645243,3206.3578962959346,18.0,0.0,16.0
rc206_21,2,50,depot,1,grasp,0.04481309999755467,13034534.80240915,1807.7919497820865,3082.7010459367484,19.0,1.0,13.0
rc206_21,2,50,depot,1,mp_eavns,1.485469800001738,10003487.303036751,1587.303036751067,0.0,19.0,0.0,10.0
rc206_21,2,50,phased,11,edd,2.59000007645227e-05,10004855.302092195,2555.3020921951193,0.0,23.0,14.0,10.0
rc206_21,2,50,phased,11,sweep,1.6199999663513154e-05,5037598.02958225,2038.3710040081976,3335.9658578241597,22.0,14.0,5.0
rc206_21,2,50,phased,11,nearest,0.0002206999997724779,2042001.0527543689,1794.3612086685855,3840.669154570029,18.0,13.0,2.0
rc206_21,2,50,phased,11,grasp,0.14446220000172616,32561.684057208906,1986.1116942267354,2867.557236298217,19.0,17.0,0.0
rc206_21,2,50,phased,11,mp_eavns,1.8342618999995466,3449.393627557155,1649.3936275571552,0.0,18.0,11.0,0.0
rc206_21,2,50,all,21,edd,2.130000211764127e-05,10004855.302092195,2555.3020921951193,0.0,23.0,14.0,10.0
rc206_21,2,50,all,21,sweep,1.4900000678608194e-05,5037598.02958225,2038.3710040081976,3335.9658578241597,22.0,14.0,5.0
rc206_21,2,50,all,21,nearest,0.00022019999960321002,2042001.0527543689,1794.3612086685855,3840.669154570029,18.0,13.0,2.0
rc206_21,2,50,all,21,grasp,0.16292319999774918,18356.70112583941,2039.252713883759,1451.7448411955652,18.0,18.0,0.0
rc206_21,2,50,all,21,mp_eavns,3.3786822999973083,3436.6437641044195,1636.6437641044192,0.0,18.0,13.0,0.0
rc206_21,3,75,depot,1,edd,2.9200000426499173e-05,42007485.25788622,4085.2578862261003,0.0,34.0,8.0,42.0
rc206_21,3,75,depot,1,sweep,1.6900001355679706e-05,32029667.22522657,2928.1992880421203,2353.9025938529626,32.0,1.0,32.0
rc206_21,3,75,depot,1,nearest,0.0004434000002220273,25045926.47854893,2698.07780881773,4052.8400740110314,27.0,0.0,25.0
rc206_21,3,75,depot,1,grasp,0.17155279999860795,24032946.817605194,3051.395413549869,2719.5422191644752,27.0,6.0,24.0
rc206_21,3,75,depot,1,mp_eavns,3.146784900000057,15005123.622175153,2423.6221751532853,0.0,27.0,2.0,15.0
rc206_21,3,75,phased,16,edd,6.790000043110922e-05,10007473.903502716,4073.903502716474,0.0,34.0,31.0,10.0
rc206_21,3,75,phased,16,sweep,4.760000228998251e-05,6046296.635509124,2924.65579387287,4017.197971525088,32.0,20.0,6.0
rc206_21,3,75,phased,16,nearest,0.000775100001192186,4050520.6126717995,2751.1189431697644,4506.949372862953,27.0,18.0,4.0
rc206_21,3,75,phased,16,grasp,0.5207413999996788,1031312.9657713823,2976.241272524325,2553.672449885798,28.0,26.0,1.0
rc206_21,3,75,phased,16,mp_eavns,6.377276899998833,5164.141226950344,2459.8014156297786,0.4339811320566014,27.0,19.0,0.0
rc206_21,3,75,all,21,edd,3.199999991920777e-05,10007455.676899517,4055.676899517696,0.0,34.0,31.0,10.0
rc206_21,3,75,all,21,sweep,2.2700001863995567e-05,6046296.635509124,2924.65579387287,4017.197971525088,32.0,20.0,6.0
rc206_21,3,75,all,21,nearest,0.00044919999709236436,4050520.6126717995,2751.1189431697644,4506.949372862953,27.0,18.0,4.0
rc206_21,3,75,all,21,grasp,0.5846058999995876,50771.35355990956,3394.852956803572,4447.650060310599,29.0,34.0,0.0
rc206_21,3,75,all,21,mp_eavns,9.568764799998462,5129.070560314422,2429.0705603144224,0.0,27.0,19.0,0.0
rc206_21,4,100,depot,1,edd,4.389999958220869e-05,53009810.02347948,5510.023479472879,0.0,43.0,11.0,53.0
rc206_21,4,100,depot,1,sweep,2.2500000341096893e-05,33038698.36895847,3721.9699179789327,3077.639904048895,42.0,2.0,33.0
rc206_21,4,100,depot,1,nearest,0.0007966000011947472,31046377.230574764,3544.967043686832,3923.226353107567,36.0,0.0,31.0
rc206_21,4,100,depot,1,grasp,0.32539879999967525,29051101.992156386,4091.1476527373175,4341.084450364927,36.0,8.0,29.0
rc206_21,4,100,depot,1,mp_eavns,6.87625190000108,16006820.842419391,3220.8424193910996,0.0,36.0,4.0,16.0
rc206_21,4,100,phased,21,edd,5.0999999075429514e-05,12009834.321850818,5534.321850818273,0.0,43.0,43.0,12.0
rc206_21,4,100,phased,21,sweep,2.8700000257231295e-05,6055289.527683202,3680.17486599219,4740.93528172102,42.0,21.0,6.0
rc206_21,4,100,phased,21,nearest,0.0007236999990709592,5052032.189807711,3595.656990881017,4483.653281683059,36.0,25.0,5.0
rc206_21,4,100,phased,21,grasp,1.2234304999983578,1046161.1286880466,4011.385409384248,3854.97432786623,36.0,36.0,1.0
rc206_21,4,100,phased,21,mp_eavns,17.23266549999971,6716.57210799759,3116.5721079975897,0.0,36.0,21.0,0.0
rc206_21,4,100,all,21,edd,3.8800000766059384e-05,12009834.321850818,5534.321850818273,0.0,43.0,43.0,12.0
rc206_21,4,100,all,21,sweep,2.6199999410891905e-05,6055289.527683202,3680.17486599219,4740.93528172102,42.0,21.0,6.0
rc206_21,4,100,all,21,nearest,0.0007399999994959217,5052032.189807711,3595.656990881017,4483.653281683059,36.0,25.0,5.0
rc206_21,4,100,all,21,grasp,1.1401212999990094,1042735.3696015027,4101.982242957298,3503.3387358545356,36.0,37.0,1.0
rc206_21,4,100,all,21,mp_eavns,18.184742099998402,6743.311177879641,3143.3111778796415,0.0,36.0,24.0,0.0
rc207_21,1,25,depot,1,edd,1.1000000085914508e-05,14002355.022936467,1155.0229364675688,0.0,12.0,0.0,14.0
rc207_21,1,25,depot,1,sweep,6.899997970322147e-06,13007826.615981076,990.4727708800376,573.6143210195555,11.0,0.0,13.0
rc207_21,1,25,depot,1,nearest,6.930000017746352e-05,6013531.8370458605,876.8114032887432,1165.502564257209,10.0,0.0,6.0
rc207_21,1,25,depot,1,grasp,0.006159199998364784,6006888.753880642,801.7192874514626,518.7034593190505,9.0,0.0,6.0
rc207_21,1,25,depot,1,mp_eavns,0.11498779999965336,5001675.569286919,775.5692869195717,0.0,9.0,0.0,5.0
rc207_21,1,25,phased,6,edd,1.049999991664663e-05,2002386.6688427366,1186.6688427367292,0.0,12.0,8.0,2.0
rc207_21,1,25,phased,6,sweep,8.800001523923129e-06,3018986.6323086377,1003.3546489476628,1688.3277659690075,11.0,6.0,3.0
rc207_21,1,25,phased,6,nearest,7.249999907799065e-05,1013540.1002167425,885.0745741704277,1165.502564257209,10.0,5.0,1.0
rc207_21,1,25,phased,6,grasp,0.012121399999159621,3727.8593527835396,937.8593527835396,179.0,10.0,8.0,0.0
rc207_21,1,25,phased,6,mp_eavns,0.34648879999804194,1749.2285292148135,849.2285292148134,0.0,9.0,8.0,0.0
rc207_21,1,25,all,21,edd,1.2399999832268804e-05,2002379.0079138118,1179.007913811865,0.0,12.0,8.0,2.0
rc207_21,1,25,all,21,sweep,9.399998816661537e-06,3018986.6323086377,1003.3546489476628,1688.3277659690075,11.0,6.0,3.0
rc207_21,1,25,all,21,nearest,8.030000026337802e-05,1013540.1002167425,885.0745741704277,1165.502564257209,10.0,5.0,1.0
rc207_21,1,25,all,21,grasp,0.016235600000072736,3847.176979609699,939.0744828506324,190.81024967590668,10.0,7.0,0.0
rc207_21,1,25,all,21,mp_eavns,0.4171194000009564,1736.8598243247397,836.8598243247399,0.0,9.0,7.0,0.0
rc207_21,2,50,depot,1,edd,3.1299998227041215e-05,26004834.990448415,2534.990448413555,0.0,23.0,4.0,26.0
rc207_21,2,50,depot,1,sweep,1.2600001355167478e-05,25010428.287364975,2050.1637645065243,617.8123600467411,22.0,1.0,25.0
rc207_21,2,50,depot,1,nearest,0.000219899997318862,16022282.182470212,1755.3511880172796,1872.683128219446,18.0,0.0,16.0
rc207_21,2,50,depot,1,grasp,0.04932819999885396,13013877.264423326,2160.3666718221207,981.6897751503747,19.0,5.0,13.0
rc207_21,2,50,depot,1,mp_eavns,1.1251412000019627,10004318.461673656,1583.9620588647558,93.4499614791759,18.0,1.0,10.0
rc207_21,2,50,phased,11,edd,2.350000067963265e-05,5004831.890499465,2531.8904994654085,0.0,23.0,19.0,5.0
rc207_21,2,50,phased,11,sweep,1.460000203223899e-05,5021563.62905397,2038.3710040081976,1732.525804996193,22.0,14.0,5.0
rc207_21,2,50,phased,11,nearest,0.0002179000002797693,2024836.590062059,1798.6657913452566,2123.7924270713675,18.0,13.0,2.0
rc207_21,2,50,phased,11,grasp,0.11923719999686,8832.368537128725,1936.2381038888607,509.6130433239865,18.0,16.0,0.0
rc207_21,2,50,phased,11,mp_eavns,2.742765799997869,3426.8492077661112,1626.849207766111,0.0,18.0,13.0,0.0
rc207_21,2,50,all,21,edd,1.9699997210409492e-05,5004831.195588406,2531.195588406008,0.0,23.0,19.0,5.0
rc207_21,2,50,all,21,sweep,1.4599998394260183e-05,5021563.62905397,2038.3710040081976,1732.525804996193,22.0,14.0,5.0
rc207_21,2,50,all,21,nearest,0.00020699999731732532,2024836.590062059,1798.6657913452566,2123.7924270713675,18.0,13.0,2.0
rc207_21,2,50,all,21,grasp,0.15885680000064895,1009381.6148293817,1861.2987642925475,572.0316065089135,18.0,16.0,1.0
rc207_21,2,50,all,21,mp_eavns,2.3842428999996628,3423.320727491795,1623.3207274917947,0.0,18.0,12.0,0.0
rc207_21,3,75,depot,1,edd,2.89999989036005e-05,40007464.65083869,4164.650838685008,0.0,33.0,8.0,40.0
rc207_21,3,75,depot,1,sweep,1.840000186348334e-05,32014678.64402552,2928.1992880421203,855.0444737476696,32.0,1.0,32.0
rc207_21,3,75,depot,1,nearest,0.0004518999994616024,26025235.423405435,2703.20206081961,1983.2221344614343,27.0,0.0,26.0
rc207_21,3,75,depot,1,grasp,0.15469179999854532,25013792.574060295,3249.7002629092963,774.2873797387097,28.0,5.0,25.0
rc207_21,3,75,depot,1,mp_eavns,3.499840699998458,15005130.907090299,2430.907090299646,0.0,27.0,2.0,15.0
rc207_21,3,75,phased,16,edd,4.099999932805076e-05,14007467.212438514,4167.21243851526,0.0,33.0,31.0,14.0
rc207_21,3,75,phased,16,sweep,1.9999999494757503e-05,6025822.234980844,2924.65579387287,1969.7579186971216,32.0,20.0,6.0
rc207_21,3,75,phased,16,nearest,0.0004541000016615726,5028799.488838041,2746.884810044518,2335.2604027996717,27.0,17.0,5.0
rc207_21,3,75,phased,16,grasp,0.442311000002519,24226.93862946899,3021.880539882866,1840.5058089586123,28.0,26.0,0.0
rc207_21,3,75,phased,16,mp_eavns,7.832633600002737,5123.158513758126,2423.158513758126,0.0,27.0,20.0,0.0
rc207_21,3,75,all,21,edd,4.260000059730373e-05,14007477.724736098,4177.724736099079,0.0,33.0,32.0,14.0
rc207_21,3,75,all,21,sweep,2.010000025620684e-05,6025822.234980844,2924.65579387287,1969.7579186971216,32.0,20.0,6.0
rc207_21,3,75,all,21,nearest,0.0004555000014079269,5028799.488838041,2746.884810044518,2335.2604027996717,27.0,17.0,5.0
rc207_21,3,75,all,21,grasp,0.4400664999993751,15589.189632537304,2926.5789922249164,986.2610640312387,28.0,25.0,0.0
rc207_21,3,75,all,21,mp_eavns,7.182590199998231,5149.445987957317,2449.445987957317,0.0,27.0,20.0,0.0
rc207_21,4,100,depot,1,edd,3.5000000934815034e-05,48010163.76963654,5499.76414208004,26.40054944640258,44.0,13.0,48.0
rc207_21,4,100,depot,1,sweep,2.179999864893034e-05,33016545.39686827,3721.9699179789327,862.3426950290166,42.0,2.0,33.0
rc207_21,4,100,depot,1,nearest,0.0007134000006772112,31025556.146626696,3544.967043686832,1841.1179583010198,36.0,0.0,31.0
rc207_21,4,100,depot,1,grasp,0.3125620000027993,30020263.62351428,3968.022570294336,1259.5600943987017,37.0,5.0,30.0
rc207_21,4,100,depot,1,mp_eavns,6.597447300002386,16006734.369373567,3134.369373567041,0.0,36.0,2.0,16.0
rc207_21,4,100,phased,21,edd,6.330000178422779e-05,14010452.733992599,5434.791289765552,61.794270283352375,44.0,39.0,14.0
rc207_21,4,100,phased,21,sweep,2.9200000426499173e-05,6027650.736265777,3680.17486599219,1977.0561399784685,42.0,21.0,6.0
rc207_21,4,100,phased,21,nearest,0.0007473000005120412,5028180.095029347,3595.656990881017,2098.4438038466055,36.0,25.0,5.0
rc207_21,4,100,phased,21,grasp,0.9384938000002876,21846.771225326516,3993.3241004881315,1415.3447124838385,37.0,37.0,0.0
rc207_21,4,100,phased,21,mp_eavns,16.44135539999843,6631.424389261545,3031.4243892615455,0.0,36.0,21.0,0.0
rc207_21,4,100,all,21,edd,0.00011559999984456226,14010452.733992599,5434.791289765552,61.794270283352375,44.0,39.0,14.0
rc207_21,4,100,all,21,sweep,6.429999848478474e-05,6027650.736265777,3680.17486599219,1977.0561399784685,42.0,21.0,6.0
rc207_21,4,100,all,21,nearest,0.001433800000086194,5028180.095029347,3595.656990881017,2098.4438038466055,36.0,25.0,5.0
rc207_21,4,100,all,21,grasp,0.7910661999994772,1021332.6149041633,3999.3747531623244,1373.3240151001,36.0,37.0,1.0
rc207_21,4,100,all,21,mp_eavns,12.771836100000655,6652.7963828055,3052.7963828055003,0.0,36.0,21.0,0.0
rc208_21,1,25,depot,1,edd,1.2600001355167478e-05,13002207.444299836,1107.444299835344,0.0,11.0,0.0,13.0
rc208_21,1,25,depot,1,sweep,7.700000423938036e-06,13002090.47277088,990.4727708800376,0.0,11.0,0.0,13.0
rc208_21,1,25,depot,1,nearest,7.239999831654131e-05,6002181.214468378,876.8114032887432,30.440306508910567,10.0,0.0,6.0
rc208_21,1,25,depot,1,grasp,0.005736099999921862,6001859.937431917,859.9374319167728,0.0,10.0,0.0,6.0
rc208_21,1,25,depot,1,mp_eavns,0.21718630000032135,4001788.310721421,788.3107214213696,0.0,10.0,0.0,4.0
rc208_21,1,25,phased,6,edd,1.21000011858996e-05,3002229.0286081233,1129.0286081232439,0.0,11.0,6.0,3.0
rc208_21,1,25,phased,6,sweep,8.999999408842996e-06,3004450.4890984423,1003.3546489476628,234.71344494945214,11.0,6.0,3.0
rc208_21,1,25,phased,6,nearest,7.31999971321784e-05,1002189.4776392595,885.0745741704277,30.440306508910567,10.0,5.0,1.0
rc208_21,1,25,phased,6,grasp,0.009934800000337418,1933.033716627313,933.033716627313,0.0,10.0,8.0,0.0
rc208_21,1,25,phased,6,mp_eavns,0.18138729999918723,1693.773930839587,793.7739308395869,0.0,9.0,6.0,0.0
rc208_21,1,25,all,21,edd,1.1899999663000926e-05,3002221.6831207206,1121.683120720498,0.0,11.0,6.0,3.0
rc208_21,1,25,all,21,sweep,9.100000170292333e-06,3004450.4890984423,1003.3546489476628,234.71344494945214,11.0,6.0,3.0
rc208_21,1,25,all,21,nearest,7.700000060140155e-05,1002189.4776392595,885.0745741704277,30.440306508910567,10.0,5.0,1.0
rc208_21,1,25,all,21,grasp,0.023330200001510093,2105.50918339045,961.1061183013443,14.440306508910567,10.0,9.0,0.0
rc208_21,1,25,all,21,mp_eavns,0.3432228000019677,1708.5413285605514,808.5413285605513,0.0,9.0,6.0,0.0
rc208_21,2,50,depot,1,edd,2.049999966402538e-05,28004728.155475263,2528.1554752629845,0.0,22.0,3.0,28.0
rc208_21,2,50,depot,1,sweep,1.3599998055724427e-05,25004250.163764507,2050.1637645065243,0.0,22.0,1.0,25.0
rc208_21,2,50,depot,1,nearest,0.0002184999975725077,16003859.754253106,1755.3511880172796,30.440306508910567,18.0,0.0,16.0
rc208_21,2,50,depot,1,grasp,0.04456629999913275,13003810.521196777,1910.521196777681,0.0,19.0,3.0,13.0
rc208_21,2,50,depot,1,mp_eavns,0.9286838000007265,10003333.195521668,1533.1955216677238,0.0,18.0,0.0,10.0
rc208_21,2,50,phased,11,edd,2.3399999918183312e-05,8004701.446855057,2501.4468550567167,0.0,22.0,15.0,8.0
rc208_21,2,50,phased,11,sweep,1.6000001778593287e-05,5006585.505453503,2038.3710040081976,234.71344494945214,22.0,14.0,5.0
rc208_21,2,50,phased,11,nearest,0.00022330000138026662,2003914.1618449537,1798.6657913452566,31.549605360832288,18.0,13.0,2.0
rc208_21,2,50,phased,11,grasp,0.1203072999996948,4123.8790732754005,1943.1428893772695,28.073618389813078,19.0,17.0,0.0
rc208_21,2,50,phased,11,mp_eavns,2.1104674999987765,3397.11429365317,1597.11429365317,0.0,18.0,12.0,0.0
rc208_21,2,50,all,21,edd,2.049999966402538e-05,8004701.446855057,2501.4468550567167,0.0,22.0,15.0,8.0
rc208_21,2,50,all,21,sweep,1.550000160932541e-05,5006585.505453503,2038.3710040081976,234.71344494945214,22.0,14.0,5.0
rc208_21,2,50,all,21,nearest,0.00021099999867146835,2003914.1618449537,1798.6657913452566,31.549605360832288,18.0,13.0,2.0
rc208_21,2,50,all,21,grasp,0.12805980000121053,4308.263531391769,2052.2083108800734,35.6055220511696,19.0,18.0,0.0
rc208_21,2,50,all,21,mp_eavns,3.0015586000008625,3411.881691374135,1611.8816913741346,0.0,18.0,12.0,0.0
rc208_21,3,75,depot,1,edd,4.229999831295572e-05,38007602.30495621,4302.304956212829,0.0,33.0,9.0,38.0
rc208_21,3,75,depot,1,sweep,2.1100000594742596e-05,32006128.19928804,2928.1992880421203,0.0,32.0,1.0,32.0
rc208_21,3,75,depot,1,nearest,0.00042830000165849924,25005702.480873905,2698.07780881773,30.440306508910567,27.0,0.0,25.0
rc208_21,3,75,depot,1,grasp,0.10695470000064233,22008494.003903605,2938.5987949146806,285.54051086896186,27.0,4.0,22.0
rc208_21,3,75,depot,1,mp_eavns,3.764918500000931,14004967.464041432,2267.464041432917,0.0,27.0,0.0,14.0
rc208_21,3,75,phased,16,edd,5.32000012753997e-05,10007606.92720097,4306.927200970172,0.0,33.0,36.0,10.0
rc208_21,3,75,phased,16,sweep,0.00016390000018873252,6008471.790243368,2924.65579387287,234.71344494945214,32.0,20.0,6.0
rc208_21,3,75,phased,16,nearest,0.0008531999992555939,4005766.6149967783,2751.1189431697644,31.549605360832288,27.0,18.0,4.0
rc208_21,3,75,phased,16,grasp,0.36673769999833894,6191.845115009182,3165.433099301663,22.641201570751946,28.0,32.0,0.0
rc208_21,3,75,phased,16,mp_eavns,6.565049500000896,5079.027410527602,2379.027410527602,0.0,27.0,18.0,0.0
rc208_21,3,75,all,21,edd,3.1699997634859756e-05,11007566.721361088,4266.721361087933,0.0,33.0,34.0,11.0
rc208_21,3,75,all,21,sweep,2.390000008745119e-05,6008471.790243368,2924.65579387287,234.71344494945214,32.0,20.0,6.0
rc208_21,3,75,all,21,nearest,0.00045199999658507295,4005766.6149967783,2751.1189431697644,31.549605360832288,27.0,18.0,4.0
rc208_21,3,75,all,21,grasp,0.3908833000023151,1005911.3146422015,3093.450799461592,1.7863842739911888,28.0,29.0,1.0
rc208_21,3,75,all,21,mp_eavns,8.389920800000255,5087.380012541151,2387.380012541151,0.0,27.0,17.0,0.0
rc208_21,4,100,depot,1,edd,3.429999924264848e-05,52009852.2913077,5552.291307700758,0.0,43.0,10.0,52.0
rc208_21,4,100,depot,1,sweep,2.109999695676379e-05,33007921.96991798,3721.9699179789327,0.0,42.0,2.0,33.0
rc208_21,4,100,depot,1,nearest,0.0006926999994902872,31007449.370108776,3544.967043686832,30.440306508910567,36.0,0.0,31.0
rc208_21,4,100,depot,1,grasp,0.2365959999988263,29008377.00284095,3856.2454908723107,92.07573500786054,36.0,5.0,29.0
rc208_21,4,100,depot,1,mp_eavns,5.436809800001356,15006479.131982978,2879.13198297799,0.0,36.0,0.0,15.0
rc208_21,4,100,phased,21,edd,4.9799997213995084e-05,14009779.509398298,5479.509398298354,0.0,43.0,40.0,14.0
rc208_21,4,100,phased,21,sweep,2.8599999495781958e-05,6010227.309315487,3680.17486599219,234.71344494945214,42.0,21.0,6.0
rc208_21,4,100,phased,21,nearest,0.001003500001388602,5007613.3185114255,3595.656990881017,41.766152054496274,36.0,25.0,5.0
rc208_21,4,100,phased,21,grasp,0.6336196000011114,2007508.6316426955,3720.4196852409186,18.821195745450154,36.0,26.0,2.0
rc208_21,4,100,phased,21,mp_eavns,16.064886700001807,6599.664041118394,2999.664041118395,0.0,36.0,20.0,0.0
rc208_21,4,100,all,21,edd,4.140000237384811e-05,14009779.509398298,5479.509398298354,0.0,43.0,40.0,14.0
rc208_21,4,100,all,21,sweep,2.519999907235615e-05,6010227.309315487,3680.17486599219,234.71344494945214,42.0,21.0,6.0
rc208_21,4,100,all,21,nearest,0.0007621000004292,5007613.3185114255,3595.656990881017,41.766152054496274,36.0,25.0,5.0
rc208_21,4,100,all,21,grasp,0.7452807999979996,1008471.191779725,4002.2418168978866,86.89499628271392,36.0,36.0,1.0
rc208_21,4,100,all,21,mp_eavns,12.66016640000089,6604.132699011534,3004.1326990115335,0.0,36.0,18.0,0.0
rc208C5,1,2,depot,1,edd,1.7399997886968777e-05,2000210.6463364635,110.64633646342119,0.0,1.0,0.0,2.0
rc208C5,1,2,depot,1,sweep,2.0000006770715117e-06,1000210.6463364634,110.64633646342119,0.0,1.0,0.0,1.0
rc208C5,1,2,depot,1,nearest,7.800001185387373e-06,1000210.6463364634,110.64633646342119,0.0,1.0,0.0,1.0
rc208C5,1,2,depot,1,grasp,0.00014379999993252568,1000210.6463364634,110.64633646342119,0.0,1.0,0.0,1.0
rc208C5,1,2,depot,1,mp_eavns,0.0012773000016750302,1000210.6463364634,110.64633646342119,0.0,1.0,0.0,1.0
rc208C5,1,2,phased,2,edd,3.4000004234258085e-06,210.79101760867832,110.79101760867833,0.0,1.0,1.0,0.0
rc208C5,1,2,phased,2,sweep,3.4999975468963385e-06,211.62744699655883,111.62744699655885,0.0,1.0,1.0,0.0
rc208C5,1,2,phased,2,nearest,6.099999154685065e-06,211.62744699655883,111.62744699655885,0.0,1.0,1.0,0.0
rc208C5,1,2,phased,2,grasp,0.00016950000281212851,210.79101760867832,110.79101760867833,0.0,1.0,1.0,0.0
rc208C5,1,2,phased,2,mp_eavns,0.002039299997704802,210.79101760867832,110.79101760867833,0.0,1.0,1.0,0.0
rc208C5,1,2,all,3,edd,3.5999983083456755e-06,210.79101760867832,110.79101760867833,0.0,1.0,1.0,0.0
rc208C5,1,2,all,3,sweep,2.8000031306874007e-06,211.62744699655883,111.62744699655885,0.0,1.0,1.0,0.0
rc208C5,1,2,all,3,nearest,1.1200001608813182e-05,211.62744699655883,111.62744699655885,0.0,1.0,1.0,0.0
rc208C5,1,2,all,3,grasp,0.00019210000027669594,210.79101760867832,110.79101760867833,0.0,1.0,1.0,0.0
rc208C5,1,2,all,3,mp_eavns,0.0032828000003064517,210.79101760867832,110.79101760867833,0.0,1.0,1.0,0.0
rc208C5,2,3,depot,1,edd,4.400000761961564e-06,1000332.6793554736,132.67935547355916,0.0,2.0,0.0,1.0
rc208C5,2,3,depot,1,sweep,2.5000008463393897e-06,1000341.694685856,141.69468585594123,0.0,2.0,0.0,1.0
rc208C5,2,3,depot,1,nearest,1.179999890155159e-05,1000352.7420373652,152.74203736518763,0.0,2.0,0.0,1.0
rc208C5,2,3,depot,1,grasp,0.00021129999731783755,1000332.6793554736,132.67935547355916,0.0,2.0,0.0,1.0
rc208C5,2,3,depot,1,mp_eavns,0.0034902000006695744,1000332.6793554736,132.67935547355916,0.0,2.0,0.0,1.0
rc208C5,2,3,phased,2,edd,3.2000025385059416e-06,333.66046600669677,133.6604660066968,0.0,2.0,1.0,0.0
rc208C5,2,3,phased,2,sweep,2.4000000848900527e-06,342.67579638907887,142.6757963890789,0.0,2.0,1.0,0.0
rc208C5,2,3,phased,2,nearest,6.70000008540228e-06,353.7231478983253,153.7231478983253,0.0,2.0,1.0,0.0
rc208C5,2,3,phased,2,grasp,0.00021329999799490906,333.66046600669677,133.6604660066968,0.0,2.0,1.0,0.0
rc208C5,2,3,phased,2,mp_eavns,0.004617499998857966,333.66046600669677,133.6604660066968,0.0,2.0,1.0,0.0
rc208C5,2,3,all,3,edd,3.5999983083456755e-06,333.66046600669677,133.6604660066968,0.0,2.0,1.0,0.0
rc208C5,2,3,all,3,sweep,3.7000027077738196e-06,342.67579638907887,142.6757963890789,0.0,2.0,1.0,0.0
rc208C5,2,3,all,3,nearest,6.800000846851617e-06,353.7231478983253,153.7231478983253,0.0,2.0,1.0,0.0
rc208C5,2,3,all,3,grasp,0.00022230000104173087,333.66046600669677,133.6604660066968,0.0,2.0,1.0,0.0
rc208C5,2,3,all,3,mp_eavns,0.008600799999840092,333.66046600669677,133.6604660066968,0.0,2.0,1.0,0.0
rc208C5,3,4,depot,1,edd,4.6000022848602384e-06,2000378.6712421796,178.67124217953693,0.0,2.0,0.0,2.0
rc208C5,3,4,depot,1,sweep,2.6999987312592566e-06,2000396.5105296627,196.51052966281213,0.0,2.0,0.0,2.0
rc208C5,3,4,depot,1,nearest,1.1899999663000926e-05,2000398.733924071,198.73392407116543,0.0,2.0,0.0,2.0
rc208C5,3,4,depot,1,grasp,0.00025440000172238797,2000378.6712421796,178.67124217953693,0.0,2.0,0.0,2.0
rc208C5,3,4,depot,1,mp_eavns,0.009993200001190417,2000378.6712421796,178.67124217953693,0.0,2.0,0.0,2.0
rc208C5,3,4,phased,3,edd,5.299996701069176e-06,389.2029824375628,189.2029824375628,0.0,2.0,2.0,0.0
rc208C5,3,4,phased,3,sweep,4.599998646881431e-06,401.1191010514427,201.11910105144273,0.0,2.0,2.0,0.0
rc208C5,3,4,phased,3,nearest,1.0700001439545304e-05,411.2859818295452,211.2859818295452,0.0,2.0,2.0,0.0
rc208C5,3,4,phased,3,grasp,0.00030949999927543104,389.2029824375628,189.2029824375628,0.0,2.0,2.0,0.0
rc208C5,3,4,phased,3,mp_eavns,0.01572909999958938,389.2029824375628,189.2029824375628,0.0,2.0,2.0,0.0
rc208C5,3,4,all,3,edd,4.300000000512227e-06,389.2029824375628,189.2029824375628,0.0,2.0,2.0,0.0
rc208C5,3,4,all,3,sweep,4.699999408330768e-06,401.1191010514427,201.11910105144273,0.0,2.0,2.0,0.0
rc208C5,3,4,all,3,nearest,9.700001101009548e-06,411.2859818295452,211.2859818295452,0.0,2.0,2.0,0.0
rc208C5,3,4,all,3,grasp,0.00031519999902229756,389.2029824375628,189.2029824375628,0.0,2.0,2.0,0.0
rc208C5,3,4,all,3,mp_eavns,0.01556469999923138,389.2029824375628,189.2029824375628,0.0,2.0,2.0,0.0
rc208C5,4,5,depot,1,edd,8.200000593205914e-06,3000411.346289201,211.34628920126426,0.0,2.0,0.0,3.0
rc208C5,4,5,depot,1,sweep,6.099999154685065e-06,2000558.122216866,258.1222168658096,0.0,3.0,0.0,2.0
rc208C5,4,5,depot,1,nearest,2.5800000003073364e-05,2000398.8313816008,198.8313816007819,0.0,2.0,0.0,2.0
rc208C5,4,5,depot,1,grasp,0.0007187000010162592,2000398.8313816008,198.8313816007819,0.0,2.0,0.0,2.0
rc208C5,4,5,depot,1,mp_eavns,0.013179199999285629,2000398.8313816008,198.8313816007819,0.0,2.0,0.0,2.0
rc208C5,4,5,phased,3,edd,8.999999408842996e-06,417.08721547944015,217.08721547944012,0.0,2.0,2.0,0.0
rc208C5,4,5,phased,3,sweep,9.400002454640344e-06,562.7307882544402,262.7307882544402,0.0,3.0,2.0,0.0
rc208C5,4,5,phased,3,nearest,2.1899999410379678e-05,411.3834393591617,211.38343935916168,0.0,2.0,2.0,0.0
rc208C5,4,5,phased,3,grasp,0.0006480999982159119,411.3834393591617,211.38343935916168,0.0,2.0,2.0,0.0
rc208C5,4,5,phased,3,mp_eavns,0.01199849999829894,411.3834393591617,211.38343935916168,0.0,2.0,2.0,0.0
rc208C5,4,5,all,3,edd,5.800000508315861e-06,417.08721547944015,217.08721547944012,0.0,2.0,2.0,0.0
rc208C5,4,5,all,3,sweep,5.599998985417187e-06,562.7307882544402,262.7307882544402,0.0,3.0,2.0,0.0
rc208C5,4,5,all,3,nearest,1.2999997125007212e-05,411.3834393591617,211.38343935916168,0.0,2.0,2.0,0.0
rc208C5,4,5,all,3,grasp,0.0003859000025840942,411.3834393591617,211.38343935916166,0.0,2.0,2.0,0.0
rc208C5,4,5,all,3,mp_eavns,0.010914099999354221,411.3834393591617,211.38343935916168,0.0,2.0,2.0,0.0
