instance,period,customers,station_policy,active_stations,algorithm,runtime_seconds,objective,distance,tardiness,routes,recharges,infeasible_legs
c101_21,1,25,depot,1,edd,1.6099998902063817e-05,3001904.9364650496,904.9364650496559,0.0,10.0,0.0,3.0
c101_21,1,25,depot,1,sweep,8.800001523923129e-06,14112.823635793544,720.010014316152,1239.2813621477392,10.0,0.0,0.0
c101_21,1,25,depot,1,nearest,8.959999831859022e-05,26988.344295122326,639.6281737158907,2544.8716121406437,9.0,0.0,0.0
c101_21,1,25,depot,1,grasp,0.01126279999880353,10643.215583572035,656.5965456751273,908.6619037896908,9.0,0.0,0.0
c101_21,1,25,depot,1,mp_eavns,0.18211949999749777,1536.2237760896317,636.2237760896317,0.0,9.0,0.0,0.0
c101_21,1,25,phased,6,edd,1.2600001355167478e-05,1914.9625788977585,914.9625788977585,0.0,10.0,3.0,0.0
c101_21,1,25,phased,6,sweep,1.2600001355167478e-05,14112.823635793544,720.010014316152,1239.2813621477392,10.0,0.0,0.0
c101_21,1,25,phased,6,nearest,8.250000246334821e-05,26988.344295122326,639.6281737158907,2544.8716121406437,9.0,0.0,0.0
c101_21,1,25,phased,6,grasp,0.01281800000288058,7942.4776901116875,681.1899123019102,636.1287777809778,9.0,0.0,0.0
c101_21,1,25,phased,6,mp_eavns,0.1662612000000081,1517.1641033849778,617.1641033849779,0.0,9.0,0.0,0.0
c101_21,1,25,all,21,edd,1.2299999070819467e-05,1914.9625788977585,914.9625788977585,0.0,10.0,3.0,0.0
c101_21,1,25,all,21,sweep,9.2999980552122e-06,14112.823635793544,720.010014316152,1239.2813621477392,10.0,0.0,0.0
c101_21,1,25,all,21,nearest,7.929999992484227e-05,26988.344295122326,639.6281737158907,2544.8716121406437,9.0,0.0,0.0
c101_21,1,25,all,21,grasp,0.01419720000194502,13733.560279274185,726.6623145338946,1210.689796474029,9.0,2.0,0.0
c101_21,1,25,all,21,mp_eavns,0.19845619999978226,1517.1641033849778,617.1641033849779,0.0,9.0,0.0,0.0
c101_21,2,50,depot,1,edd,1.4400000509340316e-05,14005874.02853226,2399.4391323150553,137.4589399943622,21.0,3.0,14.0
c101_21,2,50,depot,1,sweep,1.1399999493733048e-05,5034271.798158692,1655.4821581307888,3041.631600056157,22.0,0.0,5.0
c101_21,2,50,depot,1,nearest,0.00021550000019487925,6063025.761222937,1623.199542517983,5950.256168041871,19.0,1.0,6.0
c101_21,2,50,depot,1,grasp,0.06662229999710689,5035113.175284936,1570.3390594295556,3164.28362255061,19.0,0.0,5.0
c101_21,2,50,depot,1,mp_eavns,1.3247733000025619,3003292.0535689564,1392.0535689564344,0.0,19.0,0.0,3.0
c101_21,2,50,phased,11,edd,2.1299998479662463e-05,1008040.946899873,2400.0348183769197,354.0912081496091,21.0,13.0,1.0
c101_21,2,50,phased,11,sweep,1.5199999324977398e-05,34285.42408481063,1669.1080842490637,3041.631600056157,22.0,5.0,0.0
c101_21,2,50,phased,11,nearest,0.00023249999867402948,1062990.8750226402,1588.3133422214848,5950.256168041871,19.0,5.0,1.0
c101_21,2,50,phased,11,grasp,0.1412462999978743,27809.809797935595,1601.7333099579496,2430.8076487977646,19.0,6.0,0.0
c101_21,2,50,phased,11,mp_eavns,1.8878559000004316,3347.1101296661764,1447.1101296661764,0.0,19.0,4.0,0.0
c101_21,2,50,all,21,edd,1.5199999324977398e-05,1008040.946899873,2400.0348183769197,354.0912081496091,21.0,13.0,1.0
c101_21,2,50,all,21,sweep,1.3500000932253897e-05,34285.42408481063,1669.1080842490637,3041.631600056157,22.0,5.0,0.0
c101_21,2,50,all,21,nearest,0.00021719999858760275,1062990.8750226402,1588.3133422214848,5950.256168041871,19.0,5.0,1.0
c101_21,2,50,all,21,grasp,0.16004880000036792,32128.414858804546,1815.790776236517,2841.2624082568027,19.0,8.0,0.0
c101_21,2,50,all,21,mp_eavns,1.8327003000013065,3316.7338630216154,1416.7338630216152,0.0,19.0,4.0,0.0
c101_21,3,75,depot,1,edd,3.599999763537198e-05,21010917.029588282,3738.893272499379,407.81363157811506,31.0,9.0,21.0
c101_21,3,75,depot,1,sweep,2.7999998565064743e-05,5073716.543876002,2423.1399277743835,6799.340394822703,33.0,0.0,5.0
c101_21,3,75,depot,1,nearest,0.00092209999638726,8097450.7731197635,2424.1547266176194,9222.66183931455,28.0,2.0,8.0
c101_21,3,75,depot,1,grasp,0.1736659000016516,6035381.2124596145,2646.695346580962,2993.451711303318,28.0,5.0,6.0
c101_21,3,75,depot,1,mp_eavns,3.5916988999997557,3004832.2146777683,2032.2146777681644,0.0,28.0,0.0,3.0
c101_21,3,75,phased,16,edd,3.0199997127056122e-05,2014089.3225177971,3763.2614822347773,722.6061035562275,31.0,23.0,2.0
c101_21,3,75,phased,16,sweep,1.9900002371286973e-05,73728.80536454148,2435.4014163144457,6799.340394822703,33.0,5.0,0.0
c101_21,3,75,phased,16,nearest,0.00046629999997094274,2097027.6363590285,2358.888812158083,9186.874754687049,28.0,6.0,2.0
c101_21,3,75,phased,16,grasp,0.33588370000143186,45032.513571978416,2727.1534773234816,3940.5360094654934,29.0,11.0,0.0
c101_21,3,75,phased,16,mp_eavns,6.400303399997938,4903.472009546818,2103.4720095468183,0.0,28.0,4.0,0.0
c101_21,3,75,all,21,edd,3.730000025825575e-05,2014089.3225177971,3763.2614822347773,722.6061035562275,31.0,23.0,2.0
c101_21,3,75,all,21,sweep,2.3100001271814108e-05,73728.80536454148,2435.4014163144457,6799.340394822703,33.0,5.0,0.0
c101_21,3,75,all,21,nearest,0.0005025999998906627,2097027.6363590285,2358.888812158083,9186.874754687049,28.0,6.0,2.0
c101_21,3,75,all,21,grasp,0.39354209999874,66737.11806683821,2745.2503152786935,6119.186775155951,28.0,10.0,0.0
c101_21,3,75,all,21,mp_eavns,5.168018899999879,4792.39121392573,1992.3912139257304,0.0,28.0,3.0,0.0
c101_21,4,100,depot,1,edd,2.9800001357216388e-05,23014911.05840773,4898.05604552617,591.3002362203877,41.0,13.0,23.0
c101_21,4,100,depot,1,sweep,2.1699997887481004e-05,5095127.3253367385,2996.1153738004314,8783.120996293836,43.0,0.0,5.0
c101_21,4,100,depot,1,nearest,0.0008289999968837947,12098934.023509432,3192.8750300205807,9204.114847941077,37.0,3.0,12.0
c101_21,4,100,depot,1,grasp,0.28288460000112536,8098498.566051095,3484.3374309394358,9131.422862015499,37.0,7.0,8.0
c101_21,4,100,depot,1,mp_eavns,6.08200399999987,3006287.8344887416,2587.8344887416265,0.0,37.0,0.0,3.0
c101_21,4,100,phased,21,edd,4.199999966658652e-05,3018799.6716394858,4909.857237677431,978.9814401808409,41.0,28.0,3.0
c101_21,4,100,phased,21,sweep,2.7099998987978324e-05,95139.58682527885,3008.3768623404935,8783.120996293836,43.0,5.0,0.0
c101_21,4,100,phased,21,nearest,0.0009035000002768356,4102031.944968578,3119.503366501673,9521.244160207607,37.0,9.0,4.0
c101_21,4,100,phased,21,grasp,0.7243211999993946,86397.79872995561,3405.0292369556937,7929.276949299991,37.0,15.0,0.0
c101_21,4,100,phased,21,mp_eavns,10.408982199998718,6316.683864495684,2616.6838644956842,0.0,37.0,4.0,0.0
c101_21,4,100,all,21,edd,3.420000211917795e-05,3018799.6716394858,4909.857237677431,978.9814401808409,41.0,28.0,3.0
c101_21,4,100,all,21,sweep,2.7000001864507794e-05,95139.58682527885,3008.3768623404935,8783.120996293836,43.0,5.0,0.0
c101_21,4,100,all,21,nearest,0.000865399997564964,4102031.944968578,3119.503366501673,9521.244160207607,37.0,9.0,4.0
c101_21,4,100,all,21,grasp,0.7295672000000195,71195.87362076709,3543.3614017891036,6385.251221897798,38.0,15.0,0.0
c101_21,4,100,all,21,mp_eavns,12.064987000001565,6221.024012980948,2521.0240129809476,0.0,37.0,3.0,0.0
c101C10,1,3,depot,1,edd,7.300001016119495e-06,2000417.372635388,217.3726353879336,0.0,2.0,0.0,2.0
c101C10,1,3,depot,1,sweep,2.7000023692380637e-06,1000388.7112682475,188.71126824742169,0.0,2.0,0.0,1.0
c101C10,1,3,depot,1,nearest,9.700001101009548e-06,1002758.4170232767,188.71126824742169,236.97057550292607,2.0,0.0,1.0
c101C10,1,3,depot,1,grasp,0.00018629999976838008,1000388.7112682475,188.71126824742169,0.0,2.0,0.0,1.0
c101C10,1,3,depot,1,mp_eavns,0.002495600001566345,1000388.7112682475,188.71126824742169,0.0,2.0,0.0,1.0
c101C10,1,3,phased,2,edd,2.7000023692380637e-06,1000429.9777182958,229.97771829576425,0.0,2.0,1.0,1.0
c101C10,1,3,phased,2,sweep,3.4000004234258085e-06,1000388.7112682475,188.71126824742169,0.0,2.0,0.0,1.0
c101C10,1,3,phased,2,nearest,5.999998393235728e-06,2771.022106184513,201.3163511552523,236.97057550292607,2.0,1.0,0.0
c101C10,1,3,phased,2,grasp,0.0001968000033230055,2771.022106184513,201.3163511552523,236.97057550292607,2.0,1.0,0.0
c101C10,1,3,phased,2,mp_eavns,0.006588799999008188,541.9865308188187,241.98653081881872,0.0,3.0,1.0,0.0
c101C10,1,3,all,5,edd,3.4000004234258085e-06,1000424.3859429038,224.3859429038274,0.0,2.0,1.0,1.0
c101C10,1,3,all,5,sweep,3.1999989005271345e-06,416.6452377626755,216.6452377626755,0.0,2.0,1.0,0.0
c101C10,1,3,all,5,nearest,7.799997547408566e-06,2765.430330792576,195.72457576331547,236.97057550292607,2.0,1.0,0.0
c101C10,1,3,all,5,grasp,0.00026810000053956173,416.6452377626755,216.6452377626755,0.0,2.0,1.0,0.0
c101C10,1,3,all,5,mp_eavns,0.0034863000000768807,416.6452377626755,216.6452377626755,0.0,2.0,1.0,0.0
c101C10,2,5,depot,1,edd,3.2999996619764715e-06,2000591.7837537024,291.78375370234176,0.0,3.0,0.0,2.0
c101C10,2,5,depot,1,sweep,2.9999973776284605e-06,1000947.1536289362,263.1223865618298,38.40312423743285,3.0,0.0,1.0
c101C10,2,5,depot,1,nearest,1.080000220099464e-05,1010401.2659417755,296.86503884211805,980.4400902933387,3.0,0.0,1.0
c101C10,2,5,depot,1,grasp,0.0002975999996124301,1000563.1223865618,263.12238656182984,0.0,3.0,0.0,1.0
c101C10,2,5,depot,1,mp_eavns,0.006505299999844283,1000563.1223865618,263.12238656182984,0.0,3.0,0.0,1.0
c101C10,2,5,phased,3,edd,2.7999994927085936e-06,1000604.3888366101,304.3888366101724,0.0,3.0,1.0,1.0
c101C10,2,5,phased,3,sweep,2.4999972083605826e-06,1000947.1536289362,263.1223865618298,38.40312423743285,3.0,0.0,1.0
c101C10,2,5,phased,3,nearest,8.499999239575118e-06,1010401.2659417755,296.86503884211805,980.4400902933387,3.0,0.0,1.0
c101C10,2,5,phased,3,grasp,0.0003208999987691641,602.6366742487803,302.63667424878025,0.0,3.0,1.0,0.0
c101C10,2,5,phased,3,mp_eavns,0.007431099998939317,602.6366742487803,302.6366742487803,0.0,3.0,1.0,0.0
c101C10,2,5,all,5,edd,5.300000339047983e-06,1000598.7970612182,298.79706121823557,0.0,3.0,1.0,1.0
c101C10,2,5,all,5,sweep,4.599998646881431e-06,975.0875984514121,291.0563560770836,38.40312423743285,3.0,1.0,0.0
c101C10,2,5,all,5,nearest,1.2399999832268804e-05,1010401.2659417755,296.86503884211805,980.4400902933387,3.0,0.0,1.0
c101C10,2,5,all,5,grasp,0.0003558000025805086,602.6366742487803,302.63667424878025,0.0,3.0,1.0,0.0
c101C10,2,5,all,5,mp_eavns,0.008420800000749296,591.0563560770836,291.05635607708365,0.0,3.0,1.0,0.0
c101C10,3,8,depot,1,edd,3.9000005926936865e-06,3000815.953849772,415.9538497719389,0.0,4.0,0.0,3.0
c101C10,3,8,depot,1,sweep,3.1000017770566046e-06,1002273.8012599283,345.76067196364266,152.8040587964656,4.0,0.0,1.0
c101C10,3,8,depot,1,nearest,1.559999873279594e-05,1008085.213617453,352.07698545021185,733.3136632002804,4.0,0.0,1.0
c101C10,3,8,depot,1,grasp,0.0018428000003041234,1000821.6529609136,421.6529609136134,0.0,4.0,1.0,1.0
c101C10,3,8,depot,1,mp_eavns,0.019654199997603428,1000748.529695857,348.52969585695246,0.0,4.0,0.0,1.0
c101C10,3,8,phased,4,edd,5.799996870337054e-06,1000822.118776735,422.11877673502005,0.0,4.0,1.0,1.0
c101C10,3,8,phased,4,sweep,5.099998816149309e-06,1002273.8012599283,345.76067196364266,152.8040587964656,4.0,0.0,1.0
c101C10,3,8,phased,4,nearest,1.720000000204891e-05,8097.818700360847,364.68206835804244,733.3136632002804,4.0,1.0,0.0
c101C10,3,8,phased,4,grasp,0.0008162000012816861,799.4799978050814,399.4799978050815,0.0,4.0,2.0,0.0
c101C10,3,8,phased,4,mp_eavns,0.021565200000623008,766.5314358964094,366.5314358964095,0.0,4.0,1.0,0.0
c101C10,3,8,all,5,edd,5.300000339047983e-06,1000815.9551073303,415.9551073303587,0.0,4.0,1.0,1.0
c101C10,3,8,all,5,sweep,9.399998816661537e-06,2301.7352294435523,373.6946414788965,152.8040587964656,4.0,1.0,0.0
c101C10,3,8,all,5,nearest,1.7800000932766125e-05,8092.226924968911,359.0902929661056,733.3136632002804,4.0,1.0,0.0
c101C10,3,8,all,5,grasp,0.0007202000015240628,841.6944953030841,441.694495303084,0.0,4.0,2.0,0.0
c101C10,3,8,all,5,mp_eavns,0.023276500000065425,760.9396605044727,360.9396605044727,0.0,4.0,1.0,0.0
c101C10,4,10,depot,1,edd,5.800000508315861e-06,4001005.757719325,505.75771932480524,0.0,5.0,0.0,4.0
c101C10,4,10,depot,1,sweep,4.300000000512227e-06,1010034.9633638293,416.70548720020776,911.8257876629082,5.0,0.0,1.0
c101C10,4,10,depot,1,nearest,2.3600001441081986e-05,1019287.6620345882,427.51328257925707,1836.0148752008904,5.0,0.0,1.0
c101C10,4,10,depot,1,grasp,0.0012179000004834961,1005079.8018948551,457.90569385092243,412.1896201004172,5.0,0.0,1.0
c101C10,4,10,depot,1,mp_eavns,0.04198039999755565,1000919.4745110935,419.47451109351755,0.0,5.0,0.0,1.0
c101C10,4,10,phased,5,edd,5.899997631786391e-06,2001005.7589768833,505.75897688322505,0.0,5.0,1.0,2.0
c101C10,4,10,phased,5,sweep,5.300000339047983e-06,10062.897333344545,444.63945671546156,911.8257876629082,5.0,1.0,0.0
c101C10,4,10,phased,5,nearest,2.350000067963265e-05,19294.675342104056,434.5265900951508,1836.0148752008904,5.0,1.0,0.0
c101C10,4,10,phased,5,grasp,0.0012399999977787957,1988.8989113521152,529.7806075136065,95.91183038385088,5.0,3.0,0.0
c101C10,4,10,phased,5,mp_eavns,0.03435820000231615,846.5016231721147,446.50162317211465,0.0,4.0,2.0,0.0
c101C10,4,10,all,5,edd,6.399997801054269e-06,2001005.7589768833,505.75897688322505,0.0,5.0,1.0,2.0
c101C10,4,10,all,5,sweep,6.400001439033076e-06,10062.897333344545,444.63945671546156,911.8257876629082,5.0,1.0,0.0
c101C10,4,10,all,5,nearest,2.260000110254623e-05,19294.675342104056,434.5265900951508,1836.0148752008904,5.0,1.0,0.0
c101C10,4,10,all,5,grasp,0.001116599996748846,1988.8989113521152,529.7806075136065,95.91183038385088,5.0,3.0,0.0
c101C10,4,10,all,5,mp_eavns,0.03144109999993816,846.5016231721147,446.50162317211476,0.0,4.0,2.0,0.0
c101C5,1,2,depot,1,edd,4.300000000512227e-06,187.3283094778149,87.32830947781493,0.0,1.0,0.0,0.0
c101C5,1,2,depot,1,sweep,2.4000000848900527e-06,187.3283094778149,87.32830947781493,0.0,1.0,0.0,0.0
c101C5,1,2,depot,1,nearest,9.2999980552122e-06,187.3283094778149,87.32830947781493,0.0,1.0,0.0,0.0
c101C5,1,2,depot,1,grasp,0.00012739999874611385,187.3283094778149,87.32830947781493,0.0,1.0,0.0,0.0
c101C5,1,2,depot,1,mp_eavns,0.0010918000007222872,187.3283094778149,87.32830947781493,0.0,1.0,0.0,0.0
c101C5,1,2,phased,2,edd,2.9000002541579306e-06,187.3283094778149,87.32830947781493,0.0,1.0,0.0,0.0
c101C5,1,2,phased,2,sweep,2.4000000848900527e-06,187.3283094778149,87.32830947781493,0.0,1.0,0.0,0.0
c101C5,1,2,phased,2,nearest,5.599998985417187e-06,187.3283094778149,87.32830947781493,0.0,1.0,0.0,0.0
c101C5,1,2,phased,2,grasp,0.00010800000018207356,187.3283094778149,87.32830947781493,0.0,1.0,0.0,0.0
c101C5,1,2,phased,2,mp_eavns,0.001047999998263549,187.3283094778149,87.32830947781493,0.0,1.0,0.0,0.0
c101C5,1,2,all,3,edd,1.8000027921516448e-06,187.3283094778149,87.32830947781493,0.0,1.0,0.0,0.0
c101C5,1,2,all,3,sweep,1.5999976312741637e-06,187.3283094778149,87.32830947781493,0.0,1.0,0.0,0.0
c101C5,1,2,all,3,nearest,5.100002454128116e-06,187.3283094778149,87.32830947781493,0.0,1.0,0.0,0.0
c101C5,1,2,all,3,grasp,0.0001049999991664663,187.3283094778149,87.32830947781493,0.0,1.0,0.0,0.0
c101C5,1,2,all,3,mp_eavns,0.0010468000000400934,187.3283094778149,87.32830947781493,0.0,1.0,0.0,0.0
c101C5,2,3,depot,1,edd,2.6999987312592566e-06,1000374.5274648496,174.52746484964803,0.0,2.0,0.0,1.0
c101C5,2,3,depot,1,sweep,2.4000000848900527e-06,363.486040536454,163.48604053645403,0.0,2.0,0.0,0.0
c101C5,2,3,depot,1,nearest,6.499998562503606e-06,363.486040536454,163.48604053645403,0.0,2.0,0.0,0.0
c101C5,2,3,depot,1,grasp,0.00018649999765329994,339.0703270882433,139.07032708824332,0.0,2.0,0.0,0.0
c101C5,2,3,depot,1,mp_eavns,0.003123099999356782,339.0703270882433,139.07032708824332,0.0,2.0,0.0,0.0
c101C5,2,3,phased,2,edd,2.9000002541579306e-06,1000374.5274648496,174.52746484964803,0.0,2.0,0.0,1.0
c101C5,2,3,phased,2,sweep,2.0000006770715117e-06,363.486040536454,163.48604053645403,0.0,2.0,0.0,0.0
c101C5,2,3,phased,2,nearest,6.099999154685065e-06,363.486040536454,163.48604053645403,0.0,2.0,0.0,0.0
c101C5,2,3,phased,2,grasp,0.00018760000239126384,339.0703270882433,139.07032708824332,0.0,2.0,0.0,0.0
c101C5,2,3,phased,2,mp_eavns,0.003334600001835497,339.0703270882433,139.07032708824332,0.0,2.0,0.0,0.0
c101C5,2,3,all,3,edd,2.5000008463393897e-06,1000374.5274648496,174.52746484964803,0.0,2.0,0.0,1.0
c101C5,2,3,all,3,sweep,2.6000016077887267e-06,363.486040536454,163.48604053645403,0.0,2.0,0.0,0.0
c101C5,2,3,all,3,nearest,6.300000677583739e-06,363.486040536454,163.48604053645403,0.0,2.0,0.0,0.0
c101C5,2,3,all,3,grasp,0.00017589999697520398,339.0703270882433,139.07032708824332,0.0,2.0,0.0,0.0
c101C5,2,3,all,3,mp_eavns,0.0033741999977792148,339.0703270882433,139.07032708824332,0.0,2.0,0.0,0.0
c101C5,3,4,depot,1,edd,4.099998477613553e-06,2000450.6811053937,250.68110539358509,0.0,2.0,0.0,2.0
c101C5,3,4,depot,1,sweep,3.2999996619764715e-06,1005903.4860405364,193.48604053645403,551.0,2.0,0.0,1.0
c101C5,3,4,depot,1,nearest,1.0199997632298619e-05,1000393.4860405364,193.48604053645403,0.0,2.0,0.0,1.0
c101C5,3,4,depot,1,grasp,0.0002659999991010409,1000415.2239676322,215.22396763218035,0.0,2.0,0.0,1.0
c101C5,3,4,depot,1,mp_eavns,0.00815869999860297,515.2280581468824,215.2280581468824,0.0,3.0,0.0,0.0
c101C5,3,4,phased,3,edd,4.400000761961564e-06,2000450.6811053937,250.68110539358509,0.0,2.0,0.0,2.0
c101C5,3,4,phased,3,sweep,4.2000028770416975e-06,5906.660948327571,196.66094832757065,551.0,2.0,1.0,0.0
c101C5,3,4,phased,3,nearest,9.499999578110874e-06,414.599010096201,214.59901009620106,0.0,2.0,1.0,0.0
c101C5,3,4,phased,3,grasp,0.00028450000172597356,414.599010096201,214.59901009620106,0.0,2.0,1.0,0.0
c101C5,3,4,phased,3,mp_eavns,0.005925600002228748,414.599010096201,214.59901009620106,0.0,2.0,1.0,0.0
c101C5,3,4,all,3,edd,2.7999994927085936e-06,2000450.6811053937,250.68110539358509,0.0,2.0,0.0,2.0
c101C5,3,4,all,3,sweep,2.4000000848900527e-06,5906.660948327571,196.66094832757065,551.0,2.0,1.0,0.0
c101C5,3,4,all,3,nearest,7.699996785959229e-06,414.599010096201,214.59901009620106,0.0,2.0,1.0,0.0
c101C5,3,4,all,3,grasp,0.00027860000045620836,414.599010096201,214.59901009620106,0.0,2.0,1.0,0.0
c101C5,3,4,all,3,mp_eavns,0.01021980000223266,414.599010096201,214.59901009620106,0.0,2.0,1.0,0.0
c101C5,4,5,depot,1,edd,4.300000000512227e-06,2000451.83548529,251.83548528997758,0.0,2.0,0.0,2.0
c101C5,4,5,depot,1,sweep,4.300000000512227e-06,1009990.5746423017,206.43651578671387,958.4138126514911,2.0,0.0,1.0
c101C5,4,5,depot,1,nearest,1.6100002540042624e-05,1002030.5746423017,206.43651578671387,162.41381265149107,2.0,0.0,1.0
c101C5,4,5,depot,1,grasp,0.0005603999998129439,3566.312343468888,228.17853339714225,313.81338100717454,2.0,1.0,0.0
c101C5,4,5,depot,1,mp_eavns,0.01321509999979753,452.594246845353,252.59424684535298,0.0,2.0,1.0,0.0
c101C5,4,5,phased,3,edd,4.999998054699972e-06,2000451.83548529,251.83548528997758,0.0,2.0,0.0,2.0
c101C5,4,5,phased,3,sweep,4.300000000512227e-06,1009990.5746423017,206.43651578671387,958.4138126514911,2.0,0.0,1.0
c101C5,4,5,phased,3,nearest,1.68999977177009e-05,1002030.5746423017,206.43651578671387,162.41381265149107,2.0,0.0,1.0
c101C5,4,5,phased,3,grasp,0.0006510999992315192,466.42781172253336,266.42781172253336,0.0,2.0,2.0,0.0
c101C5,4,5,phased,3,mp_eavns,0.013612899998406647,448.9368023254154,248.93680232541539,0.0,2.0,1.0,0.0
c101C5,4,5,all,3,edd,5.199999577598646e-06,2000451.83548529,251.83548528997758,0.0,2.0,0.0,2.0
c101C5,4,5,all,3,sweep,5.100002454128116e-06,1009990.5746423017,206.43651578671387,958.4138126514911,2.0,0.0,1.0
c101C5,4,5,all,3,nearest,1.7300000763498247e-05,1002030.5746423017,206.43651578671387,162.41381265149107,2.0,0.0,1.0
c101C5,4,5,all,3,grasp,0.0006819999980507419,1413.402716426754,228.17853339714225,98.52241830296117,2.0,1.0,0.0
c101C5,4,5,all,3,mp_eavns,0.014337199998408323,448.9368023254154,248.93680232541539,0.0,2.0,1.0,0.0
c102_21,1,25,depot,1,edd,1.049999991664663e-05,1001677.8921413051,777.8921413051335,0.0,9.0,0.0,1.0
c102_21,1,25,depot,1,sweep,7.300001016119495e-06,7841.495118730251,720.010014316152,612.1485104414099,10.0,0.0,0.0
c102_21,1,25,depot,1,nearest,7.560000085504726e-05,24092.738062143962,639.6281737158907,2255.310988842807,9.0,0.0,0.0
c102_21,1,25,depot,1,grasp,0.019366799999261275,3803.6815830878595,686.4811316211661,221.72004514666935,9.0,0.0,0.0
c102_21,1,25,depot,1,mp_eavns,0.216535900002782,1559.8075064962054,659.8075064962054,0.0,9.0,0.0,0.0
c102_21,1,25,phased,6,edd,1.0799998563015833e-05,1682.1426621047347,782.1426621047347,0.0,9.0,1.0,0.0
c102_21,1,25,phased,6,sweep,9.2999980552122e-06,7841.495118730251,720.010014316152,612.1485104414099,10.0,0.0,0.0
c102_21,1,25,phased,6,nearest,7.90999984019436e-05,24092.738062143962,639.6281737158907,2255.310988842807,9.0,0.0,0.0
c102_21,1,25,phased,6,grasp,0.01802220000172383,2002.1375618448697,692.1375618448698,41.0,9.0,1.0,0.0
c102_21,1,25,phased,6,mp_eavns,0.27380900000207475,1541.519119563815,641.5191195638149,0.0,9.0,0.0,0.0
c102_21,1,25,all,21,edd,1.790000169421546e-05,1682.1426621047347,782.1426621047347,0.0,9.0,1.0,0.0
c102_21,1,25,all,21,sweep,1.9999999494757503e-05,7841.495118730251,720.010014316152,612.1485104414099,10.0,0.0,0.0
c102_21,1,25,all,21,nearest,0.00013070000204606913,24092.738062143962,639.6281737158907,2255.310988842807,9.0,0.0,0.0
c102_21,1,25,all,21,grasp,0.018963499998790212,2173.730316761114,763.7303167611138,41.0,10.0,1.0,0.0
c102_21,1,25,all,21,mp_eavns,0.29520659999980126,1542.3433823216378,642.3433823216377,0.0,9.0,0.0,0.0
c102_21,2,50,depot,1,edd,2.4900000425986946e-05,13005546.416851934,2291.905343869576,135.45115080648833,19.0,3.0,13.0
c102_21,2,50,depot,1,sweep,2.0399998902576044e-05,5024578.108554546,1655.4821581307888,2072.2626396414544,22.0,0.0,5.0
c102_21,2,50,depot,1,nearest,0.00039880000258563086,6049547.712099869,1623.199542517983,4602.451255735054,19.0,1.0,6.0
c102_21,2,50,depot,1,grasp,0.09019040000202949,6007854.889384756,1658.970809348506,429.5918575407667,19.0,1.0,6.0
c102_21,2,50,depot,1,mp_eavns,1.717482399999426,3003388.1271906695,1488.127190669427,0.0,19.0,0.0,3.0
c102_21,2,50,phased,11,edd,1.8599999748403206e-05,7190.509429273507,2285.329679558183,300.51797497153234,19.0,13.0,0.0
c102_21,2,50,phased,11,sweep,6.429999848478474e-05,24591.734480663607,1669.1080842490637,2072.2626396414544,22.0,5.0,0.0
c102_21,2,50,phased,11,nearest,0.00029429999995045364,1049512.825899572,1588.3133422214848,4602.451255735054,19.0,5.0,1.0
c102_21,2,50,phased,11,grasp,0.13352949999898556,27416.50881545946,1734.474126618226,2378.2034688841236,19.0,8.0,0.0
c102_21,2,50,phased,11,mp_eavns,1.3028259000020626,3329.621741432021,1429.621741432021,0.0,19.0,4.0,0.0
c102_21,2,50,all,21,edd,2.1100000594742596e-05,7190.509429273507,2285.329679558183,300.51797497153234,19.0,13.0,0.0
c102_21,2,50,all,21,sweep,1.6400001186411828e-05,24591.734480663607,1669.1080842490637,2072.2626396414544,22.0,5.0,0.0
c102_21,2,50,all,21,nearest,0.00022810000155004673,1049512.825899572,1588.3133422214848,4602.451255735054,19.0,5.0,1.0
c102_21,2,50,all,21,grasp,0.19719859999895561,18758.614802206837,1842.873599630322,1501.5741202576514,19.0,11.0,0.0
c102_21,2,50,all,21,mp_eavns,2.100775500002783,3329.1583041241493,1429.1583041241493,0.0,19.0,4.0,0.0
c102_21,3,75,depot,1,edd,3.899999865097925e-05,19008342.49641916,3491.5759265240345,175.0920492639114,31.0,7.0,19.0
c102_21,3,75,depot,1,sweep,3.2500000088475645e-05,5045382.926512532,2423.1399277743835,3965.9786584757803,33.0,0.0,5.0
c102_21,3,75,depot,1,nearest,0.0009436999971512705,8075582.013318576,2424.1547266176194,7035.785859195867,28.0,2.0,8.0
c102_21,3,75,depot,1,grasp,0.2147216000012122,8040948.373957328,2526.948572803617,3562.142538452409,28.0,3.0,8.0
c102_21,3,75,depot,1,mp_eavns,3.629551199999696,3004861.543678799,2061.5436787991334,0.0,28.0,0.0,3.0
c102_21,3,75,phased,16,edd,3.020000076503493e-05,4009961.8275301466,3469.68339026939,339.21441398773993,31.0,19.0,4.0
c102_21,3,75,phased,16,sweep,2.0799998310394585e-05,45395.18800107225,2435.4014163144457,3965.9786584757803,33.0,5.0,0.0
c102_21,3,75,phased,16,nearest,0.0004541000016615726,2075158.8765578417,2358.888812158083,6999.998774568365,28.0,6.0,2.0
c102_21,3,75,phased,16,grasp,0.3263740999973379,54894.24804574552,2535.4099476837027,4955.8838098061815,28.0,9.0,0.0
c102_21,3,75,phased,16,mp_eavns,5.367722800001502,4840.314053535148,2040.3140535351479,0.0,28.0,4.0,0.0
c102_21,3,75,all,21,edd,3.2099997042678297e-05,4009961.8275301466,3469.68339026939,339.21441398773993,31.0,19.0,4.0
c102_21,3,75,all,21,sweep,2.0899999071843922e-05,45395.18800107225,2435.4014163144457,3965.9786584757803,33.0,5.0,0.0
c102_21,3,75,all,21,nearest,0.00044859999979962595,2075158.8765578417,2358.888812158083,6999.998774568365,28.0,6.0,2.0
c102_21,3,75,all,21,grasp,0.469810000002326,28836.0343687704,2583.0330634506913,2345.3001305319713,28.0,9.0,0.0
c102_21,3,75,all,21,mp_eavns,5.07646670000031,4879.789155296025,2079.7891552960245,0.0,28.0,4.0,0.0
c102_21,4,100,depot,1,edd,5.3099996875971556e-05,27014565.248890758,4690.065935669489,587.5182955088604,40.0,11.0,27.0
c102_21,4,100,depot,1,sweep,4.190000254311599e-05,5063593.70797327,2996.1153738004314,5629.7592599469135,43.0,0.0,5.0
c102_21,4,100,depot,1,nearest,0.0016122999986691866,12063574.205390012,3192.8750300205807,5668.133035999052,37.0,3.0,12.0
c102_21,4,100,depot,1,grasp,0.39593580000291695,9049092.534982344,3276.6054017682522,4191.592958057677,39.0,3.0,9.0
c102_21,4,100,depot,1,mp_eavns,9.617552600000636,3006250.9187987293,2550.9187987293794,0.0,37.0,0.0,3.0
c102_21,4,100,phased,21,edd,3.7000001611886546e-05,4016679.9372137524,4694.934506546814,798.5002707205766,40.0,26.0,4.0
c102_21,4,100,phased,21,sweep,2.6200003048870713e-05,63605.969461809625,3008.3768623404935,5629.7592599469135,43.0,5.0,0.0
c102_21,4,100,phased,21,nearest,0.0007904000012786128,4063500.8337264922,3119.503366501673,5668.133035999052,37.0,9.0,4.0
c102_21,4,100,phased,21,grasp,0.8353319999987434,54001.11770424929,3382.35052314358,4691.876718110571,37.0,13.0,0.0
c102_21,4,100,phased,21,mp_eavns,9.481034600001294,6266.23793641595,2566.2379364159497,0.0,37.0,4.0,0.0
c102_21,4,100,all,21,edd,3.5499997466104105e-05,4016679.9372137524,4694.934506546814,798.5002707205766,40.0,26.0,4.0
c102_21,4,100,all,21,sweep,2.510000194888562e-05,63605.969461809625,3008.3768623404935,5629.7592599469135,43.0,5.0,0.0
c102_21,4,100,all,21,nearest,0.0008147000007738825,4063500.8337264922,3119.503366501673,5668.133035999052,37.0,9.0,4.0
c102_21,4,100,all,21,grasp,0.6793515999997908,47212.58503345802,3500.1114814001803,3991.2473552057836,38.0,16.0,0.0
c102_21,4,100,all,21,mp_eavns,9.443395500002225,6277.524637859644,2577.5246378596435,0.0,37.0,4.0,0.0
c103_21,1,25,depot,1,edd,1.1800002539530396e-05,1001759.9815788234,759.9815788234536,0.0,10.0,0.0,1.0
c103_21,1,25,depot,1,sweep,6.800000846851617e-06,2304.4130794052576,720.010014316152,58.44030650891054,10.0,0.0,0.0
c103_21,1,25,depot,1,nearest,7.03999976394698e-05,2005245.7829815408,725.2704977453757,362.05124837953326,9.0,0.0,2.0
c103_21,1,25,depot,1,grasp,0.00804950000019744,1639.366182301073,739.3661823010731,0.0,9.0,1.0,0.0
c103_21,1,25,depot,1,mp_eavns,0.21768599999995786,1556.4944053185607,656.4944053185607,0.0,9.0,0.0,0.0
c103_21,1,25,phased,6,edd,1.2699998478638008e-05,1764.2320996230546,764.2320996230545,0.0,10.0,1.0,0.0
c103_21,1,25,phased,6,sweep,9.799998224480078e-06,2304.4130794052576,720.010014316152,58.44030650891054,10.0,0.0,0.0
c103_21,1,25,phased,6,nearest,7.810000170138665e-05,1005245.7834023872,725.2709185917813,362.05124837953326,9.0,1.0,1.0
c103_21,1,25,phased,6,grasp,0.011244799999985844,1603.6175753900511,703.617575390051,0.0,9.0,1.0,0.0
c103_21,1,25,phased,6,mp_eavns,0.19313049999982468,1517.8114134943353,617.8114134943353,0.0,9.0,0.0,0.0
c103_21,1,25,all,21,edd,1.1099997209385037e-05,1764.2320996230546,764.2320996230545,0.0,10.0,1.0,0.0
c103_21,1,25,all,21,sweep,9.2999980552122e-06,2304.4130794052576,720.010014316152,58.44030650891054,10.0,0.0,0.0
c103_21,1,25,all,21,nearest,8.08000004326459e-05,1005245.7834023872,725.2709185917813,362.05124837953326,9.0,1.0,1.0
c103_21,1,25,all,21,grasp,0.014300999999250052,2267.832017353595,723.4289522644895,64.44030650891054,9.0,1.0,0.0
c103_21,1,25,all,21,mp_eavns,0.21965629999976954,1517.1417688278011,617.1417688278012,0.0,9.0,0.0,0.0
c103_21,2,50,depot,1,edd,1.8700000509852543e-05,8005369.517527874,2320.713060169821,74.88044677041,23.0,4.0,8.0
c103_21,2,50,depot,1,sweep,1.2799999240087345e-05,5009884.207557259,1655.4821581307888,602.8725399128704,22.0,0.0,5.0
c103_21,2,50,depot,1,nearest,0.000238199998420896,8011939.477552352,1703.5531670864827,833.592438526476,19.0,1.0,8.0
c103_21,2,50,depot,1,grasp,0.04255840000041644,5016351.862677896,1605.9749620631144,1284.5887715832914,19.0,1.0,5.0
c103_21,2,50,depot,1,mp_eavns,1.2990178000000014,3003308.9662694377,1408.9662694378355,0.0,19.0,0.0,3.0
c103_21,2,50,phased,11,edd,2.2500000341096893e-05,7332.709659441479,2248.340090808213,278.4369568633266,23.0,11.0,0.0
c103_21,2,50,phased,11,sweep,1.5099998563528061e-05,9897.833483377766,1669.1080842490637,602.8725399128704,22.0,5.0,0.0
c103_21,2,50,phased,11,nearest,0.00023259999943547882,2011904.5917729011,1668.66738763639,833.592438526476,19.0,6.0,2.0
c103_21,2,50,phased,11,grasp,0.10550860000148532,12723.50395268819,2005.3389262234327,881.8165026464758,19.0,13.0,0.0
c103_21,2,50,phased,11,mp_eavns,2.202829000001657,3317.6453512192957,1417.6453512192954,0.0,19.0,3.0,0.0
c103_21,2,50,all,21,edd,1.9800001609837636e-05,7332.709659441479,2248.340090808213,278.4369568633266,23.0,11.0,0.0
c103_21,2,50,all,21,sweep,1.5300000086426735e-05,9897.833483377766,1669.1080842490637,602.8725399128704,22.0,5.0,0.0
c103_21,2,50,all,21,nearest,0.00023820000205887482,2011904.5917729011,1668.66738763639,833.592438526476,19.0,6.0,2.0
c103_21,2,50,all,21,grasp,0.147918300001038,14608.581249297107,1871.1540223821523,1083.7427226914956,19.0,7.0,0.0
c103_21,2,50,all,21,mp_eavns,2.884342800000013,3318.2328609242722,1418.232860924272,0.0,19.0,3.0,0.0
c103_21,3,75,depot,1,edd,2.719999974942766e-05,19008247.055144746,3946.6892945267664,100.03658502206792,33.0,9.0,19.0
c103_21,3,75,depot,1,sweep,1.6900001355679706e-05,5012644.708039378,2423.1399277743835,692.1568111603323,33.0,0.0,5.0
c103_21,3,75,depot,1,nearest,0.00046579999980167486,10015896.637729969,2504.5083511861185,1059.2129378782893,28.0,2.0,10.0
c103_21,3,75,depot,1,grasp,0.128200499999366,7009544.31808484,2583.7147741066,406.06033107327664,29.0,2.0,7.0
c103_21,3,75,depot,1,mp_eavns,3.598609000000579,3004845.7391672772,2045.7391672773704,0.0,28.0,0.0,3.0
c103_21,3,75,phased,16,edd,3.609999839682132e-05,5012543.599375249,3906.7721125766875,533.6827262671941,33.0,21.0,5.0
c103_21,3,75,phased,16,sweep,2.0600000425474718e-05,12656.969527917769,2435.4014163144457,692.1568111603323,33.0,5.0,0.0
c103_21,3,75,phased,16,nearest,0.0004661999992094934,3015831.3722363557,2439.242857572988,1059.2129378782893,28.0,7.0,3.0
c103_21,3,75,phased,16,grasp,0.2221588000029442,13475.618515348431,2810.771644969398,776.4846870379033,29.0,13.0,0.0
c103_21,3,75,phased,16,mp_eavns,6.240432400001737,4864.875468955811,2064.875468955811,0.0,28.0,3.0,0.0
c103_21,3,75,all,21,edd,3.060000017285347e-05,5012535.9689716585,3899.141708986782,533.6827262671941,33.0,20.0,5.0
c103_21,3,75,all,21,sweep,2.0700001186924055e-05,12656.969527917769,2435.4014163144457,692.1568111603323,33.0,5.0,0.0
c103_21,3,75,all,21,nearest,0.0005204000008234289,3015831.3722363557,2439.242857572988,1059.2129378782893,28.0,7.0,3.0
c103_21,3,75,all,21,grasp,0.2680304999994405,26881.115746281408,2635.6225257170613,2134.5493220564344,29.0,9.0,0.0
c103_21,3,75,all,21,mp_eavns,6.616039000000455,4865.4629786607875,2065.4629786607875,0.0,28.0,3.0,0.0
c103_21,4,100,depot,1,edd,5.189999865251593e-05,21010897.307890046,4797.590377662742,189.97175123823104,42.0,10.0,21.0
c103_21,4,100,depot,1,sweep,3.9200000173877925e-05,5024858.506016222,2996.1153738004314,1756.2390642421585,43.0,0.0,5.0
c103_21,4,100,depot,1,nearest,0.0015912000017124228,12028456.635855949,3231.6240435416225,2152.5011812406037,37.0,4.0,12.0
c103_21,4,100,depot,1,grasp,0.23525689999951283,7032139.692855354,3261.496072946294,2517.8196782408445,37.0,5.0,7.0
c103_21,4,100,depot,1,mp_eavns,6.011206299997866,3006246.7816409953,2546.781640995125,0.0,37.0,0.0,3.0
c103_21,4,100,phased,21,edd,4.010000338894315e-05,5014034.265359555,4799.022633662401,503.5242725893291,42.0,22.0,5.0
c103_21,4,100,phased,21,sweep,2.5299999833805487e-05,24870.76750476208,3008.3768623404935,1756.2390642421585,43.0,5.0,0.0
c103_21,4,100,phased,21,nearest,0.0008138999983202666,3028285.524710695,3162.057287401473,2142.3467423293137,37.0,11.0,3.0
c103_21,4,100,phased,21,grasp,0.5324701999998069,15539.06499543693,3448.981947885346,829.0083047551583,38.0,16.0,0.0
c103_21,4,100,phased,21,mp_eavns,11.562019799999689,6288.2898296821,2588.2898296821004,0.0,37.0,3.0,0.0
c103_21,4,100,all,21,edd,3.690000085043721e-05,5014034.265359555,4799.022633662401,503.5242725893291,42.0,22.0,5.0
c103_21,4,100,all,21,sweep,2.5400000595254824e-05,24870.76750476208,3008.3768623404935,1756.2390642421585,43.0,5.0,0.0
c103_21,4,100,all,21,nearest,0.0008393999996769708,3028285.524710695,3162.057287401473,2142.3467423293137,37.0,11.0,3.0
c103_21,4,100,all,21,grasp,0.500796199998149,24180.81143465168,3594.4088480045157,1678.6402586647166,38.0,16.0,0.0
c103_21,4,100,all,21,mp_eavns,11.247401299999183,6288.328501013853,2588.328501013854,0.0,37.0,3.0,0.0
c103C15,1,4,depot,1,edd,5.699999746866524e-06,328.1046497035028,128.1046497035028,0.0,2.0,0.0,0.0
c103C15,1,4,depot,1,sweep,3.1000017770566046e-06,328.1046497035028,128.1046497035028,0.0,2.0,0.0,0.0
c103C15,1,4,depot,1,nearest,1.1200001608813182e-05,354.2095019707516,154.2095019707516,0.0,2.0,0.0,0.0
c103C15,1,4,depot,1,grasp,0.0003634999993664678,328.1046497035028,128.1046497035028,0.0,2.0,0.0,0.0
c103C15,1,4,depot,1,mp_eavns,0.003948900000978028,328.1046497035028,128.1046497035028,0.0,2.0,0.0,0.0
c103C15,1,4,phased,2,edd,2.9999973776284605e-06,328.1046497035028,128.1046497035028,0.0,2.0,0.0,0.0
c103C15,1,4,phased,2,sweep,2.5000008463393897e-06,328.1046497035028,128.1046497035028,0.0,2.0,0.0,0.0
c103C15,1,4,phased,2,nearest,7.499998901039362e-06,354.2095019707516,154.2095019707516,0.0,2.0,0.0,0.0
c103C15,1,4,phased,2,grasp,0.00021390000256360509,328.1046497035028,128.1046497035028,0.0,2.0,0.0,0.0
c103C15,1,4,phased,2,mp_eavns,0.003959599998779595,328.1046497035028,128.1046497035028,0.0,2.0,0.0,0.0
c103C15,1,4,all,5,edd,4.800000169780105e-06,328.1046497035028,128.1046497035028,0.0,2.0,0.0,0.0
c103C15,1,4,all,5,sweep,2.4000000848900527e-06,328.1046497035028,128.1046497035028,0.0,2.0,0.0,0.0
c103C15,1,4,all,5,nearest,7.100003131199628e-06,354.2095019707516,154.2095019707516,0.0,2.0,0.0,0.0
c103C15,1,4,all,5,grasp,0.00020930000027874485,328.1046497035028,128.1046497035028,0.0,2.0,0.0,0.0
c103C15,1,4,all,5,mp_eavns,0.003980499997851439,328.1046497035028,128.1046497035028,0.0,2.0,0.0,0.0
c103C15,2,8,depot,1,edd,4.300000000512227e-06,724.1724737071763,324.1724737071764,0.0,4.0,1.0,0.0
c103C15,2,8,depot,1,sweep,3.5999983083456755e-06,918.8659619000971,225.8953764923136,39.29705854077835,3.0,0.0,0.0
c103C15,2,8,depot,1,nearest,1.5899997379165143e-05,1001236.2931359449,294.96106227464594,64.13320736702158,3.0,0.0,1.0
c103C15,2,8,depot,1,grasp,0.001784399999451125,4021.9295223394365,302.00323134768627,341.992629099175,3.0,1.0,0.0
c103C15,2,8,depot,1,mp_eavns,0.026206799997453345,534.8414982014185,234.84149820141857,0.0,3.0,0.0,0.0
c103C15,2,8,phased,3,edd,6.599999323952943e-06,724.1724737071763,324.1724737071764,0.0,4.0,1.0,0.0
c103C15,2,8,phased,3,sweep,5.300000339047983e-06,918.8659619000971,225.8953764923136,39.29705854077835,3.0,0.0,0.0
c103C15,2,8,phased,3,nearest,1.8700000509852543e-05,1001236.2931359449,294.96106227464594,64.13320736702158,3.0,0.0,1.0
c103C15,2,8,phased,3,grasp,0.0020304999998188578,576.1352362018063,276.1352362018063,0.0,3.0,1.0,0.0
c103C15,2,8,phased,3,mp_eavns,0.026080399999045767,534.8414982014185,234.84149820141857,0.0,3.0,0.0,0.0
c103C15,2,8,all,5,edd,7.000002369750291e-06,724.1724737071763,324.1724737071764,0.0,4.0,1.0,0.0
c103C15,2,8,all,5,sweep,7.099999493220821e-06,918.8659619000971,225.8953764923136,39.29705854077835,3.0,0.0,0.0
c103C15,2,8,all,5,nearest,2.010000025620684e-05,1001236.2931359449,294.96106227464594,64.13320736702158,3.0,0.0,1.0
c103C15,2,8,all,5,grasp,0.0027442999999038875,555.1342369015348,255.1342369015348,0.0,3.0,1.0,0.0
c103C15,2,8,all,5,mp_eavns,0.02671310000005178,534.8414982014185,234.84149820141857,0.0,3.0,0.0,0.0
c103C15,3,12,depot,1,edd,7.200000254670158e-06,1000970.6272194141,470.6272194140795,0.0,5.0,1.0,1.0
c103C15,3,12,depot,1,sweep,4.999998054699972e-06,1256.657366731086,363.68678132330257,39.29705854077835,5.0,0.0,0.0
c103C15,3,12,depot,1,nearest,2.9499999072868377e-05,4864.0466699696335,476.08466015724025,388.7962009812393,5.0,1.0,0.0
c103C15,3,12,depot,1,grasp,0.002050899998721434,16754.49491497496,539.2982471007526,1571.5196667874204,5.0,2.0,0.0
c103C15,3,12,depot,1,mp_eavns,0.04712709999876097,872.6329030324075,372.63290303240757,0.0,5.0,0.0,0.0
c103C15,3,12,phased,4,edd,9.300001693191007e-06,981.1696422327686,481.1696422327687,0.0,5.0,2.0,0.0
c103C15,3,12,phased,4,sweep,7.99999907030724e-06,1256.657366731086,363.68678132330257,39.29705854077835,5.0,0.0,0.0
c103C15,3,12,phased,4,nearest,3.090000245720148e-05,4706.54729257811,460.9587724663112,374.55885201117985,5.0,1.0,0.0
c103C15,3,12,phased,4,grasp,0.0029632000005221926,1112.9063889436393,512.9063889436394,0.0,6.0,2.0,0.0
c103C15,3,12,phased,4,mp_eavns,0.05843800000002375,872.6329030324075,372.63290303240757,0.0,5.0,0.0,0.0
c103C15,3,12,all,5,edd,9.700001101009548e-06,981.1696422327686,481.1696422327687,0.0,5.0,2.0,0.0
c103C15,3,12,all,5,sweep,8.499999239575118e-06,1256.657366731086,363.68678132330257,39.29705854077835,5.0,0.0,0.0
c103C15,3,12,all,5,nearest,3.0400002287933603e-05,4706.54729257811,460.9587724663112,374.55885201117985,5.0,1.0,0.0
c103C15,3,12,all,5,grasp,0.0030565000015485566,1016.2020910365414,516.2020910365414,0.0,5.0,2.0,0.0
c103C15,3,12,all,5,mp_eavns,0.06629700000121375,872.6329030324075,372.63290303240757,0.0,5.0,0.0,0.0
c103C15,4,15,depot,1,edd,8.799997885944322e-06,2001364.332075087,664.3320750868669,0.0,7.0,1.0,2.0
c103C15,4,15,depot,1,sweep,6.400001439033076e-06,6876.114744762095,457.12090668388373,581.8993838078211,6.0,0.0,0.0
c103C15,4,15,depot,1,nearest,4.2199997551506385e-05,1007180.8884402228,513.5331138821639,606.7355326340643,6.0,0.0,1.0
c103C15,4,15,depot,1,grasp,0.004823999999644002,7897.743068407575,533.4118796967341,676.4331188710842,6.0,1.0,0.0
c103C15,4,15,depot,1,mp_eavns,0.11337739999726182,1057.9152076681175,457.9152076681175,0.0,6.0,0.0,0.0
c103C15,4,15,phased,5,edd,1.0200001270277426e-05,1382.7914226391447,682.7914226391447,0.0,7.0,3.0,0.0
c103C15,4,15,phased,5,sweep,8.500002877553925e-06,6876.114744762095,457.12090668388373,581.8993838078211,6.0,0.0,0.0
c103C15,4,15,phased,5,nearest,4.11000000895001e-05,7183.9221502169985,516.5668238763553,606.7355326340643,6.0,1.0,0.0
c103C15,4,15,phased,5,grasp,0.005463699999381788,1210.7604183486947,610.7604183486948,0.0,6.0,3.0,0.0
c103C15,4,15,phased,5,mp_eavns,0.11668579999968642,1057.9152076681175,457.91520766811743,0.0,6.0,0.0,0.0
c103C15,4,15,all,5,edd,1.0299998393747956e-05,1382.7914226391447,682.7914226391447,0.0,7.0,3.0,0.0
c103C15,4,15,all,5,sweep,9.399998816661537e-06,6876.114744762095,457.12090668388373,581.8993838078211,6.0,0.0,0.0
c103C15,4,15,all,5,nearest,4.13999987358693e-05,7183.9221502169985,516.5668238763553,606.7355326340643,6.0,1.0,0.0
c103C15,4,15,all,5,grasp,0.0048997000012604985,3482.1331138929613,659.2504071834574,222.2882706709504,6.0,3.0,0.0
c103C15,4,15,all,5,mp_eavns,0.09469560000070487,1057.9152076681175,457.91520766811743,0.0,6.0,0.0,0.0
c103C5,1,2,depot,1,edd,4.0000013541430235e-06,174.05505797167908,74.05505797167908,0.0,1.0,0.0,0.0
c103C5,1,2,depot,1,sweep,2.1999985619913787e-06,8986.543152939812,74.05505797167908,881.2488094968134,1.0,0.0,0.0
c103C5,1,2,depot,1,nearest,7.899998308857903e-06,174.05505797167908,74.05505797167908,0.0,1.0,0.0,0.0
c103C5,1,2,depot,1,grasp,0.00011589999849093147,174.05505797167908,74.05505797167908,0.0,1.0,0.0,0.0
c103C5,1,2,depot,1,mp_eavns,0.000991799999610521,174.05505797167908,74.05505797167908,0.0,1.0,0.0,0.0
c103C5,1,2,phased,2,edd,1.7999991541728377e-06,174.05505797167908,74.05505797167908,0.0,1.0,0.0,0.0
c103C5,1,2,phased,2,sweep,1.6000012692529708e-06,8986.543152939812,74.05505797167908,881.2488094968134,1.0,0.0,0.0
c103C5,1,2,phased,2,nearest,3.7999998312443495e-06,174.05505797167908,74.05505797167908,0.0,1.0,0.0,0.0
c103C5,1,2,phased,2,grasp,0.00010779999865917489,174.05505797167908,74.05505797167908,0.0,1.0,0.0,0.0
c103C5,1,2,phased,2,mp_eavns,0.0011295000003883615,174.05505797167908,74.05505797167908,0.0,1.0,0.0,0.0
c103C5,1,2,all,2,edd,2.9000002541579306e-06,174.05505797167908,74.05505797167908,0.0,1.0,0.0,0.0
c103C5,1,2,all,2,sweep,2.6000016077887267e-06,8986.543152939812,74.05505797167908,881.2488094968134,1.0,0.0,0.0
c103C5,1,2,all,2,nearest,6.800000846851617e-06,174.05505797167908,74.05505797167908,0.0,1.0,0.0,0.0
c103C5,1,2,all,2,grasp,0.00011000000085914508,174.05505797167908,74.05505797167908,0.0,1.0,0.0,0.0
c103C5,1,2,all,2,mp_eavns,0.0010338000029150862,174.05505797167908,74.05505797167908,0.0,1.0,0.0,0.0
c103C5,2,3,depot,1,edd,2.7999994927085936e-06,335.6667451746765,135.66674517467652,0.0,2.0,0.0,0.0
c103C5,2,3,depot,1,sweep,2.1000014385208488e-06,9148.15484014281,135.66674517467652,881.2488094968134,2.0,0.0,0.0
c103C5,2,3,depot,1,nearest,6.400001439033076e-06,335.6667451746765,135.66674517467652,0.0,2.0,0.0,0.0
c103C5,2,3,depot,1,grasp,0.00017049999951268546,335.6667451746765,135.66674517467652,0.0,2.0,0.0,0.0
c103C5,2,3,depot,1,mp_eavns,0.0022045000005164184,335.6667451746765,135.66674517467652,0.0,2.0,0.0,0.0
c103C5,2,3,phased,2,edd,2.2999993234407157e-06,335.6667451746765,135.66674517467652,0.0,2.0,0.0,0.0
c103C5,2,3,phased,2,sweep,2.0000006770715117e-06,9148.15484014281,135.66674517467652,881.2488094968134,2.0,0.0,0.0
c103C5,2,3,phased,2,nearest,5.300000339047983e-06,335.6667451746765,135.66674517467652,0.0,2.0,0.0,0.0
c103C5,2,3,phased,2,grasp,0.00015999999959603883,335.6667451746765,135.66674517467652,0.0,2.0,0.0,0.0
c103C5,2,3,phased,2,mp_eavns,0.0021132999972905964,335.6667451746765,135.66674517467652,0.0,2.0,0.0,0.0
c103C5,2,3,all,2,edd,2.0000006770715117e-06,335.6667451746765,135.66674517467652,0.0,2.0,0.0,0.0
c103C5,2,3,all,2,sweep,1.6999983927235007e-06,9148.15484014281,135.66674517467652,881.2488094968134,2.0,0.0,0.0
c103C5,2,3,all,2,nearest,5.399997462518513e-06,335.6667451746765,135.66674517467652,0.0,2.0,0.0,0.0
c103C5,2,3,all,2,grasp,0.0001596000001882203,335.6667451746765,135.66674517467652,0.0,2.0,0.0,0.0
c103C5,2,3,all,2,mp_eavns,0.0034648000000743195,335.6667451746765,135.66674517467652,0.0,2.0,0.0,0.0
c103C5,3,4,depot,1,edd,5.40000110049732e-06,352.3975503314247,152.39755033142472,0.0,2.0,0.0,0.0
c103C5,3,4,depot,1,sweep,3.7000027077738196e-06,9164.885645299559,152.39755033142472,881.2488094968134,2.0,0.0,0.0
c103C5,3,4,depot,1,nearest,1.5099998563528061e-05,367.7976533298753,167.79765332987532,0.0,2.0,0.0,0.0
c103C5,3,4,depot,1,grasp,0.00042829999802052043,352.3975503314247,152.39755033142472,0.0,2.0,0.0,0.0
c103C5,3,4,depot,1,mp_eavns,0.005836599997564917,352.3975503314247,152.39755033142472,0.0,2.0,0.0,0.0
c103C5,3,4,phased,2,edd,2.9999973776284605e-06,352.3975503314247,152.39755033142472,0.0,2.0,0.0,0.0
c103C5,3,4,phased,2,sweep,2.6999987312592566e-06,9164.885645299559,152.39755033142472,881.2488094968134,2.0,0.0,0.0
c103C5,3,4,phased,2,nearest,7.599999662488699e-06,367.7976533298753,167.79765332987532,0.0,2.0,0.0,0.0
c103C5,3,4,phased,2,grasp,0.00021280000146362,352.3975503314247,152.39755033142472,0.0,2.0,0.0,0.0
c103C5,3,4,phased,2,mp_eavns,0.003917100002581719,352.3975503314247,152.39755033142472,0.0,2.0,0.0,0.0
c103C5,3,4,all,2,edd,6.000002031214535e-06,352.3975503314247,152.39755033142472,0.0,2.0,0.0,0.0
c103C5,3,4,all,2,sweep,2.2000021999701858e-06,9164.885645299559,152.39755033142472,881.2488094968134,2.0,0.0,0.0
c103C5,3,4,all,2,nearest,6.900001608300954e-06,367.7976533298753,167.79765332987532,0.0,2.0,0.0,0.0
c103C5,3,4,all,2,grasp,0.00020819999917875975,352.3975503314247,152.39755033142472,0.0,2.0,0.0,0.0
c103C5,3,4,all,2,mp_eavns,0.004152600002271356,352.3975503314247,152.39755033142472,0.0,2.0,0.0,0.0
c103C5,4,5,depot,1,edd,3.9000005926936865e-06,361.2613846621467,161.2613846621467,0.0,2.0,0.0,0.0
c103C5,4,5,depot,1,sweep,2.6999987312592566e-06,9174.885645299559,162.39755033142472,881.2488094968134,2.0,0.0,0.0
c103C5,4,5,depot,1,nearest,1.089999932446517e-05,1000377.2862654559,177.28626545587022,0.0,2.0,0.0,1.0
c103C5,4,5,depot,1,grasp,0.0006876000006741378,362.3975503314247,162.39755033142472,0.0,2.0,0.0,0.0
c103C5,4,5,depot,1,mp_eavns,0.006386299999576295,361.2613846621467,161.26138466214672,0.0,2.0,0.0,0.0
c103C5,4,5,phased,2,edd,3.9000005926936865e-06,361.2613846621467,161.2613846621467,0.0,2.0,0.0,0.0
c103C5,4,5,phased,2,sweep,3.6999990697950125e-06,9174.885645299559,162.39755033142472,881.2488094968134,2.0,0.0,0.0
c103C5,4,5,phased,2,nearest,1.0799998563015833e-05,1000377.2862654559,177.28626545587022,0.0,2.0,0.0,1.0
c103C5,4,5,phased,2,grasp,0.0005136999971000478,361.2613846621467,161.2613846621467,0.0,2.0,0.0,0.0
c103C5,4,5,phased,2,mp_eavns,0.00600730000223848,361.2613846621467,161.26138466214672,0.0,2.0,0.0,0.0
c103C5,4,5,all,2,edd,2.7999994927085936e-06,361.2613846621467,161.2613846621467,0.0,2.0,0.0,0.0
c103C5,4,5,all,2,sweep,2.9000002541579306e-06,9174.885645299559,162.39755033142472,881.2488094968134,2.0,0.0,0.0
c103C5,4,5,all,2,nearest,1.3200002285884693e-05,1000377.2862654559,177.28626545587022,0.0,2.0,0.0,1.0
c103C5,4,5,all,2,grasp,0.0005374000029405579,362.3975503314247,162.39755033142472,0.0,2.0,0.0,0.0
c103C5,4,5,all,2,mp_eavns,0.00705500000185566,361.2613846621467,161.26138466214672,0.0,2.0,0.0,0.0
c104_21,1,25,depot,1,edd,1.2299999070819467e-05,2001660.226561495,760.2265614951863,0.0,9.0,0.0,2.0
c104_21,1,25,depot,1,sweep,8.099999831756577e-06,1720.0100143161521,720.010014316152,0.0,10.0,0.0,0.0
c104_21,1,25,depot,1,nearest,7.840000034775585e-05,2004375.7829815408,725.2704977453757,275.05124837953326,9.0,0.0,2.0
c104_21,1,25,depot,1,grasp,0.009340699998574564,2933.4986359590503,682.7879578403952,135.07106781186553,9.0,0.0,0.0
c104_21,1,25,depot,1,mp_eavns,0.18843500000002678,1537.6014922457537,637.6014922457537,0.0,9.0,0.0,0.0
c104_21,1,25,phased,6,edd,1.2000000424450263e-05,1001664.0537130322,764.0537130321433,0.0,9.0,1.0,1.0
c104_21,1,25,phased,6,sweep,9.50000321608968e-06,1720.0100143161521,720.010014316152,0.0,10.0,0.0,0.0
c104_21,1,25,phased,6,nearest,7.660000119358301e-05,1004375.7834023872,725.2709185917813,275.05124837953326,9.0,1.0,1.0
c104_21,1,25,phased,6,grasp,0.008798300001217285,1578.5162320535374,678.5162320535375,0.0,9.0,0.0,0.0
c104_21,1,25,phased,6,mp_eavns,0.20173119999890332,1518.4146971865023,618.4146971865023,0.0,9.0,0.0,0.0
c104_21,1,25,all,21,edd,1.2900000001536682e-05,1001664.0537130322,764.0537130321433,0.0,9.0,1.0,1.0
c104_21,1,25,all,21,sweep,9.399998816661537e-06,1720.0100143161521,720.010014316152,0.0,10.0,0.0,0.0
c104_21,1,25,all,21,nearest,8.270000034826808e-05,1004375.7834023872,725.2709185917813,275.05124837953326,9.0,1.0,1.0
c104_21,1,25,all,21,grasp,0.011215200000151526,1573.9969694869399,673.9969694869399,0.0,9.0,0.0,0.0
c104_21,1,25,all,21,mp_eavns,0.33394400000179303,1545.0179545153774,645.0179545153773,0.0,9.0,1.0,0.0
c104_21,2,50,depot,1,edd,2.0200001017656177e-05,6004474.855791671,1849.790150879355,52.50656407915221,21.0,2.0,6.0
c104_21,2,50,depot,1,sweep,1.2900000001536682e-05,5003855.482158131,1655.4821581307888,0.0,22.0,0.0,5.0
c104_21,2,50,depot,1,nearest,0.00023629999850527383,8006354.065650882,1703.5531670864827,275.05124837953326,19.0,1.0,8.0
c104_21,2,50,depot,1,grasp,0.041635300000052666,6003524.012467051,1624.0124670505427,0.0,19.0,0.0,6.0
c104_21,2,50,depot,1,mp_eavns,0.8716115000024729,3003277.0342756878,1377.0342756876034,0.0,19.0,0.0,3.0
c104_21,2,50,phased,11,edd,2.390000008745119e-05,1004371.2472704482,1843.660945838116,42.758632461012894,21.0,6.0,1.0
c104_21,2,50,phased,11,sweep,1.6500001947861165e-05,3869.1080842490637,1669.1080842490637,0.0,22.0,5.0,0.0
c104_21,2,50,phased,11,nearest,0.00025290000121458434,2006319.1798714318,1668.66738763639,275.05124837953326,19.0,6.0,2.0
c104_21,2,50,phased,11,grasp,0.07931399999870337,3526.4814832579477,1626.4814832579475,0.0,19.0,7.0,0.0
c104_21,2,50,phased,11,mp_eavns,1.4592214999975113,3237.703989544638,1337.7039895446376,0.0,19.0,3.0,0.0
c104_21,2,50,all,21,edd,2.0800001948373392e-05,1004371.2472704482,1843.660945838116,42.758632461012894,21.0,6.0,1.0
c104_21,2,50,all,21,sweep,1.5000001440057531e-05,3869.1080842490637,1669.1080842490637,0.0,22.0,5.0,0.0
c104_21,2,50,all,21,nearest,0.000283800000033807,2006319.1798714318,1668.66738763639,275.05124837953326,19.0,6.0,2.0
c104_21,2,50,all,21,grasp,0.09576530000049388,8327.979900156117,1902.5733078707365,452.54065922853806,19.0,12.0,0.0
c104_21,2,50,all,21,mp_eavns,2.1618698999991466,3341.0986989239436,1441.0986989239439,0.0,19.0,4.0,0.0
c104_21,3,75,depot,1,edd,3.0399998649954796e-05,16007450.902190372,3689.9897434703366,66.09124469029223,31.0,11.0,16.0
c104_21,3,75,depot,1,sweep,1.6900001355679706e-05,5006615.982640249,2423.1399277743835,89.2842712474619,33.0,0.0,5.0
c104_21,3,75,depot,1,nearest,0.000729499999579275,10008525.02083498,2504.5083511861185,322.05124837953326,28.0,2.0,10.0
c104_21,3,75,depot,1,grasp,0.10275969999929657,7006010.135679743,2517.0404902591263,69.30951894845305,28.0,3.0,7.0
c104_21,3,75,depot,1,mp_eavns,2.9008590999983426,3004832.8623148324,2032.8623148323647,0.0,28.0,0.0,3.0
c104_21,3,75,phased,16,edd,3.309999738121405e-05,6007353.890797157,3700.8787644404206,55.30120327162081,31.0,18.0,6.0
c104_21,3,75,phased,16,sweep,2.179999864893034e-05,6628.244128789065,2435.4014163144457,89.2842712474619,33.0,5.0,0.0
c104_21,3,75,phased,16,nearest,0.00044749999869964086,3008459.7553413683,2439.242857572988,322.05124837953326,28.0,7.0,3.0
c104_21,3,75,phased,16,grasp,0.15901880000092206,1005835.5555405213,2565.5555405212344,47.0,28.0,10.0,1.0
c104_21,3,75,phased,16,mp_eavns,4.462374800001271,4788.291769951532,1988.291769951532,0.0,28.0,3.0,0.0
c104_21,3,75,all,21,edd,3.149999974993989e-05,6007344.9503224455,3691.938289729714,55.30120327162081,31.0,18.0,6.0
c104_21,3,75,all,21,sweep,2.0399998902576044e-05,6628.244128789065,2435.4014163144457,89.2842712474619,33.0,5.0,0.0
c104_21,3,75,all,21,nearest,0.0004650999981095083,3008459.7553413683,2439.242857572988,322.05124837953326,28.0,7.0,3.0
c104_21,3,75,all,21,grasp,0.19824630000221077,6778.112259504223,2592.705667218843,138.54065922853806,28.0,12.0,0.0
c104_21,3,75,all,21,mp_eavns,4.659681200002524,4890.037974824963,2090.037974824964,0.0,28.0,4.0,0.0
c104_21,4,100,depot,1,edd,3.380000271135941e-05,18009817.520902667,4487.414584675383,113.01063179935761,42.0,9.0,18.0
c104_21,4,100,depot,1,sweep,2.229999881819822e-05,5010470.580862877,2996.1153738004314,317.44654890763036,43.0,0.0,5.0
c104_21,4,100,depot,1,nearest,0.0008483999990858138,11018908.143565642,2962.267938010253,1224.5875627631494,37.0,2.0,11.0
c104_21,4,100,depot,1,grasp,0.17358009999952628,9021523.178385204,3199.57158745427,1462.3606797749978,37.0,4.0,9.0
c104_21,4,100,depot,1,mp_eavns,6.505659499998728,3006229.355430138,2529.3554301379886,0.0,37.0,0.0,3.0
c104_21,4,100,phased,21,edd,4.439999975147657e-05,4009566.97058628,4482.474301189706,88.4496285090379,42.0,18.0,4.0
c104_21,4,100,phased,21,sweep,2.7099998987978324e-05,10482.842351416797,3008.3768623404935,317.44654890763036,43.0,5.0,0.0
c104_21,4,100,phased,21,nearest,0.0008429000008618459,2018896.6691019188,2950.7934742873827,1224.5875627631494,37.0,10.0,2.0
c104_21,4,100,phased,21,grasp,0.3856651000023703,7142.9297095047095,3342.92970950471,0.0,38.0,14.0,0.0
c104_21,4,100,phased,21,mp_eavns,10.321767000001273,6181.565415173482,2481.565415173482,0.0,37.0,3.0,0.0
c104_21,4,100,all,21,edd,4.270000135875307e-05,4009566.97058628,4482.474301189706,88.4496285090379,42.0,18.0,4.0
c104_21,4,100,all,21,sweep,2.640000093379058e-05,10482.842351416797,3008.3768623404935,317.44654890763036,43.0,5.0,0.0
c104_21,4,100,all,21,nearest,0.0008761999997659586,2018896.6691019188,2950.7934742873827,1224.5875627631494,37.0,10.0,2.0
c104_21,4,100,all,21,grasp,0.34774190000098315,9476.698671132432,3256.6986711324316,242.0,38.0,12.0,0.0
c104_21,4,100,all,21,mp_eavns,8.959083900001133,6261.501693915625,2561.501693915625,0.0,37.0,3.0,0.0
c104C10,1,3,depot,1,edd,7.000002369750291e-06,182.08664220436577,82.08664220436576,0.0,1.0,0.0,0.0
c104C10,1,3,depot,1,sweep,2.5000008463393897e-06,182.08664220436577,82.08664220436576,0.0,1.0,0.0,0.0
c104C10,1,3,depot,1,nearest,9.899998985929415e-06,182.08664220436577,82.08664220436577,0.0,1.0,0.0,0.0
c104C10,1,3,depot,1,grasp,0.00015159999747993425,182.08664220436577,82.08664220436577,0.0,1.0,0.0,0.0
c104C10,1,3,depot,1,mp_eavns,0.0020154999983788002,182.08664220436577,82.08664220436577,0.0,1.0,0.0,0.0
c104C10,1,3,phased,2,edd,2.9999973776284605e-06,182.08664220436577,82.08664220436576,0.0,1.0,0.0,0.0
c104C10,1,3,phased,2,sweep,2.5000008463393897e-06,182.08664220436577,82.08664220436576,0.0,1.0,0.0,0.0
c104C10,1,3,phased,2,nearest,6.70000008540228e-06,182.08664220436577,82.08664220436577,0.0,1.0,0.0,0.0
c104C10,1,3,phased,2,grasp,0.0001391000005241949,182.08664220436577,82.08664220436577,0.0,1.0,0.0,0.0
c104C10,1,3,phased,2,mp_eavns,0.0018532999965827912,182.08664220436577,82.08664220436577,0.0,1.0,0.0,0.0
c104C10,1,3,all,4,edd,1.7999991541728377e-06,182.08664220436577,82.08664220436576,0.0,1.0,0.0,0.0
c104C10,1,3,all,4,sweep,1.6999983927235007e-06,182.08664220436577,82.08664220436576,0.0,1.0,0.0,0.0
c104C10,1,3,all,4,nearest,4.999998054699972e-06,182.08664220436577,82.08664220436577,0.0,1.0,0.0,0.0
c104C10,1,3,all,4,grasp,0.00014039999950909987,182.08664220436577,82.08664220436576,0.0,1.0,0.0,0.0
c104C10,1,3,all,4,mp_eavns,0.0018697000014071818,182.08664220436577,82.08664220436577,0.0,1.0,0.0,0.0
c104C10,2,5,depot,1,edd,3.4000004234258085e-06,1000514.8684061968,214.86840619681237,0.0,3.0,0.0,1.0
c104C10,2,5,depot,1,sweep,2.9000002541579306e-06,360.7897963293981,160.7897963293981,0.0,2.0,0.0,0.0
c104C10,2,5,depot,1,nearest,9.60000033956021e-06,508.32863256952214,208.32863256952217,0.0,3.0,0.0,0.0
c104C10,2,5,depot,1,grasp,0.00026310000248486176,367.9784016001621,167.97840160016207,0.0,2.0,0.0,0.0
c104C10,2,5,depot,1,mp_eavns,0.0047415000008186325,360.7897963293981,160.78979632939811,0.0,2.0,0.0,0.0
c104C10,2,5,phased,3,edd,4.19999923906289e-06,1000514.8684061968,214.86840619681237,0.0,3.0,0.0,1.0
c104C10,2,5,phased,3,sweep,3.5999983083456755e-06,360.7897963293981,160.7897963293981,0.0,2.0,0.0,0.0
c104C10,2,5,phased,3,nearest,1.1399999493733048e-05,508.32863256952214,208.32863256952217,0.0,3.0,0.0,0.0
c104C10,2,5,phased,3,grasp,0.0002767000005405862,360.7897963293981,160.78979632939811,0.0,2.0,0.0,0.0
c104C10,2,5,phased,3,mp_eavns,0.0047301000013248995,360.7897963293981,160.78979632939811,0.0,2.0,0.0,0.0
c104C10,2,5,all,4,edd,4.800000169780105e-06,1000514.8684061968,214.86840619681237,0.0,3.0,0.0,1.0
c104C10,2,5,all,4,sweep,3.9000005926936865e-06,360.7897963293981,160.7897963293981,0.0,2.0,0.0,0.0
c104C10,2,5,all,4,nearest,1.330000304733403e-05,508.32863256952214,208.32863256952217,0.0,3.0,0.0,0.0
c104C10,2,5,all,4,grasp,0.00037169999995967373,360.7897963293981,160.78979632939811,0.0,2.0,0.0,0.0
c104C10,2,5,all,4,mp_eavns,0.005211199997575022,360.7897963293981,160.78979632939811,0.0,2.0,0.0,0.0
c104C10,3,8,depot,1,edd,4.800000169780105e-06,2000823.9404016952,423.94040169524,0.0,4.0,0.0,2.0
c104C10,3,8,depot,1,sweep,3.6999990697950125e-06,2000609.2502766585,309.250276658554,0.0,3.0,0.0,2.0
c104C10,3,8,depot,1,nearest,1.8599999748403206e-05,1000751.9381967905,351.9381967905081,0.0,4.0,0.0,1.0
c104C10,3,8,depot,1,grasp,0.0007948000020405743,1000647.3429626577,347.3429626576688,0.0,3.0,1.0,1.0
c104C10,3,8,depot,1,mp_eavns,0.013609300000098301,1000609.2502766586,309.250276658554,0.0,3.0,0.0,1.0
c104C10,3,8,phased,4,edd,6.199999916134402e-06,2000823.9404016952,423.94040169524,0.0,4.0,0.0,2.0
c104C10,3,8,phased,4,sweep,5.40000110049732e-06,2000609.2502766585,309.250276658554,0.0,3.0,0.0,2.0
c104C10,3,8,phased,4,nearest,1.8200000340584666e-05,756.536601212674,356.53660121267404,0.0,4.0,1.0,0.0
c104C10,3,8,phased,4,grasp,0.0008783000012044795,638.7077654037176,338.70776540371764,0.0,3.0,2.0,0.0
c104C10,3,8,phased,4,mp_eavns,0.017644499999732943,631.5191601329536,331.51916013295363,0.0,3.0,2.0,0.0
c104C10,3,8,all,4,edd,6.79999720887281e-06,2000823.9404016952,423.94040169524,0.0,4.0,0.0,2.0
c104C10,3,8,all,4,sweep,5.699999746866524e-06,2000609.2502766585,309.250276658554,0.0,3.0,0.0,2.0
c104C10,3,8,all,4,nearest,1.8700000509852543e-05,756.536601212674,356.53660121267404,0.0,4.0,1.0,0.0
c104C10,3,8,all,4,grasp,0.0008492000015394296,796.0360947063202,396.0360947063202,0.0,4.0,2.0,0.0
c104C10,3,8,all,4,mp_eavns,0.01592040000105044,631.5191601329536,331.51916013295363,0.0,3.0,2.0,0.0
c104C10,4,10,depot,1,edd,5.299996701069176e-06,2000980.5204828095,480.5204828096271,0.0,5.0,1.0,2.0
c104C10,4,10,depot,1,sweep,4.099998477613553e-06,2000757.3393070889,357.3393070889709,0.0,4.0,0.0,2.0
c104C10,4,10,depot,1,nearest,2.1500000002561137e-05,1000809.3328836444,409.3328836444147,0.0,4.0,1.0,1.0
c104C10,4,10,depot,1,grasp,0.000946300002397038,1000794.3953962353,394.39539623525,0.0,4.0,1.0,1.0
c104C10,4,10,depot,1,mp_eavns,0.041459100000793114,1000753.0253504409,353.02535044084533,0.0,4.0,0.0,1.0
c104C10,4,10,phased,4,edd,8.39999847812578e-06,2000980.5204828095,480.5204828096271,0.0,5.0,1.0,2.0
c104C10,4,10,phased,4,sweep,6.300000677583739e-06,2000757.3393070889,357.3393070889709,0.0,4.0,0.0,2.0
c104C10,4,10,phased,4,nearest,2.3799999326001853e-05,809.7812249452728,409.7812249452728,0.0,4.0,2.0,0.0
c104C10,4,10,phased,4,grasp,0.0011202000023331493,784.5851263616812,384.58512636168126,0.0,4.0,1.0,0.0
c104C10,4,10,phased,4,mp_eavns,0.03993139999874984,774.9270004241068,374.9270004241068,0.0,4.0,1.0,0.0
c104C10,4,10,all,4,edd,7.499998901039362e-06,2000980.5204828095,480.5204828096271,0.0,5.0,1.0,2.0
c104C10,4,10,all,4,sweep,7.000002369750291e-06,2000757.3393070889,357.3393070889709,0.0,4.0,0.0,2.0
c104C10,4,10,all,4,nearest,2.3399999918183312e-05,809.7812249452728,409.7812249452728,0.0,4.0,2.0,0.0
c104C10,4,10,all,4,grasp,0.0011015999989467673,767.9370670278602,367.9370670278601,0.0,4.0,1.0,0.0
c104C10,4,10,all,4,mp_eavns,0.03687089999948512,774.9270004241068,374.9270004241068,0.0,4.0,1.0,0.0
c105_21,1,25,depot,1,edd,1.2000000424450263e-05,1001864.5502707749,864.5502707748367,0.0,10.0,0.0,1.0
c105_21,1,25,depot,1,sweep,7.599999662488699e-06,8490.462956018548,720.010014316152,677.0452941702396,10.0,0.0,0.0
c105_21,1,25,depot,1,nearest,7.76999986555893e-05,2013843.2546978043,725.2704977453757,1221.7984200059007,9.0,0.0,2.0
c105_21,1,25,depot,1,grasp,0.010426199998619268,28794.50840598718,682.4377334942695,2721.207067249291,9.0,0.0,0.0
c105_21,1,25,depot,1,mp_eavns,0.22646199999871897,1538.0353533639036,638.0353533639036,0.0,9.0,0.0,0.0
c105_21,1,25,phased,6,edd,1.2799999240087345e-05,1868.8007915744377,868.8007915744377,0.0,10.0,1.0,0.0
c105_21,1,25,phased,6,sweep,9.599996701581404e-06,8490.462956018548,720.010014316152,677.0452941702396,10.0,0.0,0.0
c105_21,1,25,phased,6,nearest,7.700000060140155e-05,1013843.2551186507,725.2709185917813,1221.7984200059007,9.0,1.0,1.0
c105_21,1,25,phased,6,grasp,0.013193299997510621,6065.698340861456,744.7081457255285,442.0990195135928,9.0,2.0,0.0
c105_21,1,25,phased,6,mp_eavns,0.2047919999968144,1517.914274398715,617.9142743987148,0.0,9.0,0.0,0.0
c105_21,1,25,all,21,edd,1.170000177808106e-05,1868.8007915744377,868.8007915744377,0.0,10.0,1.0,0.0
c105_21,1,25,all,21,sweep,8.699997124494985e-06,8490.462956018548,720.010014316152,677.0452941702396,10.0,0.0,0.0
c105_21,1,25,all,21,nearest,7.579999873996712e-05,1013843.2551186507,725.2709185917813,1221.7984200059007,9.0,1.0,1.0
c105_21,1,25,all,21,grasp,0.015190599999186816,3985.6552512668454,701.728486074784,238.39267651920613,9.0,1.0,0.0
c105_21,1,25,all,21,mp_eavns,0.22479740000198944,1517.914274398715,617.9142743987148,0.0,9.0,0.0,0.0
c105_21,2,50,depot,1,edd,1.840000186348334e-05,18004849.477187935,2549.4771879364057,0.0,23.0,1.0,18.0
c105_21,2,50,depot,1,sweep,1.2299999070819467e-05,5022997.076391834,1655.4821581307888,1914.1594233702838,22.0,0.0,5.0
c105_21,2,50,depot,1,nearest,0.00022950000129640102,8034306.949268615,1703.5531670864827,3070.3396101528433,19.0,1.0,8.0
c105_21,2,50,depot,1,grasp,0.0752323000015167,6025425.637488308,1817.1584747560423,2170.8479013552064,19.0,3.0,6.0
c105_21,2,50,depot,1,mp_eavns,1.1234449000003224,3003283.0503303283,1383.0503303281876,0.0,19.0,0.0,3.0
c105_21,2,50,phased,11,edd,2.300000051036477e-05,1005211.0969094136,2564.3137520958585,34.678315731772045,23.0,15.0,1.0
c105_21,2,50,phased,11,sweep,1.5300000086426735e-05,23010.702317951902,1669.1080842490637,1914.1594233702838,22.0,5.0,0.0
c105_21,2,50,phased,11,nearest,0.0002631999996083323,2034272.063489165,1668.66738763639,3070.3396101528433,19.0,6.0,2.0
c105_21,2,50,phased,11,grasp,0.14229809999960708,21602.07973094644,1597.5215104726794,1810.4558220473762,19.0,5.0,0.0
c105_21,2,50,phased,11,mp_eavns,1.8051366999970924,3308.70666411038,1408.7066641103804,0.0,19.0,3.0,0.0
c105_21,2,50,all,21,edd,2.040000254055485e-05,1005211.0969094136,2564.3137520958585,34.678315731772045,23.0,15.0,1.0
c105_21,2,50,all,21,sweep,1.4400000509340316e-05,23010.702317951902,1669.1080842490637,1914.1594233702838,22.0,5.0,0.0
c105_21,2,50,all,21,nearest,0.00023809999765944667,2034272.063489165,1668.66738763639,3070.3396101528433,19.0,6.0,2.0
c105_21,2,50,all,21,grasp,0.18553240000255755,21411.156464536663,1846.2238718616177,1766.4932592675045,19.0,9.0,0.0
c105_21,2,50,all,21,mp_eavns,2.034095899998647,3308.70666411038,1408.7066641103804,0.0,19.0,3.0,0.0
c105_21,3,75,depot,1,edd,2.5499997718725353e-05,22006905.936656177,3805.936656178026,0.0,31.0,6.0,22.0
c105_21,3,75,depot,1,sweep,1.6400001186411828e-05,5055561.822109142,2423.1399277743835,4983.8682181368295,33.0,0.0,5.0
c105_21,3,75,depot,1,nearest,0.0004574000013235491,10063256.241480589,2504.5083511861185,5795.173312940253,28.0,2.0,10.0
c105_21,3,75,depot,1,grasp,0.1710027999979502,7059710.833605749,2709.1938953772265,5420.163971037104,28.0,5.0,7.0
c105_21,3,75,depot,1,mp_eavns,3.3850312999966263,3004816.887660826,2016.8876608262042,0.0,28.0,0.0,3.0
c105_21,3,75,phased,16,edd,4.41999982285779e-05,4009071.250451907,3809.118667678322,216.21317842288113,31.0,18.0,4.0
c105_21,3,75,phased,16,sweep,2.13999992411118e-05,55574.08359768274,2435.4014163144457,4983.8682181368295,33.0,5.0,0.0
c105_21,3,75,phased,16,nearest,0.00046740000107092783,3063190.9759869757,2439.242857572988,5795.173312940253,28.0,7.0,3.0
c105_21,3,75,phased,16,grasp,0.33923739999954705,48553.71302922589,2729.2306909687995,4302.448233825709,28.0,14.0,0.0
c105_21,3,75,phased,16,mp_eavns,4.610616000001755,4817.015865213619,2017.0158652136186,0.0,28.0,4.0,0.0
c105_21,3,75,all,21,edd,2.9200000426499173e-05,4009071.250451907,3809.118667678322,216.21317842288113,31.0,18.0,4.0
c105_21,3,75,all,21,sweep,1.8999999156221747e-05,55574.08359768274,2435.4014163144457,4983.8682181368295,33.0,5.0,0.0
c105_21,3,75,all,21,nearest,0.0004399999997986015,3063190.9759869757,2439.242857572988,5795.173312940253,28.0,7.0,3.0
c105_21,3,75,all,21,grasp,0.42026959999930114,48922.31950850746,2582.8190783953846,4343.9500430112075,29.0,8.0,0.0
c105_21,3,75,all,21,mp_eavns,5.611457899998641,4848.440186991816,2048.4401869918156,0.0,28.0,4.0,0.0
c105_21,4,100,depot,1,edd,3.4500000765547156e-05,29008990.774723418,4790.774723418519,0.0,42.0,6.0,29.0
c105_21,4,100,depot,1,sweep,2.170000152545981e-05,5071432.60356988,2996.1153738004314,6413.648819607962,43.0,0.0,5.0
c105_21,4,100,depot,1,nearest,0.0008353000011993572,11085075.323666966,2967.656338924481,7840.766732804082,37.0,2.0,11.0
c105_21,4,100,depot,1,grasp,0.3258165999977791,10061058.380912403,3225.656861652587,5403.2724050750985,38.0,3.0,10.0
c105_21,4,100,depot,1,mp_eavns,6.821551900000486,3006264.973400221,2564.973400221412,0.0,37.0,0.0,3.0
c105_21,4,100,phased,21,edd,4.5900000259280205e-05,5009770.442195115,4806.828511568377,76.36136835462173,42.0,24.0,5.0
c105_21,4,100,phased,21,sweep,2.7999998565064743e-05,71444.86505842011,3008.3768623404935,6413.648819607962,43.0,5.0,0.0
c105_21,4,100,phased,21,nearest,0.0008777000002737623,2084709.6922024968,2956.1818752016106,7805.351032729513,37.0,10.0,2.0
c105_21,4,100,phased,21,grasp,0.7937953000000562,56648.78083818059,3293.359796194381,4955.542104198621,38.0,11.0,0.0
c105_21,4,100,phased,21,mp_eavns,12.310629499999777,6240.340916575191,2540.3409165751905,0.0,37.0,4.0,0.0
c105_21,4,100,all,21,edd,3.749999814317562e-05,5009770.442195115,4806.828511568377,76.36136835462173,42.0,24.0,5.0
c105_21,4,100,all,21,sweep,2.4100001610349864e-05,71444.86505842011,3008.3768623404935,6413.648819607962,43.0,5.0,0.0
c105_21,4,100,all,21,nearest,0.0008533000000170432,2084709.6922024968,2956.1818752016106,7805.351032729513,37.0,10.0,2.0
c105_21,4,100,all,21,grasp,0.719544899999164,82973.0899922341,3296.9535646877985,7587.613642754632,38.0,10.0,0.0
c105_21,4,100,all,21,mp_eavns,10.209738400000788,6258.333498757589,2558.333498757589,0.0,37.0,4.0,0.0
c106_21,1,25,depot,1,edd,1.5399997209897265e-05,3001893.3227080368,893.3227080367847,0.0,10.0,0.0,3.0
c106_21,1,25,depot,1,sweep,7.700000423938036e-06,5839.293700056148,720.010014316152,411.9283685739996,10.0,0.0,0.0
c106_21,1,25,depot,1,nearest,7.950000144774094e-05,1541.5516717440228,641.5516717440227,0.0,9.0,0.0,0.0
c106_21,1,25,depot,1,grasp,0.011730300000635907,24596.13897868938,726.5220615175957,2296.9616917171784,9.0,0.0,0.0
c106_21,1,25,depot,1,mp_eavns,0.20490379999682773,1532.6783091091002,632.6783091091,0.0,9.0,0.0,0.0
c106_21,1,25,phased,6,edd,1.2299999070819467e-05,1925.2617193855979,925.2617193855979,0.0,10.0,3.0,0.0
c106_21,1,25,phased,6,sweep,8.999999408842996e-06,5839.293700056148,720.010014316152,411.9283685739996,10.0,0.0,0.0
c106_21,1,25,phased,6,nearest,7.579999873996712e-05,1541.5516717440228,641.5516717440227,0.0,9.0,0.0,0.0
c106_21,1,25,phased,6,grasp,0.012907500000437722,9854.706736421673,680.1161320667528,827.459060435492,9.0,0.0,0.0
c106_21,1,25,phased,6,mp_eavns,0.22314270000060787,1532.6783091091002,632.6783091091,0.0,9.0,0.0,0.0
c106_21,1,25,all,21,edd,1.2299999070819467e-05,1916.4216163608874,916.4216163608874,0.0,10.0,3.0,0.0
c106_21,1,25,all,21,sweep,9.69999746303074e-06,5839.293700056148,720.010014316152,411.9283685739996,10.0,0.0,0.0
c106_21,1,25,all,21,nearest,7.879999975557439e-05,1541.5516717440228,641.5516717440227,0.0,9.0,0.0,0.0
c106_21,1,25,all,21,grasp,0.015462000003026333,2767.251036790181,673.2696857049527,119.39813510852281,9.0,0.0,0.0
c106_21,1,25,all,21,mp_eavns,0.1776380999981484,1532.547510008143,632.5475100081431,0.0,9.0,0.0,0.0
c106_21,2,50,depot,1,edd,1.9500002963468432e-05,15004291.63767326,2180.8187229458963,1.0818950314099993,21.0,1.0,15.0
c106_21,2,50,depot,1,sweep,1.2200001947348937e-05,5017417.397696859,1655.4821581307888,1356.1915538728044,22.0,0.0,5.0
c106_21,2,50,depot,1,nearest,0.00023130000045057386,6022800.523543772,1625.1230405461151,1927.5400503226306,19.0,1.0,6.0
c106_21,2,50,depot,1,grasp,0.06823309999890625,5034304.446302684,1594.2106084545526,3081.0235694229286,19.0,0.0,5.0
c106_21,2,50,depot,1,mp_eavns,0.9930219000016223,3003336.748774022,1436.7487740219067,0.0,19.0,0.0,3.0
c106_21,2,50,phased,11,edd,2.2399999579647556e-05,2004296.931826517,2196.931826516933,0.0,21.0,12.0,2.0
c106_21,2,50,phased,11,sweep,1.4900000678608194e-05,17431.023622977107,1669.1080842490637,1356.1915538728044,22.0,5.0,0.0
c106_21,2,50,phased,11,nearest,0.0002289000003656838,1022765.637343476,1590.2368402496168,1927.5400503226306,19.0,5.0,1.0
c106_21,2,50,phased,11,grasp,0.1329318999996758,26944.277339291013,1715.7749570756757,2332.850238221534,19.0,6.0,0.0
c106_21,2,50,phased,11,mp_eavns,1.6593156999988423,3235.561775338463,1335.561775338463,0.0,19.0,3.0,0.0
c106_21,2,50,all,21,edd,2.0799998310394585e-05,2004296.931826517,2196.931826516933,0.0,21.0,12.0,2.0
c106_21,2,50,all,21,sweep,1.469999915570952e-05,17431.023622977107,1669.1080842490637,1356.1915538728044,22.0,5.0,0.0
c106_21,2,50,all,21,nearest,0.000225499999942258,1022765.637343476,1590.2368402496168,1927.5400503226306,19.0,5.0,1.0
c106_21,2,50,all,21,grasp,0.16893909999998868,28397.874045732122,1804.0029496514792,2469.3871096080643,19.0,10.0,0.0
c106_21,2,50,all,21,mp_eavns,2.0705687000008766,3284.052606242314,1384.0526062423144,0.0,19.0,3.0,0.0
c106_21,3,75,depot,1,edd,2.9099999665049836e-05,25006636.60223313,3536.602233129115,0.0,31.0,4.0,25.0
c106_21,3,75,depot,1,sweep,1.759999940986745e-05,5042929.300701694,2423.1399277743835,3720.616077391888,33.0,0.0,5.0
c106_21,3,75,depot,1,nearest,0.00048469999819644727,8042313.610762228,2426.078224645751,3708.753253758228,28.0,2.0,8.0
c106_21,3,75,depot,1,grasp,0.16510890000063227,8051234.203261191,2762.020966684939,4567.218229450586,28.0,5.0,8.0
c106_21,3,75,depot,1,mp_eavns,3.2340569000007235,3004887.3750724196,2087.3750724198608,0.0,28.0,0.0,3.0
c106_21,3,75,phased,16,edd,3.6299999919719994e-05,5007169.101124528,3566.8480925986278,50.22530319289899,31.0,17.0,5.0
c106_21,3,75,phased,16,sweep,2.5000001187436283e-05,42941.56219023333,2435.4014163144457,3720.616077391888,33.0,5.0,0.0
c106_21,3,75,phased,16,nearest,0.00046640000073239207,2042248.3448477685,2360.8123101862147,3708.753253758228,28.0,6.0,2.0
c106_21,3,75,phased,16,grasp,0.380564900002355,42361.413472140644,2817.7142921891614,3664.369917995148,29.0,13.0,0.0
c106_21,3,75,phased,16,mp_eavns,4.145773199998075,4809.032508349197,2009.0325083491966,0.0,28.0,3.0,0.0
c106_21,3,75,all,21,edd,3.279999873484485e-05,5007169.101124528,3566.8480925986278,50.22530319289899,31.0,17.0,5.0
c106_21,3,75,all,21,sweep,2.0399998902576044e-05,42941.56219023333,2435.4014163144457,3720.616077391888,33.0,5.0,0.0
c106_21,3,75,all,21,nearest,0.00046160000056261197,2042248.3448477685,2360.8123101862147,3708.753253758228,28.0,6.0,2.0
c106_21,3,75,all,21,grasp,0.3820253000012599,36926.12647981991,2905.3671342863972,3112.075934553351,29.0,13.0,0.0
c106_21,3,75,all,21,mp_eavns,5.425125000001572,4848.10638618112,2048.1063861811194,0.0,28.0,3.0,0.0
c106_21,4,100,depot,1,edd,3.499999729683623e-05,31008897.852844965,4626.875622101132,17.097722286464432,41.0,6.0,31.0
c106_21,4,100,depot,1,sweep,2.1899999410379678e-05,5054366.836609228,2996.1153738004314,4707.072123542684,43.0,0.0,5.0
c106_21,4,100,depot,1,nearest,0.000825700000859797,11057542.76324141,3231.8332110513297,5061.093003035889,37.0,5.0,11.0
c106_21,4,100,depot,1,grasp,0.3330857000000833,8056210.532944118,3207.300941575804,4920.32320025421,38.0,3.0,8.0
c106_21,4,100,depot,1,mp_eavns,8.356553999998141,3006310.6295014312,2610.6295014310545,0.0,37.0,0.0,3.0
c106_21,4,100,phased,21,edd,4.0400002035312355e-05,3009457.4462084468,4652.809266989911,70.4636941456954,41.0,27.0,3.0
c106_21,4,100,phased,21,sweep,2.5400000595254824e-05,54379.098097767324,3008.3768623404935,4707.072123542684,43.0,5.0,0.0
c106_21,4,100,phased,21,nearest,0.0008130999995046295,2057344.2652603935,3156.1841717590537,5048.808108863446,37.0,12.0,2.0
c106_21,4,100,phased,21,grasp,0.8490912000015669,49213.12907710476,3278.9195317265608,4223.42095453782,37.0,14.0,0.0
c106_21,4,100,phased,21,mp_eavns,11.548700299998018,6191.449131554413,2491.4491315544124,0.0,37.0,3.0,0.0
c106_21,4,100,all,21,edd,4.039999839733355e-05,3009457.4462084468,4652.809266989911,70.4636941456954,41.0,27.0,3.0
c106_21,4,100,all,21,sweep,2.59000007645227e-05,54379.098097767324,3008.3768623404935,4707.072123542684,43.0,5.0,0.0
c106_21,4,100,all,21,nearest,0.000821699999505654,2057344.2652603935,3156.1841717590537,5048.808108863446,37.0,12.0,2.0
c106_21,4,100,all,21,grasp,0.8506899000021804,49466.808022687444,3148.741926278417,4261.806609640903,37.0,11.0,0.0
c106_21,4,100,all,21,mp_eavns,6.869555699999182,6247.857460667951,2547.8574606679513,0.0,37.0,3.0,0.0
c106C15,1,4,depot,1,edd,6.599999323952943e-06,160.61172704040348,60.611727040403494,0.0,1.0,0.0,0.0
c106C15,1,4,depot,1,sweep,3.2000025385059416e-06,6102.0330832777145,60.611727040403494,594.1421356237311,1.0,0.0,0.0
c106C15,1,4,depot,1,nearest,1.2200001947348937e-05,4197.02775637732,57.027756377319946,404.0,1.0,0.0,0.0
c106C15,1,4,depot,1,grasp,0.00047840000115684234,153.63948341772345,53.63948341772344,0.0,1.0,0.0,0.0
c106C15,1,4,depot,1,mp_eavns,0.006444599999667844,153.63948341772345,53.63948341772344,0.0,1.0,0.0,0.0
c106C15,1,4,phased,2,edd,7.200000254670158e-06,160.61172704040348,60.611727040403494,0.0,1.0,0.0,0.0
c106C15,1,4,phased,2,sweep,3.4000004234258085e-06,6102.0330832777145,60.611727040403494,594.1421356237311,1.0,0.0,0.0
c106C15,1,4,phased,2,nearest,8.39999847812578e-06,4197.02775637732,57.027756377319946,404.0,1.0,0.0,0.0
c106C15,1,4,phased,2,grasp,0.0004144000013184268,153.63948341772345,53.63948341772344,0.0,1.0,0.0,0.0
c106C15,1,4,phased,2,mp_eavns,0.004874799997196533,153.63948341772345,53.63948341772344,0.0,1.0,0.0,0.0
c106C15,1,4,all,3,edd,2.1999985619913787e-06,160.61172704040348,60.611727040403494,0.0,1.0,0.0,0.0
c106C15,1,4,all,3,sweep,1.7999991541728377e-06,6102.0330832777145,60.611727040403494,594.1421356237311,1.0,0.0,0.0
c106C15,1,4,all,3,nearest,6.400001439033076e-06,4197.02775637732,57.027756377319946,404.0,1.0,0.0,0.0
c106C15,1,4,all,3,grasp,0.0004928999987896532,153.63948341772345,53.63948341772344,0.0,1.0,0.0,0.0
c106C15,1,4,all,3,mp_eavns,0.005947300000116229,153.63948341772345,53.63948341772344,0.0,1.0,0.0,0.0
c106C15,2,8,depot,1,edd,7.90000194683671e-06,3000441.1696543884,241.16965438848226,0.0,2.0,0.0,3.0
c106C15,2,8,depot,1,sweep,3.7999998312443495e-06,1011322.7474728808,190.6154385248052,1093.2132034355966,2.0,0.0,1.0
c106C15,2,8,depot,1,nearest,1.5699999494245276e-05,1021576.5405268318,200.59873391504343,2117.594179291671,2.0,0.0,1.0
c106C15,2,8,depot,1,grasp,0.0016059000008681323,1005129.4653933439,225.61374527264584,470.3851648071345,2.0,0.0,1.0
c106C15,2,8,depot,1,mp_eavns,0.022683099999994738,1000383.38065311,183.38065310995202,0.0,2.0,0.0,1.0
c106C15,2,8,phased,2,edd,4.699999408330768e-06,3000441.1696543884,241.16965438848226,0.0,2.0,0.0,3.0
c106C15,2,8,phased,2,sweep,4.1000021155923605e-06,1011322.7474728808,190.6154385248052,1093.2132034355966,2.0,0.0,1.0
c106C15,2,8,phased,2,nearest,1.6900001355679706e-05,1021576.5405268318,200.59873391504343,2117.594179291671,2.0,0.0,1.0
c106C15,2,8,phased,2,grasp,0.002145499998732703,1000602.9279517398,207.31766828619666,19.56102834535693,2.0,0.0,1.0
c106C15,2,8,phased,2,mp_eavns,0.03116059999956633,446.33979876843523,246.3397987684352,0.0,2.0,2.0,0.0
c106C15,2,8,all,3,edd,6.79999720887281e-06,442.054599124777,242.05459912477698,0.0,2.0,1.0,0.0
c106C15,2,8,all,3,sweep,6.000002031214535e-06,11326.600836701271,194.46880234530533,1093.2132034355966,2.0,1.0,0.0
c106C15,2,8,all,3,nearest,1.8300001102034003e-05,1021576.5405268318,200.59873391504343,2117.594179291671,2.0,0.0,1.0
c106C15,2,8,all,3,grasp,0.0020640999973693397,404.6182195881905,204.6182195881905,0.0,2.0,1.0,0.0
c106C15,2,8,all,3,mp_eavns,0.027459300003101816,376.616104269637,176.616104269637,0.0,2.0,1.0,0.0
c106C15,3,12,depot,1,edd,7.800001185387373e-06,3000750.229796658,450.2297966576571,0.0,3.0,2.0,3.0
c106C15,3,12,depot,1,sweep,4.699999408330768e-06,1018516.1384279956,267.9508808850586,1794.8187547110606,3.0,0.0,1.0
c106C15,3,12,depot,1,nearest,2.979999771923758e-05,2027508.933101125,285.5541095096877,2692.337899161539,3.0,0.0,2.0
c106C15,3,12,depot,1,grasp,0.004635000001144363,1001072.4028854656,361.22051441478123,41.11823710509185,3.0,1.0,1.0
c106C15,3,12,depot,1,mp_eavns,0.08113430000230437,1000560.6118251532,260.6118251531788,0.0,3.0,0.0,1.0
c106C15,3,12,phased,3,edd,7.500002539018169e-06,750.3737975005231,450.37379750052315,0.0,3.0,4.0,0.0
c106C15,3,12,phased,3,sweep,6.599999323952943e-06,18519.991791816166,271.80424470555874,1794.8187547110606,3.0,1.0,0.0
c106C15,3,12,phased,3,nearest,2.7500002033775672e-05,1027512.7864649455,289.4074733301878,2692.337899161539,3.0,1.0,1.0
c106C15,3,12,phased,3,grasp,0.00542910000149277,648.8917439004806,348.89174390048055,0.0,3.0,2.0,0.0
c106C15,3,12,phased,3,mp_eavns,0.08307370000329684,553.8472763128639,253.8472763128638,0.0,3.0,1.0,0.0
c106C15,3,12,all,3,edd,7.899998308857903e-06,750.3737975005231,450.37379750052315,0.0,3.0,4.0,0.0
c106C15,3,12,all,3,sweep,6.999998731771484e-06,18519.991791816166,271.80424470555874,1794.8187547110606,3.0,1.0,0.0
c106C15,3,12,all,3,nearest,2.9900002118665725e-05,1027512.7864649455,289.4074733301878,2692.337899161539,3.0,1.0,1.0
c106C15,3,12,all,3,grasp,0.005683999999746447,3752.689190800369,342.6891908003689,311.0,3.0,2.0,0.0
c106C15,3,12,all,3,mp_eavns,0.0663323999979184,553.8472763128639,253.8472763128638,0.0,3.0,1.0,0.0
c106C15,4,15,depot,1,edd,8.200000593205914e-06,8000939.533105447,539.5331054469827,0.0,4.0,0.0,8.0
c106C15,4,15,depot,1,sweep,5.300000339047983e-06,1029778.365117602,328.7614910443009,2904.960362655781,4.0,0.0,1.0
c106C15,4,15,depot,1,nearest,4.310000076657161e-05,2017031.9010986849,348.9305132770711,1628.2970585407784,4.0,0.0,2.0
c106C15,4,15,depot,1,grasp,0.011350500000844477,1002086.112128436,406.11212843603687,128.0,4.0,1.0,1.0
c106C15,4,15,depot,1,mp_eavns,0.14358460000221385,1000721.4224353124,321.4224353124211,0.0,4.0,0.0,1.0
c106C15,4,15,phased,3,edd,9.999999747378752e-06,6000940.418050183,540.4180501832774,0.0,4.0,1.0,6.0
c106C15,4,15,phased,3,sweep,8.700000762473792e-06,29782.21848142261,332.61485486480103,2904.960362655781,4.0,1.0,0.0
c106C15,4,15,phased,3,nearest,3.980000110459514e-05,1017035.7544625053,352.7838770975712,1628.2970585407784,4.0,1.0,1.0
c106C15,4,15,phased,3,grasp,0.013817999999446329,3321.961246001404,472.2416795442136,244.97195664571905,4.0,3.0,0.0
c106C15,4,15,phased,3,mp_eavns,0.1850470999997924,714.6578864721062,314.6578864721061,0.0,4.0,1.0,0.0
c106C15,4,15,all,3,edd,8.700000762473792e-06,6000940.418050183,540.4180501832774,0.0,4.0,1.0,6.0
c106C15,4,15,all,3,sweep,7.800001185387373e-06,29782.21848142261,332.61485486480103,2904.960362655781,4.0,1.0,0.0
c106C15,4,15,all,3,nearest,3.769999966607429e-05,1017035.7544625053,352.7838770975712,1628.2970585407784,4.0,1.0,1.0
c106C15,4,15,all,3,grasp,0.012081500000931555,878.865953841223,478.865953841223,0.0,4.0,3.0,0.0
c106C15,4,15,all,3,mp_eavns,0.12362609999763663,714.6578864721062,314.6578864721061,0.0,4.0,1.0,0.0
c107_21,1,25,depot,1,edd,1.300000076298602e-05,3001904.9364650496,904.9364650496559,0.0,10.0,0.0,3.0
c107_21,1,25,depot,1,sweep,7.499998901039362e-06,4759.293700056149,720.010014316152,303.9283685739996,10.0,0.0,0.0
c107_21,1,25,depot,1,nearest,7.539999933214858e-05,2010251.6319212026,725.2704977453757,862.6361423457323,9.0,0.0,2.0
c107_21,1,25,depot,1,grasp,0.011104099998192396,15072.827309414623,671.1066286562243,1350.17206807584,9.0,0.0,0.0
c107_21,1,25,depot,1,mp_eavns,0.14385639999818522,1516.8114906193666,616.8114906193666,0.0,9.0,0.0,0.0
c107_21,1,25,phased,6,edd,2.1299998479662463e-05,1914.9625788977585,914.9625788977585,0.0,10.0,3.0,0.0
c107_21,1,25,phased,6,sweep,1.6199999663513154e-05,4759.293700056149,720.010014316152,303.9283685739996,10.0,0.0,0.0
c107_21,1,25,phased,6,nearest,0.00015809999968041666,1010251.6323420492,725.2709185917813,862.6361423457323,9.0,1.0,1.0
c107_21,1,25,phased,6,grasp,0.020023000000946922,5982.026554157783,727.6197570147341,435.4406797143049,9.0,1.0,0.0
c107_21,1,25,phased,6,mp_eavns,0.2503701000023284,1539.1697308519692,639.1697308519693,0.0,9.0,0.0,0.0
c107_21,1,25,all,21,edd,1.7399997886968777e-05,1914.9625788977585,914.9625788977585,0.0,10.0,3.0,0.0
c107_21,1,25,all,21,sweep,1.469999915570952e-05,4759.293700056149,720.010014316152,303.9283685739996,10.0,0.0,0.0
c107_21,1,25,all,21,nearest,0.00012269999933778308,1010251.6323420492,725.2709185917813,862.6361423457323,9.0,1.0,1.0
c107_21,1,25,all,21,grasp,0.028485400001954986,5832.812416554458,703.5127024700768,422.92997140843806,9.0,1.0,0.0
c107_21,1,25,all,21,mp_eavns,0.23305379999874276,1540.1824547034023,640.1824547034023,0.0,9.0,0.0,0.0
c107_21,2,50,depot,1,edd,2.2700001863995567e-05,16004676.268798295,2476.268798295187,0.0,22.0,3.0,16.0
c107_21,2,50,depot,1,sweep,1.3199998647905886e-05,5016317.597616923,1655.4821581307888,1246.2115458791982,22.0,0.0,5.0
c107_21,2,50,depot,1,nearest,0.0003297000002930872,8027695.326492013,1703.5531670864827,2409.177332492675,19.0,1.0,8.0
c107_21,2,50,depot,1,grasp,0.08343820000300184,6024629.489530564,1849.3068379878328,2088.0182692576545,19.0,4.0,6.0
c107_21,2,50,depot,1,mp_eavns,1.3854059000004781,3003272.1411816133,1372.1411816133375,0.0,19.0,0.0,3.0
c107_21,2,50,phased,11,edd,2.350000067963265e-05,2004638.1322562508,2438.1322562507457,0.0,22.0,14.0,2.0
c107_21,2,50,phased,11,sweep,1.559999873279594e-05,16331.223543041044,1669.1080842490637,1246.2115458791982,22.0,5.0,0.0
c107_21,2,50,phased,11,nearest,0.00023859999782871455,2027660.4407125632,1668.66738763639,2409.177332492675,19.0,6.0,2.0
c107_21,2,50,phased,11,grasp,0.1699970999979996,22941.45394409618,1863.4252894795627,1917.802865461662,19.0,10.0,0.0
c107_21,2,50,phased,11,mp_eavns,1.8234555999988515,3335.4044993130237,1435.404499313024,0.0,19.0,3.0,0.0
c107_21,2,50,all,21,edd,2.0800001948373392e-05,2004638.1322562508,2438.1322562507457,0.0,22.0,14.0,2.0
c107_21,2,50,all,21,sweep,1.4900000678608194e-05,16331.223543041044,1669.1080842490637,1246.2115458791982,22.0,5.0,0.0
c107_21,2,50,all,21,nearest,0.00023740000324323773,2027660.4407125632,1668.66738763639,2409.177332492675,19.0,6.0,2.0
c107_21,2,50,all,21,grasp,0.20543650000035996,19955.68177654941,1771.4180178186277,1628.426375873078,19.0,7.0,0.0
c107_21,2,50,all,21,mp_eavns,1.8917839999994612,3338.570641235572,1438.5706412355719,0.0,19.0,3.0,0.0
c107_21,3,75,depot,1,edd,2.8300000849412754e-05,18006637.21777884,3637.2177788394492,0.0,30.0,10.0,18.0
c107_21,3,75,depot,1,sweep,1.680000059423037e-05,5043979.5006217575,2423.1399277743835,3825.636069398282,33.0,0.0,5.0
c107_21,3,75,depot,1,nearest,0.00045509999836212955,10054968.41371047,2504.5083511861185,4966.390535928273,28.0,2.0,10.0
c107_21,3,75,depot,1,grasp,0.17830619999949704,7058395.670652213,3061.3551175176867,5243.4315534694615,29.0,8.0,7.0
c107_21,3,75,depot,1,mp_eavns,3.1264602999981435,3004836.194961552,2036.1949615521426,0.0,28.0,0.0,3.0
c107_21,3,75,phased,16,edd,0.00010860000111279078,2006596.5497397524,3596.5497397523245,0.0,30.0,22.0,2.0
c107_21,3,75,phased,16,sweep,4.8099998821271583e-05,43991.76211029726,2435.4014163144457,3825.636069398282,33.0,5.0,0.0
c107_21,3,75,phased,16,nearest,0.000881600000866456,3054903.1482168557,2439.242857572988,4966.390535928273,28.0,7.0,3.0
c107_21,3,75,phased,16,grasp,0.4856064999985392,31999.248600025043,2524.1503103365567,2667.5098289688485,28.0,10.0,0.0
c107_21,3,75,phased,16,mp_eavns,6.010783400000946,4875.138022194458,2075.1380221944587,0.0,28.0,4.0,0.0
c107_21,3,75,all,21,edd,4.660000195144676e-05,2006596.5497397524,3596.5497397523245,0.0,30.0,22.0,2.0
c107_21,3,75,all,21,sweep,2.099999983329326e-05,43991.76211029726,2435.4014163144457,3825.636069398282,33.0,5.0,0.0
c107_21,3,75,all,21,nearest,0.0005010000022593886,3054903.1482168557,2439.242857572988,4966.390535928273,28.0,7.0,3.0
c107_21,3,75,all,21,grasp,0.38233730000138166,32677.987467107327,2663.026875503465,2721.4960591603863,28.0,10.0,0.0
c107_21,3,75,all,21,mp_eavns,6.159473600000638,4878.304164117007,2078.3041641170066,0.0,28.0,4.0,0.0
c107_21,4,100,depot,1,edd,3.400000059627928e-05,23008940.991428025,4840.9914280267285,0.0,41.0,13.0,23.0
c107_21,4,100,depot,1,sweep,2.1200001356191933e-05,5056398.659305893,2996.1153738004314,4910.254393209247,43.0,0.0,5.0
c107_21,4,100,depot,1,nearest,0.0008176000010280404,10068483.166722514,3031.4912546149526,6175.167546789876,37.0,3.0,10.0
c107_21,4,100,depot,1,grasp,0.36159520000001066,8059293.615706219,3303.090393968869,5219.052531225003,38.0,3.0,8.0
c107_21,4,100,depot,1,mp_eavns,7.342731900000217,3006238.740388669,2538.7403886689976,0.0,37.0,0.0,3.0
c107_21,4,100,phased,21,edd,5.1799997891066596e-05,7008927.407496495,4827.40749649498,0.0,41.0,25.0,7.0
c107_21,4,100,phased,21,sweep,3.18000020342879e-05,56410.920794432954,3008.3768623404935,4910.254393209247,43.0,5.0,0.0
c107_21,4,100,phased,21,nearest,0.0008416999990004115,1068371.5363420309,3014.9210452966204,6165.661529673412,37.0,11.0,1.0
c107_21,4,100,phased,21,grasp,0.828254799998831,58156.138654246504,3623.052744491245,5083.308590975526,37.0,19.0,0.0
c107_21,4,100,phased,21,mp_eavns,10.501318400001765,6269.419284418231,2569.4192844182307,0.0,37.0,4.0,0.0
c107_21,4,100,all,21,edd,4.280000212020241e-05,7008927.407496495,4827.40749649498,0.0,41.0,25.0,7.0
c107_21,4,100,all,21,sweep,2.4999997549457476e-05,56410.920794432954,3008.3768623404935,4910.254393209247,43.0,5.0,0.0
c107_21,4,100,all,21,nearest,0.0008207999999285676,1068371.5363420309,3014.9210452966204,6165.661529673412,37.0,11.0,1.0
c107_21,4,100,all,21,grasp,0.7934172000022954,52396.97418102573,3404.92804861755,4519.204613240819,38.0,14.0,0.0
c107_21,4,100,all,21,mp_eavns,12.842811399998027,6290.573687980821,2590.5736879808214,0.0,37.0,4.0,0.0
c108_21,1,25,depot,1,edd,2.429999949526973e-05,1001869.4757721956,869.4757721956505,0.0,10.0,0.0,1.0
c108_21,1,25,depot,1,sweep,7.99999907030724e-06,2624.5723405061526,720.010014316152,90.45623261900005,10.0,0.0,0.0
c108_21,1,25,depot,1,nearest,8.860000161803328e-05,1541.5516717440228,641.5516717440227,0.0,9.0,0.0,0.0
c108_21,1,25,depot,1,grasp,0.010680100000172388,1895.0922069330704,662.9310399132725,33.216116701979786,9.0,0.0,0.0
c108_21,1,25,depot,1,mp_eavns,0.17828469999949448,1532.6651078994837,632.6651078994838,0.0,9.0,0.0,0.0
c108_21,1,25,phased,6,edd,1.2500000593718141e-05,1884.968719500004,884.968719500004,0.0,10.0,1.0,0.0
c108_21,1,25,phased,6,sweep,9.899998985929415e-06,2624.5723405061526,720.010014316152,90.45623261900005,10.0,0.0,0.0
c108_21,1,25,phased,6,nearest,8.180000077118166e-05,1541.5516717440228,641.5516717440227,0.0,9.0,0.0,0.0
c108_21,1,25,phased,6,grasp,0.016061199999967357,5025.006793001338,766.0039748664601,335.9002818134878,9.0,2.0,0.0
c108_21,1,25,phased,6,mp_eavns,0.19385369999872637,1516.4208726181287,616.4208726181287,0.0,9.0,0.0,0.0
c108_21,1,25,all,21,edd,1.2600001355167478e-05,1876.898122002543,876.898122002543,0.0,10.0,1.0,0.0
c108_21,1,25,all,21,sweep,1.0100000508828089e-05,2624.5723405061526,720.010014316152,90.45623261900005,10.0,0.0,0.0
c108_21,1,25,all,21,nearest,8.860000161803328e-05,1541.5516717440228,641.5516717440227,0.0,9.0,0.0,0.0
c108_21,1,25,all,21,grasp,0.016064600000390783,3094.987497744678,664.2768196260229,153.07106781186553,9.0,0.0,0.0
c108_21,1,25,all,21,mp_eavns,0.21953469999789377,1532.6651078994837,632.6651078994838,0.0,9.0,0.0,0.0
c108_21,2,50,depot,1,edd,2.0899999071843922e-05,14004531.767403156,2331.7674031560155,0.0,22.0,2.0,14.0
c108_21,2,50,depot,1,sweep,1.3700002455152571e-05,5011680.515170289,1655.4821581307888,782.5033012158251,22.0,0.0,5.0
c108_21,2,50,depot,1,nearest,0.00024960000155260786,6018620.523543772,1625.1230405461151,1509.5400503226306,19.0,1.0,6.0
c108_21,2,50,depot,1,grasp,0.06300540000302135,6021598.799758821,1771.3831862221257,1792.7416572598731,19.0,3.0,6.0
c108_21,2,50,depot,1,mp_eavns,0.9888763999988441,3003264.4830453834,1364.483045383565,0.0,19.0,0.0,3.0
c108_21,2,50,phased,11,edd,2.390000008745119e-05,1004515.5325561422,2315.5325561421982,0.0,22.0,10.0,1.0
c108_21,2,50,phased,11,sweep,1.6500001947861165e-05,11694.141096407315,1669.1080842490637,782.5033012158251,22.0,5.0,0.0
c108_21,2,50,phased,11,nearest,0.0002373000024817884,1018585.637343476,1590.2368402496168,1509.5400503226306,19.0,5.0,1.0
c108_21,2,50,phased,11,grasp,0.11247789999833913,13854.999576617656,1901.4181054321227,1005.3581471185532,19.0,12.0,0.0
c108_21,2,50,phased,11,mp_eavns,1.8542678999983764,3280.451241252527,1380.4512412525269,0.0,19.0,3.0,0.0
c108_21,2,50,all,21,edd,3.149999974993989e-05,1004515.5325561422,2315.5325561421982,0.0,22.0,10.0,1.0
c108_21,2,50,all,21,sweep,2.6599998818710446e-05,11694.141096407315,1669.1080842490637,782.5033012158251,22.0,5.0,0.0
c108_21,2,50,all,21,nearest,0.00039990000004763715,1018585.637343476,1590.2368402496168,1509.5400503226306,19.0,5.0,1.0
c108_21,2,50,all,21,grasp,0.18958669999847189,13745.199764987503,1875.804359246884,996.9395405740619,19.0,11.0,0.0
c108_21,2,50,all,21,mp_eavns,2.4958114000000933,3269.8031248282614,1369.8031248282614,0.0,19.0,3.0,0.0
c108_21,3,75,depot,1,edd,2.7599999157246202e-05,17007045.294361357,3845.2943613582947,0.0,32.0,10.0,17.0
c108_21,3,75,depot,1,sweep,1.720000000204891e-05,5031261.707497004,2423.1399277743835,2553.8567569230436,33.0,0.0,5.0
c108_21,3,75,depot,1,nearest,0.0004974999974365346,8037623.610762228,2426.078224645751,3239.753253758228,28.0,2.0,8.0
c108_21,3,75,depot,1,grasp,0.19944349999786937,6038652.9953621,2620.0180534940914,3313.297730860568,29.0,3.0,6.0
c108_21,3,75,depot,1,mp_eavns,3.2405418000016653,3004805.8014963283,2005.8014963281908,0.0,28.0,0.0,3.0
c108_21,3,75,phased,16,edd,3.649999780463986e-05,2007057.7039582245,3857.703958224621,0.0,32.0,22.0,2.0
c108_21,3,75,phased,16,sweep,2.1600000764010474e-05,31273.96898554488,2435.4014163144457,2553.8567569230436,33.0,5.0,0.0
c108_21,3,75,phased,16,nearest,0.0004724000027636066,2037558.3448477685,2360.8123101862147,3239.753253758228,28.0,6.0,2.0
c108_21,3,75,phased,16,grasp,0.404294399999344,25057.566081304933,2705.544394296606,1955.2021687008328,28.0,12.0,0.0
c108_21,3,75,phased,16,mp_eavns,5.037023000000772,4842.453618434652,2042.4536184346514,0.0,28.0,3.0,0.0
c108_21,3,75,all,21,edd,4.70000013592653e-05,2007057.7039582245,3857.703958224621,0.0,32.0,22.0,2.0
c108_21,3,75,all,21,sweep,3.6200002796249464e-05,31273.96898554488,2435.4014163144457,2553.8567569230436,33.0,5.0,0.0
c108_21,3,75,all,21,nearest,0.0008391000010306016,2037558.3448477685,2360.8123101862147,3239.753253758228,28.0,6.0,2.0
c108_21,3,75,all,21,grasp,0.3860851999997976,34155.30152220595,2642.109315404407,2861.319220680154,29.0,10.0,0.0
c108_21,3,75,all,21,mp_eavns,6.113237599998683,4833.856904767066,2033.8569047670662,0.0,28.0,3.0,0.0
c108_21,4,100,depot,1,edd,3.9200000173877925e-05,26009082.772862803,4982.772862802023,0.0,41.0,11.0,26.0
c108_21,4,100,depot,1,sweep,2.3799999326001853e-05,5039599.243404538,2996.1153738004314,3230.312803073839,43.0,0.0,5.0
c108_21,4,100,depot,1,nearest,0.0008415000011154916,12045442.369456517,3194.285469002875,3854.8083987512896,37.0,3.0,12.0
c108_21,4,100,depot,1,grasp,0.37812819999817293,7040297.932316965,3128.2658568764396,3336.96664600891,38.0,3.0,7.0
c108_21,4,100,depot,1,mp_eavns,7.3678103999991436,3006218.6213401062,2518.6213401062314,0.0,37.0,0.0,3.0
c108_21,4,100,phased,21,edd,4.659999831346795e-05,7009027.758081749,4927.758081748998,0.0,41.0,24.0,7.0
c108_21,4,100,phased,21,sweep,2.8800001018680632e-05,39611.50489307888,3008.3768623404935,3230.312803073839,43.0,5.0,0.0
c108_21,4,100,phased,21,nearest,0.0008238000009441748,4046810.290915662,3120.9138054839673,3998.937711017821,37.0,9.0,4.0
c108_21,4,100,phased,21,grasp,0.7812844000000041,22871.99333059502,3585.369114181925,1548.6624216413097,38.0,17.0,0.0
c108_21,4,100,phased,21,mp_eavns,11.391799100001663,6239.3174753510375,2539.317475351037,0.0,37.0,3.0,0.0
c108_21,4,100,all,21,edd,4.0499999158782884e-05,7009027.758081749,4927.758081748998,0.0,41.0,24.0,7.0
c108_21,4,100,all,21,sweep,2.970000059576705e-05,39611.50489307888,3008.3768623404935,3230.312803073839,43.0,5.0,0.0
c108_21,4,100,all,21,nearest,0.0009209000018017832,4046810.290915662,3120.9138054839673,3998.937711017821,37.0,9.0,4.0
c108_21,4,100,all,21,grasp,0.6812391999992542,35065.880217110745,3142.896630501264,2812.298358660948,38.0,10.0,0.0
c108_21,4,100,all,21,mp_eavns,9.507401200000459,6230.720761683452,2530.720761683452,0.0,37.0,3.0,0.0
c109_21,1,25,depot,1,edd,1.5499997971346602e-05,4001932.632725312,932.6327253119521,0.0,10.0,0.0,4.0
c109_21,1,25,depot,1,sweep,7.800001185387373e-06,1720.0100143161521,720.010014316152,0.0,10.0,0.0,0.0
c109_21,1,25,depot,1,nearest,7.719999848632142e-05,2004171.498263762,725.2704977453757,254.62277660168388,9.0,0.0,2.0
c109_21,1,25,depot,1,grasp,0.011537700000189943,1584.8949340383206,684.8949340383206,0.0,9.0,0.0,0.0
c109_21,1,25,depot,1,mp_eavns,0.20309899999847403,1533.0724474471886,633.0724474471886,0.0,9.0,0.0,0.0
c109_21,1,25,phased,6,edd,1.300000076298602e-05,1955.7019420744452,955.7019420744452,0.0,10.0,4.0,0.0
c109_21,1,25,phased,6,sweep,9.900002623908222e-06,1720.0100143161521,720.010014316152,0.0,10.0,0.0,0.0
c109_21,1,25,phased,6,nearest,8.789999992586672e-05,1004171.4986846086,725.2709185917813,254.62277660168388,9.0,1.0,1.0
c109_21,1,25,phased,6,grasp,0.011389600000256905,1612.814065345081,712.814065345081,0.0,9.0,1.0,0.0
c109_21,1,25,phased,6,mp_eavns,0.2137287000005017,1531.9996224996785,631.9996224996786,0.0,9.0,0.0,0.0
c109_21,1,25,all,21,edd,1.2299999070819467e-05,1955.7019420744452,955.7019420744452,0.0,10.0,4.0,0.0
c109_21,1,25,all,21,sweep,9.100000170292333e-06,1720.0100143161521,720.010014316152,0.0,10.0,0.0,0.0
c109_21,1,25,all,21,nearest,9.450000288779847e-05,1004171.4986846086,725.2709185917813,254.62277660168388,9.0,1.0,1.0
c109_21,1,25,all,21,grasp,0.016095599999971455,2978.4830904511073,690.1735715026545,138.83095189484527,9.0,1.0,0.0
c109_21,1,25,all,21,mp_eavns,0.21059619999869028,1540.0229004760527,640.0229004760528,0.0,9.0,0.0,0.0
c109_21,2,50,depot,1,edd,2.0600000425474718e-05,15004641.50834188,2441.5083418802697,0.0,22.0,3.0,15.0
c109_21,2,50,depot,1,sweep,1.2499996955739334e-05,5008052.101196027,1655.4821581307888,419.66190378969054,22.0,0.0,5.0
c109_21,2,50,depot,1,nearest,0.000243499998759944,8012439.7809331035,1703.5531670864827,883.6227766016839,19.0,1.0,8.0
c109_21,2,50,depot,1,grasp,0.06833320000077947,6014540.693018055,1725.6853261923422,1091.5007691861886,19.0,2.0,6.0
c109_21,2,50,depot,1,mp_eavns,0.9759053999987373,3003321.276708355,1421.2767083553179,0.0,19.0,0.0,3.0
c109_21,2,50,phased,11,edd,3.49000001733657e-05,1004603.5013583933,2403.501358393347,0.0,22.0,13.0,1.0
c109_21,2,50,phased,11,sweep,2.8200000087963417e-05,8065.72712214597,1669.1080842490637,419.66190378969054,22.0,5.0,0.0
c109_21,2,50,phased,11,nearest,0.0004664999978558626,2012404.8951536533,1668.66738763639,883.6227766016839,19.0,6.0,2.0
c109_21,2,50,phased,11,grasp,0.1936840000016673,4835.847763269452,1804.8575681335246,113.0990195135928,19.0,9.0,0.0
c109_21,2,50,phased,11,mp_eavns,1.5335731999985,3353.300557494686,1453.300557494686,0.0,19.0,4.0,0.0
c109_21,2,50,all,21,edd,1.9600000086938962e-05,1004603.5013583933,2403.501358393347,0.0,22.0,13.0,1.0
c109_21,2,50,all,21,sweep,1.4100001862971112e-05,8065.72712214597,1669.1080842490637,419.66190378969054,22.0,5.0,0.0
c109_21,2,50,all,21,nearest,0.0002181999989261385,2012404.8951536533,1668.66738763639,883.6227766016839,19.0,6.0,2.0
c109_21,2,50,all,21,grasp,0.1574979000033636,12979.035909896389,1615.2965059423561,946.3739403954032,19.0,6.0,0.0
c109_21,2,50,all,21,mp_eavns,2.7581610000015644,3361.32383547106,1461.3238354710602,0.0,19.0,4.0,0.0
c109_21,3,75,depot,1,edd,6.720000237692147e-05,23006883.296331253,3683.296331251778,0.0,32.0,7.0,23.0
c109_21,3,75,depot,1,sweep,1.8999999156221747e-05,5018353.2935227435,2423.1399277743835,1263.0153594969088,33.0,0.0,5.0
c109_21,3,75,depot,1,nearest,0.0005743000001530163,10026342.868151559,2504.5083511861185,2103.8359800372805,28.0,2.0,10.0
c109_21,3,75,depot,1,grasp,0.2476210999993782,8020159.870503659,2555.2905082151897,1470.4579995444328,29.0,1.0,8.0
c109_21,3,75,depot,1,mp_eavns,3.374008999999205,3004884.3896545717,2084.3896545717284,0.0,28.0,0.0,3.0
c109_21,3,75,phased,16,edd,3.429999924264848e-05,3006883.6173170847,3683.617317084832,0.0,32.0,19.0,3.0
c109_21,3,75,phased,16,sweep,1.9499999325489625e-05,18365.555011283534,2435.4014163144457,1263.0153594969088,33.0,5.0,0.0
c109_21,3,75,phased,16,nearest,0.00047339999946416356,3026277.602657946,2439.242857572988,2103.8359800372805,28.0,7.0,3.0
c109_21,3,75,phased,16,grasp,0.2986420999986876,12294.197756726939,2614.9604473675527,687.9237309359387,28.0,10.0,0.0
c109_21,3,75,phased,16,mp_eavns,4.110938699999679,4899.388733710724,2099.388733710724,0.0,28.0,4.0,0.0
c109_21,3,75,all,21,edd,3.110000034212135e-05,3006883.6173170847,3683.617317084832,0.0,32.0,19.0,3.0
c109_21,3,75,all,21,sweep,1.9499999325489625e-05,18365.555011283534,2435.4014163144457,1263.0153594969088,33.0,5.0,0.0
c109_21,3,75,all,21,nearest,0.000455999997939216,3026277.602657946,2439.242857572988,2103.8359800372805,28.0,7.0,3.0
c109_21,3,75,all,21,grasp,0.39707300000009127,23648.528278658312,2707.2278733376165,1804.1300405320696,29.0,11.0,0.0
c109_21,3,75,all,21,mp_eavns,6.8258633999976155,4919.427317507565,2119.4273175075646,0.0,28.0,5.0,0.0
c109_21,4,100,depot,1,edd,3.529999958118424e-05,25008940.703127485,4840.703127482916,0.0,41.0,10.0,25.0
c109_21,4,100,depot,1,sweep,2.229999881819822e-05,5022530.829430277,2996.1153738004314,1523.4714056477044,43.0,0.0,5.0
c109_21,4,100,depot,1,nearest,0.0008373000018764287,12035681.92376777,3193.0329614580724,2878.889080631168,37.0,4.0,12.0
c109_21,4,100,depot,1,grasp,0.2808661999988544,9022072.412284058,3104.9350755597884,1516.7477208498067,38.0,2.0,9.0
c109_21,4,100,depot,1,mp_eavns,10.582486399998743,3006319.001805346,2619.0018053459366,0.0,37.0,0.0,3.0
c109_21,4,100,phased,21,edd,4.549999721348286e-05,7008922.584613193,4822.584613193225,0.0,41.0,23.0,7.0
c109_21,4,100,phased,21,sweep,5.160000000614673e-05,22543.090918817536,3008.3768623404935,1523.4714056477044,43.0,5.0,0.0
c109_21,4,100,phased,21,nearest,0.001102900001569651,3035524.0306072133,3113.9042889749203,2871.0126318238313,37.0,11.0,3.0
c109_21,4,100,phased,21,grasp,0.5762835999994422,23472.226840793708,3109.536732070911,1666.2690108722798,37.0,13.0,0.0
c109_21,4,100,phased,21,mp_eavns,15.27688549999948,6299.9340748434015,2599.9340748434015,0.0,37.0,4.0,0.0
c109_21,4,100,all,21,edd,3.94000016967766e-05,7008922.584613193,4822.584613193225,0.0,41.0,23.0,7.0
c109_21,4,100,all,21,sweep,2.599999788799323e-05,22543.090918817536,3008.3768623404935,1523.4714056477044,43.0,5.0,0.0
c109_21,4,100,all,21,nearest,0.0008287999989988748,3035524.0306072133,3113.9042889749203,2871.0126318238313,37.0,11.0,3.0
c109_21,4,100,all,21,grasp,0.6969525999993493,34823.758814297005,3441.7390607586385,2758.201975353837,38.0,15.0,0.0
c109_21,4,100,all,21,mp_eavns,15.057916400000977,6326.948970952564,2626.9489709525637,0.0,37.0,5.0,0.0
c201_21,1,25,depot,1,edd,1.5200002962956205e-05,1001577.6279720071,677.6279720071894,0.0,9.0,0.0,1.0
c201_21,1,25,depot,1,sweep,7.700000423938036e-06,47414.9629678095,737.7009562438066,4567.72620115657,10.0,0.0,0.0
c201_21,1,25,depot,1,nearest,7.589999950141646e-05,2017817.7309187686,725.348650918913,1619.2382267849555,9.0,0.0,2.0
c201_21,1,25,depot,1,grasp,0.007056700000248384,10094.317580085104,738.1956325215929,835.6121947563511,10.0,0.0,0.0
c201_21,1,25,depot,1,mp_eavns,0.19229949999862583,1554.6436718672962,654.6436718672962,0.0,9.0,0.0,0.0
c201_21,1,25,phased,6,edd,1.1899999663000926e-05,1001577.6279720071,677.6279720071894,0.0,9.0,0.0,1.0
c201_21,1,25,phased,6,sweep,9.2999980552122e-06,47414.9629678095,737.7009562438066,4567.72620115657,10.0,0.0,0.0
c201_21,1,25,phased,6,nearest,7.6299998909235e-05,2017817.7309187686,725.348650918913,1619.2382267849555,9.0,0.0,2.0
c201_21,1,25,phased,6,grasp,0.008973500000138301,18486.52804933515,793.8676055448406,1679.2660443790307,9.0,2.0,0.0
c201_21,1,25,phased,6,mp_eavns,0.24341280000226106,1600.5373357266099,700.5373357266099,0.0,9.0,0.0,0.0
c201_21,1,25,all,21,edd,1.2000000424450263e-05,1001577.6279720071,677.6279720071894,0.0,9.0,0.0,1.0
c201_21,1,25,all,21,sweep,8.700000762473792e-06,47414.9629678095,737.7009562438066,4567.72620115657,10.0,0.0,0.0
c201_21,1,25,all,21,nearest,7.669999831705354e-05,1017827.5428840753,735.1606162258212,1619.2382267849555,9.0,1.0,1.0
c201_21,1,25,all,21,grasp,0.011733300001651514,8313.980336446859,815.2414343869493,649.873890205991,10.0,1.0,0.0
c201_21,1,25,all,21,mp_eavns,0.20474150000154623,1571.9931663901073,671.9931663901073,0.0,9.0,0.0,0.0
c201_21,2,50,depot,1,edd,2.1299998479662463e-05,15004524.240898447,2324.2408984468925,0.0,22.0,2.0,15.0
c201_21,2,50,depot,1,sweep,1.340000017080456e-05,7069083.724472621,1776.742066647351,6510.698240597395,22.0,0.0,7.0
c201_21,2,50,depot,1,nearest,0.0002452000007906463,7059096.149309212,1827.7268658604803,5536.842244335221,19.0,2.0,7.0
c201_21,2,50,depot,1,grasp,0.11336020000089775,5081260.471786328,1758.8450856212098,7750.162670070633,20.0,1.0,5.0
c201_21,2,50,depot,1,mp_eavns,1.4529217000017525,2003316.6162584054,1416.6162584054296,0.0,19.0,0.0,2.0
c201_21,2,50,phased,11,edd,2.0800001948373392e-05,3004500.3873270787,2300.3873270789345,0.0,22.0,9.0,3.0
c201_21,2,50,phased,11,sweep,1.4100001862971112e-05,78744.41124640856,1785.8475609113177,7475.856368549724,22.0,5.0,0.0
c201_21,2,50,phased,11,nearest,0.00022280000121099874,2058589.5899502267,1792.4896056096507,5489.710034461712,19.0,6.0,2.0
c201_21,2,50,phased,11,grasp,0.2421582999995735,55019.448756778285,1615.5315522725116,5150.391720450577,19.0,5.0,0.0
c201_21,2,50,phased,11,mp_eavns,1.556306599999516,3375.4640540043883,1475.4640540043881,0.0,19.0,2.0,0.0
c201_21,2,50,all,21,edd,2.2100000933278352e-05,3004500.3873270787,2300.3873270789345,0.0,22.0,9.0,3.0
c201_21,2,50,all,21,sweep,1.5199999324977398e-05,78744.41124640856,1785.8475609113177,7475.856368549724,22.0,5.0,0.0
c201_21,2,50,all,21,nearest,0.000240100001974497,2058589.5899502267,1792.4896056096507,5489.710034461712,19.0,6.0,2.0
c201_21,2,50,all,21,grasp,0.19645659999878262,64230.664222640116,1713.2799436530322,6051.738427898708,20.0,4.0,0.0
c201_21,2,50,all,21,mp_eavns,1.3957130999988294,3319.6637013121717,1419.663701312172,0.0,19.0,2.0,0.0
c201_21,3,75,depot,1,edd,2.7900001441594213e-05,26007294.730514746,3994.730514746425,0.0,33.0,6.0,26.0
c201_21,3,75,depot,1,sweep,1.6199999663513154e-05,7075447.722913464,2483.5000602466193,6986.422285321723,31.0,0.0,7.0
c201_21,3,75,depot,1,nearest,0.0004700999998021871,7085901.103409509,2469.9307336986863,8063.117267581094,28.0,2.0,7.0
c201_21,3,75,depot,1,grasp,0.17845480000323732,5071437.169056232,2619.9951948570388,6591.717386137501,29.0,2.0,5.0
c201_21,3,75,depot,1,mp_eavns,3.9625457000001916,2004858.4971247409,2058.497124740751,0.0,28.0,0.0,2.0
c201_21,3,75,phased,16,edd,6.130000110715628e-05,6007304.127512489,4004.1275124890417,0.0,33.0,21.0,6.0
c201_21,3,75,phased,16,sweep,3.97000003431458e-05,85112.50127204799,2496.6971393074605,7951.580413274052,31.0,5.0,0.0
c201_21,3,75,phased,16,nearest,0.0008567999975639395,2085355.7466346233,2433.184972732518,8012.256166189085,28.0,7.0,2.0
c201_21,3,75,phased,16,grasp,0.3886334999988321,64446.53319764695,2682.5449415484245,5886.398825609853,29.0,10.0,0.0
c201_21,3,75,phased,16,mp_eavns,4.4923681000000215,4942.906337169094,2142.906337169093,0.0,28.0,2.0,0.0
c201_21,3,75,all,21,edd,5.2699997468153015e-05,6007304.127512489,4004.1275124890417,0.0,33.0,21.0,6.0
c201_21,3,75,all,21,sweep,1.929999780259095e-05,85112.50127204799,2496.6971393074605,7951.580413274052,31.0,5.0,0.0
c201_21,3,75,all,21,nearest,0.0004791000028490089,2085371.9662984875,2430.635136180912,8014.133116230649,28.0,6.0,2.0
c201_21,3,75,all,21,grasp,0.402541100000235,93871.25873602586,2779.8668328483545,8829.139190317752,28.0,14.0,0.0
c201_21,3,75,all,21,mp_eavns,4.768041100000119,4756.320775740023,2056.3207757400237,0.0,27.0,2.0,0.0
c201_21,4,100,depot,1,edd,3.870000000461005e-05,33009083.353098646,4983.35309864752,0.0,41.0,8.0,33.0
c201_21,4,100,depot,1,sweep,2.1899999410379678e-05,7115249.448716497,3194.1419478312123,10785.530676866601,42.0,0.0,7.0
c201_21,4,100,depot,1,nearest,0.0008316999992530327,8081379.311011055,2957.835603062658,7472.14754079918,37.0,1.0,8.0
c201_21,4,100,depot,1,grasp,0.31193809999967925,7243248.932879996,3418.7284209326067,23603.020445906313,38.0,3.0,7.0
c201_21,4,100,depot,1,mp_eavns,8.178606400000717,2006347.3264040607,2647.3264040606755,0.0,37.0,0.0,2.0
c201_21,4,100,phased,21,edd,4.879999687545933e-05,6009054.251602899,4954.2516028997115,0.0,41.0,27.0,6.0
c201_21,4,100,phased,21,sweep,2.8800001018680632e-05,124914.22707508136,3207.3390268920534,11750.688804818932,42.0,5.0,0.0
c201_21,4,100,phased,21,nearest,0.000908900001377333,2081383.2450445294,2961.7696365375773,7472.14754079918,37.0,7.0,2.0
c201_21,4,100,phased,21,grasp,0.8375592999982473,104116.26850387533,3385.8558415929965,9703.041266228232,37.0,17.0,0.0
c201_21,4,100,phased,21,mp_eavns,9.270772500000021,6382.045309262274,2682.045309262274,0.0,37.0,2.0,0.0
c201_21,4,100,all,21,edd,3.710000237333588e-05,6009054.251602899,4954.2516028997115,0.0,41.0,27.0,6.0
c201_21,4,100,all,21,sweep,2.5000001187436283e-05,124914.22707508136,3207.3390268920534,11750.688804818932,42.0,5.0,0.0
c201_21,4,100,all,21,nearest,0.0008115999989968259,2081383.2450445294,2961.7696365375773,7472.14754079918,37.0,7.0,2.0
c201_21,4,100,all,21,grasp,0.8422424999989744,98330.31694763654,3228.6022846219016,9130.171466301465,38.0,8.0,0.0
c201_21,4,100,all,21,mp_eavns,8.801094900001772,6357.6086621664945,2657.6086621664945,0.0,37.0,2.0,0.0
c202_21,1,25,depot,1,edd,1.340000017080456e-05,1001785.8973169111,785.8973169111404,0.0,10.0,0.0,1.0
c202_21,1,25,depot,1,sweep,7.599999662488699e-06,30623.340191207815,737.7009562438066,2888.563923496401,10.0,0.0,0.0
c202_21,1,25,depot,1,nearest,7.850000110920519e-05,2012658.0348123878,725.348650918913,1103.2686161468976,9.0,0.0,2.0
c202_21,1,25,depot,1,grasp,0.00855030000093393,6538.832108974184,746.257078638387,489.2575030335797,9.0,1.0,0.0
c202_21,1,25,depot,1,mp_eavns,0.13220849999925122,1542.308326129148,642.308326129148,0.0,9.0,0.0,0.0
c202_21,1,25,phased,6,edd,1.2299999070819467e-05,1001785.8973169111,785.8973169111404,0.0,10.0,0.0,1.0
c202_21,1,25,phased,6,sweep,8.999999408842996e-06,30623.340191207815,737.7009562438066,2888.563923496401,10.0,0.0,0.0
c202_21,1,25,phased,6,nearest,7.840000034775585e-05,2012658.0348123878,725.348650918913,1103.2686161468976,9.0,0.0,2.0
c202_21,1,25,phased,6,grasp,0.008831300001475029,2019.6046238749018,749.6046238749019,37.0,9.0,2.0,0.0
c202_21,1,25,phased,6,mp_eavns,0.18811439999990398,1544.385658011809,644.3856580118089,0.0,9.0,0.0,0.0
c202_21,1,25,all,21,edd,1.1399999493733048e-05,1001785.8973169111,785.8973169111404,0.0,10.0,0.0,1.0
c202_21,1,25,all,21,sweep,9.800001862458885e-06,30623.340191207815,737.7009562438066,2888.563923496401,10.0,0.0,0.0
c202_21,1,25,all,21,nearest,8.290000187116675e-05,1012667.8467776948,735.1606162258212,1103.2686161468976,9.0,1.0,1.0
c202_21,1,25,all,21,grasp,0.012283899999602,4602.608153742715,777.8842943180987,282.47238594246164,10.0,1.0,0.0
c202_21,1,25,all,21,mp_eavns,0.21764160000020638,1603.1700100296457,703.1700100296458,0.0,9.0,1.0,0.0
c202_21,2,50,depot,1,edd,1.9499999325489625e-05,11004318.459598616,2218.4595986158133,0.0,21.0,2.0,11.0
c202_21,2,50,depot,1,sweep,1.2299999070819467e-05,7042987.5997676775,1776.742066647351,3901.085770102968,22.0,0.0,7.0
c202_21,2,50,depot,1,nearest,0.0004475999994610902,7033299.777571405,1787.5810339622942,2961.2196537443433,19.0,2.0,7.0
c202_21,2,50,depot,1,grasp,0.0537850000000617,4040101.5203521913,1628.4762588630026,3657.304409332809,19.0,1.0,4.0
c202_21,2,50,depot,1,mp_eavns,0.9377794000029098,2003303.2595228462,1403.2595228461025,0.0,19.0,0.0,2.0
c202_21,2,50,phased,11,edd,3.409999771974981e-05,6004273.432364094,2173.4323640939933,0.0,21.0,5.0,6.0
c202_21,2,50,phased,11,sweep,2.519999907235615e-05,46802.49590170264,1785.8475609113177,4281.664834079133,22.0,5.0,0.0
c202_21,2,50,phased,11,nearest,0.00044100000013713725,2033171.7759761002,1746.0116266511868,2952.5764349449064,19.0,6.0,2.0
c202_21,2,50,phased,11,grasp,0.09725639999669511,20949.494902435734,1590.8167891887429,1745.8678113246992,19.0,5.0,0.0
c202_21,2,50,phased,11,mp_eavns,1.8477566000001389,3307.2420606179085,1407.2420606179085,0.0,19.0,2.0,0.0
c202_21,2,50,all,21,edd,2.0800001948373392e-05,6004273.432364094,2173.4323640939933,0.0,21.0,5.0,6.0
c202_21,2,50,all,21,sweep,1.5399997209897265e-05,46802.49590170264,1785.8475609113177,4281.664834079133,22.0,5.0,0.0
c202_21,2,50,all,21,nearest,0.00026020000223070383,2033171.7759761002,1746.0116266511868,2952.5764349449064,19.0,6.0,2.0
c202_21,2,50,all,21,grasp,0.17803050000293297,18536.0358650021,1834.429027241785,1480.1606837760314,19.0,8.0,0.0
c202_21,2,50,all,21,mp_eavns,1.3577784999979485,3368.6955733754357,1468.6955733754355,0.0,19.0,3.0,0.0
c202_21,3,75,depot,1,edd,3.420000211917795e-05,22006787.114132106,3587.1141321055866,0.0,32.0,5.0,22.0
c202_21,3,75,depot,1,sweep,1.7400001524947584e-05,7048496.484465312,2483.5000602466193,4291.29844050652,31.0,0.0,7.0
c202_21,3,75,depot,1,nearest,0.000473300002340693,7040201.266796057,2543.2336357270574,3485.803316032975,28.0,3.0,7.0
c202_21,3,75,depot,1,grasp,0.13206329999957234,5050839.088682835,2683.569819057292,4525.5518863778,29.0,4.0,5.0
c202_21,3,75,depot,1,mp_eavns,3.4770046999983606,2004710.8329693486,2010.832969348695,0.0,27.0,0.0,2.0
c202_21,3,75,phased,16,edd,3.590000051190145e-05,11006754.990193067,3554.990193066632,0.0,32.0,11.0,11.0
c202_21,3,75,phased,16,sweep,2.130000211764127e-05,52315.472184134305,2496.6971393074605,4671.877504482684,31.0,5.0,0.0
c202_21,3,75,phased,16,nearest,0.00046970000039436854,2040036.1602372283,2464.559264892852,3477.160097233538,28.0,7.0,2.0
c202_21,3,75,phased,16,grasp,0.31913880000138306,22218.171694811623,2506.5759681129302,1691.1595726698692,28.0,10.0,0.0
c202_21,3,75,phased,16,mp_eavns,4.157162000003154,4717.805160074657,2017.8051600746564,0.0,27.0,2.0,0.0
c202_21,3,75,all,21,edd,3.1600000511389226e-05,10006755.372586645,3555.3725866443165,0.0,32.0,12.0,10.0
c202_21,3,75,all,21,sweep,2.0600000425474718e-05,52315.472184134305,2496.6971393074605,4671.877504482684,31.0,5.0,0.0
c202_21,3,75,all,21,nearest,0.00047340000310214236,2040033.5577362757,2461.956763940285,3477.160097233538,28.0,6.0,2.0
c202_21,3,75,all,21,grasp,0.30401700000220444,50841.960172424384,2645.33721909908,4539.66229533253,28.0,11.0,0.0
c202_21,3,75,all,21,mp_eavns,4.860426800001733,4824.652946850787,2124.6529468507865,0.0,27.0,3.0,0.0
c202_21,4,100,depot,1,edd,4.020000051241368e-05,26008897.86362214,4697.863622141188,0.0,42.0,6.0,26.0
c202_21,4,100,depot,1,sweep,2.099999983329326e-05,7071080.175183325,3194.1419478312123,6368.603323549415,42.0,0.0,7.0
c202_21,4,100,depot,1,nearest,0.0008144999992509838,8041647.767100913,3025.4576311048254,3492.2309469809065,37.0,2.0,8.0
c202_21,4,100,depot,1,grasp,0.28906239999923855,7059444.388491103,3360.8866127275405,5238.350187837552,37.0,5.0,7.0
c202_21,4,100,depot,1,mp_eavns,8.252733100001933,2006307.6068929997,2607.6068929997327,0.0,37.0,0.0,2.0
c202_21,4,100,phased,21,edd,4.3700001697288826e-05,9008877.651927527,4677.651927527567,0.0,42.0,19.0,9.0
c202_21,4,100,phased,21,sweep,2.760000279522501e-05,74899.16290214784,3207.3390268920534,6749.1823875255795,42.0,5.0,0.0
c202_21,4,100,phased,21,nearest,0.0008462000005238224,2041611.3900057923,2989.080535983177,3492.2309469809065,37.0,7.0,2.0
c202_21,4,100,phased,21,grasp,0.7406147000001511,73353.99632175783,3139.0332394527604,6651.496308230508,37.0,9.0,0.0
c202_21,4,100,phased,21,mp_eavns,9.009986499997467,6304.360204304203,2604.360204304203,0.0,37.0,2.0,0.0
c202_21,4,100,all,21,edd,4.260000059730373e-05,9008877.651927527,4677.651927527567,0.0,42.0,19.0,9.0
c202_21,4,100,all,21,sweep,2.479999966453761e-05,74899.16290214784,3207.3390268920534,6749.1823875255795,42.0,5.0,0.0
c202_21,4,100,all,21,nearest,0.0008103000000119209,2041611.3900057923,2989.080535983177,3492.2309469809065,37.0,7.0,2.0
c202_21,4,100,all,21,grasp,0.7733511000005819,69265.50488449677,3432.2450961643644,6203.325978833241,38.0,13.0,0.0
c202_21,4,100,all,21,mp_eavns,9.597715899999457,6388.734943460832,2688.7349434608323,0.0,37.0,3.0,0.0
c202C10,1,3,depot,1,edd,6.099999154685065e-06,365.62196353325396,165.62196353325396,0.0,2.0,0.0,0.0
c202C10,1,3,depot,1,sweep,2.9000002541579306e-06,344.47507769812637,144.47507769812634,0.0,2.0,0.0,0.0
c202C10,1,3,depot,1,nearest,9.700001101009548e-06,344.47507769812637,144.47507769812634,0.0,2.0,0.0,0.0
c202C10,1,3,depot,1,grasp,0.00016659999891999178,344.47507769812637,144.47507769812634,0.0,2.0,0.0,0.0
c202C10,1,3,depot,1,mp_eavns,0.0023820999995223247,344.47507769812637,144.47507769812634,0.0,2.0,0.0,0.0
c202C10,1,3,phased,2,edd,2.4000000848900527e-06,365.62196353325396,165.62196353325396,0.0,2.0,0.0,0.0
c202C10,1,3,phased,2,sweep,2.5000008463393897e-06,344.47507769812637,144.47507769812634,0.0,2.0,0.0,0.0
c202C10,1,3,phased,2,nearest,6.099999154685065e-06,344.47507769812637,144.47507769812634,0.0,2.0,0.0,0.0
c202C10,1,3,phased,2,grasp,0.00015980000171111897,344.47507769812637,144.47507769812634,0.0,2.0,0.0,0.0
c202C10,1,3,phased,2,mp_eavns,0.002229599998827325,344.47507769812637,144.47507769812634,0.0,2.0,0.0,0.0
c202C10,1,3,all,5,edd,2.2000021999701858e-06,365.62196353325396,165.62196353325396,0.0,2.0,0.0,0.0
c202C10,1,3,all,5,sweep,2.0000006770715117e-06,344.47507769812637,144.47507769812634,0.0,2.0,0.0,0.0
c202C10,1,3,all,5,nearest,5.500001861946657e-06,344.47507769812637,144.47507769812634,0.0,2.0,0.0,0.0
c202C10,1,3,all,5,grasp,0.0001540000012028031,344.47507769812637,144.47507769812634,0.0,2.0,0.0,0.0
c202C10,1,3,all,5,mp_eavns,0.0022759000021324027,344.47507769812637,144.47507769812634,0.0,2.0,0.0,0.0
c202C10,2,5,depot,1,edd,3.0999981390777975e-06,517.2401434415806,217.24014344158053,0.0,3.0,0.0,0.0
c202C10,2,5,depot,1,sweep,2.6999987312592566e-06,2267.215589267244,228.18912784691906,173.9026461420325,3.0,0.0,0.0
c202C10,2,5,depot,1,nearest,1.049999991664663e-05,1006820.2285287101,249.79395138121512,627.0434577328851,3.0,0.0,1.0
c202C10,2,5,depot,1,grasp,0.0002975999996124301,428.18912784691906,228.18912784691906,0.0,2.0,1.0,0.0
c202C10,2,5,depot,1,mp_eavns,0.009391800002049422,517.2401434415806,217.24014344158053,0.0,3.0,0.0,0.0
c202C10,2,5,phased,3,edd,7.500002539018169e-06,517.2401434415806,217.24014344158053,0.0,3.0,0.0,0.0
c202C10,2,5,phased,3,sweep,6.900001608300954e-06,2267.215589267244,228.18912784691906,173.9026461420325,3.0,0.0,0.0
c202C10,2,5,phased,3,nearest,1.8700000509852543e-05,1006820.2285287101,249.79395138121512,627.0434577328851,3.0,0.0,1.0
c202C10,2,5,phased,3,grasp,0.0005769999988842756,517.2401434415805,217.2401434415805,0.0,3.0,0.0,0.0
c202C10,2,5,phased,3,mp_eavns,0.012743999999656808,428.18912784691906,228.18912784691906,0.0,2.0,1.0,0.0
c202C10,2,5,all,5,edd,5.199999577598646e-06,517.2401434415806,217.24014344158053,0.0,3.0,0.0,0.0
c202C10,2,5,all,5,sweep,5.800000508315861e-06,2267.215589267244,228.18912784691906,173.9026461420325,3.0,0.0,0.0
c202C10,2,5,all,5,nearest,1.219999830937013e-05,1006820.2285287101,249.79395138121512,627.0434577328851,3.0,0.0,1.0
c202C10,2,5,all,5,grasp,0.0003322000011394266,428.18912784691906,228.18912784691906,0.0,2.0,1.0,0.0
c202C10,2,5,all,5,mp_eavns,0.007170599998062244,428.18912784691906,228.18912784691906,0.0,2.0,1.0,0.0
c202C10,3,8,depot,1,edd,5.099998816149309e-06,881.9855973443333,381.9855973443333,0.0,5.0,0.0,0.0
c202C10,3,8,depot,1,sweep,3.899996954714879e-06,2719.32835264478,380.30189122445483,173.9026461420325,6.0,0.0,0.0
c202C10,3,8,depot,1,nearest,1.6999998479150236e-05,882.4435350435017,382.4435350435017,0.0,5.0,0.0,0.0
c202C10,3,8,depot,1,grasp,0.00046859999929438345,846.7606804844486,346.7606804844486,0.0,5.0,0.0,0.0
c202C10,3,8,depot,1,mp_eavns,0.021277899999404326,836.8904772536097,336.8904772536097,0.0,5.0,0.0,0.0
c202C10,3,8,phased,4,edd,5.900001269765198e-06,881.9855973443333,381.9855973443333,0.0,5.0,0.0,0.0
c202C10,3,8,phased,4,sweep,5.300000339047983e-06,2719.32835264478,380.30189122445483,173.9026461420325,6.0,0.0,0.0
c202C10,3,8,phased,4,nearest,1.7400001524947584e-05,882.4435350435017,382.4435350435017,0.0,5.0,0.0,0.0
c202C10,3,8,phased,4,grasp,0.0004931000003125519,847.4686486446523,347.46864864465226,0.0,5.0,0.0,0.0
c202C10,3,8,phased,4,mp_eavns,0.01983280000058585,836.8904772536097,336.8904772536097,0.0,5.0,0.0,0.0
c202C10,3,8,all,5,edd,4.5000015234109014e-06,881.9855973443333,381.9855973443333,0.0,5.0,0.0,0.0
c202C10,3,8,all,5,sweep,4.499997885432094e-06,2719.32835264478,380.30189122445483,173.9026461420325,6.0,0.0,0.0
c202C10,3,8,all,5,nearest,1.6599999071331695e-05,882.4435350435017,382.4435350435017,0.0,5.0,0.0,0.0
c202C10,3,8,all,5,grasp,0.00048609999794280156,847.4151878618895,347.41518786188954,0.0,5.0,0.0,0.0
c202C10,3,8,all,5,mp_eavns,0.026187100000242935,836.8904772536098,336.8904772536098,0.0,5.0,0.0,0.0
c202C10,4,10,depot,1,edd,8.099999831756577e-06,892.3599143835872,392.3599143835872,0.0,5.0,0.0,0.0
c202C10,4,10,depot,1,sweep,8.099999831756577e-06,2857.0410315027825,418.01457008245757,173.9026461420325,7.0,0.0,0.0
c202C10,4,10,depot,1,nearest,3.3300002542091534e-05,1022160.982497945,417.77738433187244,2124.320511361315,5.0,0.0,1.0
c202C10,4,10,depot,1,grasp,0.0018042000010609627,14395.743622924752,378.7664668888294,1351.6977156035923,5.0,0.0,0.0
c202C10,4,10,depot,1,mp_eavns,0.05060529999900609,846.3465294090577,346.34652940905767,0.0,5.0,0.0,0.0
c202C10,4,10,phased,5,edd,8.000002708286047e-06,892.3599143835872,392.3599143835872,0.0,5.0,0.0,0.0
c202C10,4,10,phased,5,sweep,8.600000001024455e-06,2857.0410315027825,418.01457008245757,173.9026461420325,7.0,0.0,0.0
c202C10,4,10,phased,5,nearest,3.279999873484485e-05,22176.20770763709,433.00259402394306,2124.320511361315,5.0,1.0,0.0
c202C10,4,10,phased,5,grasp,0.0023174000016297214,884.4794055353065,384.47940553530646,0.0,5.0,0.0,0.0
c202C10,4,10,phased,5,mp_eavns,0.034282300002814736,846.3465294090577,346.34652940905767,0.0,5.0,0.0,0.0
c202C10,4,10,all,5,edd,7.400001777568832e-06,892.3599143835872,392.3599143835872,0.0,5.0,0.0,0.0
c202C10,4,10,all,5,sweep,6.899997970322147e-06,2857.0410315027825,418.01457008245757,173.9026461420325,7.0,0.0,0.0
c202C10,4,10,all,5,nearest,2.260000110254623e-05,22176.20770763709,433.00259402394306,2124.320511361315,5.0,1.0,0.0
c202C10,4,10,all,5,grasp,0.0012502999998105224,9137.309396883773,451.32733446421594,818.5982062419557,5.0,2.0,0.0
c202C10,4,10,all,5,mp_eavns,0.03147959999841987,846.3465294090577,346.34652940905767,0.0,5.0,0.0,0.0
c202C15,1,4,depot,1,edd,4.7000030463095754e-06,336.5724379992738,136.57243799927383,0.0,2.0,0.0,0.0
c202C15,1,4,depot,1,sweep,2.5999979698099196e-06,4491.149730456797,146.80991913623166,414.4339811320566,2.0,0.0,0.0
c202C15,1,4,depot,1,nearest,1.0399999155197293e-05,345.4453806963381,145.44538069633808,0.0,2.0,0.0,0.0
c202C15,1,4,depot,1,grasp,0.00023300000248127617,332.13159342838605,132.13159342838608,0.0,2.0,0.0,0.0
c202C15,1,4,depot,1,mp_eavns,0.005014400001527974,332.13159342838605,132.13159342838608,0.0,2.0,0.0,0.0
c202C15,1,4,phased,2,edd,2.2999993234407157e-06,336.5724379992738,136.57243799927383,0.0,2.0,0.0,0.0
c202C15,1,4,phased,2,sweep,2.1999985619913787e-06,4491.149730456797,146.80991913623166,414.4339811320566,2.0,0.0,0.0
c202C15,1,4,phased,2,nearest,6.499998562503606e-06,345.4453806963381,145.44538069633808,0.0,2.0,0.0,0.0
c202C15,1,4,phased,2,grasp,0.00021710000146413222,332.13159342838605,132.13159342838608,0.0,2.0,0.0,0.0
c202C15,1,4,phased,2,mp_eavns,0.005368799997086171,332.13159342838605,132.13159342838608,0.0,2.0,0.0,0.0
c202C15,1,4,all,5,edd,4.19999923906289e-06,336.5724379992738,136.57243799927383,0.0,2.0,0.0,0.0
c202C15,1,4,all,5,sweep,3.4000004234258085e-06,4491.149730456797,146.80991913623166,414.4339811320566,2.0,0.0,0.0
c202C15,1,4,all,5,nearest,0.00013460000263876282,345.4453806963381,145.44538069633808,0.0,2.0,0.0,0.0
c202C15,1,4,all,5,grasp,0.00048329999845009297,332.13159342838605,132.13159342838608,0.0,2.0,0.0,0.0
c202C15,1,4,all,5,mp_eavns,0.005550999998376938,332.13159342838605,132.13159342838608,0.0,2.0,0.0,0.0
c202C15,2,8,depot,1,edd,1.6999998479150236e-05,3000807.1441083374,407.1441083372207,0.0,4.0,0.0,3.0
c202C15,2,8,depot,1,sweep,3.7999998312443495e-06,1004833.0949581683,288.7551468477437,414.4339811320566,4.0,0.0,1.0
c202C15,2,8,depot,1,nearest,1.8700000509852543e-05,1000628.5154303422,328.5154303421326,0.0,3.0,1.0,1.0
c202C15,2,8,depot,1,grasp,0.0010676000019884668,1000566.5924160703,266.5924160702797,0.0,3.0,0.0,1.0
c202C15,2,8,depot,1,mp_eavns,0.02526890000081039,1000566.0865940682,266.0865940682554,0.0,3.0,0.0,1.0
c202C15,2,8,phased,3,edd,5.500001861946657e-06,1000808.9627454376,408.9627454375752,0.0,4.0,1.0,1.0
c202C15,2,8,phased,3,sweep,4.400000761961564e-06,1004833.0949581683,288.7551468477437,414.4339811320566,4.0,0.0,1.0
c202C15,2,8,phased,3,nearest,1.7700000171316788e-05,589.0823940027772,289.08239400277716,0.0,3.0,1.0,0.0
c202C15,2,8,phased,3,grasp,0.0012170999980298802,561.1701629930371,261.1701629930372,0.0,3.0,1.0,0.0
c202C15,2,8,phased,3,mp_eavns,0.01992870000322,561.1701629930371,261.1701629930372,0.0,3.0,1.0,0.0
c202C15,2,8,all,5,edd,5.500001861946657e-06,1000808.9627454376,408.9627454375752,0.0,4.0,1.0,1.0
c202C15,2,8,all,5,sweep,5.199999577598646e-06,1004833.0949581683,288.7551468477437,414.4339811320566,4.0,0.0,1.0
c202C15,2,8,all,5,nearest,1.7499998648418114e-05,589.0823940027772,289.08239400277716,0.0,3.0,1.0,0.0
c202C15,2,8,all,5,grasp,0.001677299998846138,566.1946623750168,266.19466237501683,0.0,3.0,1.0,0.0
c202C15,2,8,all,5,mp_eavns,0.025882099998852937,566.1946623750168,266.19466237501683,0.0,3.0,1.0,0.0
c202C15,3,12,depot,1,edd,1.1000000085914508e-05,5001073.74930236,573.7493023603657,0.0,5.0,0.0,5.0
c202C15,3,12,depot,1,sweep,4.499997885432094e-06,2014776.9506851183,397.4300297377268,1387.9520655380668,5.0,0.0,2.0
c202C15,3,12,depot,1,nearest,4.149999949731864e-05,2007678.7452596803,444.0646940895116,683.4680565590817,4.0,1.0,2.0
c202C15,3,12,depot,1,grasp,0.0032315999997081235,1007016.940137496,433.1791198610492,618.3761017634979,4.0,1.0,1.0
c202C15,3,12,depot,1,mp_eavns,0.060643100001470884,1000820.0813766039,420.08137660391014,0.0,4.0,1.0,1.0
c202C15,3,12,phased,4,edd,7.700000423938036e-06,2001080.8721663042,580.8721663041547,0.0,5.0,2.0,2.0
c202C15,3,12,phased,4,sweep,6.999998731771484e-06,2014776.9506851183,397.4300297377268,1387.9520655380668,5.0,0.0,2.0
c202C15,3,12,phased,4,nearest,2.930000118794851e-05,1007639.312223341,404.63165775015614,683.4680565590817,4.0,1.0,1.0
c202C15,3,12,phased,4,grasp,0.004720900000393158,3447.0326370931043,456.8764252214618,259.01562118716424,4.0,2.0,0.0
c202C15,3,12,phased,4,mp_eavns,0.09417159999793512,835.3172932979609,435.3172932979609,0.0,4.0,2.0,0.0
c202C15,3,12,all,5,edd,1.2799999240087345e-05,2001080.8721663042,580.8721663041547,0.0,5.0,2.0,2.0
c202C15,3,12,all,5,sweep,1.1599997378652915e-05,2014776.9506851183,397.4300297377268,1387.9520655380668,5.0,0.0,2.0
c202C15,3,12,all,5,nearest,5.529999907594174e-05,1007639.312223341,404.63165775015614,683.4680565590817,4.0,1.0,1.0
c202C15,3,12,all,5,grasp,0.008227499998611165,913.4160154396154,513.4160154396154,0.0,4.0,4.0,0.0
c202C15,3,12,all,5,mp_eavns,0.13058040000032634,801.4009521317687,401.40095213176863,0.0,4.0,1.0,0.0
c202C15,4,15,depot,1,edd,7.499998901039362e-06,8001211.236283668,711.2362836683627,0.0,5.0,0.0,8.0
c202C15,4,15,depot,1,sweep,5.300000339047983e-06,2014953.8617542766,474.34109889593327,1387.9520655380668,6.0,0.0,2.0
c202C15,4,15,depot,1,nearest,3.5700002626981586e-05,3022417.423979761,560.6067618859888,2135.681721787498,5.0,1.0,3.0
c202C15,4,15,depot,1,grasp,0.004748200000904035,2028538.076304119,652.6265383699604,2738.5449765749067,5.0,2.0,2.0
c202C15,4,15,depot,1,mp_eavns,0.10187030000088271,1000987.8018376768,487.80183767681706,0.0,5.0,1.0,1.0
c202C15,4,15,phased,5,edd,9.69999746303074e-06,7001216.540510512,716.5405105117972,0.0,5.0,1.0,7.0
c202C15,4,15,phased,5,sweep,8.800001523923129e-06,2014953.8617542766,474.34109889593327,1387.9520655380668,6.0,0.0,2.0
c202C15,4,15,phased,5,nearest,4.389999958220869e-05,1022381.7772808438,524.9600629688908,2135.681721787498,5.0,2.0,1.0
c202C15,4,15,phased,5,grasp,0.005675000000337604,1137.903825335754,637.9038253357538,0.0,5.0,4.0,0.0
c202C15,4,15,phased,5,mp_eavns,0.13633589999881224,1012.2283624561674,512.2283624561674,0.0,5.0,2.0,0.0
c202C15,4,15,all,5,edd,9.499999578110874e-06,7001216.540510512,716.5405105117972,0.0,5.0,1.0,7.0
c202C15,4,15,all,5,sweep,9.100000170292333e-06,2014953.8617542766,474.34109889593327,1387.9520655380668,6.0,0.0,2.0
c202C15,4,15,all,5,nearest,3.899999865097925e-05,1022381.7772808438,524.9600629688908,2135.681721787498,5.0,2.0,1.0
c202C15,4,15,all,5,grasp,0.0072661999984120484,1049.3004406711423,549.3004406711423,0.0,5.0,3.0,0.0
c202C15,4,15,all,5,mp_eavns,0.15894829999888316,967.8625808222102,467.8625808222103,0.0,5.0,1.0,0.0
c203_21,1,25,depot,1,edd,1.1000000085914508e-05,2001815.3403165073,815.3403165072934,0.0,10.0,0.0,2.0
c203_21,1,25,depot,1,sweep,7.200000254670158e-06,18917.700956243807,737.7009562438066,1718.0,10.0,0.0,0.0
c203_21,1,25,depot,1,nearest,7.389999882434495e-05,2002033.6581698675,725.348650918913,40.830951894845384,9.0,0.0,2.0
c203_21,1,25,depot,1,grasp,0.0068774999999732245,3456.1047201729484,755.9918023495043,180.01129178234441,9.0,1.0,0.0
c203_21,1,25,depot,1,mp_eavns,0.17165120000208844,1535.2446509648387,635.2446509648387,0.0,9.0,0.0,0.0
c203_21,1,25,phased,6,edd,1.2300002708798274e-05,1001829.124640983,829.1246409830014,0.0,10.0,1.0,1.0
c203_21,1,25,phased,6,sweep,8.899998647393659e-06,18917.700956243807,737.7009562438066,1718.0,10.0,0.0,0.0
c203_21,1,25,phased,6,nearest,7.539999933214858e-05,2002033.6581698675,725.348650918913,40.830951894845384,9.0,0.0,2.0
c203_21,1,25,phased,6,grasp,0.007640300002094591,3049.5806938133405,757.7772949383501,139.18033988749903,9.0,1.0,0.0
c203_21,1,25,phased,6,mp_eavns,0.15900699999838253,1557.9649708571933,657.9649708571933,0.0,9.0,0.0,0.0
c203_21,1,25,all,21,edd,1.3100001524435356e-05,1001829.124640983,829.1246409830014,0.0,10.0,1.0,1.0
c203_21,1,25,all,21,sweep,9.60000033956021e-06,18917.700956243807,737.7009562438066,1718.0,10.0,0.0,0.0
c203_21,1,25,all,21,nearest,7.719999848632142e-05,1002043.4701351742,735.1606162258212,40.830951894845384,9.0,1.0,1.0
c203_21,1,25,all,21,grasp,0.009703299998363946,1699.0882642226466,799.0882642226466,0.0,9.0,3.0,0.0
c203_21,1,25,all,21,mp_eavns,0.26601109999683104,1548.943379675421,648.943379675421,0.0,9.0,1.0,0.0
c203_21,2,50,depot,1,edd,2.13999992411118e-05,13004562.657967053,2262.6579670524475,0.0,23.0,1.0,13.0
c203_21,2,50,depot,1,sweep,1.2900000001536682e-05,7027904.35129968,1776.742066647351,2392.7609233032836,22.0,0.0,7.0
c203_21,2,50,depot,1,nearest,0.00023150000197347254,7027214.324478386,1787.5810339622942,2352.6743444423546,19.0,2.0,7.0
c203_21,2,50,depot,1,grasp,0.06265160000111791,3066052.2279406823,1662.509479245837,6238.971846143624,20.0,1.0,3.0
c203_21,2,50,depot,1,mp_eavns,1.0694098999993003,2003295.3531236108,1395.3531236109457,0.0,19.0,0.0,2.0
c203_21,2,50,phased,11,edd,3.5400000342633575e-05,2004583.1155846512,2283.1155846513093,0.0,23.0,10.0,2.0
c203_21,2,50,phased,11,sweep,2.599999788799323e-05,31719.247433705797,1785.8475609113177,2773.339987279448,22.0,5.0,0.0
c203_21,2,50,phased,11,nearest,0.00046499999734805897,2027086.3228830805,1746.0116266511868,2344.0311256429177,19.0,6.0,2.0
c203_21,2,50,phased,11,grasp,0.1368642000015825,20337.636263979613,1898.4947832271757,1653.9141480752437,19.0,9.0,0.0
c203_21,2,50,phased,11,mp_eavns,1.311830499998905,3331.780248848867,1431.780248848867,0.0,19.0,3.0,0.0
c203_21,2,50,all,21,edd,2.4400000256719068e-05,2004578.0097542675,2278.0097542674107,0.0,23.0,9.0,2.0
c203_21,2,50,all,21,sweep,1.6199999663513154e-05,31719.247433705797,1785.8475609113177,2773.339987279448,22.0,5.0,0.0
c203_21,2,50,all,21,nearest,0.00023579999833600596,2027086.3228830805,1746.0116266511868,2344.0311256429177,19.0,6.0,2.0
c203_21,2,50,all,21,grasp,0.13068449999991572,16388.269709551598,1687.4427306830823,1280.0826978868513,19.0,7.0,0.0
c203_21,2,50,all,21,mp_eavns,1.8105026000012003,3341.0190038648116,1441.0190038648116,0.0,19.0,4.0,0.0
c203_21,3,75,depot,1,edd,3.0100000003585592e-05,22006642.684970357,3442.684970356635,0.0,32.0,3.0,22.0
c203_21,3,75,depot,1,sweep,1.7400001524947584e-05,7029911.109293279,2483.5000602466193,2432.7609233032836,31.0,0.0,7.0
c203_21,3,75,depot,1,nearest,0.0004745999976876192,7030583.1011189995,2543.2336357270574,2523.986748327231,28.0,3.0,7.0
c203_21,3,75,depot,1,grasp,0.19522130000041216,6019595.584971479,2600.90986667397,1419.467510480472,28.0,3.0,6.0
c203_21,3,75,depot,1,mp_eavns,3.4914640999995754,2004702.9265701135,2002.926570113538,0.0,27.0,0.0,2.0
c203_21,3,75,phased,16,edd,3.610000203480013e-05,9006638.915200049,3438.9152000499303,0.0,32.0,12.0,9.0
c203_21,3,75,phased,16,sweep,2.13999992411118e-05,33730.097012101935,2496.6971393074605,2813.339987279448,31.0,5.0,0.0
c203_21,3,75,phased,16,nearest,0.0004888000003120396,2030417.9945601707,2464.559264892852,2515.343529527794,28.0,7.0,2.0
c203_21,3,75,phased,16,grasp,0.2392061000027752,40896.51835280019,2551.669395425128,3554.484895737505,28.0,9.0,0.0
c203_21,3,75,phased,16,mp_eavns,4.213788100001693,4740.70006334446,2040.700063344461,0.0,27.0,3.0,0.0
c203_21,3,75,all,21,edd,3.100000321865082e-05,9006635.265114577,3435.26511457803,0.0,32.0,12.0,9.0
c203_21,3,75,all,21,sweep,2.0200001017656177e-05,33730.097012101935,2496.6971393074605,2813.339987279448,31.0,5.0,0.0
c203_21,3,75,all,21,nearest,0.00047839999751886353,2030415.3920592181,2461.956763940285,2515.343529527794,28.0,6.0,2.0
c203_21,3,75,all,21,grasp,0.2825520000005781,25513.840508365116,2642.870249911256,1997.0970258453863,29.0,11.0,0.0
c203_21,3,75,all,21,mp_eavns,4.686704899999313,4765.587057495277,2065.5870574952764,0.0,27.0,4.0,0.0
c203_21,4,100,depot,1,edd,4.149999949731864e-05,23008519.30718042,4419.307180418153,0.0,41.0,7.0,23.0
c203_21,4,100,depot,1,sweep,2.2100000933278352e-05,7034101.751180864,3194.1419478312123,2670.7609233032836,42.0,0.0,7.0
c203_21,4,100,depot,1,nearest,0.0009441000001970679,8024534.172593022,3029.3708881375874,1780.480170488437,37.0,2.0,8.0
c203_21,4,100,depot,1,grasp,0.4584672999990289,7039730.270966792,3199.0547761665775,3283.121619062519,37.0,3.0,7.0
c203_21,4,100,depot,1,mp_eavns,7.89257699999871,2006303.387255963,2603.387255962962,0.0,37.0,0.0,2.0
c203_21,4,100,phased,21,edd,4.27999984822236e-05,4008516.538193536,4416.538193535862,0.0,41.0,19.0,4.0
c203_21,4,100,phased,21,sweep,2.5800000003073364e-05,37920.738899686534,3207.3390268920534,3051.339987279448,42.0,5.0,0.0
c203_21,4,100,phased,21,nearest,0.0008653000004414935,2024497.7954979003,2992.993793015939,1780.480170488437,37.0,7.0,2.0
c203_21,4,100,phased,21,grasp,0.4904249000028358,67847.1965239353,3442.8739216052577,6060.432260233005,38.0,14.0,0.0
c203_21,4,100,phased,21,mp_eavns,13.083273299998837,6343.234341775849,2643.2343417758498,0.0,37.0,3.0,0.0
c203_21,4,100,all,21,edd,5.280000186758116e-05,4008516.538193536,4416.538193535862,0.0,41.0,19.0,4.0
c203_21,4,100,all,21,sweep,4.160000025876798e-05,37920.738899686534,3207.3390268920534,3051.339987279448,42.0,5.0,0.0
c203_21,4,100,all,21,nearest,0.0015351000001828652,2024497.7954979003,2992.993793015939,1780.480170488437,37.0,7.0,2.0
c203_21,4,100,all,21,grasp,0.7063694000025862,34192.37389971379,3353.2360679973735,2703.913783171642,38.0,12.0,0.0
c203_21,4,100,all,21,mp_eavns,8.547521299999062,6353.434431692014,2653.434431692014,0.0,37.0,4.0,0.0
c204_21,1,25,depot,1,edd,1.21000011858996e-05,2001984.1094141821,884.1094141822447,0.0,11.0,0.0,2.0
c204_21,1,25,depot,1,sweep,7.399998139590025e-06,18917.700956243807,737.7009562438066,1718.0,10.0,0.0,0.0
c204_21,1,25,depot,1,nearest,7.790000017848797e-05,2001625.3486509188,725.348650918913,0.0,9.0,0.0,2.0
c204_21,1,25,depot,1,grasp,0.006879000000481028,2135.811861154865,765.8118611548649,37.0,10.0,0.0,0.0
c204_21,1,25,depot,1,mp_eavns,0.15901859999939916,1540.5401173599496,640.5401173599496,0.0,9.0,0.0,0.0
c204_21,1,25,phased,6,edd,1.0200001270277426e-05,1001998.9729747965,898.9729747965746,0.0,11.0,1.0,1.0
c204_21,1,25,phased,6,sweep,8.499999239575118e-06,18917.700956243807,737.7009562438066,1718.0,10.0,0.0,0.0
c204_21,1,25,phased,6,nearest,8.049999814829789e-05,2001625.3486509188,725.348650918913,0.0,9.0,0.0,2.0
c204_21,1,25,phased,6,grasp,0.008680199996888405,1581.9040688054206,681.9040688054206,0.0,9.0,1.0,0.0
c204_21,1,25,phased,6,mp_eavns,0.27520779999758815,1538.7372411968263,638.7372411968262,0.0,9.0,0.0,0.0
c204_21,1,25,all,21,edd,1.1800002539530396e-05,1001994.3023257719,894.3023257718369,0.0,11.0,1.0,1.0
c204_21,1,25,all,21,sweep,8.900002285372466e-06,18917.700956243807,737.7009562438066,1718.0,10.0,0.0,0.0
c204_21,1,25,all,21,nearest,7.610000102431513e-05,1001635.1606162258,735.1606162258212,0.0,9.0,1.0,1.0
c204_21,1,25,all,21,grasp,0.011556499997823266,1606.6053822930758,706.6053822930758,0.0,9.0,1.0,0.0
c204_21,1,25,all,21,mp_eavns,0.23086309999780497,1548.9433796754213,648.9433796754213,0.0,9.0,1.0,0.0
c204_21,2,50,depot,1,edd,3.2500000088475645e-05,6004066.421812253,1866.4218122534623,0.0,22.0,1.0,6.0
c204_21,2,50,depot,1,sweep,2.2300002456177026e-05,7021156.742066647,1776.742066647351,1718.0,22.0,0.0,7.0
c204_21,2,50,depot,1,nearest,0.0004219999973429367,7016318.4152016435,1787.5810339622942,1263.0834167681476,19.0,2.0,7.0
c204_21,2,50,depot,1,grasp,0.05620659999840427,5003893.081609523,1623.0816095225282,37.0,19.0,0.0,5.0
c204_21,2,50,depot,1,mp_eavns,1.102883200001088,3003298.625389731,1398.6253897309361,0.0,19.0,0.0,3.0
c204_21,2,50,phased,11,edd,2.3299999156733975e-05,1004059.3515746954,1859.351574695387,0.0,22.0,5.0,1.0
c204_21,2,50,phased,11,sweep,1.5199999324977398e-05,24971.638200672965,1785.8475609113177,2098.5790639761644,22.0,5.0,0.0
c204_21,2,50,phased,11,nearest,0.0002482999989297241,2016190.4136063382,1746.0116266511868,1254.4401979687107,19.0,6.0,2.0
c204_21,2,50,phased,11,grasp,0.10681859999749577,8819.631110149781,1795.775635804647,512.3855474345135,19.0,9.0,0.0
c204_21,2,50,phased,11,mp_eavns,1.5087069000001065,3318.2262296318986,1418.2262296318988,0.0,19.0,3.0,0.0
c204_21,2,50,all,21,edd,2.4900000425986946e-05,1004059.3515746954,1859.351574695387,0.0,22.0,5.0,1.0
c204_21,2,50,all,21,sweep,1.6499998309882358e-05,24971.638200672965,1785.8475609113177,2098.5790639761644,22.0,5.0,0.0
c204_21,2,50,all,21,nearest,0.00023499999952036887,2016190.4136063382,1746.0116266511868,1254.4401979687107,19.0,6.0,2.0
c204_21,2,50,all,21,grasp,0.10967800000071293,9813.572712965857,1571.3455372737405,634.2227175692117,19.0,4.0,0.0
c204_21,2,50,all,21,mp_eavns,2.6233245999974315,3331.488541137823,1431.4885411378232,0.0,19.0,4.0,0.0
c204_21,3,75,depot,1,edd,2.8800001018680632e-05,12006239.72380089,3139.7238008898858,0.0,31.0,5.0,12.0
c204_21,3,75,depot,1,sweep,1.680000059423037e-05,7023163.500060246,2483.5000602466193,1758.0,31.0,0.0,7.0
c204_21,3,75,depot,1,nearest,0.00046829999701003544,7028102.563888176,2543.2336357270574,2275.9330252449035,28.0,3.0,7.0
c204_21,3,75,depot,1,grasp,0.08278670000072452,6006901.659238759,2619.4637941866713,138.21954445729307,29.0,3.0,6.0
c204_21,3,75,depot,1,mp_eavns,3.359285100003035,3004711.5678785844,2011.5678785843886,0.0,27.0,0.0,3.0
c204_21,3,75,phased,16,edd,3.35000004270114e-05,7006243.793960162,3143.793960162714,0.0,31.0,11.0,7.0
c204_21,3,75,phased,16,sweep,2.010000025620684e-05,26982.487779069106,2496.6971393074605,2138.5790639761644,31.0,5.0,0.0
c204_21,3,75,phased,16,nearest,0.00048379999861936085,2027937.4573293475,2464.559264892852,2267.2898064454666,28.0,7.0,2.0
c204_21,3,75,phased,16,grasp,0.20142349999878206,5280.311915468798,2480.3119154687984,0.0,28.0,9.0,0.0
c204_21,3,75,phased,16,mp_eavns,4.62279430000126,4739.270164942053,2039.270164942053,0.0,27.0,3.0,0.0
c204_21,3,75,all,21,edd,5.289999899105169e-05,7006241.293145776,3141.293145776016,0.0,31.0,10.0,7.0
c204_21,3,75,all,21,sweep,3.6299999919719994e-05,26982.487779069106,2496.6971393074605,2138.5790639761644,31.0,5.0,0.0
c204_21,3,75,all,21,nearest,0.0008520999981556088,2027934.854828395,2461.956763940285,2267.2898064454666,28.0,6.0,2.0
c204_21,3,75,all,21,grasp,0.230750499998976,5819.096410622318,2619.096410622318,40.0,28.0,11.0,0.0
c204_21,3,75,all,21,mp_eavns,5.13642240000263,4755.471561528191,2055.4715615281916,0.0,27.0,4.0,0.0
c204_21,4,100,depot,1,edd,3.730000025825575e-05,26008515.973283675,4415.9732836757275,0.0,41.0,5.0,26.0
c204_21,4,100,depot,1,sweep,2.170000152545981e-05,7024974.141947831,3194.1419478312123,1758.0,42.0,0.0,7.0
c204_21,4,100,depot,1,nearest,0.0008393999996769708,7019858.180317743,3064.3121870561095,1309.3868130686353,37.0,3.0,7.0
c204_21,4,100,depot,1,grasp,0.17416710000179592,7021897.735877748,3077.583801123272,1512.0152076624186,37.0,2.0,7.0
c204_21,4,100,depot,1,mp_eavns,5.437524700002541,3006310.3110411884,2610.311041188389,0.0,37.0,0.0,3.0
c204_21,4,100,phased,21,edd,4.769999941345304e-05,10008529.84757948,4429.847579479658,0.0,41.0,19.0,10.0
c204_21,4,100,phased,21,sweep,2.7300000510876998e-05,28793.1296666537,3207.3390268920534,2138.5790639761644,42.0,5.0,0.0
c204_21,4,100,phased,21,nearest,0.0008674999990034848,19782.347929796662,2988.4797991103082,1309.3868130686353,37.0,8.0,0.0
c204_21,4,100,phased,21,grasp,0.39583090000087395,28659.050343928597,3553.6226183291346,2130.542772559946,38.0,16.0,0.0
c204_21,4,100,phased,21,mp_eavns,12.11213990000033,6341.2343710817995,2641.2343710817995,0.0,37.0,3.0,0.0
c204_21,4,100,all,21,edd,4.369999805931002e-05,10008529.84757948,4429.847579479658,0.0,41.0,19.0,10.0
c204_21,4,100,all,21,sweep,2.559999848017469e-05,28793.1296666537,3207.3390268920534,2138.5790639761644,42.0,5.0,0.0
c204_21,4,100,all,21,nearest,0.0008458000011160038,19782.347929796662,2988.4797991103082,1309.3868130686353,37.0,8.0,0.0
c204_21,4,100,all,21,grasp,0.46420560000115074,26071.80602356775,3596.088269926167,1867.5717753641584,38.0,16.0,0.0
c204_21,4,100,all,21,mp_eavns,7.3205395999975735,6348.010694526076,2648.0106945260754,0.0,37.0,4.0,0.0
c205_21,1,25,depot,1,edd,1.2500000593718141e-05,1001577.6279720071,677.6279720071894,0.0,9.0,0.0,1.0
c205_21,1,25,depot,1,sweep,7.399998139590025e-06,37734.25228969085,737.7009562438066,3599.655133344704,10.0,0.0,0.0
c205_21,1,25,depot,1,nearest,7.449999975506216e-05,2011923.2781896244,725.348650918913,1029.7929538705546,9.0,0.0,2.0
c205_21,1,25,depot,1,grasp,0.007308200001716614,1770.9326162749035,770.9326162749036,0.0,10.0,0.0,0.0
c205_21,1,25,depot,1,mp_eavns,0.1384370999985549,1536.3940180028346,636.3940180028346,0.0,9.0,0.0,0.0
c205_21,1,25,phased,6,edd,1.1200001608813182e-05,1001577.6279720071,677.6279720071894,0.0,9.0,0.0,1.0
c205_21,1,25,phased,6,sweep,9.20000093174167e-06,37734.25228969085,737.7009562438066,3599.655133344704,10.0,0.0,0.0
c205_21,1,25,phased,6,nearest,7.599999662488699e-05,2011923.2781896244,725.348650918913,1029.7929538705546,9.0,0.0,2.0
c205_21,1,25,phased,6,grasp,0.008857400000124471,2543.8246326067087,813.8246326067089,73.0,10.0,2.0,0.0
c205_21,1,25,phased,6,mp_eavns,0.19137489999775426,1559.1773275126097,659.1773275126098,0.0,9.0,1.0,0.0
c205_21,1,25,all,21,edd,1.049999991664663e-05,1001577.6279720071,677.6279720071894,0.0,9.0,0.0,1.0
c205_21,1,25,all,21,sweep,8.700000762473792e-06,37734.25228969085,737.7009562438066,3599.655133344704,10.0,0.0,0.0
c205_21,1,25,all,21,nearest,7.2900002123788e-05,1011933.0901549314,735.1606162258212,1029.7929538705546,9.0,1.0,1.0
c205_21,1,25,all,21,grasp,0.011651600001641782,2546.743674527997,816.7436745279971,73.0,10.0,2.0,0.0
c205_21,1,25,all,21,mp_eavns,0.2574533999977575,1578.6183844944298,678.61838449443,0.0,9.0,1.0,0.0
c205_21,2,50,depot,1,edd,2.13999992411118e-05,15004524.240898447,2324.2408984468925,0.0,22.0,2.0,15.0
c205_21,2,50,depot,1,sweep,1.7099999240599573e-05,7050865.130904057,1776.742066647351,4688.838883740962,22.0,0.0,7.0
c205_21,2,50,depot,1,nearest,0.00023700000019744039,7041113.813689623,1827.7268658604803,3738.6086823762525,19.0,2.0,7.0
c205_21,2,50,depot,1,grasp,0.05521690000023227,4075818.349641566,1812.9910148226702,7200.535862674344,20.0,2.0,4.0
c205_21,2,50,depot,1,mp_eavns,0.972754000002169,2003305.5635634237,1405.563563423725,0.0,19.0,0.0,2.0
c205_21,2,50,phased,11,edd,2.4500001018168405e-05,3004500.3873270787,2300.3873270789345,0.0,22.0,9.0,3.0
c205_21,2,50,phased,11,sweep,1.6900001355679706e-05,57325.81767784422,1785.8475609113177,5333.997011693291,22.0,5.0,0.0
c205_21,2,50,phased,11,nearest,0.0002521999995224178,2040607.2543306372,1792.4896056096507,3691.4764725027435,19.0,6.0,2.0
c205_21,2,50,phased,11,grasp,0.11622229999920819,19987.446209068155,1658.3287142479144,1642.9117494820243,19.0,6.0,0.0
c205_21,2,50,phased,11,mp_eavns,2.047269899998355,3325.0509609644732,1425.0509609644732,0.0,19.0,3.0,0.0
c205_21,2,50,all,21,edd,1.9999999494757503e-05,3004500.3873270787,2300.3873270789345,0.0,22.0,9.0,3.0
c205_21,2,50,all,21,sweep,1.5099998563528061e-05,57325.81767784422,1785.8475609113177,5333.997011693291,22.0,5.0,0.0
c205_21,2,50,all,21,nearest,0.0002351000002818182,2040607.2543306372,1792.4896056096507,3691.4764725027435,19.0,6.0,2.0
c205_21,2,50,all,21,grasp,0.18824010000025737,39827.76063533817,1817.221964011305,3601.0538671326867,20.0,7.0,0.0
c205_21,2,50,all,21,mp_eavns,2.1402861999995366,3344.1896494893135,1444.1896494893135,0.0,19.0,3.0,0.0
c205_21,3,75,depot,1,edd,2.4400000256719068e-05,24007238.059099033,3938.0590990323544,0.0,33.0,6.0,24.0
c205_21,3,75,depot,1,sweep,1.7300000763498247e-05,7052631.888897656,2483.5000602466193,4704.838883740962,31.0,0.0,7.0
c205_21,3,75,depot,1,nearest,0.00048410000090370886,7064200.458270972,2469.9307336986863,5893.05275372728,28.0,2.0,7.0
c205_21,3,75,depot,1,grasp,0.15841110000110348,6086852.997707622,2551.713622628496,8140.128408499397,29.0,1.0,6.0
c205_21,3,75,depot,1,mp_eavns,3.204118700003164,2004719.030520665,2019.0305206649193,0.0,27.0,0.0,2.0
c205_21,3,75,phased,16,edd,3.060000017285347e-05,6007240.537940542,3940.5379405423155,0.0,33.0,20.0,6.0
c205_21,3,75,phased,16,sweep,2.3600001441081986e-05,59096.66725624037,2496.6971393074605,5349.997011693291,31.0,5.0,0.0
c205_21,3,75,phased,16,nearest,0.0004894999983662274,2063655.1014960853,2433.184972732518,5842.191652335272,28.0,7.0,2.0
c205_21,3,75,phased,16,grasp,0.3047216999984812,48025.29672386073,2678.43966544925,4244.685705841148,29.0,9.0,0.0
c205_21,3,75,phased,16,mp_eavns,4.366052000001218,4777.976188895467,2077.976188895467,0.0,27.0,4.0,0.0
c205_21,3,75,all,21,edd,2.719999974942766e-05,6007240.537940542,3940.5379405423155,0.0,33.0,20.0,6.0
c205_21,3,75,all,21,sweep,2.1899999410379678e-05,59096.66725624037,2496.6971393074605,5349.997011693291,31.0,5.0,0.0
c205_21,3,75,all,21,nearest,0.00047709999853395857,2063671.3211599493,2430.635136180912,5844.068602376836,28.0,6.0,2.0
c205_21,3,75,all,21,grasp,0.3502963999999338,68159.46584234436,2766.97022668904,6249.2495615655325,29.0,13.0,0.0
c205_21,3,75,all,21,mp_eavns,5.054277100000036,4839.065440393111,2139.0654403931107,0.0,27.0,5.0,0.0
c205_21,4,100,depot,1,edd,3.1200001103570685e-05,32009047.636794273,4947.6367942739535,0.0,41.0,8.0,32.0
c205_21,4,100,depot,1,sweep,2.220000169472769e-05,7082049.393127624,3194.1419478312123,7465.525117979273,42.0,0.0,7.0
c205_21,4,100,depot,1,nearest,0.0008268000019597821,8129638.72829632,3183.1172554331524,12275.561104088658,37.0,4.0,8.0
c205_21,4,100,depot,1,grasp,0.2972482000004675,6124737.600062502,3197.2065322193166,11784.039353028234,37.0,3.0,6.0
c205_21,4,100,depot,1,mp_eavns,6.065785499999038,2006293.9465575905,2593.946557590617,0.0,37.0,0.0,2.0
c205_21,4,100,phased,21,edd,4.7500001528533176e-05,6009002.333650178,4902.333650178539,0.0,41.0,27.0,6.0
c205_21,4,100,phased,21,sweep,2.9599999834317714e-05,88514.17148620807,3207.3390268920534,8110.683245931602,42.0,5.0,0.0
c205_21,4,100,phased,21,nearest,0.0008106999994197395,129083.91910304074,3145.7744895086767,12223.814461353206,37.0,11.0,0.0
c205_21,4,100,phased,21,grasp,0.6816609999987122,69762.57791412088,3217.626036457388,6274.49518776635,38.0,10.0,0.0
c205_21,4,100,phased,21,mp_eavns,10.903965400000743,6380.34769290596,2680.34769290596,0.0,37.0,4.0,0.0
c205_21,4,100,all,21,edd,3.49000001733657e-05,6009002.333650178,4902.333650178539,0.0,41.0,27.0,6.0
c205_21,4,100,all,21,sweep,2.8200000087963417e-05,88514.17148620807,3207.3390268920534,8110.683245931602,42.0,5.0,0.0
c205_21,4,100,all,21,nearest,0.0008388999995077029,129083.91910304074,3145.7744895086767,12223.814461353206,37.0,11.0,0.0
c205_21,4,100,all,21,grasp,0.8282265000016196,74483.31925915743,3352.662840951775,6733.065641820566,38.0,10.0,0.0
c205_21,4,100,all,21,mp_eavns,11.1859489999988,6400.351771831997,2700.351771831997,0.0,37.0,4.0,0.0
c205C10,1,3,depot,1,edd,8.099999831756577e-06,383.71849471949815,183.71849471949812,0.0,2.0,0.0,0.0
c205C10,1,3,depot,1,sweep,2.7000023692380637e-06,383.71849471949815,183.71849471949812,0.0,2.0,0.0,0.0
c205C10,1,3,depot,1,nearest,9.800001862458885e-06,383.71849471949815,183.71849471949812,0.0,2.0,0.0,0.0
c205C10,1,3,depot,1,grasp,0.0001655000014579855,331.33243844532694,131.33243844532697,0.0,2.0,0.0,0.0
c205C10,1,3,depot,1,mp_eavns,0.0028358999988995492,331.33243844532694,131.33243844532697,0.0,2.0,0.0,0.0
c205C10,1,3,phased,2,edd,3.1000017770566046e-06,383.71849471949815,183.71849471949812,0.0,2.0,0.0,0.0
c205C10,1,3,phased,2,sweep,3.0999981390777975e-06,383.71849471949815,183.71849471949812,0.0,2.0,0.0,0.0
c205C10,1,3,phased,2,nearest,7.099999493220821e-06,383.71849471949815,183.71849471949812,0.0,2.0,0.0,0.0
c205C10,1,3,phased,2,grasp,0.00016790000154287554,331.33243844532694,131.33243844532697,0.0,2.0,0.0,0.0
c205C10,1,3,phased,2,mp_eavns,0.002652499999385327,331.33243844532694,131.33243844532697,0.0,2.0,0.0,0.0
c205C10,1,3,all,3,edd,2.0000006770715117e-06,383.71849471949815,183.71849471949812,0.0,2.0,0.0,0.0
c205C10,1,3,all,3,sweep,6.70000008540228e-06,383.71849471949815,183.71849471949812,0.0,2.0,0.0,0.0
c205C10,1,3,all,3,nearest,5.500001861946657e-06,383.71849471949815,183.71849471949812,0.0,2.0,0.0,0.0
c205C10,1,3,all,3,grasp,0.0001548000000184402,331.33243844532694,131.33243844532697,0.0,2.0,0.0,0.0
c205C10,1,3,all,3,mp_eavns,0.00262759999895934,331.33243844532694,131.33243844532697,0.0,2.0,0.0,0.0
c205C10,2,5,depot,1,edd,3.1999989005271345e-06,2000496.901576087,296.90157608720335,0.0,2.0,0.0,2.0
c205C10,2,5,depot,1,sweep,2.2999993234407157e-06,20147.439492790752,267.2930456952315,1968.0146447095522,2.0,1.0,0.0
c205C10,2,5,depot,1,nearest,9.000003046821803e-06,2032141.3505292966,277.2124027817481,3166.4138126514913,2.0,0.0,2.0
c205C10,2,5,depot,1,grasp,0.000514600000315113,467.2930456952315,267.2930456952315,0.0,2.0,1.0,0.0
c205C10,2,5,depot,1,mp_eavns,0.0072892999996838626,467.2930456952315,267.2930456952315,0.0,2.0,1.0,0.0
c205C10,2,5,phased,2,edd,2.8999966161791235e-06,2000496.901576087,296.90157608720335,0.0,2.0,0.0,2.0
c205C10,2,5,phased,2,sweep,2.4999972083605826e-06,20147.439492790752,267.2930456952315,1968.0146447095522,2.0,1.0,0.0
c205C10,2,5,phased,2,nearest,8.600000001024455e-06,1052645.1758659196,277.69359350539634,5216.748227241423,2.0,1.0,1.0
c205C10,2,5,phased,2,grasp,0.00054689999888069,467.2930456952315,267.2930456952315,0.0,2.0,1.0,0.0
c205C10,2,5,phased,2,mp_eavns,0.0082507999977679,467.2930456952315,267.2930456952315,0.0,2.0,1.0,0.0
c205C10,2,5,all,3,edd,3.1000017770566046e-06,1000502.3450211048,302.34502110477274,0.0,2.0,1.0,1.0
c205C10,2,5,all,3,sweep,2.7999994927085936e-06,20147.439492790752,267.2930456952315,1968.0146447095522,2.0,1.0,0.0
c205C10,2,5,all,3,nearest,8.300001354655251e-06,52648.803326775116,281.3210543608893,5216.748227241423,2.0,2.0,0.0
c205C10,2,5,all,3,grasp,0.0006044999972800724,7190.083759895668,294.16552398115823,669.591823591451,2.0,2.0,0.0
c205C10,2,5,all,3,mp_eavns,0.008808499998849584,444.5100238281242,244.51002382812416,0.0,2.0,1.0,0.0
c205C10,3,8,depot,1,edd,3.2999996619764715e-06,3000653.594009831,353.5940098309086,0.0,3.0,0.0,3.0
c205C10,3,8,depot,1,sweep,3.0000010156072676e-06,28163.583678329796,342.6067714983335,2752.0976906831465,3.0,1.0,0.0
c205C10,3,8,depot,1,nearest,1.4299999747890979e-05,2032316.6642550998,352.5261285848501,3166.4138126514913,3.0,0.0,2.0
c205C10,3,8,depot,1,grasp,0.0007511000003432855,642.6067714983335,342.6067714983335,0.0,3.0,1.0,0.0
c205C10,3,8,depot,1,mp_eavns,0.022313999998004874,611.2087809911682,311.2087809911682,0.0,3.0,1.0,0.0
c205C10,3,8,phased,3,edd,4.099998477613553e-06,2000653.7154667657,353.71546676558205,0.0,3.0,1.0,2.0
c205C10,3,8,phased,3,sweep,3.6999990697950125e-06,28163.583678329796,342.6067714983335,2752.0976906831465,3.0,1.0,0.0
c205C10,3,8,phased,3,nearest,1.5100002201506868e-05,52824.11705257822,356.63478016399125,5216.748227241423,3.0,2.0,0.0
c205C10,3,8,phased,3,grasp,0.0011002999999618623,5390.053006620421,417.5742385285429,467.2478768091878,3.0,2.0,0.0
c205C10,3,8,phased,3,mp_eavns,0.022683299997879658,610.8622620255976,310.86226202559766,0.0,3.0,1.0,0.0
c205C10,3,8,all,3,edd,3.6000019463244826e-06,2000653.7154667657,353.71546676558205,0.0,3.0,1.0,2.0
c205C10,3,8,all,3,sweep,3.4999975468963385e-06,28163.583678329796,342.6067714983335,2752.0976906831465,3.0,1.0,0.0
c205C10,3,8,all,3,nearest,1.4099998224992305e-05,52824.11705257822,356.63478016399125,5216.748227241423,3.0,2.0,0.0
c205C10,3,8,all,3,grasp,0.001080799996998394,7655.859827241354,348.590225223868,700.7269602017485,3.0,1.0,0.0
c205C10,3,8,all,3,mp_eavns,0.021602299999358365,550.4548173538101,250.45481735381014,0.0,3.0,0.0,0.0
c205C10,4,10,depot,1,edd,4.800000169780105e-06,1000848.4092812048,448.40928120475047,0.0,4.0,1.0,1.0
c205C10,4,10,depot,1,sweep,3.6000019463244826e-06,28335.769247138684,414.7923403072203,2752.0976906831465,4.0,1.0,0.0
c205C10,4,10,depot,1,nearest,2.010000025620684e-05,3032507.829834976,443.69170846078197,3166.4138126514913,4.0,0.0,3.0
c205C10,4,10,depot,1,grasp,0.00134529999922961,20046.979684963753,460.93534996549056,1918.6044334998264,4.0,2.0,0.0
c205C10,4,10,depot,1,mp_eavns,0.03428620000340743,783.394349800055,383.394349800055,0.0,4.0,1.0,0.0
c205C10,4,10,phased,3,edd,6.900001608300954e-06,851.7848257090441,451.7848257090441,0.0,4.0,2.0,0.0
c205C10,4,10,phased,3,sweep,6.099999154685065e-06,28335.769247138684,414.7923403072203,2752.0976906831465,4.0,1.0,0.0
c205C10,4,10,phased,3,nearest,2.3199998395284638e-05,49150.66978993278,447.3963655227216,4830.327342441005,4.0,2.0,0.0
c205C10,4,10,phased,3,grasp,0.0014061000001674984,1622.2969163337148,460.316526061859,76.19803902718559,4.0,2.0,0.0
c205C10,4,10,phased,3,mp_eavns,0.04054360000009183,783.0478308344844,383.04783083448444,0.0,4.0,1.0,0.0
c205C10,4,10,all,3,edd,5.999998393235728e-06,851.7848257090441,451.7848257090441,0.0,4.0,2.0,0.0
c205C10,4,10,all,3,sweep,5.40000110049732e-06,28335.769247138684,414.7923403072203,2752.0976906831465,4.0,1.0,0.0
c205C10,4,10,all,3,nearest,2.2300002456177026e-05,49150.66978993278,447.3963655227216,4830.327342441005,4.0,2.0,0.0
c205C10,4,10,all,3,grasp,0.001628599999094149,891.3953960082331,491.3953960082331,0.0,4.0,3.0,0.0
c205C10,4,10,all,3,mp_eavns,0.031415400000696536,722.6403861626969,322.6403861626969,0.0,4.0,0.0,0.0
c206_21,1,25,depot,1,edd,1.1299998732283711e-05,1001580.7093576341,680.709357634103,0.0,9.0,0.0,1.0
c206_21,1,25,depot,1,sweep,7.499998901039362e-06,30324.25228969085,737.7009562438066,2858.655133344704,10.0,0.0,0.0
c206_21,1,25,depot,1,nearest,7.530000220867805e-05,2008819.2025506364,721.2730119307215,719.7929538705546,9.0,0.0,2.0
c206_21,1,25,depot,1,grasp,0.006954899999982445,1001657.2330048037,757.2330048036202,0.0,9.0,0.0,1.0
c206_21,1,25,depot,1,mp_eavns,0.18190039999899454,1552.427837808506,652.427837808506,0.0,9.0,0.0,0.0
c206_21,1,25,phased,6,edd,1.330000304733403e-05,1001580.7093576341,680.709357634103,0.0,9.0,0.0,1.0
c206_21,1,25,phased,6,sweep,1.0199997632298619e-05,30324.25228969085,737.7009562438066,2858.655133344704,10.0,0.0,0.0
c206_21,1,25,phased,6,nearest,8.130000060191378e-05,2008819.2025506364,721.2730119307215,719.7929538705546,9.0,0.0,2.0
c206_21,1,25,phased,6,grasp,0.00874409999960335,4414.942522110605,741.0908740392603,277.3851648071345,9.0,2.0,0.0
c206_21,1,25,phased,6,mp_eavns,0.23042699999859906,1545.85661874081,645.8566187408101,0.0,9.0,0.0,0.0
c206_21,1,25,all,21,edd,1.059999704011716e-05,1001580.7093576341,680.709357634103,0.0,9.0,0.0,1.0
c206_21,1,25,all,21,sweep,9.20000093174167e-06,30324.25228969085,737.7009562438066,2858.655133344704,10.0,0.0,0.0
c206_21,1,25,all,21,nearest,7.829999958630651e-05,1008829.0145159431,731.0849772376295,719.7929538705546,9.0,1.0,1.0
c206_21,1,25,all,21,grasp,0.009083999997528736,4183.388774850909,749.3712323409944,243.40175425099142,10.0,0.0,0.0
c206_21,1,25,all,21,mp_eavns,0.2265953999994963,1548.4733570977787,648.4733570977787,0.0,9.0,0.0,0.0
c206_21,2,50,depot,1,edd,1.720000000204891e-05,13004211.229817996,2111.2298179959557,0.0,21.0,1.0,13.0
c206_21,2,50,depot,1,sweep,1.2300002708798274e-05,7034029.912437991,1776.742066647351,3005.317037134395,22.0,0.0,7.0
c206_21,2,50,depot,1,nearest,0.0002314000012120232,7022430.520753134,1783.5053949741025,1874.7015358159738,19.0,2.0,7.0
c206_21,2,50,depot,1,grasp,0.054424899997684406,4036069.641998442,1680.3217034707975,3248.9320294971185,19.0,2.0,4.0
c206_21,2,50,depot,1,mp_eavns,1.160071100002824,2003320.8208194324,1420.8208194324875,0.0,19.0,0.0,2.0
c206_21,2,50,phased,11,edd,2.4600001779617742e-05,5004196.077264717,2096.077264716579,0.0,21.0,6.0,5.0
c206_21,2,50,phased,11,sweep,1.6100002540042624e-05,35680.59921177856,1785.8475609113177,3169.475165086724,22.0,5.0,0.0
c206_21,2,50,phased,11,nearest,0.00023909999799798243,2021897.8144879735,1741.935987662995,1825.587850031052,19.0,6.0,2.0
c206_21,2,50,phased,11,grasp,0.1384782000022824,23997.926079045777,1955.122578846695,2004.2803500199084,20.0,9.0,0.0
c206_21,2,50,phased,11,mp_eavns,1.4600642999976117,3308.03923927078,1408.03923927078,0.0,19.0,2.0,0.0
c206_21,2,50,all,21,edd,2.179999864893034e-05,5004196.077264717,2096.077264716579,0.0,21.0,6.0,5.0
c206_21,2,50,all,21,sweep,1.5800000255694613e-05,35680.59921177856,1785.8475609113177,3169.475165086724,22.0,5.0,0.0
c206_21,2,50,all,21,nearest,0.0002472000014677178,2021897.8144879735,1741.935987662995,1825.587850031052,19.0,6.0,2.0
c206_21,2,50,all,21,grasp,0.15548170000329264,23534.625256055268,1806.2912576061012,1982.8333998449166,19.0,8.0,0.0
c206_21,2,50,all,21,mp_eavns,1.538897900001757,3300.619890923799,1400.6198909237992,0.0,19.0,2.0,0.0
c206_21,3,75,depot,1,edd,2.680000034160912e-05,20006507.31153504,3407.311535043033,0.0,31.0,4.0,20.0
c206_21,3,75,depot,1,sweep,1.7300000763498247e-05,7035636.670431591,2483.5000602466193,3005.317037134395,31.0,0.0,7.0
c206_21,3,75,depot,1,nearest,0.0004898999977740459,7030954.974841886,2539.1579967388657,2561.5816845147256,28.0,3.0,7.0
c206_21,3,75,depot,1,grasp,0.14361540000027162,5056288.801742605,2368.3844197168037,5122.041732288787,27.0,2.0,5.0
c206_21,3,75,depot,1,mp_eavns,2.607006199999887,2004764.868364022,2064.86836402211,0.0,27.0,0.0,2.0
c206_21,3,75,phased,16,edd,3.5099998058285564e-05,10006514.7553349,3414.7553349002783,0.0,31.0,11.0,10.0
c206_21,3,75,phased,16,sweep,2.220000169472769e-05,37291.4487901747,2496.6971393074605,3169.475165086724,31.0,5.0,0.0
c206_21,3,75,phased,16,nearest,0.0004778000002261251,2029964.1985117693,2460.48362590466,2470.3714885864547,28.0,7.0,2.0
c206_21,3,75,phased,16,grasp,0.31049540000094566,51244.570404321865,2651.1755677935525,4569.339483652831,29.0,10.0,0.0
c206_21,3,75,phased,16,mp_eavns,4.035005900001124,4761.235338274728,2061.2353382747283,0.0,27.0,3.0,0.0
c206_21,3,75,all,21,edd,2.9099999665049836e-05,10006514.7553349,3414.7553349002783,0.0,31.0,11.0,10.0
c206_21,3,75,all,21,sweep,2.3200002033263445e-05,37291.4487901747,2496.6971393074605,3169.475165086724,31.0,5.0,0.0
c206_21,3,75,all,21,nearest,0.000491300001158379,2029979.7598706211,2457.881124952093,2472.1878745669146,28.0,6.0,2.0
c206_21,3,75,all,21,grasp,0.2837194999992789,32546.59775944628,2622.150671838164,2722.4447087608114,27.0,12.0,0.0
c206_21,3,75,all,21,mp_eavns,3.971109300000535,4719.440764215428,2019.440764215428,0.0,27.0,2.0,0.0
c206_21,4,100,depot,1,edd,3.0399998649954796e-05,29008529.443665557,4529.443665557922,0.0,40.0,5.0,29.0
c206_21,4,100,depot,1,sweep,2.4599998141638935e-05,7057427.2151366435,3194.1419478312123,5003.307318881273,42.0,0.0,7.0
c206_21,4,100,depot,1,nearest,0.0008201000018743798,9029377.624317272,3007.1354642262722,2267.0488853046154,37.0,1.0,9.0
c206_21,4,100,depot,1,grasp,0.2700466999995115,8078936.122390679,3455.44999041922,7178.067240025972,37.0,6.0,8.0
c206_21,4,100,depot,1,mp_eavns,5.712325700002111,2006316.6505956156,2616.6505956155293,0.0,37.0,0.0,2.0
c206_21,4,100,phased,21,edd,4.160000025876798e-05,7008547.814339224,4547.814339224267,0.0,40.0,23.0,7.0
c206_21,4,100,phased,21,sweep,2.6300000172341242e-05,59081.993495228075,3207.3390268920534,5167.465446833602,42.0,5.0,0.0
c206_21,4,100,phased,21,nearest,0.0008760000018810388,2029390.0543859517,3019.565532905555,2267.0488853046154,37.0,8.0,2.0
c206_21,4,100,phased,21,grasp,0.7731744000011531,65847.0003787151,3460.044307947167,5868.695607076794,37.0,13.0,0.0
c206_21,4,100,phased,21,mp_eavns,6.135493599998881,6310.491592155851,2610.491592155852,0.0,37.0,2.0,0.0
c206_21,4,100,all,21,edd,5.6799999583745375e-05,7008547.814339224,4547.814339224267,0.0,40.0,23.0,7.0
c206_21,4,100,all,21,sweep,3.7999998312443495e-05,59081.993495228075,3207.3390268920534,5167.465446833602,42.0,5.0,0.0
c206_21,4,100,all,21,nearest,0.0008593999991717283,2029390.0543859517,3019.565532905555,2267.0488853046154,37.0,8.0,2.0
c206_21,4,100,all,21,grasp,0.6857026999969094,81930.44098095513,3437.25331374757,7469.318766720756,38.0,12.0,0.0
c206_21,4,100,all,21,mp_eavns,7.81892400000288,6296.6047955777685,2596.604795577769,0.0,37.0,2.0,0.0
c206C5,1,2,depot,1,edd,7.399998139590025e-06,1000200.0141053448,100.0141053448006,0.0,1.0,0.0,1.0
c206C5,1,2,depot,1,sweep,2.2999993234407157e-06,1007948.8830095744,100.0141053448006,774.886890422961,1.0,0.0,1.0
c206C5,1,2,depot,1,nearest,1.2399999832268804e-05,1000200.0141053448,100.0141053448006,0.0,1.0,0.0,1.0
c206C5,1,2,depot,1,grasp,0.00013439999747788534,1000200.0141053448,100.0141053448006,0.0,1.0,0.0,1.0
c206C5,1,2,depot,1,mp_eavns,0.00218979999772273,338.2544298436792,138.2544298436792,0.0,2.0,0.0,0.0
c206C5,1,2,phased,2,edd,2.7999994927085936e-06,207.73971555800023,107.73971555800023,0.0,1.0,1.0,0.0
c206C5,1,2,phased,2,sweep,2.7999994927085936e-06,7978.446210478806,129.57730624919634,774.886890422961,1.0,1.0,0.0
c206C5,1,2,phased,2,nearest,5.40000110049732e-06,207.73971555800023,107.73971555800023,0.0,1.0,1.0,0.0
c206C5,1,2,phased,2,grasp,0.00014999999984866008,207.73971555800023,107.73971555800023,0.0,1.0,1.0,0.0
c206C5,1,2,phased,2,mp_eavns,0.0014286999976320658,207.73971555800023,107.73971555800023,0.0,1.0,1.0,0.0
c206C5,1,2,all,4,edd,1.8999999156221747e-06,207.73971555800023,107.73971555800023,0.0,1.0,1.0,0.0
c206C5,1,2,all,4,sweep,1.5000005078036338e-06,7951.075028938112,102.20612470850206,774.886890422961,1.0,1.0,0.0
c206C5,1,2,all,4,nearest,3.9000005926936865e-06,207.73971555800023,107.73971555800023,0.0,1.0,1.0,0.0
c206C5,1,2,all,4,grasp,0.00017270000171265565,207.73971555800023,107.73971555800023,0.0,1.0,1.0,0.0
c206C5,1,2,all,4,mp_eavns,0.001644500000111293,207.73971555800023,107.73971555800023,0.0,1.0,1.0,0.0
c206C5,2,3,depot,1,edd,2.4000000848900527e-06,1000237.5402460347,137.54024603470833,0.0,1.0,0.0,1.0
c206C5,2,3,depot,1,sweep,2.4000000848900527e-06,1007982.2214608865,133.35255665688516,774.886890422961,1.0,0.0,1.0
c206C5,2,3,depot,1,nearest,5.300000339047983e-06,1000237.5402460347,137.54024603470833,0.0,1.0,0.0,1.0
c206C5,2,3,depot,1,grasp,0.00015980000171111897,1000237.5402460347,137.54024603470833,0.0,1.0,0.0,1.0
c206C5,2,3,depot,1,mp_eavns,0.0038064000000304077,371.5928811557638,171.5928811557638,0.0,2.0,0.0,0.0
c206C5,2,3,phased,3,edd,2.4999972083605826e-06,1000237.5402460347,137.54024603470833,0.0,1.0,0.0,1.0
c206C5,2,3,phased,3,sweep,2.2000021999701858e-06,1007982.2214608865,133.35255665688516,774.886890422961,1.0,0.0,1.0
c206C5,2,3,phased,3,nearest,5.699999746866524e-06,1000237.5402460347,137.54024603470833,0.0,1.0,0.0,1.0
c206C5,2,3,phased,3,grasp,0.00017870000010589138,256.7637445783773,156.76374457837733,0.0,1.0,1.0,0.0
c206C5,2,3,phased,3,mp_eavns,0.0023909000010462478,256.7637445783773,156.76374457837733,0.0,1.0,1.0,0.0
c206C5,2,3,all,4,edd,2.2000021999701858e-06,1000237.5402460347,137.54024603470833,0.0,1.0,0.0,1.0
c206C5,2,3,all,4,sweep,1.7000020307023078e-06,1007982.2214608865,133.35255665688516,774.886890422961,1.0,0.0,1.0
c206C5,2,3,all,4,nearest,5.40000110049732e-06,1000237.5402460347,137.54024603470833,0.0,1.0,0.0,1.0
c206C5,2,3,all,4,grasp,0.00019070000053034164,256.7637445783773,156.76374457837733,0.0,1.0,1.0,0.0
c206C5,2,3,all,4,mp_eavns,0.0025991000002250075,256.7637445783773,156.76374457837733,0.0,1.0,1.0,0.0
c206C5,3,4,depot,1,edd,2.4000000848900527e-06,3000314.3270014455,214.32700144562762,0.0,1.0,0.0,3.0
c206C5,3,4,depot,1,sweep,1.8999999156221747e-06,2008018.2585248386,169.38962060891717,774.886890422961,1.0,0.0,2.0
c206C5,3,4,depot,1,nearest,7.200000254670158e-06,2000304.9049683148,204.90496831483273,0.0,1.0,0.0,2.0
c206C5,3,4,depot,1,grasp,0.0006632999975408893,2848.463147241556,236.36942011857036,251.20937271229855,1.0,2.0,0.0
c206C5,3,4,depot,1,mp_eavns,0.007543300001998432,436.36942011857036,236.36942011857036,0.0,2.0,1.0,0.0
c206C5,3,4,phased,4,edd,2.5999979698099196e-06,3000314.3270014455,214.32700144562762,0.0,1.0,0.0,3.0
c206C5,3,4,phased,4,sweep,2.6000016077887267e-06,2008018.2585248386,169.38962060891717,774.886890422961,1.0,0.0,2.0
c206C5,3,4,phased,4,nearest,6.70000008540228e-06,2000304.9049683148,204.90496831483273,0.0,1.0,0.0,2.0
c206C5,3,4,phased,4,grasp,0.0007724999995843973,1848.6248078666897,232.13255818507986,151.64922496816098,1.0,2.0,0.0
c206C5,3,4,phased,4,mp_eavns,0.007689499998377869,421.5402835411839,221.5402835411839,0.0,2.0,1.0,0.0
c206C5,3,4,all,4,edd,2.4999972083605826e-06,3000314.3270014455,214.32700144562762,0.0,1.0,0.0,3.0
c206C5,3,4,all,4,sweep,2.2999993234407157e-06,2008018.2585248386,169.38962060891717,774.886890422961,1.0,0.0,2.0
c206C5,3,4,all,4,nearest,7.700000423938036e-06,2000304.9049683148,204.90496831483273,0.0,1.0,0.0,2.0
c206C5,3,4,all,4,grasp,0.0007879000004322734,1848.6248078666897,232.13255818507986,151.64922496816098,1.0,2.0,0.0
c206C5,3,4,all,4,mp_eavns,0.009138800000073388,421.5402835411839,221.5402835411839,0.0,2.0,1.0,0.0
c206C5,4,5,depot,1,edd,3.9000005926936865e-06,1000490.9363822929,290.9363822928858,0.0,2.0,1.0,1.0
c206C5,4,5,depot,1,sweep,2.4999972083605826e-06,2008149.8813014403,201.01239721060094,774.886890422961,2.0,0.0,2.0
c206C5,4,5,depot,1,nearest,1.1599997378652915e-05,2003017.6015577337,255.90250113084048,256.1699056602831,2.0,0.0,2.0
c206C5,4,5,depot,1,grasp,0.0005955999986326788,524.9890174139413,324.98901741394127,0.0,2.0,2.0,0.0
c206C5,4,5,depot,1,mp_eavns,0.010114000000612577,453.39313417083184,253.39313417083184,0.0,2.0,1.0,0.0
c206C5,4,5,phased,4,edd,3.3999967854470015e-06,1000490.9363822929,290.9363822928858,0.0,2.0,1.0,1.0
c206C5,4,5,phased,4,sweep,3.0999981390777975e-06,2008149.8813014403,201.01239721060094,774.886890422961,2.0,0.0,2.0
c206C5,4,5,phased,4,nearest,9.499999578110874e-06,2003017.6015577337,255.90250113084048,256.1699056602831,2.0,0.0,2.0
c206C5,4,5,phased,4,grasp,0.0008343000008608215,508.8508085266304,308.8508085266304,0.0,2.0,2.0,0.0
c206C5,4,5,phased,4,mp_eavns,0.012118400001781993,438.5639975934454,238.56399759344538,0.0,2.0,1.0,0.0
c206C5,4,5,all,4,edd,2.9999973776284605e-06,1000490.9363822929,290.9363822928858,0.0,2.0,1.0,1.0
c206C5,4,5,all,4,sweep,3.4999975468963385e-06,2008149.8813014403,201.01239721060094,774.886890422961,2.0,0.0,2.0
c206C5,4,5,all,4,nearest,9.100000170292333e-06,2003017.6015577337,255.90250113084048,256.1699056602831,2.0,0.0,2.0
c206C5,4,5,all,4,grasp,0.0008901000001060311,508.8508085266304,308.8508085266304,0.0,2.0,2.0,0.0
c206C5,4,5,all,4,mp_eavns,0.012483200000133365,438.5639975934454,238.56399759344538,0.0,2.0,1.0,0.0
c207_21,1,25,depot,1,edd,1.2099997547920793e-05,1722.5553985364104,722.5553985364103,0.0,10.0,0.0,0.0
c207_21,1,25,depot,1,sweep,7.99999907030724e-06,30335.942770742393,737.7009562438066,2859.8241814498588,10.0,0.0,0.0
c207_21,1,25,depot,1,nearest,7.889999687904492e-05,2008133.2781896244,725.348650918913,650.7929538705546,9.0,0.0,2.0
c207_21,1,25,depot,1,grasp,0.006986500000493834,1748.39578886997,748.3957888699699,0.0,10.0,0.0,0.0
c207_21,1,25,depot,1,mp_eavns,0.19043199999941862,1545.3242185367412,645.3242185367413,0.0,9.0,0.0,0.0
c207_21,1,25,phased,6,edd,1.6500001947861165e-05,1722.5553985364104,722.5553985364103,0.0,10.0,0.0,0.0
c207_21,1,25,phased,6,sweep,1.4400000509340316e-05,30335.942770742393,737.7009562438066,2859.8241814498588,10.0,0.0,0.0
c207_21,1,25,phased,6,nearest,0.00014409999857889488,2008133.2781896244,725.348650918913,650.7929538705546,9.0,0.0,2.0
c207_21,1,25,phased,6,grasp,0.011649100000795443,1754.6051476224634,754.6051476224634,0.0,10.0,1.0,0.0
c207_21,1,25,phased,6,mp_eavns,0.1744920999990427,1545.3242185367412,645.3242185367413,0.0,9.0,0.0,0.0
c207_21,1,25,all,21,edd,1.21000011858996e-05,1722.5553985364104,722.5553985364103,0.0,10.0,0.0,0.0
c207_21,1,25,all,21,sweep,1.0200001270277426e-05,30335.942770742393,737.7009562438066,2859.8241814498588,10.0,0.0,0.0
c207_21,1,25,all,21,nearest,7.679999907850288e-05,1008143.0901549314,735.1606162258212,650.7929538705546,9.0,1.0,1.0
c207_21,1,25,all,21,grasp,0.010027799999079434,2333.1025498870276,771.0560445461755,56.204650534085204,10.0,0.0,0.0
c207_21,1,25,all,21,mp_eavns,0.18418989999918267,1545.3242185367412,645.3242185367413,0.0,9.0,0.0,0.0
c207_21,2,50,depot,1,edd,1.9000002794200554e-05,12004468.744179387,2268.7441793857365,0.0,22.0,2.0,12.0
c207_21,2,50,depot,1,sweep,1.3200002285884693e-05,7032574.983881146,1776.742066647351,2859.8241814498588,22.0,0.0,7.0
c207_21,2,50,depot,1,nearest,0.00022769999850424938,7016056.079911409,1787.5810339622942,1236.8498877446286,19.0,2.0,7.0
c207_21,2,50,depot,1,grasp,0.06959759999881499,4041102.504444851,1727.986850799664,3747.4517594051604,19.0,2.0,4.0
c207_21,2,50,depot,1,mp_eavns,1.1141335000029358,2003306.3585543714,1406.3585543713211,0.0,19.0,0.0,2.0
c207_21,2,50,phased,11,edd,2.0700001186924055e-05,3004461.1841011564,2261.1841011566567,0.0,22.0,8.0,3.0
c207_21,2,50,phased,11,sweep,1.559999873279594e-05,32584.089375409905,1785.8475609113177,2859.8241814498588,22.0,5.0,0.0
c207_21,2,50,phased,11,nearest,0.0002356000004510861,2015523.3736462484,1746.0116266511868,1187.736201959707,19.0,6.0,2.0
c207_21,2,50,phased,11,grasp,0.09673649999967893,23419.10586280295,1644.1300256938428,1987.4975837109107,19.0,5.0,0.0
c207_21,2,50,phased,11,mp_eavns,1.752767900001345,3310.1778987392117,1410.1778987392117,0.0,19.0,2.0,0.0
c207_21,2,50,all,21,edd,1.930000144056976e-05,2004461.5664947343,2261.5664947343407,0.0,22.0,9.0,2.0
c207_21,2,50,all,21,sweep,1.5199999324977398e-05,32584.089375409905,1785.8475609113177,2859.8241814498588,22.0,5.0,0.0
c207_21,2,50,all,21,nearest,0.00023440000222763047,2015523.3736462484,1746.0116266511868,1187.736201959707,19.0,6.0,2.0
c207_21,2,50,all,21,grasp,0.11528440000256523,10376.381869203187,1781.7361357824745,669.4645733420714,19.0,7.0,0.0
c207_21,2,50,all,21,mp_eavns,1.9684759999981907,3310.1778987392117,1410.1778987392117,0.0,19.0,2.0,0.0
c207_21,3,75,depot,1,edd,2.7099998987978324e-05,21006584.64706844,3384.6470684425094,0.0,32.0,3.0,21.0
c207_21,3,75,depot,1,sweep,1.710000287857838e-05,7034181.741874745,2483.5000602466193,2859.8241814498588,31.0,0.0,7.0
c207_21,3,75,depot,1,nearest,0.0004881999993813224,7023158.910657633,2543.2336357270574,1781.5677021906436,28.0,3.0,7.0
c207_21,3,75,depot,1,grasp,0.1405674999987241,6032984.59157873,2656.30888013404,2752.828269859642,28.0,4.0,6.0
c207_21,3,75,depot,1,mp_eavns,3.392521099998703,2004840.2101565558,2040.2101565558492,0.0,28.0,0.0,2.0
c207_21,3,75,phased,16,edd,3.35000004270114e-05,5006609.831382822,3409.831382822065,0.0,32.0,14.0,5.0
c207_21,3,75,phased,16,sweep,2.0700001186924055e-05,34194.93895380605,2496.6971393074605,2859.8241814498588,31.0,5.0,0.0
c207_21,3,75,phased,16,nearest,0.000474600001325598,2022553.0242382572,2464.559264892852,1728.8464973364453,28.0,7.0,2.0
c207_21,3,75,phased,16,grasp,0.31989009999961127,8633.980366962493,2695.466804360125,303.8513562602368,29.0,11.0,0.0
c207_21,3,75,phased,16,mp_eavns,4.026351299999078,4756.838908061416,2056.8389080614156,0.0,27.0,3.0,0.0
c207_21,3,75,all,21,edd,3.3799999073380604e-05,4006610.5364182857,3410.53641828581,0.0,32.0,15.0,4.0
c207_21,3,75,all,21,sweep,2.049999966402538e-05,34194.93895380605,2496.6971393074605,2859.8241814498588,31.0,5.0,0.0
c207_21,3,75,all,21,nearest,0.00047620000259485096,2022568.5855971093,2461.956763940285,1730.6628833169048,28.0,6.0,2.0
c207_21,3,75,all,21,grasp,0.2978736000004574,28216.708032118855,2845.6358888389523,2257.1072143279903,28.0,13.0,0.0
c207_21,3,75,all,21,mp_eavns,4.406266099998902,4756.838908061416,2056.8389080614156,0.0,27.0,3.0,0.0
c207_21,4,100,depot,1,edd,3.6299999919719994e-05,27008575.863514055,4375.863514054567,0.0,42.0,2.0,27.0
c207_21,4,100,depot,1,sweep,2.2499996703118086e-05,7049982.286579799,3194.1419478312123,4258.814463196737,42.0,0.0,7.0
c207_21,4,100,depot,1,nearest,0.0008680999999342021,10037450.047546506,3185.8758969474134,3056.417164955859,37.0,2.0,10.0
c207_21,4,100,depot,1,grasp,0.20530679999865242,7119046.500429056,3475.0331535450755,11167.146727551017,39.0,3.0,7.0
c207_21,4,100,depot,1,mp_eavns,7.840191699997376,2006325.6100886525,2625.610088652459,0.0,37.0,0.0,2.0
c207_21,4,100,phased,21,edd,4.020000051241368e-05,11008594.371002162,4394.371002162715,0.0,42.0,13.0,11.0
c207_21,4,100,phased,21,sweep,2.649999805726111e-05,49995.483658859426,3207.3390268920534,4258.814463196737,42.0,5.0,0.0
c207_21,4,100,phased,21,nearest,0.0008887000003596768,3037422.166486589,3157.994837030129,3056.417164955859,37.0,8.0,3.0
c207_21,4,100,phased,21,grasp,0.5609408999989682,25954.320476425062,3312.111309717859,1874.2209166707203,39.0,10.0,0.0
c207_21,4,100,phased,21,mp_eavns,8.118724700001621,6338.361145644235,2638.361145644235,0.0,37.0,3.0,0.0
c207_21,4,100,all,21,edd,3.769999966607429e-05,11008594.371002162,4394.371002162715,0.0,42.0,13.0,11.0
c207_21,4,100,all,21,sweep,2.469999890308827e-05,49995.483658859426,3207.3390268920534,4258.814463196737,42.0,5.0,0.0
c207_21,4,100,all,21,nearest,0.0008198999967135023,3037422.166486589,3157.994837030129,3056.417164955859,37.0,8.0,3.0
c207_21,4,100,all,21,grasp,0.5708196000014141,45741.421895389,3374.276279607266,3866.7145615781737,37.0,14.0,0.0
c207_21,4,100,all,21,mp_eavns,6.436280099998839,6340.952640958608,2640.952640958608,0.0,37.0,2.0,0.0
c208_21,1,25,depot,1,edd,1.349999729427509e-05,1001577.6279720071,677.6279720071894,0.0,9.0,0.0,1.0
c208_21,1,25,depot,1,sweep,7.099999493220821e-06,25649.323732845492,737.7009562438066,2391.1622776601685,10.0,0.0,0.0
c208_21,1,25,depot,1,nearest,7.679999907850288e-05,2005528.303442794,725.348650918913,390.29547918749677,9.0,0.0,2.0
c208_21,1,25,depot,1,grasp,0.006610799999180017,27316.767154052108,829.6480614800023,2548.7119092572107,10.0,1.0,0.0
c208_21,1,25,depot,1,mp_eavns,0.16484779999882448,1576.3034776569637,676.3034776569637,0.0,9.0,0.0,0.0
c208_21,1,25,phased,6,edd,1.2699998478638008e-05,1001577.6279720071,677.6279720071894,0.0,9.0,0.0,1.0
c208_21,1,25,phased,6,sweep,9.60000033956021e-06,25649.323732845492,737.7009562438066,2391.1622776601685,10.0,0.0,0.0
c208_21,1,25,phased,6,nearest,7.929999992484227e-05,2005528.303442794,725.348650918913,390.29547918749677,9.0,0.0,2.0
c208_21,1,25,phased,6,grasp,0.007710499998211162,1593.5477559823357,693.5477559823358,0.0,9.0,1.0,0.0
c208_21,1,25,phased,6,mp_eavns,0.2171042000009038,1547.263172108464,647.2631721084639,0.0,9.0,0.0,0.0
c208_21,1,25,all,21,edd,1.1000000085914508e-05,1001577.6279720071,677.6279720071894,0.0,9.0,0.0,1.0
c208_21,1,25,all,21,sweep,9.999999747378752e-06,25649.323732845492,737.7009562438066,2391.1622776601685,10.0,0.0,0.0
c208_21,1,25,all,21,nearest,7.950000144774094e-05,1005538.1154081008,735.1606162258212,390.29547918749677,9.0,1.0,1.0
c208_21,1,25,all,21,grasp,0.009548900001391303,1632.7544231272334,732.7544231272334,0.0,9.0,2.0,0.0
c208_21,1,25,all,21,mp_eavns,0.1739104000007501,1547.2588859254395,647.2588859254395,0.0,9.0,0.0,0.0
c208_21,2,50,depot,1,edd,1.790000169421546e-05,15004524.240898447,2324.2408984468925,0.0,22.0,2.0,15.0
c208_21,2,50,depot,1,sweep,1.21000011858996e-05,7027888.364843249,1776.742066647351,2391.1622776601685,22.0,0.0,7.0
c208_21,2,50,depot,1,nearest,0.00022280000121099874,7017705.718024501,1827.7268658604803,1397.7991158639848,19.0,2.0,7.0
c208_21,2,50,depot,1,grasp,0.05767859999832581,5005011.5058436785,1769.7024448036188,134.18033988749903,19.0,3.0,5.0
c208_21,2,50,depot,1,mp_eavns,1.2790745999991486,2003334.7497347225,1434.7497347225408,0.0,19.0,0.0,2.0
c208_21,2,50,phased,11,edd,2.559999848017469e-05,3004500.3873270787,2300.3873270789345,0.0,22.0,9.0,3.0
c208_21,2,50,phased,11,sweep,1.7399997886968777e-05,28943.260977274647,1785.8475609113177,2495.741341636333,22.0,5.0,0.0
c208_21,2,50,phased,11,nearest,0.0002514000007067807,2017248.3833709687,1792.4896056096507,1355.5893765359037,19.0,6.0,2.0
c208_21,2,50,phased,11,grasp,0.11598249999951804,18565.22310774288,1809.784483277961,1485.5438624464919,19.0,8.0,0.0
c208_21,2,50,phased,11,mp_eavns,1.4025237999994715,3298.8223209746575,1398.8223209746575,0.0,19.0,2.0,0.0
c208_21,2,50,all,21,edd,1.9499999325489625e-05,3004500.3873270787,2300.3873270789345,0.0,22.0,9.0,3.0
c208_21,2,50,all,21,sweep,1.5100002201506868e-05,28943.260977274647,1785.8475609113177,2495.741341636333,22.0,5.0,0.0
c208_21,2,50,all,21,nearest,0.00023259999943547882,2017248.3833709687,1792.4896056096507,1355.5893765359037,19.0,6.0,2.0
c208_21,2,50,all,21,grasp,0.1441171000005852,18554.347026266,1792.2532149653955,1476.2093811300606,20.0,6.0,0.0
c208_21,2,50,all,21,mp_eavns,2.433573099999194,3322.1272930565933,1422.1272930565933,0.0,19.0,2.0,0.0
c208_21,3,75,depot,1,edd,2.8200000087963417e-05,24007094.248302504,3794.2483025038846,0.0,33.0,5.0,24.0
c208_21,3,75,depot,1,sweep,1.6999998479150236e-05,7029495.122836849,2483.5000602466193,2391.1622776601685,31.0,0.0,7.0
c208_21,3,75,depot,1,nearest,0.0005450999997265171,7033016.785552898,2469.9307336986863,2774.6854819199925,28.0,2.0,7.0
c208_21,3,75,depot,1,grasp,0.10960630000045057,4022436.27794683,2296.1562475339106,1734.0121699296,28.0,1.0,4.0
c208_21,3,75,depot,1,mp_eavns,3.193445500000962,2004875.1484842645,2075.148484264588,0.0,28.0,0.0,2.0
c208_21,3,75,phased,16,edd,3.560000186553225e-05,6007096.727144014,3796.7271440138456,0.0,33.0,19.0,6.0
c208_21,3,75,phased,16,sweep,2.049999966402538e-05,30554.110555670788,2496.6971393074605,2495.741341636333,31.0,5.0,0.0
c208_21,3,75,phased,16,nearest,0.00047369999811053276,2032471.4287780123,2433.184972732518,2723.8243805279844,28.0,7.0,2.0
c208_21,3,75,phased,16,grasp,0.29978309999933117,40151.903393247216,2644.4825878828055,3460.742080536441,29.0,8.0,0.0
c208_21,3,75,phased,16,mp_eavns,3.780027999997401,4712.672925577599,2012.672925577599,0.0,27.0,2.0,0.0
c208_21,3,75,all,21,edd,3.400000059627928e-05,6007096.727144014,3796.7271440138456,0.0,33.0,19.0,6.0
c208_21,3,75,all,21,sweep,2.049999966402538e-05,30554.110555670788,2496.6971393074605,2495.741341636333,31.0,5.0,0.0
c208_21,3,75,all,21,nearest,0.00047170000107144006,2032487.6484418763,2430.635136180912,2725.701330569549,28.0,6.0,2.0
c208_21,3,75,all,21,grasp,0.29815720000260626,41338.508482338446,2783.349664780626,3565.515881755782,29.0,11.0,0.0
c208_21,3,75,all,21,mp_eavns,4.200323200002458,4777.496397675679,2077.496397675679,0.0,27.0,3.0,0.0
c208_21,4,100,depot,1,edd,3.229999856557697e-05,35009217.361213185,5017.3612131846785,0.0,42.0,6.0,35.0
c208_21,4,100,depot,1,sweep,2.0800001948373392e-05,7048155.667541902,3194.1419478312123,4076.1525594070467,42.0,0.0,7.0
c208_21,4,100,depot,1,nearest,0.0008049999996728729,8085663.506898043,3183.1172554331524,7878.038964260984,37.0,4.0,8.0
c208_21,4,100,depot,1,grasp,0.22762719999809633,8068981.511429869,3431.4112643675276,6175.0100165501235,38.0,4.0,8.0
c208_21,4,100,depot,1,mp_eavns,6.176595199998701,2006320.101549921,2620.1015499210816,0.0,37.0,0.0,2.0
c208_21,4,100,phased,21,edd,4.329999865149148e-05,7009166.694579654,4966.694579654457,0.0,42.0,26.0,7.0
c208_21,4,100,phased,21,sweep,2.6699999580159783e-05,49214.65526072417,3207.3390268920534,4180.731623383212,42.0,5.0,0.0
c208_21,4,100,phased,21,nearest,0.0008190000007743947,85157.9224102183,3145.7744895086767,7831.214792070962,37.0,11.0,0.0
c208_21,4,100,phased,21,grasp,0.7456504000001587,54768.55059592264,3141.367271591622,4792.718332433103,37.0,10.0,0.0
c208_21,4,100,phased,21,mp_eavns,11.297996400000557,6309.125835961532,2609.125835961532,0.0,37.0,2.0,0.0
c208_21,4,100,all,21,edd,4.409999746712856e-05,7009166.694579654,4966.694579654457,0.0,42.0,26.0,7.0
c208_21,4,100,all,21,sweep,2.649999805726111e-05,49214.65526072417,3207.3390268920534,4180.731623383212,42.0,5.0,0.0
c208_21,4,100,all,21,nearest,0.0008527999998477753,85157.9224102183,3145.7744895086767,7831.214792070962,37.0,11.0,0.0
c208_21,4,100,all,21,grasp,0.6736884999991162,40536.01673619297,3285.3083959929313,3345.0708340200044,38.0,12.0,0.0
c208_21,4,100,all,21,mp_eavns,7.084128200000123,6341.376959283754,2641.376959283754,0.0,37.0,2.0,0.0
c208C15,1,4,depot,1,edd,7.700000423938036e-06,1000223.8086193852,123.80861938520135,0.0,1.0,0.0,1.0
c208C15,1,4,depot,1,sweep,3.1000017770566046e-06,1030437.0370616991,122.08608601946236,3021.495097567964,1.0,0.0,1.0
c208C15,1,4,depot,1,nearest,1.1300002370262519e-05,1003882.5060504869,117.13956290449534,366.5366487582469,1.0,0.0,1.0
c208C15,1,4,depot,1,grasp,0.0005039000025135465,1000223.8086193852,123.80861938520135,0.0,1.0,0.0,1.0
c208C15,1,4,depot,1,mp_eavns,0.0056790000016917475,351.8522348123056,151.85223481230562,0.0,2.0,0.0,0.0
c208C15,1,4,phased,2,edd,3.4999975468963385e-06,1000223.8086193852,123.80861938520135,0.0,1.0,0.0,1.0
c208C15,1,4,phased,2,sweep,4.0000013541430235e-06,30450.046574599728,135.09559892008696,3021.495097567964,1.0,1.0,0.0
c208C15,1,4,phased,2,nearest,8.500002877553925e-06,3895.515563387589,130.14907580511994,366.5366487582469,1.0,1.0,0.0
c208C15,1,4,phased,2,grasp,0.0005769999988842756,3895.515563387589,130.14907580511994,366.5366487582469,1.0,1.0,0.0
c208C15,1,4,phased,2,mp_eavns,0.006294799997704104,351.8522348123056,151.8522348123056,0.0,2.0,0.0,0.0
c208C15,1,4,all,4,edd,3.4999975468963385e-06,1000223.8086193852,123.80861938520135,0.0,1.0,0.0,1.0
c208C15,1,4,all,4,sweep,2.5000008463393897e-06,30450.046574599728,135.09559892008696,3021.495097567964,1.0,1.0,0.0
c208C15,1,4,all,4,nearest,7.400001777568832e-06,3895.515563387589,130.14907580511994,366.5366487582469,1.0,1.0,0.0
c208C15,1,4,all,4,grasp,0.0006018999993102625,3895.515563387589,130.14907580511994,366.5366487582469,1.0,1.0,0.0
c208C15,1,4,all,4,mp_eavns,0.005513699998118682,351.8522348123056,151.8522348123056,0.0,2.0,0.0,0.0
c208C15,2,8,depot,1,edd,4.399997123982757e-06,5000736.4377722,436.43777219999566,0.0,3.0,0.0,5.0
c208C15,2,8,depot,1,sweep,3.4000004234258085e-06,2030827.0877039873,312.1367283077015,3021.495097567964,3.0,0.0,2.0
c208C15,2,8,depot,1,nearest,1.6100002540042624e-05,2004290.0395697376,324.67308215506034,366.5366487582469,3.0,0.0,2.0
c208C15,2,8,depot,1,grasp,0.0012091999997210223,1000667.396478329,367.39647832901795,0.0,3.0,1.0,1.0
c208C15,2,8,depot,1,mp_eavns,0.02729399999952875,1000621.181888607,321.18188860697757,0.0,3.0,0.0,1.0
c208C15,2,8,phased,3,edd,8.099999831756577e-06,822.9771509125758,522.9771509125758,0.0,3.0,4.0,0.0
c208C15,2,8,phased,3,sweep,5.299996701069176e-06,30841.794299819194,326.8433241395551,3021.495097567964,3.0,2.0,0.0
c208C15,2,8,phased,3,nearest,2.2300002456177026e-05,4311.016598068104,345.650110485635,366.5366487582469,3.0,2.0,0.0
c208C15,2,8,phased,3,grasp,0.0016104999995150138,658.4812070168455,358.4812070168455,0.0,3.0,2.0,0.0
c208C15,2,8,phased,3,mp_eavns,0.031420600000274135,648.9058733855909,348.90587338559095,0.0,3.0,1.0,0.0
c208C15,2,8,all,4,edd,6.499998562503606e-06,781.7615290258134,481.76152902581333,0.0,3.0,4.0,0.0
c208C15,2,8,all,4,sweep,6.399997801054269e-06,30841.794299819194,326.8433241395551,3021.495097567964,3.0,2.0,0.0
c208C15,2,8,all,4,nearest,1.9099999917671084e-05,4304.395011219043,339.0285236365747,366.5366487582469,3.0,2.0,0.0
c208C15,2,8,all,4,grasp,0.001433299999916926,630.0973523851501,330.0973523851501,0.0,3.0,1.0,0.0
c208C15,2,8,all,4,mp_eavns,0.03523779999886756,623.428295904444,323.42829590444404,0.0,3.0,1.0,0.0
c208C15,3,12,depot,1,edd,7.700000423938036e-06,4001232.4917078437,632.4917078435642,0.0,6.0,0.0,4.0
c208C15,3,12,depot,1,sweep,4.999998054699972e-06,2031124.1743971484,409.22342146887553,3021.495097567964,5.0,0.0,2.0
c208C15,3,12,depot,1,nearest,2.9099999665049836e-05,4011133.286889654,569.2363731758389,1006.4050516478283,5.0,0.0,4.0
c208C15,3,12,depot,1,grasp,0.0014058000015211292,1001063.770811622,563.7708116220051,0.0,5.0,2.0,1.0
c208C15,3,12,depot,1,mp_eavns,0.06785929999750806,1000947.2477207673,447.24772076722644,0.0,5.0,0.0,1.0
c208C15,3,12,phased,4,edd,8.099999831756577e-06,1261.4440525147966,661.4440525147966,0.0,6.0,4.0,0.0
c208C15,3,12,phased,4,sweep,7.90000194683671e-06,31138.88099298037,423.9300173007291,3021.495097567964,5.0,2.0,0.0
c208C15,3,12,phased,4,nearest,2.89999989036005e-05,15563.578888320058,594.5815739348659,1446.8997314385192,5.0,4.0,0.0
c208C15,3,12,phased,4,grasp,0.003530599999066908,8095.090589056687,606.8048737148017,698.8285715341885,5.0,3.0,0.0
c208C15,3,12,phased,4,mp_eavns,0.08959970000069006,949.4941280646929,449.4941280646929,0.0,5.0,1.0,0.0
c208C15,3,12,all,4,edd,9.499999578110874e-06,1261.4440525147966,661.4440525147966,0.0,6.0,4.0,0.0
c208C15,3,12,all,4,sweep,8.600000001024455e-06,31138.88099298037,423.9300173007291,3021.495097567964,5.0,2.0,0.0
c208C15,3,12,all,4,nearest,2.9999999242136255e-05,15563.578888320058,594.5815739348659,1446.8997314385192,5.0,4.0,0.0
c208C15,3,12,all,4,grasp,0.0017595999997865874,5864.499507433381,622.4368856970756,474.20626217363053,5.0,5.0,0.0
c208C15,3,12,all,4,mp_eavns,0.08022070000151871,944.7267193841294,444.72671938412935,0.0,5.0,1.0,0.0
c208C15,4,15,depot,1,edd,7.300001016119495e-06,4001355.934967953,655.9349679527242,0.0,7.0,0.0,4.0
c208C15,4,15,depot,1,sweep,5.299996701069176e-06,2031272.5923705315,457.64139485181255,3021.495097567964,6.0,0.0,2.0
c208C15,4,15,depot,1,nearest,3.529999958118424e-05,4029925.809747454,517.419446973321,2890.8390300480382,5.0,0.0,4.0
c208C15,4,15,depot,1,grasp,0.0030273000011220574,2021065.5182005328,540.6545531480365,2002.4863647384714,5.0,1.0,2.0
c208C15,4,15,depot,1,mp_eavns,0.1036009000017657,1001074.2509546615,474.2509546615189,0.0,6.0,0.0,1.0
c208C15,4,15,phased,4,edd,1.0199997632298619e-05,1384.8873126239564,684.8873126239565,0.0,7.0,4.0,0.0
c208C15,4,15,phased,4,sweep,8.999999408842996e-06,31287.298966363305,472.3479906836661,3021.495097567964,6.0,2.0,0.0
c208C15,4,15,phased,4,nearest,3.859999924316071e-05,40792.05088217412,541.7835371992103,3975.0267344974905,5.0,3.0,0.0
c208C15,4,15,phased,4,grasp,0.0037106999989191536,13635.767930915497,673.2372736428513,1246.2530657272646,5.0,4.0,0.0
c208C15,4,15,phased,4,mp_eavns,0.0765374000002339,984.1867395559814,484.1867395559814,0.0,5.0,1.0,0.0
c208C15,4,15,all,4,edd,7.200000254670158e-06,1384.8873126239564,684.8873126239565,0.0,7.0,4.0,0.0
c208C15,4,15,all,4,sweep,6.199999916134402e-06,31287.298966363305,472.3479906836661,3021.495097567964,6.0,2.0,0.0
c208C15,4,15,all,4,nearest,3.749999814317562e-05,40792.05088217412,541.7835371992103,3975.0267344974905,5.0,3.0,0.0
c208C15,4,15,all,4,grasp,0.004294900001696078,1407.9161346542219,644.5607551262741,26.335537952794766,5.0,3.0,0.0
c208C15,4,15,all,4,mp_eavns,0.11717770000177552,1057.9324871293966,457.9324871293967,0.0,6.0,1.0,0.0
c208C5,1,2,depot,1,edd,3.6000019463244826e-06,192.18368095097276,92.18368095097277,0.0,1.0,0.0,0.0
c208C5,1,2,depot,1,sweep,2.4000000848900527e-06,8002.872518025945,92.18368095097277,781.0688837074972,1.0,0.0,0.0
c208C5,1,2,depot,1,nearest,7.099999493220821e-06,192.18368095097276,92.18368095097277,0.0,1.0,0.0,0.0
c208C5,1,2,depot,1,grasp,0.0001143000008596573,192.18368095097276,92.18368095097277,0.0,1.0,0.0,0.0
c208C5,1,2,depot,1,mp_eavns,0.0010086999973282218,192.18368095097276,92.18368095097277,0.0,1.0,0.0,0.0
c208C5,1,2,phased,2,edd,1.7999991541728377e-06,192.18368095097276,92.18368095097277,0.0,1.0,0.0,0.0
c208C5,1,2,phased,2,sweep,2.0999978005420417e-06,8002.872518025945,92.18368095097277,781.0688837074972,1.0,0.0,0.0
c208C5,1,2,phased,2,nearest,3.999997716164216e-06,192.18368095097276,92.18368095097277,0.0,1.0,0.0,0.0
c208C5,1,2,phased,2,grasp,0.00010720000136643648,192.18368095097276,92.18368095097277,0.0,1.0,0.0,0.0
c208C5,1,2,phased,2,mp_eavns,0.0010868000026675873,192.18368095097276,92.18368095097277,0.0,1.0,0.0,0.0
c208C5,1,2,all,3,edd,2.9999973776284605e-06,192.18368095097276,92.18368095097277,0.0,1.0,0.0,0.0
c208C5,1,2,all,3,sweep,2.6000016077887267e-06,8002.872518025945,92.18368095097277,781.0688837074972,1.0,0.0,0.0
c208C5,1,2,all,3,nearest,6.500002200482413e-06,192.18368095097276,92.18368095097277,0.0,1.0,0.0,0.0
c208C5,1,2,all,3,grasp,0.00010999999722116627,192.18368095097276,92.18368095097277,0.0,1.0,0.0,0.0
c208C5,1,2,all,3,mp_eavns,0.0010081000000354834,192.18368095097276,92.18368095097277,0.0,1.0,0.0,0.0
c208C5,2,3,depot,1,edd,2.5000008463393897e-06,277.16351061717074,177.16351061717074,0.0,1.0,1.0,0.0
c208C5,2,3,depot,1,sweep,2.1999985619913787e-06,1008053.8064341561,143.1175970811925,781.0688837074972,1.0,0.0,1.0
c208C5,2,3,depot,1,nearest,5.399997462518513e-06,277.16351061717074,177.16351061717074,0.0,1.0,1.0,0.0
c208C5,2,3,depot,1,grasp,0.00018339999951422215,277.16351061717074,177.16351061717074,0.0,1.0,1.0,0.0
c208C5,2,3,depot,1,mp_eavns,0.002653799998370232,277.16351061717074,177.16351061717074,0.0,1.0,1.0,0.0
c208C5,2,3,phased,2,edd,2.0999978005420417e-06,245.268954611233,145.268954611233,0.0,1.0,1.0,0.0
c208C5,2,3,phased,2,sweep,1.8999999156221747e-06,1008053.8064341561,143.1175970811925,781.0688837074972,1.0,0.0,1.0
c208C5,2,3,phased,2,nearest,5.000001692678779e-06,245.268954611233,145.268954611233,0.0,1.0,1.0,0.0
c208C5,2,3,phased,2,grasp,0.0001947999990079552,245.268954611233,145.268954611233,0.0,1.0,1.0,0.0
c208C5,2,3,phased,2,mp_eavns,0.0031400000007124618,245.268954611233,145.268954611233,0.0,1.0,1.0,0.0
c208C5,2,3,all,3,edd,2.0000006770715117e-06,245.2133495276482,145.2133495276482,0.0,1.0,1.0,0.0
c208C5,2,3,all,3,sweep,1.8999999156221747e-06,1008053.8064341561,143.1175970811925,781.0688837074972,1.0,0.0,1.0
c208C5,2,3,all,3,nearest,5.300000339047983e-06,245.2133495276482,145.2133495276482,0.0,1.0,1.0,0.0
c208C5,2,3,all,3,grasp,0.0002027000009547919,245.2133495276482,145.2133495276482,0.0,1.0,1.0,0.0
c208C5,2,3,all,3,mp_eavns,0.0032446000004711095,245.2133495276482,145.2133495276482,0.0,1.0,1.0,0.0
c208C5,3,4,depot,1,edd,2.5000008463393897e-06,467.2523556536124,267.2523556536124,0.0,2.0,1.0,0.0
c208C5,3,4,depot,1,sweep,2.1000014385208488e-06,1008243.8952791926,233.2064421176342,781.0688837074972,2.0,0.0,1.0
c208C5,3,4,depot,1,nearest,7.499998901039362e-06,467.2523556536124,267.2523556536124,0.0,2.0,1.0,0.0
c208C5,3,4,depot,1,grasp,0.0002334000018890947,385.5050291598807,185.5050291598807,0.0,2.0,0.0,0.0
c208C5,3,4,depot,1,mp_eavns,0.0045563000021502376,385.5050291598807,185.5050291598807,0.0,2.0,0.0,0.0
c208C5,3,4,phased,3,edd,2.4999972083605826e-06,437.8550691812017,237.8550691812017,0.0,2.0,1.0,0.0
c208C5,3,4,phased,3,sweep,2.4000000848900527e-06,1008243.8952791926,233.2064421176342,781.0688837074972,2.0,0.0,1.0
c208C5,3,4,phased,3,nearest,6.800000846851617e-06,435.30219456408986,235.3021945640899,0.0,2.0,1.0,0.0
c208C5,3,4,phased,3,grasp,0.00024420000045211054,385.5050291598807,185.5050291598807,0.0,2.0,0.0,0.0
c208C5,3,4,phased,3,mp_eavns,0.005625499998132,385.5050291598807,185.5050291598807,0.0,2.0,0.0,0.0
c208C5,3,4,all,3,edd,3.7999998312443495e-06,437.8550691812017,237.8550691812017,0.0,2.0,1.0,0.0
c208C5,3,4,all,3,sweep,3.4000004234258085e-06,1008243.8952791926,233.2064421176342,781.0688837074972,2.0,0.0,1.0
c208C5,3,4,all,3,nearest,8.900002285372466e-06,435.30219456408986,235.3021945640899,0.0,2.0,1.0,0.0
c208C5,3,4,all,3,grasp,0.0002907999987655785,385.5050291598807,185.5050291598807,0.0,2.0,0.0,0.0
c208C5,3,4,all,3,mp_eavns,0.005153899997822009,385.5050291598807,185.5050291598807,0.0,2.0,0.0,0.0
c208C5,4,5,depot,1,edd,3.1000017770566046e-06,573.3853611276977,273.38536112769765,0.0,3.0,0.0,0.0
c208C5,4,5,depot,1,sweep,2.5999979698099196e-06,1008250.0282846667,239.33944759171942,781.0688837074972,2.0,0.0,1.0
c208C5,4,5,depot,1,nearest,1.049999991664663e-05,2000445.969603592,245.96960359205272,0.0,2.0,0.0,2.0
c208C5,4,5,depot,1,grasp,0.0002935999982582871,478.9593828428739,278.9593828428739,0.0,2.0,1.0,0.0
c208C5,4,5,depot,1,mp_eavns,0.006508600003144238,475.85988514449286,275.85988514449286,0.0,2.0,1.0,0.0
c208C5,4,5,phased,3,edd,4.400000761961564e-06,573.3853611276977,273.38536112769765,0.0,3.0,0.0,0.0
c208C5,4,5,phased,3,sweep,4.0000013541430235e-06,1008250.0282846667,239.33944759171942,781.0688837074972,2.0,0.0,1.0
c208C5,4,5,phased,3,nearest,1.2599997717188671e-05,1000460.5717024361,260.5717024360422,0.0,2.0,1.0,1.0
c208C5,4,5,phased,3,grasp,0.00041480000072624534,441.43520003817514,241.4352000381751,0.0,2.0,1.0,0.0
c208C5,4,5,phased,3,mp_eavns,0.007762000001093838,441.43520003817514,241.4352000381751,0.0,2.0,1.0,0.0
c208C5,4,5,all,3,edd,4.7000030463095754e-06,573.3853611276977,273.38536112769765,0.0,3.0,0.0,0.0
c208C5,4,5,all,3,sweep,4.0000013541430235e-06,1008250.0282846667,239.33944759171942,781.0688837074972,2.0,0.0,1.0
c208C5,4,5,all,3,nearest,1.1299998732283711e-05,1000460.5717024361,260.5717024360422,0.0,2.0,1.0,1.0
c208C5,4,5,all,3,grasp,0.0003214999996998813,441.43520003817514,241.4352000381751,0.0,2.0,1.0,0.0
c208C5,4,5,all,3,mp_eavns,0.007173399997554952,441.43520003817514,241.4352000381751,0.0,2.0,1.0,0.0
r101_21,1,25,depot,1,edd,1.219999830937013e-05,2351.508401574202,607.2583417659012,74.42500598083008,10.0,0.0,0.0
r101_21,1,25,depot,1,sweep,8.000002708286047e-06,3354.953225438704,647.921506409716,160.70317190289882,11.0,0.0,0.0
r101_21,1,25,depot,1,nearest,7.00999989931006e-05,9625.589544896724,536.5698660467076,818.9019678850017,9.0,0.0,0.0
r101_21,1,25,depot,1,grasp,0.017619599999306956,4660.837984315314,617.9639824512714,314.2874001864043,9.0,0.0,0.0
r101_21,1,25,depot,1,mp_eavns,0.15724760000011884,1427.0135560888675,527.0135560888676,0.0,9.0,0.0,0.0
r101_21,1,25,phased,6,edd,1.21000011858996e-05,2351.508401574202,607.2583417659012,74.42500598083008,10.0,0.0,0.0
r101_21,1,25,phased,6,sweep,8.899998647393659e-06,3354.953225438704,647.921506409716,160.70317190289882,11.0,0.0,0.0
r101_21,1,25,phased,6,nearest,6.880000000819564e-05,9625.589544896724,536.5698660467076,818.9019678850017,9.0,0.0,0.0
r101_21,1,25,phased,6,grasp,0.02433990000281483,5276.735682080714,590.2088417007592,378.6526840379954,9.0,0.0,0.0
r101_21,1,25,phased,6,mp_eavns,0.1439323999984481,1388.155908179666,488.15590817966614,0.0,9.0,0.0,0.0
r101_21,1,25,all,21,edd,1.1899999663000926e-05,2351.508401574202,607.2583417659012,74.42500598083008,10.0,0.0,0.0
r101_21,1,25,all,21,sweep,9.20000093174167e-06,3354.953225438704,647.921506409716,160.70317190289882,11.0,0.0,0.0
r101_21,1,25,all,21,nearest,7.490000280085951e-05,9625.589544896724,536.5698660467076,818.9019678850017,9.0,0.0,0.0
r101_21,1,25,all,21,grasp,0.026561400001810398,4785.854028102281,606.5274429014642,317.93265852008165,10.0,0.0,0.0
r101_21,1,25,all,21,mp_eavns,0.15768409999873256,1388.155908179666,488.15590817966614,0.0,9.0,0.0,0.0
r101_21,2,50,depot,1,edd,2.130000211764127e-05,9010929.081947044,1547.1352163882389,748.1946730655806,19.0,0.0,9.0
r101_21,2,50,depot,1,sweep,1.340000017080456e-05,1013807.1532850972,1280.0830555088833,1062.7070229588335,19.0,0.0,1.0
r101_21,2,50,depot,1,nearest,0.00023230000078910962,3025242.007423376,1204.9012349916707,2233.7106188384573,17.0,0.0,3.0
r101_21,2,50,depot,1,grasp,0.11499960000219289,17579.86928545589,1309.961627145744,1456.9907658310149,17.0,1.0,0.0
r101_21,2,50,depot,1,mp_eavns,0.8983922000006714,2621.2806014637226,1021.2806014637229,0.0,16.0,0.0,0.0
r101_21,2,50,phased,11,edd,2.1500000002561137e-05,6010934.541527325,1552.5947966697813,748.1946730655806,19.0,3.0,6.0
r101_21,2,50,phased,11,sweep,1.3599998055724427e-05,13824.197570378783,1297.1273407904482,1062.7070229588335,19.0,1.0,0.0
r101_21,2,50,phased,11,nearest,0.0002114000017172657,25244.695515812986,1207.5893274284122,2233.7106188384573,17.0,3.0,0.0
r101_21,2,50,phased,11,grasp,0.22823890000290703,11437.135371630618,1304.7841742833034,853.2351197347315,16.0,2.0,0.0
r101_21,2,50,phased,11,mp_eavns,1.1091321999992942,2622.282408266177,1022.2824082661767,0.0,16.0,0.0,0.0
r101_21,2,50,all,21,edd,2.0899999071843922e-05,6010934.541527325,1552.5947966697813,748.1946730655806,19.0,3.0,6.0
r101_21,2,50,all,21,sweep,1.4799999917158857e-05,13819.370858126045,1292.30062853771,1062.7070229588335,19.0,1.0,0.0
r101_21,2,50,all,21,nearest,0.00022220000028028153,25244.695515812986,1207.5893274284122,2233.7106188384573,17.0,3.0,0.0
r101_21,2,50,all,21,grasp,0.28609850000066217,10510.548740347362,1450.4226165379346,736.0126123809426,17.0,6.0,0.0
r101_21,2,50,all,21,mp_eavns,1.284386799998174,2632.207014233297,1032.2070142332968,0.0,16.0,0.0,0.0
r101_21,3,75,depot,1,edd,2.6900001103058457e-05,26019994.119376317,2768.5002913611393,1462.5619084956033,26.0,1.0,26.0
r101_21,3,75,depot,1,sweep,1.6199999663513154e-05,3023246.9939588537,1996.1896668765703,1835.0804291977188,29.0,0.0,3.0
r101_21,3,75,depot,1,nearest,0.000440099996922072,2031905.4330649278,1914.003745654864,2759.1429319273043,24.0,2.0,2.0
r101_21,3,75,depot,1,grasp,0.3419095000026573,1027430.5907320434,2155.760202456622,2297.4830529586748,23.0,4.0,1.0
r101_21,3,75,depot,1,mp_eavns,3.0268853999987186,4000.907999303728,1600.907999303728,0.0,24.0,0.0,0.0
r101_21,3,75,phased,16,edd,3.3799999073380604e-05,3034523.565323864,2830.7904099480647,2909.2774913915905,26.0,15.0,3.0
r101_21,3,75,phased,16,sweep,1.9400002202019095e-05,23280.951816778055,2030.147524800868,1835.0804291977188,29.0,3.0,0.0
r101_21,3,75,phased,16,nearest,0.00040160000207833946,31620.531316191315,1888.8159603615507,2733.1715355829765,24.0,4.0,0.0
r101_21,3,75,phased,16,grasp,0.7356293999982881,18338.057356496483,2273.3884234710886,1366.4668933025393,24.0,13.0,0.0
r101_21,3,75,phased,16,mp_eavns,3.9006497000009404,3970.5676462832607,1570.5676462832607,0.0,24.0,0.0,0.0
r101_21,3,75,all,21,edd,3.5799999750452116e-05,3034523.565323864,2830.7904099480647,2909.2774913915905,26.0,15.0,3.0
r101_21,3,75,all,21,sweep,2.0300001779105514e-05,23280.951816778055,2030.147524800868,1835.0804291977188,29.0,3.0,0.0
r101_21,3,75,all,21,nearest,0.0004245999989507254,31620.531316191315,1888.8159603615507,2733.1715355829765,24.0,4.0,0.0
r101_21,3,75,all,21,grasp,0.8066255000012461,18917.35472269583,2268.8706256196465,1424.8484097076182,24.0,10.0,0.0
r101_21,3,75,all,21,mp_eavns,3.7094362000025285,3980.492252250381,1580.492252250381,0.0,24.0,0.0,0.0
r101_21,4,100,depot,1,edd,3.2899999496294186e-05,24034418.8135253,3946.628034208125,2697.218549109328,35.0,7.0,24.0
r101_21,4,100,depot,1,sweep,2.13999992411118e-05,3032468.7163808523,2658.4321244414664,2611.028425641067,37.0,0.0,3.0
r101_21,4,100,depot,1,nearest,0.0007269000016094651,7043733.384492317,2855.7033478995563,3767.768114441732,32.0,3.0,7.0
r101_21,4,100,depot,1,grasp,0.8950451999990037,4033522.017294864,2861.044583657224,2756.0972711206828,31.0,4.0,4.0
r101_21,4,100,depot,1,mp_eavns,4.956433899998956,5248.429176903699,2148.4291769036986,0.0,31.0,0.0,0.0
r101_21,4,100,phased,21,edd,4.059999992023222e-05,2046631.886435178,3939.945546029188,3919.194088914888,35.0,19.0,2.0
r101_21,4,100,phased,21,sweep,2.4900000425986946e-05,32502.67423877643,2692.3899823657644,2611.028425641067,37.0,3.0,0.0
r101_21,4,100,phased,21,nearest,0.0007192999983089976,43571.20797631483,2856.369801282695,3751.4838175032137,32.0,10.0,0.0
r101_21,4,100,phased,21,grasp,2.109624699998676,26828.207505415452,3085.2353431654024,2054.2972162250053,32.0,17.0,0.0
r101_21,4,100,phased,21,mp_eavns,8.641894299998967,5333.978199024119,2133.9781990241195,0.0,32.0,0.0,0.0
r101_21,4,100,all,21,edd,3.730000025825575e-05,2046631.886435178,3939.945546029188,3919.194088914888,35.0,19.0,2.0
r101_21,4,100,all,21,sweep,2.6199999410891905e-05,32502.67423877643,2692.3899823657644,2611.028425641067,37.0,3.0,0.0
r101_21,4,100,all,21,nearest,0.0006638999984716065,43629.48213047389,2856.369801282695,3757.311232919119,32.0,10.0,0.0
r101_21,4,100,all,21,grasp,2.3680300999985775,28940.35571249417,3042.7350285645257,2269.7620683929645,32.0,15.0,0.0
r101_21,4,100,all,21,mp_eavns,6.769853599998896,5230.867655923059,2130.8676559230585,0.0,31.0,1.0,0.0
r102_21,1,25,depot,1,edd,1.3500000932253897e-05,1960.3637944976517,603.8256689201359,35.65381255775159,10.0,0.0,0.0
r102_21,1,25,depot,1,sweep,8.299997716676444e-06,2988.3846829437807,647.921506409716,124.04631765340645,11.0,0.0,0.0
r102_21,1,25,depot,1,nearest,7.640000330866314e-05,5761.503391894381,536.5698660467076,432.4933525847673,9.0,0.0,0.0
r102_21,1,25,depot,1,grasp,0.016304599997965852,3027.086195591436,590.517653096512,153.65685424949237,9.0,0.0,0.0
r102_21,1,25,depot,1,mp_eavns,0.11827679999987595,1262.261546402802,462.2615464028019,0.0,8.0,0.0,0.0
r102_21,1,25,phased,6,edd,1.2700002116616815e-05,1960.3637944976517,603.8256689201359,35.65381255775159,10.0,0.0,0.0
r102_21,1,25,phased,6,sweep,9.20000093174167e-06,2988.3846829437807,647.921506409716,124.04631765340645,11.0,0.0,0.0
r102_21,1,25,phased,6,nearest,0.00011230000018258579,5761.503391894381,536.5698660467076,432.4933525847673,9.0,0.0,0.0
r102_21,1,25,phased,6,grasp,0.018834700000297744,2278.8147297405303,559.2298418803441,81.9584887860186,9.0,0.0,0.0
r102_21,1,25,phased,6,mp_eavns,0.11618459999954212,1262.261546402802,462.2615464028019,0.0,8.0,0.0,0.0
r102_21,1,25,all,21,edd,1.1899999663000926e-05,1960.3637944976517,603.8256689201359,35.65381255775159,10.0,0.0,0.0
r102_21,1,25,all,21,sweep,8.800001523923129e-06,2988.3846829437807,647.921506409716,124.04631765340645,11.0,0.0,0.0
r102_21,1,25,all,21,nearest,7.269999696291052e-05,5761.503391894381,536.5698660467076,432.4933525847673,9.0,0.0,0.0
r102_21,1,25,all,21,grasp,0.0223002999991877,1720.4380579144204,558.8210690313653,26.16169888830551,9.0,0.0,0.0
r102_21,1,25,all,21,mp_eavns,0.11914040000192472,1262.261546402802,462.2615464028019,0.0,8.0,0.0,0.0
r102_21,2,50,depot,1,edd,1.97000008483883e-05,6008098.342385843,1454.5747662174317,484.3767619626316,18.0,1.0,6.0
r102_21,2,50,depot,1,sweep,1.2700002116616815e-05,1009611.9306082483,1280.0830555088833,643.1847552739482,19.0,0.0,1.0
r102_21,2,50,depot,1,nearest,0.00021289999858709052,3016289.036468824,1204.9012349916707,1338.4135233832067,17.0,0.0,3.0
r102_21,2,50,depot,1,grasp,0.1122060000016063,8441.207209364336,1318.2061923510291,542.3001017013307,17.0,1.0,0.0
r102_21,2,50,depot,1,mp_eavns,0.9622871999999916,2582.3438007638497,982.3438007638495,0.0,16.0,0.0,0.0
r102_21,2,50,phased,11,edd,2.4000000848900527e-05,10128.483967129827,1446.8362506023766,688.1647716527451,18.0,5.0,0.0
r102_21,2,50,phased,11,sweep,1.630000042496249e-05,9628.97489352993,1297.1273407904482,643.1847552739482,19.0,1.0,0.0
r102_21,2,50,phased,11,nearest,0.00021660000129486434,16291.724561260478,1207.5893274284122,1338.4135233832067,17.0,3.0,0.0
r102_21,2,50,phased,11,grasp,0.17501350000020466,6756.3898387556,1268.6524629900182,388.7737375765581,16.0,2.0,0.0
r102_21,2,50,phased,11,mp_eavns,1.0649386000004597,2585.4912658692724,985.4912658692724,0.0,16.0,0.0,0.0
r102_21,2,50,all,21,edd,1.9800001609837636e-05,10128.483967129827,1446.8362506023766,688.1647716527451,18.0,5.0,0.0
r102_21,2,50,all,21,sweep,1.309999788645655e-05,9624.148181277193,1292.30062853771,643.1847552739482,19.0,1.0,0.0
r102_21,2,50,all,21,nearest,0.00020600000061676838,16291.724561260478,1207.5893274284122,1338.4135233832067,17.0,3.0,0.0
r102_21,2,50,all,21,grasp,0.20512460000099964,6967.674022545834,1287.0327717490209,408.0641250796814,16.0,2.0,0.0
r102_21,2,50,all,21,mp_eavns,0.9823021000011067,2585.4912658692724,985.4912658692724,0.0,16.0,0.0,0.0
r102_21,3,75,depot,1,edd,2.5499997718725353e-05,17020726.335244168,2760.69418411005,1536.5641060058458,26.0,4.0,17.0
r102_21,3,75,depot,1,sweep,1.5499997971346602e-05,3017369.7499559363,1996.1896668765703,1247.3560289059828,29.0,0.0,3.0
r102_21,3,75,depot,1,nearest,0.00040440000157104805,2022053.5492050783,1914.003745654864,1773.9545459423337,24.0,2.0,2.0
r102_21,3,75,depot,1,grasp,0.30443100000047707,2014515.093180093,2225.43195543084,998.9661224662069,23.0,6.0,2.0
r102_21,3,75,depot,1,mp_eavns,2.8130023999983678,3849.101765154739,1549.1017651547393,0.0,23.0,0.0,0.0
r102_21,3,75,phased,16,edd,3.310000101919286e-05,2027017.9260547264,2789.6640036563044,2162.826205107017,26.0,15.0,2.0
r102_21,3,75,phased,16,sweep,1.9599996448960155e-05,17403.707813860696,2030.147524800868,1247.3560289059828,29.0,3.0,0.0
r102_21,3,75,phased,16,nearest,0.0004229000005580019,21888.961367978874,1888.8159603615507,1760.0145407617326,24.0,4.0,0.0
r102_21,3,75,phased,16,grasp,0.7180989000007685,9741.686439586778,2124.576753913751,521.7109685673026,24.0,9.0,0.0
r102_21,3,75,phased,16,mp_eavns,4.222657700000127,3965.84452759366,1565.8445275936604,0.0,24.0,0.0,0.0
r102_21,3,75,all,21,edd,3.0699997296324e-05,2027017.9260547264,2789.6640036563044,2162.826205107017,26.0,15.0,2.0
r102_21,3,75,all,21,sweep,1.930000144056976e-05,17403.707813860696,2030.147524800868,1247.3560289059828,29.0,3.0,0.0
r102_21,3,75,all,21,nearest,0.00042380000013508834,21888.961367978874,1888.8159603615507,1760.0145407617326,24.0,4.0,0.0
r102_21,3,75,all,21,grasp,0.8725896999967517,12678.05885967533,2172.2203664076737,810.5838493267656,24.0,9.0,0.0
r102_21,3,75,all,21,mp_eavns,3.6138503000001947,3959.474000356442,1559.4740003564423,0.0,24.0,0.0,0.0
r102_21,4,100,depot,1,edd,4.0000002627493814e-05,28024613.712172527,3917.3123461639416,1719.6399826361107,35.0,5.0,28.0
r102_21,4,100,depot,1,sweep,2.1599997126031667e-05,3025921.472377935,2658.4321244414664,1956.3040253493314,37.0,0.0,3.0
r102_21,4,100,depot,1,nearest,0.0007489000017812941,7030894.242373542,2855.7033478995563,2483.8539025642526,32.0,3.0,7.0
r102_21,4,100,depot,1,grasp,0.970857000000251,3024744.3471900215,3072.5270127793037,1847.1820177242068,32.0,7.0,3.0
r102_21,4,100,depot,1,mp_eavns,8.377807900000334,5222.407890840681,2122.4078908406814,0.0,31.0,0.0,0.0
r102_21,4,100,phased,21,edd,4.220000118948519e-05,10038014.3944066,3921.5895606031017,3059.2804845997703,35.0,15.0,10.0
r102_21,4,100,phased,21,sweep,2.5699999241624027e-05,25955.430235859076,2692.3899823657644,1956.3040253493314,37.0,3.0,0.0
r102_21,4,100,phased,21,nearest,0.000739799997973023,30732.06585754004,2856.369801282695,2467.5696056257348,32.0,10.0,0.0
r102_21,4,100,phased,21,grasp,2.065034699997341,19606.485488785795,2975.7230993815474,1343.076238940425,32.0,10.0,0.0
r102_21,4,100,phased,21,mp_eavns,7.037600999999995,5214.425581666757,2114.425581666757,0.0,31.0,1.0,0.0
r102_21,4,100,all,21,edd,3.909999941242859e-05,10038014.3944066,3921.5895606031017,3059.2804845997703,35.0,15.0,10.0
r102_21,4,100,all,21,sweep,2.3600001441081986e-05,25955.430235859076,2692.3899823657644,1956.3040253493314,37.0,3.0,0.0
r102_21,4,100,all,21,nearest,0.0007289999994100071,30790.34001169909,2856.369801282695,2473.3970210416396,32.0,10.0,0.0
r102_21,4,100,all,21,grasp,1.9683761000014783,21933.540450039593,3109.2238212417296,1562.4316628797862,32.0,12.0,0.0
r102_21,4,100,all,21,mp_eavns,7.064069300002302,5214.425581666757,2114.425581666757,0.0,31.0,1.0,0.0
r102C10,1,3,depot,1,edd,6.199999916134402e-06,232.68420350483726,92.53548401121779,4.014871949361947,1.0,0.0,0.0
r102C10,1,3,depot,1,sweep,2.5000008463393897e-06,170.3094367643223,70.3094367643223,0.0,1.0,0.0,0.0
r102C10,1,3,depot,1,nearest,9.2999980552122e-06,175.36956749217043,75.36956749217043,0.0,1.0,0.0,0.0
r102C10,1,3,depot,1,grasp,0.00015439999697264284,170.3094367643223,70.3094367643223,0.0,1.0,0.0,0.0
r102C10,1,3,depot,1,mp_eavns,0.002062100000330247,170.3094367643223,70.3094367643223,0.0,1.0,0.0,0.0
r102C10,1,3,phased,2,edd,4.999998054699972e-06,232.68420350483726,92.53548401121779,4.014871949361947,1.0,0.0,0.0
r102C10,1,3,phased,2,sweep,4.0000013541430235e-06,170.3094367643223,70.3094367643223,0.0,1.0,0.0,0.0
r102C10,1,3,phased,2,nearest,8.900002285372466e-06,175.36956749217043,75.36956749217043,0.0,1.0,0.0,0.0
r102C10,1,3,phased,2,grasp,0.00014999999984866008,170.3094367643223,70.3094367643223,0.0,1.0,0.0,0.0
r102C10,1,3,phased,2,mp_eavns,0.0020359999980428256,170.3094367643223,70.3094367643223,0.0,1.0,0.0,0.0
r102C10,1,3,all,4,edd,2.6999987312592566e-06,232.68420350483726,92.53548401121779,4.014871949361947,1.0,0.0,0.0
r102C10,1,3,all,4,sweep,1.7999991541728377e-06,170.3094367643223,70.3094367643223,0.0,1.0,0.0,0.0
r102C10,1,3,all,4,nearest,6.099999154685065e-06,175.36956749217043,75.36956749217043,0.0,1.0,0.0,0.0
r102C10,1,3,all,4,grasp,0.00015279999934136868,170.3094367643223,70.3094367643223,0.0,1.0,0.0,0.0
r102C10,1,3,all,4,mp_eavns,0.0020414999999047723,170.3094367643223,70.3094367643223,0.0,1.0,0.0,0.0
r102C10,2,5,depot,1,edd,5.600002623395994e-06,418.93877914536404,218.93877914536404,0.0,2.0,1.0,0.0
r102C10,2,5,depot,1,sweep,2.9000002541579306e-06,530.1473110714473,230.14731107144735,0.0,3.0,0.0,0.0
r102C10,2,5,depot,1,nearest,9.60000033956021e-06,1000834.7034083515,199.9433149344416,43.476009341703275,2.0,0.0,1.0
r102C10,2,5,depot,1,grasp,0.00039620000097784214,911.8245938721363,235.20744179929545,47.66171520728409,2.0,1.0,0.0
r102C10,2,5,depot,1,mp_eavns,0.007561899998108856,403.9024901142984,203.9024901142984,0.0,2.0,1.0,0.0
r102C10,2,5,phased,3,edd,4.699999408330768e-06,418.93877914536404,218.93877914536404,0.0,2.0,1.0,0.0
r102C10,2,5,phased,3,sweep,3.9000005926936865e-06,530.1473110714473,230.14731107144735,0.0,3.0,0.0,0.0
r102C10,2,5,phased,3,nearest,1.0600000678095967e-05,835.1375835648371,200.3774901478044,43.476009341703275,2.0,1.0,0.0
r102C10,2,5,phased,3,grasp,0.0005087000026833266,455.84767885858173,255.84767885858176,0.0,2.0,2.0,0.0
r102C10,2,5,phased,3,mp_eavns,0.01060709999728715,401.0637622222822,201.06376222228224,0.0,2.0,1.0,0.0
r102C10,2,5,all,4,edd,5.800000508315861e-06,418.93877914536404,218.93877914536404,0.0,2.0,1.0,0.0
r102C10,2,5,all,4,sweep,4.699999408330768e-06,530.1473110714473,230.14731107144735,0.0,3.0,0.0,0.0
r102C10,2,5,all,4,nearest,1.1600001016631722e-05,835.1375835648371,200.3774901478044,43.476009341703275,2.0,1.0,0.0
r102C10,2,5,all,4,grasp,0.00048489999971934594,401.85514811206826,201.85514811206826,0.0,2.0,1.0,0.0
r102C10,2,5,all,4,mp_eavns,0.010446600001159823,401.0637622222822,201.06376222228224,0.0,2.0,1.0,0.0
r102C10,3,8,depot,1,edd,3.7999998312443495e-06,3001519.370858196,334.96207068142587,88.44087875145433,3.0,0.0,3.0
r102C10,3,8,depot,1,sweep,3.1999989005271345e-06,1624.589656212766,310.4956579983733,91.40939982143925,4.0,0.0,0.0
r102C10,3,8,depot,1,nearest,1.550000160932541e-05,1003711.3840976604,291.76725097119345,311.96168466892675,3.0,0.0,1.0
r102C10,3,8,depot,1,grasp,0.0011689999992086086,1689.512593226751,353.8736851069192,103.56389081198319,3.0,1.0,0.0
r102C10,3,8,depot,1,mp_eavns,0.021527199998672586,582.4786702827389,282.47867028273896,0.0,3.0,1.0,0.0
r102C10,3,8,phased,4,edd,5.699999746866524e-06,2151.794422649083,335.41103651126684,151.63833861378163,3.0,2.0,0.0
r102C10,3,8,phased,4,sweep,5.800000508315861e-06,1624.589656212766,310.4956579983733,91.40939982143925,4.0,0.0,0.0
r102C10,3,8,phased,4,nearest,1.5400000847876072e-05,1003711.3840976604,291.76725097119345,311.96168466892675,3.0,0.0,1.0
r102C10,3,8,phased,4,grasp,0.0011679000017466024,1690.74541130016,320.658792573539,107.00866187266212,3.0,2.0,0.0
r102C10,3,8,phased,4,mp_eavns,0.02567049999925075,579.6399423907228,279.6399423907228,0.0,3.0,1.0,0.0
r102C10,3,8,all,4,edd,4.999998054699972e-06,2151.794422649083,335.41103651126684,151.63833861378163,3.0,2.0,0.0
r102C10,3,8,all,4,sweep,4.400000761961564e-06,1624.589656212766,310.4956579983733,91.40939982143925,4.0,0.0,0.0
r102C10,3,8,all,4,nearest,1.720000000204891e-05,1003711.3840976604,291.76725097119345,311.96168466892675,3.0,0.0,1.0
r102C10,3,8,all,4,grasp,0.001520500001788605,1568.3887521364052,359.77790645442695,90.86108456819781,3.0,3.0,0.0
r102C10,3,8,all,4,mp_eavns,0.02602389999810839,579.6399423907228,279.6399423907228,0.0,3.0,1.0,0.0
r102C10,4,10,depot,1,edd,5.199999577598646e-06,2001310.6335391698,384.50100468499875,52.613253448472136,4.0,0.0,2.0
r102C10,4,10,depot,1,sweep,4.400000761961564e-06,3443.150600065361,353.91287189114803,258.9237728174213,5.0,0.0,0.0
r102C10,4,10,depot,1,nearest,1.9800001609837636e-05,1003502.306025964,333.23266440897413,276.9073361554946,4.0,0.0,1.0
r102C10,4,10,depot,1,grasp,0.0013883999999961816,724.8490860207097,324.8490860207097,0.0,4.0,0.0,0.0
r102C10,4,10,depot,1,mp_eavns,0.03864700000121957,724.1783035409833,324.17830354098334,0.0,4.0,1.0,0.0
r102C10,4,10,phased,4,edd,5.40000110049732e-06,2363.6768146673835,384.6819288185477,157.89948858488358,4.0,1.0,0.0
r102C10,4,10,phased,4,sweep,4.800000169780105e-06,3443.150600065361,353.91287189114803,258.9237728174213,5.0,0.0,0.0
r102C10,4,10,phased,4,nearest,2.000000313273631e-05,1003502.306025964,333.23266440897413,276.9073361554946,4.0,0.0,1.0
r102C10,4,10,phased,4,grasp,0.0013796999992337078,1046.1376353604228,360.19327439188106,28.594436096854167,4.0,0.0,0.0
r102C10,4,10,phased,4,mp_eavns,0.03648049999901559,721.2846780407698,321.2846780407698,0.0,4.0,0.0,0.0
r102C10,4,10,all,4,edd,4.300000000512227e-06,2363.6768146673835,384.6819288185477,157.89948858488358,4.0,1.0,0.0
r102C10,4,10,all,4,sweep,4.5000015234109014e-06,3443.150600065361,353.91287189114803,258.9237728174213,5.0,0.0,0.0
r102C10,4,10,all,4,nearest,2.0600000425474718e-05,1003502.306025964,333.23266440897413,276.9073361554946,4.0,0.0,1.0
r102C10,4,10,all,4,grasp,0.0014134000011836179,1624.9895859953135,428.8513504985606,69.61382354967529,5.0,1.0,0.0
r102C10,4,10,all,4,mp_eavns,0.03779790000044159,721.2846780407698,321.2846780407698,0.0,4.0,0.0,0.0
r102C15,1,4,depot,1,edd,5.099998816149309e-06,1000670.9379255478,120.35602264265756,45.058190290517274,1.0,0.0,1.0
r102C15,1,4,depot,1,sweep,2.6000016077887267e-06,1000674.954775895,114.94312722331092,46.00116486716871,1.0,0.0,1.0
r102C15,1,4,depot,1,nearest,9.899998985929415e-06,1001149.5360843327,107.90721910918288,94.16288652235696,1.0,0.0,1.0
r102C15,1,4,depot,1,grasp,0.000525200000993209,1030.4287141170196,98.23320667624786,83.21955074407717,1.0,0.0,0.0
r102C15,1,4,depot,1,mp_eavns,0.006149999997433042,349.0674599630869,149.06745996308686,0.0,2.0,0.0,0.0
r102C15,1,4,phased,3,edd,3.6999990697950125e-06,672.2402220796193,121.65831917444655,45.058190290517274,1.0,1.0,0.0
r102C15,1,4,phased,3,sweep,2.9000002541579306e-06,676.257072426787,116.2454237550999,46.00116486716871,1.0,1.0,0.0
r102C15,1,4,phased,3,nearest,7.99999907030724e-06,1150.8383808645415,109.20951564097186,94.16288652235696,1.0,1.0,0.0
r102C15,1,4,phased,3,grasp,0.0006680999977106694,672.2402220796193,121.65831917444655,45.058190290517274,1.0,1.0,0.0
r102C15,1,4,phased,3,mp_eavns,0.0053107000021554995,349.0674599630869,149.06745996308686,0.0,2.0,0.0,0.0
r102C15,1,4,all,8,edd,2.1000014385208488e-06,672.2402220796193,121.65831917444655,45.058190290517274,1.0,1.0,0.0
r102C15,1,4,all,8,sweep,1.7000020307023078e-06,676.257072426787,116.2454237550999,46.00116486716871,1.0,1.0,0.0
r102C15,1,4,all,8,nearest,6.300000677583739e-06,1150.8383808645415,109.20951564097186,94.16288652235696,1.0,1.0,0.0
r102C15,1,4,all,8,grasp,0.000692400000843918,672.2402220796193,121.65831917444655,45.058190290517274,1.0,1.0,0.0
r102C15,1,4,all,8,mp_eavns,0.006791600000724429,349.0674599630869,149.06745996308686,0.0,2.0,0.0,0.0
r102C15,2,8,depot,1,edd,4.5000015234109014e-06,1001182.9667518366,257.4166018470404,62.55501499895777,3.0,0.0,1.0
r102C15,2,8,depot,1,sweep,3.4000004234258085e-06,1000987.2338806682,227.22223199644853,46.00116486716871,3.0,0.0,1.0
r102C15,2,8,depot,1,nearest,1.5800000255694613e-05,3253.417820307626,231.38142825276984,282.2036392054856,2.0,1.0,0.0
r102C15,2,8,depot,1,grasp,0.0015880999999353662,1498.91281240829,210.5123114493855,98.84005009589046,3.0,0.0,0.0
r102C15,2,8,depot,1,mp_eavns,0.023889299998700153,530.3457436446093,230.3457436446093,0.0,3.0,0.0,0.0
r102C15,2,8,phased,5,edd,4.300000000512227e-06,1198.9406124343864,273.3904624448087,62.55501499895777,3.0,1.0,0.0
r102C15,2,8,phased,5,sweep,3.2999996619764715e-06,988.5361771999246,228.5245285282375,46.00116486716871,3.0,1.0,0.0
r102C15,2,8,phased,5,nearest,1.4100001862971112e-05,3253.417820307626,231.38142825276984,282.2036392054856,2.0,1.0,0.0
r102C15,2,8,phased,5,grasp,0.002228999997896608,1436.9661511172862,279.0193594048591,85.79467917124273,3.0,2.0,0.0
r102C15,2,8,phased,5,mp_eavns,0.023968699999386445,530.3457436446092,230.34574364460929,0.0,3.0,0.0,0.0
r102C15,2,8,all,8,edd,4.1000021155923605e-06,1198.9406124343864,273.3904624448087,62.55501499895777,3.0,1.0,0.0
r102C15,2,8,all,8,sweep,3.4000004234258085e-06,988.5361771999246,228.5245285282375,46.00116486716871,3.0,1.0,0.0
r102C15,2,8,all,8,nearest,1.4199998986441642e-05,3253.417820307626,231.38142825276984,282.2036392054856,2.0,1.0,0.0
r102C15,2,8,all,8,grasp,0.002480300001479918,1287.913362042647,271.1236681076779,71.67896939349691,3.0,1.0,0.0
r102C15,2,8,all,8,mp_eavns,0.02289119999841205,530.3457436446092,230.34574364460929,0.0,3.0,0.0,0.0
r102C15,3,12,depot,1,edd,4.900000931229442e-06,2002690.0303855953,384.5689058291746,200.5461479766194,3.0,1.0,2.0
r102C15,3,12,depot,1,sweep,5.100002454128116e-06,2004733.8093976907,288.8474268445844,414.4961970846012,3.0,0.0,2.0
r102C15,3,12,depot,1,nearest,2.640000093379058e-05,2002594.2591935203,295.3680414679446,199.8891152052262,3.0,0.0,2.0
r102C15,3,12,depot,1,grasp,0.0059685999985958915,5382.901490515194,396.36220714758076,468.65392833676134,3.0,2.0,0.0
r102C15,3,12,depot,1,mp_eavns,0.07174230000237003,741.9152027366626,340.82776025305935,0.10874424836032404,4.0,0.0,0.0
r102C15,3,12,phased,7,edd,7.099999493220821e-06,3731.4624563420402,390.5329147957664,304.09295415462736,3.0,2.0,0.0
r102C15,3,12,phased,7,sweep,6.199999916134402e-06,4754.9151528263965,309.9531819803842,414.4961970846012,3.0,2.0,0.0
r102C15,3,12,phased,7,nearest,2.7099998987978324e-05,2002594.2591935203,295.3680414679446,199.8891152052262,3.0,0.0,2.0
r102C15,3,12,phased,7,grasp,0.008872999998857267,2688.437049922039,366.550002330075,202.1887047591964,3.0,2.0,0.0
r102C15,3,12,phased,7,mp_eavns,0.07391350000034436,741.9152027366626,340.82776025305935,0.10874424836032404,4.0,0.0,0.0
r102C15,3,12,all,8,edd,7.499998901039362e-06,3731.4624563420402,390.5329147957664,304.09295415462736,3.0,2.0,0.0
r102C15,3,12,all,8,sweep,6.400001439033076e-06,4744.522092019263,299.56012117325065,414.4961970846012,3.0,2.0,0.0
r102C15,3,12,all,8,nearest,2.7399997634347528e-05,2002594.2591935203,295.3680414679446,199.8891152052262,3.0,0.0,2.0
r102C15,3,12,all,8,grasp,0.00812210000003688,2077.2893151366497,414.49421744861246,136.27950976880373,3.0,3.0,0.0
r102C15,3,12,all,8,mp_eavns,0.08641619999980321,731.4305361123184,331.4305361123184,0.0,4.0,1.0,0.0
r102C15,4,15,depot,1,edd,8.800001523923129e-06,3002747.294080092,495.1073013459612,165.21867787460522,6.0,0.0,3.0
r102C15,4,15,depot,1,sweep,5.000001692678779e-06,2005881.7897663256,402.7627008908688,497.90270654348126,5.0,0.0,2.0
r102C15,4,15,depot,1,nearest,3.7099998735357076e-05,1003323.898615972,386.10928441924267,253.778933155278,4.0,1.0,1.0
r102C15,4,15,depot,1,grasp,0.006340799998724833,4915.489889992003,492.15469562101384,392.3335194370989,5.0,2.0,0.0
r102C15,4,15,depot,1,mp_eavns,0.10337300000173855,900.8577778773429,400.85777787734287,0.0,5.0,0.0,0.0
r102C15,4,15,phased,8,edd,8.700000762473792e-06,3790.609869266671,502.95502874053966,268.76548405261315,6.0,2.0,0.0
r102C15,4,15,phased,8,sweep,7.700000423938036e-06,1005883.0920628575,404.0649974226578,497.90270654348126,5.0,1.0,1.0
r102C15,4,15,phased,8,nearest,3.649999780463986e-05,3330.2949227727618,392.50559121998197,253.778933155278,4.0,2.0,0.0
r102C15,4,15,phased,8,grasp,0.010732000002462883,2992.985887105207,469.6183902072131,202.33674968979938,5.0,2.0,0.0
r102C15,4,15,phased,8,mp_eavns,0.13207770000008168,921.7689446128104,421.76894461281046,0.0,5.0,0.0,0.0
r102C15,4,15,all,8,edd,9.399998816661537e-06,3790.609869266671,502.95502874053966,268.76548405261315,6.0,2.0,0.0
r102C15,4,15,all,8,sweep,7.99999907030724e-06,1005883.0920628575,404.0649974226578,497.90270654348126,5.0,1.0,1.0
r102C15,4,15,all,8,nearest,3.8300000596791506e-05,3330.2949227727618,392.50559121998197,253.778933155278,4.0,2.0,0.0
r102C15,4,15,all,8,grasp,0.012837300000683172,3860.412850047155,408.15489281306554,305.22579572340896,4.0,2.0,0.0
r102C15,4,15,all,8,mp_eavns,0.12062439999863273,913.571084090528,413.57108409052796,0.0,5.0,1.0,0.0
r103_21,1,25,depot,1,edd,1.2000000424450263e-05,1789.6987051409421,580.0718534188026,20.962685172213952,10.0,0.0,0.0
r103_21,1,25,depot,1,sweep,7.099999493220821e-06,2820.282186184714,647.921506409716,107.2360679774998,11.0,0.0,0.0
r103_21,1,25,depot,1,nearest,7.000000186963007e-05,4097.273586148199,536.5698660467076,266.0703720101491,9.0,0.0,0.0
r103_21,1,25,depot,1,grasp,0.01922070000000531,1661.222677105406,537.3998483084874,22.382282879691857,9.0,0.0,0.0
r103_21,1,25,depot,1,mp_eavns,0.1751536000010674,1377.7251520908321,477.72515209083207,0.0,9.0,0.0,0.0
r103_21,1,25,phased,6,edd,1.2499996955739334e-05,1789.6987051409421,580.0718534188026,20.962685172213952,10.0,0.0,0.0
r103_21,1,25,phased,6,sweep,9.60000033956021e-06,2820.282186184714,647.921506409716,107.2360679774998,11.0,0.0,0.0
r103_21,1,25,phased,6,nearest,7.439999899361283e-05,4097.273586148199,536.5698660467076,266.0703720101491,9.0,0.0,0.0
r103_21,1,25,phased,6,grasp,0.018863299999793526,1459.3067316820832,559.3067316820832,0.0,9.0,0.0,0.0
r103_21,1,25,phased,6,mp_eavns,0.1860701000005065,1377.7251520908321,477.72515209083207,0.0,9.0,0.0,0.0
r103_21,1,25,all,21,edd,1.21000011858996e-05,1789.6987051409421,580.0718534188026,20.962685172213952,10.0,0.0,0.0
r103_21,1,25,all,21,sweep,8.700000762473792e-06,2820.282186184714,647.921506409716,107.2360679774998,11.0,0.0,0.0
r103_21,1,25,all,21,nearest,7.170000026235357e-05,4097.273586148199,536.5698660467076,266.0703720101491,9.0,0.0,0.0
r103_21,1,25,all,21,grasp,0.018154000001231907,1554.8791375518394,593.4845840991197,6.139455345271983,9.0,0.0,0.0
r103_21,1,25,all,21,mp_eavns,0.2101325999974506,1377.7251520908321,477.72515209083207,0.0,9.0,0.0,0.0
r103_21,2,50,depot,1,edd,2.0399998902576044e-05,9005070.406336514,1514.2208592063748,165.6185477308003,19.0,1.0,9.0
r103_21,2,50,depot,1,sweep,1.2700002116616815e-05,1005182.1905682632,1280.0830555088833,200.21075127542827,19.0,0.0,1.0
r103_21,2,50,depot,1,nearest,0.00021779999951831996,2006912.4998097932,1172.0369986446485,404.04628111485914,17.0,0.0,2.0
r103_21,2,50,depot,1,grasp,0.10475690000021132,1004417.6754924031,1160.6855356730596,165.69899567300246,16.0,0.0,1.0
r103_21,2,50,depot,1,mp_eavns,1.3167232999985572,2591.5902389982966,991.5902389982965,0.0,16.0,0.0,0.0
r103_21,2,50,phased,11,edd,2.399999721092172e-05,3005080.6923260083,1503.8842712173234,167.68080547909884,19.0,4.0,3.0
r103_21,2,50,phased,11,sweep,1.4499997632810846e-05,5199.234853544731,1297.1273407904482,200.21075127542827,19.0,1.0,0.0
r103_21,2,50,phased,11,nearest,0.00020909999875584617,6915.1176766060025,1174.654865457411,404.04628111485914,17.0,2.0,0.0
r103_21,2,50,phased,11,grasp,0.15991049999865936,3909.1692396293693,1279.9064162929462,102.92628233364232,16.0,3.0,0.0
r103_21,2,50,phased,11,mp_eavns,1.1174197000000277,2596.280446115025,996.2804461150248,0.0,16.0,0.0,0.0
r103_21,2,50,all,21,edd,2.1699997887481004e-05,3005080.6923260083,1503.8842712173234,167.68080547909884,19.0,4.0,3.0
r103_21,2,50,all,21,sweep,1.4000001101521775e-05,5194.408141291993,1292.30062853771,200.21075127542827,19.0,1.0,0.0
r103_21,2,50,all,21,nearest,0.00022230000104173087,6915.1176766060025,1174.654865457411,404.04628111485914,17.0,2.0,0.0
r103_21,2,50,all,21,grasp,0.1396892000011576,4042.5232227505394,1340.7147655319925,100.1808457218547,17.0,1.0,0.0
r103_21,2,50,all,21,mp_eavns,1.0955581999987771,2596.280446115025,996.2804461150248,0.0,16.0,0.0,0.0
r103_21,3,75,depot,1,edd,2.6600002456689253e-05,16014700.720787678,2799.5850915148653,930.1135696162187,26.0,4.0,16.0
r103_21,3,75,depot,1,sweep,1.6199999663513154e-05,3010001.111041792,1996.1896668765703,510.49213749157485,29.0,0.0,3.0
r103_21,3,75,depot,1,nearest,0.00042440000106580555,2012029.893443607,1914.003745654864,771.5889697952053,24.0,2.0,2.0
r103_21,3,75,depot,1,grasp,0.2697134999980335,18431.012036520995,2161.3469405998744,1396.966509592112,23.0,7.0,0.0
r103_21,3,75,depot,1,mp_eavns,3.1321303000004264,3936.5880388292912,1536.5880388292912,0.0,24.0,0.0,0.0
r103_21,3,75,phased,16,edd,3.900000228895806e-05,3020763.291844741,2817.9238745671005,1534.5367970173809,26.0,15.0,3.0
r103_21,3,75,phased,16,sweep,2.2500000341096893e-05,10035.068899716618,2030.147524800868,510.49213749157485,29.0,3.0,0.0
r103_21,3,75,phased,16,nearest,0.0004415000003064051,11865.305606507593,1888.8159603615507,757.6489646146042,24.0,4.0,0.0
r103_21,3,75,phased,16,grasp,0.6371362999998382,8563.329497839659,2078.048059074846,418.5281438764813,23.0,7.0,0.0
r103_21,3,75,phased,16,mp_eavns,2.8098992999985057,3848.4634830553623,1548.4634830553623,0.0,23.0,0.0,0.0
r103_21,3,75,all,21,edd,3.389999983482994e-05,3020763.291844741,2817.9238745671005,1534.5367970173809,26.0,15.0,3.0
r103_21,3,75,all,21,sweep,2.0399998902576044e-05,10035.068899716618,2030.147524800868,510.49213749157485,29.0,3.0,0.0
r103_21,3,75,all,21,nearest,0.00041599999894970097,11865.305606507593,1888.8159603615507,757.6489646146042,24.0,4.0,0.0
r103_21,3,75,all,21,grasp,0.6484108000004198,9150.173110020503,2126.3992490331293,472.37738609873736,23.0,8.0,0.0
r103_21,3,75,all,21,mp_eavns,2.9973909000000276,3848.4634830553623,1548.4634830553623,0.0,23.0,0.0,0.0
r103_21,4,100,depot,1,edd,5.199999941396527e-05,19021483.993201293,3900.854859278349,1388.31383420149,37.0,8.0,19.0
r103_21,4,100,depot,1,sweep,3.740000101970509e-05,3015091.350239269,2658.4321244414664,873.2918114827305,37.0,0.0,3.0
r103_21,4,100,depot,1,nearest,0.0016289999985019676,7021030.225966777,2855.7033478995563,1497.452261887718,32.0,3.0,7.0
r103_21,4,100,depot,1,grasp,0.7983975999995891,3018936.421994592,2946.8162898326636,1288.9605704759442,31.0,6.0,3.0
r103_21,4,100,depot,1,mp_eavns,7.750074400002632,5184.454339553078,2084.454339553078,0.0,31.0,0.0,0.0
r103_21,4,100,phased,21,edd,4.270000135875307e-05,8027202.908933696,3910.0730572268276,1959.2835876469271,37.0,17.0,8.0
r103_21,4,100,phased,21,sweep,2.4999997549457476e-05,15125.30809719307,2692.3899823657644,873.2918114827305,37.0,3.0,0.0
r103_21,4,100,phased,21,nearest,0.0007303000020328909,20868.04945077469,2856.369801282695,1481.1679649491998,32.0,10.0,0.0
r103_21,4,100,phased,21,grasp,1.8893305999990844,15493.272213475242,2885.8028057809147,940.7469407694327,32.0,10.0,0.0
r103_21,4,100,phased,21,mp_eavns,5.1329498999984935,5191.097494425186,2091.0974944251857,0.0,31.0,0.0,0.0
r103_21,4,100,all,21,edd,4.0099999750964344e-05,8027202.908933696,3910.0730572268276,1959.2835876469271,37.0,17.0,8.0
r103_21,4,100,all,21,sweep,2.5499997718725353e-05,15125.30809719307,2692.3899823657644,873.2918114827305,37.0,3.0,0.0
r103_21,4,100,all,21,nearest,0.000729499999579275,20926.32360493374,2856.369801282695,1486.9953803651047,32.0,10.0,0.0
r103_21,4,100,all,21,grasp,1.7836270000007062,13392.355132240642,3029.5839136200775,726.2771218620563,31.0,15.0,0.0
r103_21,4,100,all,21,mp_eavns,5.063840999999229,5216.819852794095,2116.819852794095,0.0,31.0,0.0,0.0
r103C10,1,3,depot,1,edd,6.70000008540228e-06,171.2339397496857,71.23393974968569,0.0,1.0,0.0,0.0
r103C10,1,3,depot,1,sweep,2.4000000848900527e-06,727.9853430813773,66.08792760170431,56.1897415479673,1.0,0.0,0.0
r103C10,1,3,depot,1,nearest,9.20000093174167e-06,727.9853430813773,66.08792760170431,56.1897415479673,1.0,0.0,0.0
r103C10,1,3,depot,1,grasp,0.0001503000021330081,171.2339397496857,71.23393974968569,0.0,1.0,0.0,0.0
r103C10,1,3,depot,1,mp_eavns,0.001968999997188803,171.2339397496857,71.23393974968569,0.0,1.0,0.0,0.0
r103C10,1,3,phased,2,edd,2.5000008463393897e-06,171.2339397496857,71.23393974968569,0.0,1.0,0.0,0.0
r103C10,1,3,phased,2,sweep,2.2000021999701858e-06,727.9853430813773,66.08792760170431,56.1897415479673,1.0,0.0,0.0
r103C10,1,3,phased,2,nearest,5.500001861946657e-06,727.9853430813773,66.08792760170431,56.1897415479673,1.0,0.0,0.0
r103C10,1,3,phased,2,grasp,0.00015449999773409218,171.2339397496857,71.23393974968569,0.0,1.0,0.0,0.0
r103C10,1,3,phased,2,mp_eavns,0.0018684999995457474,171.2339397496857,71.23393974968569,0.0,1.0,0.0,0.0
r103C10,1,3,all,3,edd,1.9999970390927047e-06,171.2339397496857,71.23393974968569,0.0,1.0,0.0,0.0
r103C10,1,3,all,3,sweep,2.0000006770715117e-06,727.9853430813773,66.08792760170431,56.1897415479673,1.0,0.0,0.0
r103C10,1,3,all,3,nearest,5.199999577598646e-06,727.9853430813773,66.08792760170431,56.1897415479673,1.0,0.0,0.0
r103C10,1,3,all,3,grasp,0.00014739999824087135,171.2339397496857,71.23393974968569,0.0,1.0,0.0,0.0
r103C10,1,3,all,3,mp_eavns,0.003002499997819541,171.2339397496857,71.23393974968569,0.0,1.0,0.0,0.0
r103C10,2,5,depot,1,edd,5.799996870337054e-06,301.0422041293808,101.04220412938079,0.0,2.0,0.0,0.0
r103C10,2,5,depot,1,sweep,4.400000761961564e-06,854.2655900339267,92.36817455425373,56.1897415479673,2.0,0.0,0.0
r103C10,2,5,depot,1,nearest,1.8200000340584666e-05,339.77716403095843,139.77716403095843,0.0,2.0,0.0,0.0
r103C10,2,5,depot,1,grasp,0.0012152000017522369,298.06675547968314,98.06675547968315,0.0,2.0,0.0,0.0
r103C10,2,5,depot,1,mp_eavns,0.01439570000002277,294.94867334048274,94.94867334048277,0.0,2.0,0.0,0.0
r103C10,2,5,phased,2,edd,4.599998646881431e-06,301.0422041293808,101.04220412938079,0.0,2.0,0.0,0.0
r103C10,2,5,phased,2,sweep,2.9000002541579306e-06,854.2655900339267,92.36817455425373,56.1897415479673,2.0,0.0,0.0
r103C10,2,5,phased,2,nearest,9.700001101009548e-06,339.77716403095843,139.77716403095843,0.0,2.0,0.0,0.0
r103C10,2,5,phased,2,grasp,0.0005969000012555625,298.06675547968314,98.06675547968315,0.0,2.0,0.0,0.0
r103C10,2,5,phased,2,mp_eavns,0.009305899999162648,294.94867334048274,94.94867334048277,0.0,2.0,0.0,0.0
r103C10,2,5,all,3,edd,4.699999408330768e-06,301.0422041293808,101.04220412938079,0.0,2.0,0.0,0.0
r103C10,2,5,all,3,sweep,4.300000000512227e-06,854.2655900339267,92.36817455425373,56.1897415479673,2.0,0.0,0.0
r103C10,2,5,all,3,nearest,1.1899999663000926e-05,339.77716403095843,139.77716403095843,0.0,2.0,0.0,0.0
r103C10,2,5,all,3,grasp,0.00065320000067004,298.06675547968314,98.06675547968315,0.0,2.0,0.0,0.0
r103C10,2,5,all,3,mp_eavns,0.00923519999923883,294.94867334048274,94.94867334048277,0.0,2.0,0.0,0.0
r103C10,3,8,depot,1,edd,3.9000005926936865e-06,482.34340485429334,182.34340485429334,0.0,3.0,0.0,0.0
r103C10,3,8,depot,1,sweep,3.0000010156072676e-06,1032.482866895537,170.5854514158641,56.1897415479673,3.0,0.0,0.0
r103C10,3,8,depot,1,nearest,1.4299999747890979e-05,1915.6545241987812,205.20091402690886,141.04536101718725,3.0,0.0,0.0
r103C10,3,8,depot,1,grasp,0.0010164000013901386,1610.0099623875153,210.0099623875153,110.0,3.0,0.0,0.0
r103C10,3,8,depot,1,mp_eavns,0.021099199999298435,456.15627326122444,156.15627326122447,0.0,3.0,0.0,0.0
r103C10,3,8,phased,3,edd,4.900000931229442e-06,482.34340485429334,182.34340485429334,0.0,3.0,0.0,0.0
r103C10,3,8,phased,3,sweep,4.800000169780105e-06,1032.482866895537,170.5854514158641,56.1897415479673,3.0,0.0,0.0
r103C10,3,8,phased,3,nearest,1.599999814061448e-05,1915.6545241987812,205.20091402690886,141.04536101718725,3.0,0.0,0.0
r103C10,3,8,phased,3,grasp,0.0011692000007315073,570.9645125347467,237.65382302302478,3.331068951172199,3.0,1.0,0.0
r103C10,3,8,phased,3,mp_eavns,0.026230499999655876,456.15627326122444,156.15627326122447,0.0,3.0,0.0,0.0
r103C10,3,8,all,3,edd,6.000002031214535e-06,482.34340485429334,182.34340485429334,0.0,3.0,0.0,0.0
r103C10,3,8,all,3,sweep,5.40000110049732e-06,1032.482866895537,170.5854514158641,56.1897415479673,3.0,0.0,0.0
r103C10,3,8,all,3,nearest,1.7300000763498247e-05,1915.6545241987812,205.20091402690886,141.04536101718725,3.0,0.0,0.0
r103C10,3,8,all,3,grasp,0.0010820000024978071,659.4267435629706,198.43654842704285,16.09901951359278,3.0,0.0,0.0
r103C10,3,8,all,3,mp_eavns,0.026038799998787,456.15627326122444,156.15627326122447,0.0,3.0,0.0,0.0
r103C10,4,10,depot,1,edd,6.599999323952943e-06,1000660.6756475378,260.6756475377779,0.0,4.0,0.0,1.0
r103C10,4,10,depot,1,sweep,3.9000005926936865e-06,1423.57977614942,240.26100443243766,78.33187717169825,4.0,0.0,0.0
r103C10,4,10,depot,1,nearest,2.3299999156733975e-05,1001741.281080286,261.4152497151785,117.98658305708175,3.0,0.0,1.0
r103C10,4,10,depot,1,grasp,0.001384800001687836,810.4160305550372,239.7938118336279,27.062221872140924,3.0,0.0,0.0
r103C10,4,10,depot,1,mp_eavns,0.031805200000235345,513.3078797482337,213.30787974823372,0.0,3.0,0.0,0.0
r103C10,4,10,phased,3,edd,5.800000508315861e-06,1000660.6756475378,260.6756475377779,0.0,4.0,0.0,1.0
r103C10,4,10,phased,3,sweep,5.000001692678779e-06,1423.57977614942,240.26100443243766,78.33187717169825,4.0,0.0,0.0
r103C10,4,10,phased,3,nearest,2.0899999071843922e-05,1742.4116338738113,262.5458033029937,117.98658305708175,3.0,1.0,0.0
r103C10,4,10,phased,3,grasp,0.0023136999989219476,677.4681485246725,277.46814852467253,0.0,4.0,0.0,0.0
r103C10,4,10,phased,3,mp_eavns,0.0317293999978574,513.3078797482337,213.30787974823372,0.0,3.0,0.0,0.0
r103C10,4,10,all,3,edd,5.300000339047983e-06,1000660.6756475378,260.6756475377779,0.0,4.0,0.0,1.0
r103C10,4,10,all,3,sweep,5.199999577598646e-06,1423.57977614942,240.26100443243766,78.33187717169825,4.0,0.0,0.0
r103C10,4,10,all,3,nearest,1.9999999494757503e-05,1742.4116338738113,262.5458033029937,117.98658305708175,3.0,1.0,0.0
r103C10,4,10,all,3,grasp,0.001981800000066869,541.34549324721,241.34549324721007,0.0,3.0,0.0,0.0
r103C10,4,10,all,3,mp_eavns,0.034117800001695286,513.3078797482337,213.30787974823372,0.0,3.0,0.0,0.0
r104_21,1,25,depot,1,edd,1.1399999493733048e-05,1711.20332811981,611.2033281198101,0.0,11.0,0.0,0.0
r104_21,1,25,depot,1,sweep,7.200000254670158e-06,1747.9215064097161,647.921506409716,0.0,11.0,0.0,0.0
r104_21,1,25,depot,1,nearest,7.280000136233866e-05,1464.666881702422,536.5698660467076,2.8097015655714443,9.0,0.0,0.0
r104_21,1,25,depot,1,grasp,0.010277400000632042,1448.8177045656048,548.8177045656049,0.0,9.0,0.0,0.0
r104_21,1,25,depot,1,mp_eavns,0.11224679999941145,1253.682678257117,453.68267825711695,0.0,8.0,0.0,0.0
r104_21,1,25,phased,6,edd,1.3699998817173764e-05,1711.20332811981,611.2033281198101,0.0,11.0,0.0,0.0
r104_21,1,25,phased,6,sweep,1.049999991664663e-05,1747.9215064097161,647.921506409716,0.0,11.0,0.0,0.0
r104_21,1,25,phased,6,nearest,7.850000110920519e-05,1464.666881702422,536.5698660467076,2.8097015655714443,9.0,0.0,0.0
r104_21,1,25,phased,6,grasp,0.012524300000222865,1425.1451812902058,525.1451812902058,0.0,9.0,0.0,0.0
r104_21,1,25,phased,6,mp_eavns,0.15521269999953802,1255.1628967395654,455.1628967395654,0.0,8.0,0.0,0.0
r104_21,1,25,all,21,edd,1.2900000001536682e-05,1711.20332811981,611.2033281198101,0.0,11.0,0.0,0.0
r104_21,1,25,all,21,sweep,9.700001101009548e-06,1747.9215064097161,647.921506409716,0.0,11.0,0.0,0.0
r104_21,1,25,all,21,nearest,7.520000144722871e-05,1464.666881702422,536.5698660467076,2.8097015655714443,9.0,0.0,0.0
r104_21,1,25,all,21,grasp,0.011022799997590482,1443.4114496191007,543.4114496191007,0.0,9.0,0.0,0.0
r104_21,1,25,all,21,mp_eavns,0.16093519999776618,1374.2200934164462,474.22009341644616,0.0,9.0,0.0,0.0
r104_21,2,50,depot,1,edd,2.040000254055485e-05,8005482.514977125,1628.8190848055656,195.36958923197344,19.0,2.0,8.0
r104_21,2,50,depot,1,sweep,1.2299999070819467e-05,1003867.1678125331,1280.0830555088833,68.70847570242378,19.0,0.0,1.0
r104_21,2,50,depot,1,nearest,0.0002100000019709114,2003202.9852319916,1172.0369986446485,33.094823334690844,17.0,0.0,2.0
r104_21,2,50,depot,1,grasp,0.08389080000051763,2967.463764743956,1254.340934856807,11.312282988714855,16.0,1.0,0.0
r104_21,2,50,depot,1,mp_eavns,0.9607587999998941,2589.619357908531,989.6193579085314,0.0,16.0,0.0,0.0
r104_21,2,50,phased,11,edd,2.5800000003073364e-05,4006181.526533571,1597.6290356121272,268.3897497959125,19.0,4.0,4.0
r104_21,2,50,phased,11,sweep,1.5099998563528061e-05,3884.212097814686,1297.1273407904482,68.70847570242378,19.0,1.0,0.0
r104_21,2,50,phased,11,nearest,0.0002153999994334299,3205.6030988043194,1174.654865457411,33.094823334690844,17.0,2.0,0.0
r104_21,2,50,phased,11,grasp,0.14038450000225566,2816.434890811835,1179.13793637655,3.729695443528499,16.0,3.0,0.0
r104_21,2,50,phased,11,mp_eavns,1.1453995000010764,2575.013613534674,975.0136135346736,0.0,16.0,0.0,0.0
r104_21,2,50,all,21,edd,2.0099996618228033e-05,4006181.526533571,1597.6290356121272,268.3897497959125,19.0,4.0,4.0
r104_21,2,50,all,21,sweep,1.3799999578623101e-05,3879.385385561948,1292.30062853771,68.70847570242378,19.0,1.0,0.0
r104_21,2,50,all,21,nearest,0.00019750000137719326,3205.6030988043194,1174.654865457411,33.094823334690844,17.0,2.0,0.0
r104_21,2,50,all,21,grasp,0.11837600000217208,2864.7543496699464,1199.2852319945102,6.546911767543634,16.0,2.0,0.0
r104_21,2,50,all,21,mp_eavns,0.9914863000012701,2579.7873773865344,979.7873773865343,0.0,16.0,0.0,0.0
r104_21,3,75,depot,1,edd,2.7800000680144876e-05,14014455.093048694,2790.991729368065,886.4101319326113,28.0,5.0,14.0
r104_21,3,75,depot,1,sweep,1.559999873279594e-05,3006810.514956652,1996.1896668765703,191.43252897758398,29.0,0.0,3.0
r104_21,3,75,depot,1,nearest,0.00039430000106221996,2007577.5299988817,1914.003745654864,326.35262532269337,24.0,2.0,2.0
r104_21,3,75,depot,1,grasp,0.2415142999998352,2005382.465994152,2024.7420813594117,105.77239127925381,23.0,5.0,2.0
r104_21,3,75,depot,1,mp_eavns,3.3172274000025936,3905.327789001485,1505.327789001485,0.0,24.0,0.0,0.0
r104_21,3,75,phased,16,edd,3.510000169626437e-05,1017751.7540986319,2782.580024897055,1216.9174073734873,28.0,15.0,1.0
r104_21,3,75,phased,16,sweep,2.0699997548945248e-05,6844.472814576708,2030.147524800868,191.43252897758398,29.0,3.0,0.0
r104_21,3,75,phased,16,nearest,0.00042389999725855887,7412.942161782473,1888.8159603615507,312.41262014209224,24.0,4.0,0.0
r104_21,3,75,phased,16,grasp,0.46893070000078296,5344.546257750726,2009.609077701141,93.49371800495854,24.0,6.0,0.0
r104_21,3,75,phased,16,mp_eavns,2.805779900001653,3830.1297366026474,1530.1297366026477,0.0,23.0,0.0,0.0
r104_21,3,75,all,21,edd,4.6799999836366624e-05,1017751.7540986319,2782.580024897055,1216.9174073734873,28.0,15.0,1.0
r104_21,3,75,all,21,sweep,2.7800000680144876e-05,6844.472814576708,2030.147524800868,191.43252897758398,29.0,3.0,0.0
r104_21,3,75,all,21,nearest,0.0004227999997965526,7412.942161782473,1888.8159603615507,312.41262014209224,24.0,4.0,0.0
r104_21,3,75,all,21,grasp,0.627746300000581,5301.335865140829,2182.135932854622,81.91999322862075,23.0,9.0,0.0
r104_21,3,75,all,21,mp_eavns,2.869227899998805,3826.515408637138,1526.515408637138,0.0,23.0,1.0,0.0
r104_21,4,100,depot,1,edd,3.789999755099416e-05,21023617.87984551,3908.112139322236,1610.9767706187947,36.0,8.0,21.0
r104_21,4,100,depot,1,sweep,2.1699997887481004e-05,3008316.5828370485,2658.4321244414664,195.81507126070548,37.0,0.0,3.0
r104_21,4,100,depot,1,nearest,0.0007656999987375457,7010794.282482608,2855.7033478995563,473.857913470888,32.0,3.0,7.0
r104_21,4,100,depot,1,grasp,0.6542778999973962,2012835.9344797637,2924.483688060534,681.1450791703085,31.0,6.0,2.0
r104_21,4,100,depot,1,mp_eavns,6.83952870000212,5181.147383977541,2081.1473839775413,0.0,31.0,0.0,0.0
r104_21,4,100,phased,21,edd,4.900000203633681e-05,4026856.4150737044,3918.5041892737568,1933.791088443078,36.0,19.0,4.0
r104_21,4,100,phased,21,sweep,2.719999974942766e-05,8350.54069497282,2692.3899823657644,195.81507126070548,37.0,3.0,0.0
r104_21,4,100,phased,21,nearest,0.0007459000007656869,10632.1059666064,2856.369801282695,457.57361653237035,32.0,10.0,0.0
r104_21,4,100,phased,21,grasp,1.4549810999997135,8245.06113984055,2811.471568061179,233.3589571779372,31.0,13.0,0.0
r104_21,4,100,phased,21,mp_eavns,6.201733299996704,5146.472488761991,2046.4724887619916,0.0,31.0,2.0,0.0
r104_21,4,100,all,21,edd,3.9200000173877925e-05,4026856.4150737044,3918.5041892737568,1933.791088443078,36.0,19.0,4.0
r104_21,4,100,all,21,sweep,2.4600001779617742e-05,8350.54069497282,2692.3899823657644,195.81507126070548,37.0,3.0,0.0
r104_21,4,100,all,21,nearest,0.0007169999989855569,10690.380120765445,2856.369801282695,463.401031948275,32.0,10.0,0.0
r104_21,4,100,all,21,grasp,1.3842518000019481,8634.421362388093,2765.6653445096754,276.8756017878417,31.0,10.0,0.0
r104_21,4,100,all,21,mp_eavns,5.212464699998236,5172.116429947968,2072.1164299479683,0.0,31.0,2.0,0.0
r104C5,1,2,depot,1,edd,5.40000110049732e-06,144.51150805005705,44.51150805005705,0.0,1.0,0.0,0.0
r104C5,1,2,depot,1,sweep,2.4000000848900527e-06,144.51150805005705,44.51150805005705,0.0,1.0,0.0,0.0
r104C5,1,2,depot,1,nearest,8.600000001024455e-06,144.51150805005705,44.51150805005705,0.0,1.0,0.0,0.0
r104C5,1,2,depot,1,grasp,0.00011470000026747584,144.51150805005705,44.51150805005705,0.0,1.0,0.0,0.0
r104C5,1,2,depot,1,mp_eavns,0.001099099998100428,144.51150805005705,44.51150805005705,0.0,1.0,0.0,0.0
r104C5,1,2,phased,2,edd,1.8999999156221747e-06,144.51150805005705,44.51150805005705,0.0,1.0,0.0,0.0
r104C5,1,2,phased,2,sweep,1.6000012692529708e-06,144.51150805005705,44.51150805005705,0.0,1.0,0.0,0.0
r104C5,1,2,phased,2,nearest,3.7999998312443495e-06,144.51150805005705,44.51150805005705,0.0,1.0,0.0,0.0
r104C5,1,2,phased,2,grasp,0.00010900000052060932,144.51150805005705,44.51150805005705,0.0,1.0,0.0,0.0
r104C5,1,2,phased,2,mp_eavns,0.0015595000004395843,144.51150805005705,44.51150805005705,0.0,1.0,0.0,0.0
r104C5,1,2,all,3,edd,2.9000002541579306e-06,144.51150805005705,44.51150805005705,0.0,1.0,0.0,0.0
r104C5,1,2,all,3,sweep,2.4000000848900527e-06,144.51150805005705,44.51150805005705,0.0,1.0,0.0,0.0
r104C5,1,2,all,3,nearest,6.800000846851617e-06,144.51150805005705,44.51150805005705,0.0,1.0,0.0,0.0
r104C5,1,2,all,3,grasp,0.00011159999849041924,144.51150805005705,44.51150805005705,0.0,1.0,0.0,0.0
r104C5,1,2,all,3,mp_eavns,0.0011550999988685362,144.51150805005705,44.51150805005705,0.0,1.0,0.0,0.0
r104C5,2,3,depot,1,edd,3.4000004234258085e-06,281.28106067175753,81.28106067175752,0.0,2.0,0.0,0.0
r104C5,2,3,depot,1,sweep,2.4000000848900527e-06,281.28106067175753,81.28106067175753,0.0,2.0,0.0,0.0
r104C5,2,3,depot,1,nearest,8.000002708286047e-06,281.28106067175753,81.28106067175753,0.0,2.0,0.0,0.0
r104C5,2,3,depot,1,grasp,0.0001602000011189375,281.28106067175753,81.28106067175753,0.0,2.0,0.0,0.0
r104C5,2,3,depot,1,mp_eavns,0.0022964999989198986,281.28106067175753,81.28106067175753,0.0,2.0,0.0,0.0
r104C5,2,3,phased,2,edd,2.1000014385208488e-06,281.28106067175753,81.28106067175752,0.0,2.0,0.0,0.0
r104C5,2,3,phased,2,sweep,1.7999991541728377e-06,281.28106067175753,81.28106067175753,0.0,2.0,0.0,0.0
r104C5,2,3,phased,2,nearest,5.599998985417187e-06,281.28106067175753,81.28106067175753,0.0,2.0,0.0,0.0
r104C5,2,3,phased,2,grasp,0.0001565000020491425,281.28106067175753,81.28106067175753,0.0,2.0,0.0,0.0
r104C5,2,3,phased,2,mp_eavns,0.0022247000015340745,281.28106067175753,81.28106067175753,0.0,2.0,0.0,0.0
r104C5,2,3,all,3,edd,2.0999978005420417e-06,281.28106067175753,81.28106067175752,0.0,2.0,0.0,0.0
r104C5,2,3,all,3,sweep,2.0000006770715117e-06,281.28106067175753,81.28106067175753,0.0,2.0,0.0,0.0
r104C5,2,3,all,3,nearest,5.699999746866524e-06,281.28106067175753,81.28106067175753,0.0,2.0,0.0,0.0
r104C5,2,3,all,3,grasp,0.00015390000044135377,281.28106067175753,81.28106067175753,0.0,2.0,0.0,0.0
r104C5,2,3,all,3,mp_eavns,0.0022213999982341193,281.28106067175753,81.28106067175753,0.0,2.0,0.0,0.0
r104C5,3,4,depot,1,edd,2.2999993234407157e-06,1000848.3725731223,160.35873245748488,48.8013840664737,2.0,0.0,1.0
r104C5,3,4,depot,1,sweep,1.8999999156221747e-06,1000848.3725731223,160.35873245748488,48.8013840664737,2.0,0.0,1.0
r104C5,3,4,depot,1,nearest,6.79999720887281e-06,1000356.9658056078,156.9658056077983,0.0,2.0,0.0,1.0
r104C5,3,4,depot,1,grasp,0.00021829999968758784,1000356.9658056078,156.9658056077983,0.0,2.0,0.0,1.0
r104C5,3,4,depot,1,mp_eavns,0.007489999999961583,460.6031887319653,160.6031887319653,0.0,3.0,0.0,0.0
r104C5,3,4,phased,3,edd,3.0999981390777975e-06,848.9311092781211,160.91726861338404,48.8013840664737,2.0,1.0,0.0
r104C5,3,4,phased,3,sweep,2.4000000848900527e-06,848.9311092781211,160.917268613384,48.8013840664737,2.0,1.0,0.0
r104C5,3,4,phased,3,nearest,7.000002369750291e-06,357.52434176369746,157.52434176369746,0.0,2.0,1.0,0.0
r104C5,3,4,phased,3,grasp,0.00025660000028437935,357.52434176369746,157.52434176369746,0.0,2.0,1.0,0.0
r104C5,3,4,phased,3,mp_eavns,0.005305200000293553,357.52434176369746,157.52434176369746,0.0,2.0,1.0,0.0
r104C5,3,4,all,3,edd,2.4000000848900527e-06,848.9311092781211,160.91726861338404,48.8013840664737,2.0,1.0,0.0
r104C5,3,4,all,3,sweep,2.1000014385208488e-06,848.9311092781211,160.917268613384,48.8013840664737,2.0,1.0,0.0
r104C5,3,4,all,3,nearest,6.800000846851617e-06,357.52434176369746,157.52434176369746,0.0,2.0,1.0,0.0
r104C5,3,4,all,3,grasp,0.0002500000009604264,357.52434176369746,157.52434176369746,0.0,2.0,1.0,0.0
r104C5,3,4,all,3,mp_eavns,0.005089999998745043,357.52434176369746,157.52434176369746,0.0,2.0,1.0,0.0
r104C5,4,5,depot,1,edd,2.6000016077887267e-06,2000387.4280481366,187.42804813661908,0.0,2.0,0.0,2.0
r104C5,4,5,depot,1,sweep,2.6999987312592566e-06,1000978.8356655457,190.8218248809405,48.8013840664737,3.0,0.0,1.0
r104C5,4,5,depot,1,nearest,9.60000033956021e-06,1000491.5377033475,191.53770334751536,0.0,3.0,0.0,1.0
r104C5,4,5,depot,1,grasp,0.00026669999715522863,1000387.1772349173,187.17723491733364,0.0,2.0,0.0,1.0
r104C5,4,5,depot,1,mp_eavns,0.009253200001694495,461.01315561033766,161.01315561033766,0.0,3.0,0.0,0.0
r104C5,4,5,phased,3,edd,2.7999994927085936e-06,2000387.4280481366,187.42804813661908,0.0,2.0,0.0,2.0
r104C5,4,5,phased,3,sweep,2.6000016077887267e-06,979.3942017015767,191.38036103683964,48.8013840664737,3.0,1.0,0.0
r104C5,4,5,phased,3,nearest,8.899998647393659e-06,1000491.5377033475,191.53770334751536,0.0,3.0,0.0,1.0
r104C5,4,5,phased,3,grasp,0.00029090000316500664,393.54919137447416,193.5491913744742,0.0,2.0,1.0,0.0
r104C5,4,5,phased,3,mp_eavns,0.007174499998654937,387.9865842925183,187.98658429251824,0.0,2.0,1.0,0.0
r104C5,4,5,all,3,edd,2.1999985619913787e-06,2000387.4280481366,187.42804813661908,0.0,2.0,0.0,2.0
r104C5,4,5,all,3,sweep,2.5999979698099196e-06,979.3942017015767,191.38036103683964,48.8013840664737,3.0,1.0,0.0
r104C5,4,5,all,3,nearest,8.39999847812578e-06,1000491.5377033475,191.53770334751536,0.0,3.0,0.0,1.0
r104C5,4,5,all,3,grasp,0.00030160000096657313,520.1250677943865,220.12506779438644,0.0,3.0,1.0,0.0
r104C5,4,5,all,3,mp_eavns,0.007279000001290115,387.9865842925183,187.98658429251824,0.0,2.0,1.0,0.0
r105_21,1,25,depot,1,edd,1.2299999070819467e-05,1605.2349562896432,605.2349562896432,0.0,10.0,0.0,0.0
r105_21,1,25,depot,1,sweep,7.200000254670158e-06,2786.850728679638,647.921506409716,103.89292222699218,11.0,0.0,0.0
r105_21,1,25,depot,1,nearest,7.069999992381781e-05,7617.5196791113785,523.1732702595285,619.434640885185,9.0,0.0,0.0
r105_21,1,25,depot,1,grasp,0.01935840000078315,3006.563144861518,574.6938157746661,153.1869329086852,9.0,0.0,0.0
r105_21,1,25,depot,1,mp_eavns,0.19118589999925462,1406.0020572225633,506.0020572225632,0.0,9.0,0.0,0.0
r105_21,1,25,phased,6,edd,1.1399999493733048e-05,1605.2349562896432,605.2349562896432,0.0,10.0,0.0,0.0
r105_21,1,25,phased,6,sweep,9.599996701581404e-06,2786.850728679638,647.921506409716,103.89292222699218,11.0,0.0,0.0
r105_21,1,25,phased,6,nearest,7.390000246232376e-05,7617.5196791113785,523.1732702595285,619.434640885185,9.0,0.0,0.0
r105_21,1,25,phased,6,grasp,0.025110200000199256,3058.9836341922996,605.6096754910701,155.33739587012295,9.0,1.0,0.0
r105_21,1,25,phased,6,mp_eavns,0.20423329999903217,1406.0020572225633,506.0020572225632,0.0,9.0,0.0,0.0
r105_21,1,25,all,21,edd,1.3799999578623101e-05,1605.2349562896432,605.2349562896432,0.0,10.0,0.0,0.0
r105_21,1,25,all,21,sweep,1.0300002031726763e-05,2786.850728679638,647.921506409716,103.89292222699218,11.0,0.0,0.0
r105_21,1,25,all,21,nearest,7.510000068577938e-05,7617.5196791113785,523.1732702595285,619.434640885185,9.0,0.0,0.0
r105_21,1,25,all,21,grasp,0.02153809999799705,4060.2275782971337,562.134275289176,259.80933030079575,9.0,0.0,0.0
r105_21,1,25,all,21,mp_eavns,0.17967510000016773,1391.949652403896,491.9496524038959,0.0,9.0,0.0,0.0
r105_21,2,50,depot,1,edd,1.8999999156221747e-05,9008376.345364291,1572.7677790829925,500.3577585207865,18.0,1.0,9.0
r105_21,2,50,depot,1,sweep,1.2399999832268804e-05,1010959.0507883382,1280.0830555088833,777.8967732829267,19.0,0.0,1.0
r105_21,2,50,depot,1,nearest,0.00020020000010845251,1020481.2074775563,1223.536500803881,1755.7670976752431,17.0,1.0,1.0
r105_21,2,50,depot,1,grasp,0.12338219999946887,11427.170292974584,1279.9115640221764,854.7258728952407,16.0,2.0,0.0
r105_21,2,50,depot,1,mp_eavns,1.2136086999998952,2599.0782762877725,999.0782762877725,0.0,16.0,0.0,0.0
r105_21,2,50,phased,11,edd,2.599999788799323e-05,5009050.9473528555,1571.8892610171988,567.9058091838315,18.0,4.0,5.0
r105_21,2,50,phased,11,sweep,1.5800000255694613e-05,10976.095073619716,1297.1273407904482,777.8967732829267,19.0,1.0,0.0
r105_21,2,50,phased,11,nearest,0.0002683000020624604,20448.16163654625,1228.4287946247214,1751.973284192153,17.0,2.0,0.0
r105_21,2,50,phased,11,grasp,0.2095698999983142,6883.932332813071,1301.03375709565,398.2898575717421,16.0,2.0,0.0
r105_21,2,50,phased,11,mp_eavns,1.199292900000728,2613.9906290304325,1013.9906290304325,0.0,16.0,0.0,0.0
r105_21,2,50,all,21,edd,2.0300001779105514e-05,5009050.9473528555,1571.8892610171988,567.9058091838315,18.0,4.0,5.0
r105_21,2,50,all,21,sweep,1.469999915570952e-05,10971.268361366978,1292.30062853771,777.8967732829267,19.0,1.0,0.0
r105_21,2,50,all,21,nearest,0.00021090000154799782,20448.16163654625,1228.4287946247214,1751.973284192153,17.0,2.0,0.0
r105_21,2,50,all,21,grasp,0.24874830000044312,7489.3047148333935,1304.0525031558127,458.5252211677581,16.0,5.0,0.0
r105_21,2,50,all,21,mp_eavns,1.2443305999986478,2616.26206809207,1016.26206809207,0.0,16.0,0.0,0.0
r105_21,3,75,depot,1,edd,2.7400001272326335e-05,19020013.757606033,2975.556538863306,1433.8201067168138,27.0,5.0,19.0
r105_21,3,75,depot,1,sweep,1.7300000763498247e-05,3018308.059570519,1996.1896668765703,1341.1869903642273,29.0,0.0,3.0
r105_21,3,75,depot,1,nearest,0.00043139999979757704,2026163.392520914,1944.4357101836058,2181.8956810730483,24.0,3.0,2.0
r105_21,3,75,depot,1,grasp,0.3723763999987568,21693.61934786116,2236.2181008639036,1705.7401246997254,24.0,4.0,0.0
r105_21,3,75,depot,1,mp_eavns,3.245953000001464,3943.9363385174684,1543.9363385174684,0.0,24.0,0.0,0.0
r105_21,3,75,phased,16,edd,3.469999865046702e-05,4026438.6500393124,2986.3952073969003,2075.2254831915543,27.0,15.0,4.0
r105_21,3,75,phased,16,sweep,2.040000254055485e-05,18342.01742844314,2030.147524800868,1341.1869903642273,29.0,3.0,0.0
r105_21,3,75,phased,16,nearest,0.00040829999852576293,25933.593655989378,1917.0691508992675,2161.652450509011,24.0,5.0,0.0
r105_21,3,75,phased,16,grasp,0.7723827000008896,14641.09970518535,2147.4521894842705,1019.364751570108,23.0,10.0,0.0
r105_21,3,75,phased,16,mp_eavns,2.947806300002412,3895.082176596189,1595.0821765961891,0.0,23.0,0.0,0.0
r105_21,3,75,all,21,edd,3.4599997889017686e-05,4026438.6500393124,2986.3952073969003,2075.2254831915543,27.0,15.0,4.0
r105_21,3,75,all,21,sweep,2.2599997464567423e-05,18342.01742844314,2030.147524800868,1341.1869903642273,29.0,3.0,0.0
r105_21,3,75,all,21,nearest,0.000414699999964796,25933.593655989378,1917.0691508992675,2161.652450509011,24.0,5.0,0.0
r105_21,3,75,all,21,grasp,0.8390770000005432,13905.53600374941,2111.8689091973383,949.3667094552073,23.0,8.0,0.0
r105_21,3,75,all,21,mp_eavns,2.9353822999983095,3872.576861726563,1572.5768617265628,0.0,23.0,0.0,0.0
r105_21,4,100,depot,1,edd,3.4500000765547156e-05,17033675.99931644,4117.028417328853,2595.897089911175,36.0,11.0,17.0
r105_21,4,100,depot,1,sweep,2.1500000002561137e-05,3025779.7819925174,2658.4321244414664,1942.1349868075758,37.0,0.0,3.0
r105_21,4,100,depot,1,nearest,0.0007069999992381781,7035267.582226354,2848.677963843519,2921.890426251019,32.0,3.0,7.0
r105_21,4,100,depot,1,grasp,0.8193199000015738,4027595.254046624,2833.443479761932,2166.1810566862187,31.0,4.0,4.0
r105_21,4,100,depot,1,mp_eavns,8.007746200000838,5281.310757399461,2081.310757399461,0.0,32.0,0.0,0.0
r105_21,4,100,phased,21,edd,4.9799997213995084e-05,4034665.090672409,4117.289253698804,2694.780141871039,36.0,22.0,4.0
r105_21,4,100,phased,21,sweep,3.090000245720148e-05,25813.73985044152,2692.3899823657644,1942.1349868075758,37.0,3.0,0.0
r105_21,4,100,phased,21,nearest,0.0007145999989006668,35105.25510488538,2849.1938117603736,2905.606129312501,32.0,10.0,0.0
r105_21,4,100,phased,21,grasp,2.0789151000026322,22982.38142508766,3036.875918537294,1684.5505506550364,31.0,14.0,0.0
r105_21,4,100,phased,21,mp_eavns,7.726263800002926,5247.140155791281,2146.586304409907,0.0553851381374173,31.0,1.0,0.0
r105_21,4,100,all,21,edd,5.3499999921768904e-05,4034665.090672409,4117.289253698804,2694.780141871039,36.0,22.0,4.0
r105_21,4,100,all,21,sweep,7.330000153160654e-05,25813.73985044152,2692.3899823657644,1942.1349868075758,37.0,3.0,0.0
r105_21,4,100,all,21,nearest,0.0013199999993958045,35163.52925904444,2849.1938117603736,2911.433544728406,32.0,10.0,0.0
r105_21,4,100,all,21,grasp,2.1393679000029806,22624.86516267522,2845.4837192558493,1677.9381443419372,30.0,12.0,0.0
r105_21,4,100,all,21,mp_eavns,7.126861699998699,5193.833844408533,2093.8338444085325,0.0,31.0,2.0,0.0
r105C15,1,4,depot,1,edd,1.0100000508828089e-05,314.18051269176664,114.18051269176662,0.0,2.0,0.0,0.0
r105C15,1,4,depot,1,sweep,2.9000002541579306e-06,436.8049360071018,136.80493600710176,0.0,3.0,0.0,0.0
r105C15,1,4,depot,1,nearest,1.0900002962443978e-05,922.9852429213855,112.98524292138555,61.0,2.0,0.0,0.0
r105C15,1,4,depot,1,grasp,0.00021090000154799782,314.18051269176664,114.18051269176662,0.0,2.0,0.0,0.0
r105C15,1,4,depot,1,mp_eavns,0.003333699998620432,314.18051269176664,114.18051269176662,0.0,2.0,0.0,0.0
r105C15,1,4,phased,3,edd,3.5000011848751456e-06,314.18051269176664,114.18051269176662,0.0,2.0,0.0,0.0
r105C15,1,4,phased,3,sweep,3.0000010156072676e-06,436.8049360071018,136.80493600710176,0.0,3.0,0.0,0.0
r105C15,1,4,phased,3,nearest,8.099999831756577e-06,922.9852429213855,112.98524292138555,61.0,2.0,0.0,0.0
r105C15,1,4,phased,3,grasp,0.00020050000239280052,314.18051269176664,114.18051269176662,0.0,2.0,0.0,0.0
r105C15,1,4,phased,3,mp_eavns,0.003361099999892758,314.18051269176664,114.18051269176662,0.0,2.0,0.0,0.0
r105C15,1,4,all,6,edd,3.5000011848751456e-06,314.18051269176664,114.18051269176662,0.0,2.0,0.0,0.0
r105C15,1,4,all,6,sweep,3.3000032999552786e-06,436.8049360071018,136.80493600710176,0.0,3.0,0.0,0.0
r105C15,1,4,all,6,nearest,1.0200001270277426e-05,922.9852429213855,112.98524292138555,61.0,2.0,0.0,0.0
r105C15,1,4,all,6,grasp,0.00020339999900897965,314.18051269176664,114.18051269176662,0.0,2.0,0.0,0.0
r105C15,1,4,all,6,mp_eavns,0.0031596000007994007,314.18051269176664,114.18051269176662,0.0,2.0,0.0,0.0
r105C15,2,8,depot,1,edd,4.1000021155923605e-06,3000960.838814023,332.2819328573934,32.85568811656847,3.0,0.0,3.0
r105C15,2,8,depot,1,sweep,3.6999990697950125e-06,863.1260845597978,250.32498566699266,21.280109889280524,4.0,0.0,0.0
r105C15,2,8,depot,1,nearest,1.5699999494245276e-05,1130.0813529906602,220.08135299066026,61.0,3.0,0.0,0.0
r105C15,2,8,depot,1,grasp,0.0011645000013231765,1992.1865471968772,229.15836600010644,146.30281811967706,3.0,0.0,0.0
r105C15,2,8,depot,1,mp_eavns,0.015097299998160452,521.2766227610414,221.27662276104132,0.0,3.0,0.0,0.0
r105C15,2,8,phased,4,edd,6.199999916134402e-06,1673.277876214948,333.5802157434858,103.96976604714624,3.0,2.0,0.0
r105C15,2,8,phased,4,sweep,5.599998985417187e-06,863.1260845597978,250.32498566699266,21.280109889280524,4.0,0.0,0.0
r105C15,2,8,phased,4,nearest,1.7099999240599573e-05,1130.0813529906602,220.08135299066026,61.0,3.0,0.0,0.0
r105C15,2,8,phased,4,grasp,0.0011118000002170447,527.4665381910556,227.4665381910556,0.0,3.0,0.0,0.0
r105C15,2,8,phased,4,mp_eavns,0.014563900000212016,521.2766227610414,221.27662276104132,0.0,3.0,0.0,0.0
r105C15,2,8,all,6,edd,6.300000677583739e-06,1673.277876214948,333.5802157434858,103.96976604714624,3.0,2.0,0.0
r105C15,2,8,all,6,sweep,6.400001439033076e-06,863.1260845597978,250.32498566699266,21.280109889280524,4.0,0.0,0.0
r105C15,2,8,all,6,nearest,1.7000002117129043e-05,1130.0813529906602,220.08135299066026,61.0,3.0,0.0,0.0
r105C15,2,8,all,6,grasp,0.0012206999999762047,1005.8738171508188,343.6057228229112,26.22680943279076,4.0,1.0,0.0
r105C15,2,8,all,6,mp_eavns,0.015465600001334678,521.2766227610414,221.27662276104132,0.0,3.0,0.0,0.0
r105C15,3,12,depot,1,edd,5.000001692678779e-06,5001350.953606116,521.0516547563694,22.99019513592785,6.0,0.0,5.0
r105C15,3,12,depot,1,sweep,4.599998646881431e-06,1003302.8156725168,333.905967150059,246.8909705366807,5.0,0.0,1.0
r105C15,3,12,depot,1,nearest,2.469999890308827e-05,2004759.0379694432,340.5717603631037,401.8466209080175,4.0,0.0,2.0
r105C15,3,12,depot,1,grasp,0.002546499999880325,4228.6668231182975,485.78103669364634,324.28857864246515,5.0,2.0,0.0
r105C15,3,12,depot,1,mp_eavns,0.04523909999988973,820.7565742815237,320.75657428152374,0.0,5.0,0.0,0.0
r105C15,3,12,phased,5,edd,8.200000593205914e-06,2876.9564125827033,544.8164082860247,173.21400042966786,6.0,3.0,0.0
r105C15,3,12,phased,5,sweep,7.300001016119495e-06,1003302.8156725168,333.905967150059,246.8909705366807,5.0,0.0,1.0
r105C15,3,12,phased,5,nearest,2.6900001103058457e-05,1004785.3260919863,366.8598829061095,401.8466209080175,4.0,1.0,1.0
r105C15,3,12,phased,5,grasp,0.004112699996767333,3057.6765662972366,512.033062019019,204.56435042782175,5.0,3.0,0.0
r105C15,3,12,phased,5,mp_eavns,0.03618629999982659,729.6110495014861,329.61104950148615,0.0,4.0,1.0,0.0
r105C15,3,12,all,6,edd,4.699999408330768e-06,2858.7641015254053,526.6240972287267,173.21400042966786,6.0,3.0,0.0
r105C15,3,12,all,6,sweep,5.599998985417187e-06,3307.051688444011,338.14198307720363,246.8909705366807,5.0,1.0,0.0
r105C15,3,12,all,6,nearest,2.2899999748915434e-05,1004763.2739853704,344.80777629024834,401.8466209080175,4.0,1.0,1.0
r105C15,3,12,all,6,grasp,0.005382899998949142,2345.461440153695,453.7017270839518,139.1759713069743,5.0,2.0,0.0
r105C15,3,12,all,6,mp_eavns,0.03829790000236244,729.6110495014861,329.61104950148615,0.0,4.0,1.0,0.0
r105C15,4,15,depot,1,edd,7.800001185387373e-06,5002966.90945897,621.6038353458789,174.53056236242128,6.0,1.0,5.0
r105C15,4,15,depot,1,sweep,5.099998816149309e-06,1005669.8631364773,411.2869498350122,465.8576186642241,6.0,0.0,1.0
r105C15,4,15,depot,1,nearest,3.5300003219163045e-05,3005377.5371561963,450.4510392176129,442.70861169789276,5.0,0.0,3.0
r105C15,4,15,depot,1,grasp,0.007277500000782311,4794.6975717524565,450.25574327038754,384.4441828482069,5.0,1.0,0.0
r105C15,4,15,depot,1,mp_eavns,0.09233999999923981,881.912812327659,381.912812327659,0.0,5.0,0.0,0.0
r105C15,4,15,phased,6,edd,8.700000762473792e-06,5363.364025183906,627.1762778182361,413.61877473656693,6.0,4.0,0.0
r105C15,4,15,phased,6,sweep,7.700000423938036e-06,5674.0991524043975,415.52296576215684,465.8576186642241,6.0,1.0,0.0
r105C15,4,15,phased,6,nearest,3.479999941191636e-05,6352.255715395307,450.9475473978197,540.1308167997487,5.0,1.0,0.0
r105C15,4,15,phased,6,grasp,0.011411100000259466,2316.562787893036,491.3118713675413,132.52509165254946,5.0,2.0,0.0
r105C15,4,15,phased,6,mp_eavns,0.09542049999799929,892.3182559318435,392.3182559318435,0.0,5.0,1.0,0.0
r105C15,4,15,all,6,edd,1.049999991664663e-05,5363.364025183906,627.1762778182361,413.61877473656693,6.0,4.0,0.0
r105C15,4,15,all,6,sweep,9.999999747378752e-06,5674.0991524043975,415.52296576215684,465.8576186642241,6.0,1.0,0.0
r105C15,4,15,all,6,nearest,3.819999983534217e-05,6352.255715395307,450.9475473978197,540.1308167997487,5.0,1.0,0.0
r105C15,4,15,all,6,grasp,0.009873599999991711,3845.8039336819993,462.32514801614536,288.3478785665854,5.0,2.0,0.0
r105C15,4,15,all,6,mp_eavns,0.08685100000002421,895.1132223899469,395.113222389947,0.0,5.0,0.0,0.0
r105C5,1,2,depot,1,edd,4.999998054699972e-06,151.65890558454885,51.65890558454885,0.0,1.0,0.0,0.0
r105C5,1,2,depot,1,sweep,2.1000014385208488e-06,151.65890558454885,51.65890558454885,0.0,1.0,0.0,0.0
r105C5,1,2,depot,1,nearest,8.200000593205914e-06,543.4623044595382,51.65890558454885,39.180339887498945,1.0,0.0,0.0
r105C5,1,2,depot,1,grasp,0.0001145999995060265,151.65890558454885,51.65890558454885,0.0,1.0,0.0,0.0
r105C5,1,2,depot,1,mp_eavns,0.0009692000021459535,151.65890558454885,51.65890558454885,0.0,1.0,0.0,0.0
r105C5,1,2,phased,2,edd,2.7999994927085936e-06,151.65890558454885,51.65890558454885,0.0,1.0,0.0,0.0
r105C5,1,2,phased,2,sweep,2.5000008463393897e-06,151.65890558454885,51.65890558454885,0.0,1.0,0.0,0.0
r105C5,1,2,phased,2,nearest,5.799996870337054e-06,543.4623044595382,51.65890558454885,39.180339887498945,1.0,0.0,0.0
r105C5,1,2,phased,2,grasp,0.00011359999916749075,151.65890558454885,51.65890558454885,0.0,1.0,0.0,0.0
r105C5,1,2,phased,2,mp_eavns,0.0011287000015727244,151.65890558454885,51.65890558454885,0.0,1.0,0.0,0.0
r105C5,1,2,all,3,edd,3.6999990697950125e-06,151.65890558454885,51.65890558454885,0.0,1.0,0.0,0.0
r105C5,1,2,all,3,sweep,3.6999990697950125e-06,151.65890558454885,51.65890558454885,0.0,1.0,0.0,0.0
r105C5,1,2,all,3,nearest,1.0799998563015833e-05,543.4623044595382,51.65890558454885,39.180339887498945,1.0,0.0,0.0
r105C5,1,2,all,3,grasp,0.00010899999688263051,151.65890558454885,51.65890558454885,0.0,1.0,0.0,0.0
r105C5,1,2,all,3,mp_eavns,0.0010102999985974748,151.65890558454885,51.65890558454885,0.0,1.0,0.0,0.0
r105C5,2,3,depot,1,edd,2.9000002541579306e-06,188.75979500686302,88.75979500686302,0.0,1.0,0.0,0.0
r105C5,2,3,depot,1,sweep,2.5000008463393897e-06,1024.819294223166,91.87241294404231,83.29468812791237,1.0,0.0,0.0
r105C5,2,3,depot,1,nearest,5.699999746866524e-06,1651.6515766883015,88.75979500686302,146.28917816814385,1.0,0.0,0.0
r105C5,2,3,depot,1,grasp,0.0001548000000184402,188.75979500686302,88.75979500686302,0.0,1.0,0.0,0.0
r105C5,2,3,depot,1,mp_eavns,0.0021381999977165833,188.75979500686302,88.75979500686302,0.0,1.0,0.0,0.0
r105C5,2,3,phased,2,edd,3.1999989005271345e-06,188.75979500686302,88.75979500686302,0.0,1.0,0.0,0.0
r105C5,2,3,phased,2,sweep,2.0999978005420417e-06,1024.819294223166,91.87241294404231,83.29468812791237,1.0,0.0,0.0
r105C5,2,3,phased,2,nearest,6.099999154685065e-06,1651.6515766883015,88.75979500686302,146.28917816814385,1.0,0.0,0.0
r105C5,2,3,phased,2,grasp,0.00015749999874969944,188.75979500686302,88.75979500686302,0.0,1.0,0.0,0.0
r105C5,2,3,phased,2,mp_eavns,0.0025450000030105002,188.75979500686302,88.75979500686302,0.0,1.0,0.0,0.0
r105C5,2,3,all,3,edd,3.5999983083456755e-06,188.75979500686302,88.75979500686302,0.0,1.0,0.0,0.0
r105C5,2,3,all,3,sweep,2.7000023692380637e-06,1024.819294223166,91.87241294404231,83.29468812791237,1.0,0.0,0.0
r105C5,2,3,all,3,nearest,6.499998562503606e-06,1651.6515766883015,88.75979500686302,146.28917816814385,1.0,0.0,0.0
r105C5,2,3,all,3,grasp,0.00017890000162879005,188.75979500686302,88.75979500686302,0.0,1.0,0.0,0.0
r105C5,2,3,all,3,mp_eavns,0.0023588000003655907,188.75979500686302,88.75979500686302,0.0,1.0,0.0,0.0
r105C5,3,4,depot,1,edd,2.9000002541579306e-06,301.4089056475365,101.40890564753653,0.0,2.0,0.0,0.0
r105C5,3,4,depot,1,sweep,2.1000014385208488e-06,1137.4684048638396,104.52152358471582,83.29468812791237,2.0,0.0,0.0
r105C5,3,4,depot,1,nearest,7.800001185387373e-06,1983.4166576802102,119.30269624345462,166.41139614367555,2.0,0.0,0.0
r105C5,3,4,depot,1,grasp,0.00020880000010947697,319.3026962434546,119.3026962434546,0.0,2.0,0.0,0.0
r105C5,3,4,depot,1,mp_eavns,0.003720299999258714,301.4089056475365,101.40890564753653,0.0,2.0,0.0,0.0
r105C5,3,4,phased,3,edd,2.6999987312592566e-06,301.4089056475365,101.40890564753653,0.0,2.0,0.0,0.0
r105C5,3,4,phased,3,sweep,2.4000000848900527e-06,1137.4684048638396,104.52152358471582,83.29468812791237,2.0,0.0,0.0
r105C5,3,4,phased,3,nearest,7.000002369750291e-06,1983.4166576802102,119.30269624345462,166.41139614367555,2.0,0.0,0.0
r105C5,3,4,phased,3,grasp,0.000216500000533415,319.3026962434546,119.3026962434546,0.0,2.0,0.0,0.0
r105C5,3,4,phased,3,mp_eavns,0.004488599999604048,301.4089056475365,101.40890564753653,0.0,2.0,0.0,0.0
r105C5,3,4,all,3,edd,4.800000169780105e-06,301.4089056475365,101.40890564753653,0.0,2.0,0.0,0.0
r105C5,3,4,all,3,sweep,4.699999408330768e-06,1137.4684048638396,104.52152358471582,83.29468812791237,2.0,0.0,0.0
r105C5,3,4,all,3,nearest,1.9999999494757503e-05,1983.4166576802102,119.30269624345462,166.41139614367555,2.0,0.0,0.0
r105C5,3,4,all,3,grasp,0.0005168999996385537,319.3026962434546,119.3026962434546,0.0,2.0,0.0,0.0
r105C5,3,4,all,3,mp_eavns,0.004411399997479748,301.4089056475365,101.40890564753653,0.0,2.0,0.0,0.0
r105C5,4,5,depot,1,edd,3.9000005926936865e-06,505.9826752392337,163.53780391557282,14.244487132366089,2.0,1.0,0.0
r105C5,4,5,depot,1,sweep,2.9000002541579306e-06,1437.208298677521,154.2614173983972,108.29468812791237,2.0,0.0,0.0
r105C5,4,5,depot,1,nearest,9.900002623908222e-06,1003029.567203628,181.367367846614,264.8199835781354,2.0,0.0,1.0
r105C5,4,5,depot,1,grasp,0.0007771999989927281,505.9826752392337,163.53780391557282,14.244487132366089,2.0,1.0,0.0
r105C5,4,5,depot,1,mp_eavns,0.007182400000601774,351.1487994612179,151.14879946121792,0.0,2.0,0.0,0.0
r105C5,4,5,phased,3,edd,3.7999998312443495e-06,505.9826752392337,163.53780391557282,14.244487132366089,2.0,1.0,0.0
r105C5,4,5,phased,3,sweep,3.2999996619764715e-06,1437.208298677521,154.2614173983972,108.29468812791237,2.0,0.0,0.0
r105C5,4,5,phased,3,nearest,9.499999578110874e-06,1003029.567203628,181.367367846614,264.8199835781354,2.0,0.0,1.0
r105C5,4,5,phased,3,grasp,0.0007275999996636529,505.9826752392337,163.53780391557282,14.244487132366089,2.0,1.0,0.0
r105C5,4,5,phased,3,mp_eavns,0.009666000001743669,351.1487994612179,151.14879946121792,0.0,2.0,0.0,0.0
r105C5,4,5,all,3,edd,4.999998054699972e-06,505.9826752392337,163.53780391557282,14.244487132366089,2.0,1.0,0.0
r105C5,4,5,all,3,sweep,5.300000339047983e-06,1437.208298677521,154.2614173983972,108.29468812791237,2.0,0.0,0.0
r105C5,4,5,all,3,nearest,1.1899999663000926e-05,1003029.567203628,181.367367846614,264.8199835781354,2.0,0.0,1.0
r105C5,4,5,all,3,grasp,0.0009188000003632624,505.9826752392337,163.53780391557282,14.244487132366089,2.0,1.0,0.0
r105C5,4,5,all,3,mp_eavns,0.010365900001488626,351.1487994612179,151.14879946121792,0.0,2.0,0.0,0.0
r106_21,1,25,depot,1,edd,1.4099998224992305e-05,1603.8256689201357,603.8256689201359,0.0,10.0,0.0,0.0
r106_21,1,25,depot,1,sweep,7.90000194683671e-06,2620.282186184714,647.921506409716,87.2360679774998,11.0,0.0,0.0
r106_21,1,25,depot,1,nearest,7.750000077066943e-05,4518.6891047732115,523.1732702595285,309.5515834513683,9.0,0.0,0.0
r106_21,1,25,depot,1,grasp,0.015411600001243642,1743.3923350941313,583.3923350941313,26.0,9.0,0.0,0.0
r106_21,1,25,depot,1,mp_eavns,0.1699704999991809,1377.3508061538328,477.35080615383276,0.0,9.0,0.0,0.0
r106_21,1,25,phased,6,edd,1.3100001524435356e-05,1603.8256689201357,603.8256689201359,0.0,10.0,0.0,0.0
r106_21,1,25,phased,6,sweep,9.2999980552122e-06,2620.282186184714,647.921506409716,87.2360679774998,11.0,0.0,0.0
r106_21,1,25,phased,6,nearest,7.479999840143137e-05,4518.6891047732115,523.1732702595285,309.5515834513683,9.0,0.0,0.0
r106_21,1,25,phased,6,grasp,0.021896800000831718,1812.0089815527,550.9307400711754,36.107824148152474,9.0,0.0,0.0
r106_21,1,25,phased,6,mp_eavns,0.18008949999784818,1382.23582667286,482.23582667286,0.0,9.0,0.0,0.0
r106_21,1,25,all,21,edd,1.2000000424450263e-05,1603.8256689201357,603.8256689201359,0.0,10.0,0.0,0.0
r106_21,1,25,all,21,sweep,9.69999746303074e-06,2620.282186184714,647.921506409716,87.2360679774998,11.0,0.0,0.0
r106_21,1,25,all,21,nearest,7.329999789362773e-05,4518.6891047732115,523.1732702595285,309.5515834513683,9.0,0.0,0.0
r106_21,1,25,all,21,grasp,0.02107849999811151,1655.4972010026154,583.3704969670965,17.212670403551897,9.0,0.0,0.0
r106_21,1,25,all,21,mp_eavns,0.1859851000008348,1381.8906359906161,481.8906359906162,0.0,9.0,0.0,0.0
r106_21,2,50,depot,1,edd,2.0200001017656177e-05,7004439.875850664,1476.5969413157695,116.32789093491073,18.0,1.0,7.0
r106_21,2,50,depot,1,sweep,1.1899999663000926e-05,1007870.696032331,1280.0830555088833,469.06129768221365,19.0,0.0,1.0
r106_21,2,50,depot,1,nearest,0.00021530000230995938,1011630.9426041594,1223.536500803881,870.7406103355496,17.0,1.0,1.0
r106_21,2,50,depot,1,grasp,0.10464959999808343,7685.420101948086,1261.234787518094,482.4185314429992,16.0,1.0,0.0
r106_21,2,50,depot,1,mp_eavns,0.971691999999166,2575.613035327831,975.6130353278309,0.0,16.0,0.0,0.0
r106_21,2,50,phased,11,edd,2.3499997041653842e-05,1005929.2164902027,1468.8535406106355,266.03629495920785,18.0,5.0,1.0
r106_21,2,50,phased,11,sweep,1.5300000086426735e-05,7887.7403176125845,1297.1273407904482,469.06129768221365,19.0,1.0,0.0
r106_21,2,50,phased,11,nearest,0.00021490000290214084,11597.896763149314,1228.4287946247214,866.9467968524592,17.0,2.0,0.0
r106_21,2,50,phased,11,grasp,0.15510549999817158,5620.646301418539,1229.8037440913427,279.0842557327197,16.0,3.0,0.0
r106_21,2,50,phased,11,mp_eavns,0.9236990999997943,2592.98958713525,992.9895871352498,0.0,16.0,0.0,0.0
r106_21,2,50,all,21,edd,2.1500000002561137e-05,1005929.2164902027,1468.8535406106355,266.03629495920785,18.0,5.0,1.0
r106_21,2,50,all,21,sweep,1.4299999747890979e-05,7882.913605359847,1292.30062853771,469.06129768221365,19.0,1.0,0.0
r106_21,2,50,all,21,nearest,0.00020870000298600644,11597.896763149314,1228.4287946247214,866.9467968524592,17.0,2.0,0.0
r106_21,2,50,all,21,grasp,0.20117479999680654,5724.091616701109,1364.7115553175672,265.93800613835424,17.0,4.0,0.0
r106_21,2,50,all,21,mp_eavns,1.4969421999994665,2597.932173832182,997.9321738321818,0.0,16.0,0.0,0.0
r106_21,3,75,depot,1,edd,3.159999687341042e-05,19016098.07936151,2864.2793801389585,1063.379998137183,26.0,4.0,19.0
r106_21,3,75,depot,1,sweep,2.3600001441081986e-05,3014137.683488443,1996.1896668765703,924.1493821566638,29.0,0.0,3.0
r106_21,3,75,depot,1,nearest,0.000496299999213079,2017340.017444136,1944.4357101836058,1299.5581733952474,24.0,3.0,2.0
r106_21,3,75,depot,1,grasp,0.2819264999998268,1010725.8108249824,2017.079434618629,640.8731390363766,23.0,3.0,1.0
r106_21,3,75,depot,1,mp_eavns,3.5534378999982437,3929.6000751932065,1526.183434551943,0.3416640641263484,24.0,0.0,0.0
r106_21,3,75,phased,16,edd,3.4100001357728615e-05,10017718.802643007,2848.8357527909898,1226.9966890215353,26.0,11.0,10.0
r106_21,3,75,phased,16,sweep,2.0800001948373392e-05,14171.641346367507,2030.147524800868,924.1493821566638,29.0,3.0,0.0
r106_21,3,75,phased,16,nearest,0.0004503999989537988,17135.31269821483,1917.0691508992675,1281.8243547315562,24.0,5.0,0.0
r106_21,3,75,phased,16,grasp,0.6944825999999011,9420.984755925836,1985.9615837788465,513.502317214699,23.0,7.0,0.0
r106_21,3,75,phased,16,mp_eavns,3.3054056000000855,3950.900615696012,1550.9006156960124,0.0,24.0,0.0,0.0
r106_21,3,75,all,21,edd,3.2100000680657104e-05,10017718.802643007,2848.8357527909898,1226.9966890215353,26.0,11.0,10.0
r106_21,3,75,all,21,sweep,1.97000008483883e-05,14171.641346367507,2030.147524800868,924.1493821566638,29.0,3.0,0.0
r106_21,3,75,all,21,nearest,0.000429300001997035,17135.31269821483,1917.0691508992675,1281.8243547315562,24.0,5.0,0.0
r106_21,3,75,all,21,grasp,0.7281891000020551,8666.35328654109,2226.476727760112,403.9876558780978,24.0,7.0,0.0
r106_21,3,75,all,21,mp_eavns,3.1519908999980544,3816.61836542152,1513.2017247802567,0.3416640641263484,23.0,0.0,0.0
r106_21,4,100,depot,1,edd,3.4500000765547156e-05,20023073.832102057,3944.924398999811,1562.8907703055809,35.0,8.0,20.0
r106_21,4,100,depot,1,sweep,2.0699997548945248e-05,3021062.0447063018,2658.4321244414664,1470.3612581860148,37.0,0.0,3.0
r106_21,4,100,depot,1,nearest,0.0007099999966158066,7024898.999829193,2855.7033478995563,1884.3296481292966,32.0,3.0,7.0
r106_21,4,100,depot,1,grasp,0.7949135000017122,4014005.130972455,2756.944474236757,814.8186498217999,31.0,4.0,4.0
r106_21,4,100,depot,1,mp_eavns,5.834850299997925,5205.998414604861,2105.9984146048605,0.0,31.0,0.0,0.0
r106_21,4,100,phased,21,edd,4.549999721348286e-05,8027858.249972788,3903.2254277308075,2045.502454505673,35.0,15.0,8.0
r106_21,4,100,phased,21,sweep,2.5600002118153498e-05,21096.00256422591,2692.3899823657644,1470.3612581860148,37.0,3.0,0.0
r106_21,4,100,phased,21,nearest,0.0007220000006782357,24736.82331319048,2856.369801282695,1868.0453511907788,32.0,10.0,0.0
r106_21,4,100,phased,21,grasp,1.9521648999980243,16432.32555372534,2994.330108124371,1033.7995445600968,31.0,13.0,0.0
r106_21,4,100,phased,21,mp_eavns,7.608492299998034,5291.910959878167,2091.910959878167,0.0,32.0,0.0,0.0
r106_21,4,100,all,21,edd,5.779999992228113e-05,8027858.249972788,3903.2254277308075,2045.502454505673,35.0,15.0,8.0
r106_21,4,100,all,21,sweep,4.359999729786068e-05,21096.00256422591,2692.3899823657644,1470.3612581860148,37.0,3.0,0.0
r106_21,4,100,all,21,nearest,0.0013978999995742925,24795.09746734953,2856.369801282695,1873.8727666066836,32.0,10.0,0.0
r106_21,4,100,all,21,grasp,2.025964799999201,14740.647428002329,2915.986446038907,872.466098196342,31.0,12.0,0.0
r106_21,4,100,all,21,mp_eavns,6.004014199999801,5186.712015570332,2086.7120155703324,0.0,31.0,0.0,0.0
r107_21,1,25,depot,1,edd,1.4900000678608194e-05,1581.658259752338,581.658259752338,0.0,10.0,0.0,0.0
r107_21,1,25,depot,1,sweep,7.899998308857903e-06,2720.69849178814,647.921506409716,97.27769853784241,11.0,0.0,0.0
r107_21,1,25,depot,1,nearest,7.360000017797574e-05,3227.273586148199,536.5698660467076,179.0703720101491,9.0,0.0,0.0
r107_21,1,25,depot,1,grasp,0.015408100000058766,1473.1703446732572,573.1703446732572,0.0,9.0,0.0,0.0
r107_21,1,25,depot,1,mp_eavns,0.1750428000013926,1379.056087982864,479.056087982864,0.0,9.0,0.0,0.0
r107_21,1,25,phased,6,edd,1.300000076298602e-05,1581.658259752338,581.658259752338,0.0,10.0,0.0,0.0
r107_21,1,25,phased,6,sweep,9.799998224480078e-06,2720.69849178814,647.921506409716,97.27769853784241,11.0,0.0,0.0
r107_21,1,25,phased,6,nearest,7.650000043213367e-05,3227.273586148199,536.5698660467076,179.0703720101491,9.0,0.0,0.0
r107_21,1,25,phased,6,grasp,0.017003500001010252,1479.2553434702463,579.2553434702462,0.0,9.0,0.0,0.0
r107_21,1,25,phased,6,mp_eavns,0.13763509999989765,1247.9264141886958,447.9264141886959,0.0,8.0,0.0,0.0
r107_21,1,25,all,21,edd,0.0001570999993418809,1581.658259752338,581.658259752338,0.0,10.0,0.0,0.0
r107_21,1,25,all,21,sweep,9.800001862458885e-06,2720.69849178814,647.921506409716,97.27769853784241,11.0,0.0,0.0
r107_21,1,25,all,21,nearest,7.550000009359792e-05,3227.273586148199,536.5698660467076,179.0703720101491,9.0,0.0,0.0
r107_21,1,25,all,21,grasp,0.021941599999991013,1451.3254663037146,551.3254663037146,0.0,9.0,0.0,0.0
r107_21,1,25,all,21,mp_eavns,0.20328610000069602,1374.3181635185672,474.3181635185672,0.0,9.0,0.0,0.0
r107_21,2,50,depot,1,edd,2.4099997972371057e-05,12005039.793911325,1637.085632134531,160.27082791895165,18.0,2.0,12.0
r107_21,2,50,depot,1,sweep,1.340000017080456e-05,1004757.4911035825,1280.0830555088833,157.7408048073677,19.0,0.0,1.0
r107_21,2,50,depot,1,nearest,0.000225499999942258,2005320.388784284,1172.0369986446485,244.83517856393118,17.0,0.0,2.0
r107_21,2,50,depot,1,grasp,0.09643759999744361,4664.933096906339,1359.3505862971306,160.55825106092092,17.0,2.0,0.0
r107_21,2,50,depot,1,mp_eavns,1.2399212999989686,2590.8578312191516,990.8578312191518,0.0,16.0,0.0,0.0
r107_21,2,50,phased,11,edd,2.2000000171829015e-05,1009345.3215556256,1633.8898360507294,591.1431719574912,18.0,7.0,1.0
r107_21,2,50,phased,11,sweep,1.4500001270789653e-05,4774.535388864126,1297.1273407904482,157.7408048073677,19.0,1.0,0.0
r107_21,2,50,phased,11,nearest,0.00021489999926416203,5323.006651096723,1174.654865457411,244.83517856393118,17.0,2.0,0.0
r107_21,2,50,phased,11,grasp,0.16446619999987888,3508.756872822036,1290.9866068886795,61.77702659333562,16.0,3.0,0.0
r107_21,2,50,phased,11,mp_eavns,1.203189799998654,2567.160184778594,967.1601847785942,0.0,16.0,0.0,0.0
r107_21,2,50,all,21,edd,2.13999992411118e-05,1009340.494843373,1629.0631237979912,591.1431719574912,18.0,7.0,1.0
r107_21,2,50,all,21,sweep,1.4500001270789653e-05,4769.708676611387,1292.30062853771,157.7408048073677,19.0,1.0,0.0
r107_21,2,50,all,21,nearest,0.00021969999943394214,5323.006651096723,1174.654865457411,244.83517856393118,17.0,2.0,0.0
r107_21,2,50,all,21,grasp,0.17008379999970202,3386.1501101899657,1371.7464388810156,31.440367130894998,17.0,3.0,0.0
r107_21,2,50,all,21,mp_eavns,1.0067908999990323,2561.2852491449603,961.2852491449601,0.0,16.0,1.0,0.0
r107_21,3,75,depot,1,edd,2.970000059576705e-05,17012606.22384682,2832.697692317169,717.3526154501496,26.0,4.0,17.0
r107_21,3,75,depot,1,sweep,1.670000347075984e-05,3009325.8542962116,1996.1896668765703,442.9664629335134,29.0,0.0,3.0
r107_21,3,75,depot,1,nearest,0.0004227999997965526,2010637.804327596,1914.003745654864,632.380058194119,24.0,2.0,2.0
r107_21,3,75,depot,1,grasp,0.3137711000017589,11824.81406631978,2215.43082790142,720.9383238418359,24.0,5.0,0.0
r107_21,3,75,depot,1,mp_eavns,4.024518800000806,3947.884385883899,1547.8843858838993,0.0,24.0,0.0,0.0
r107_21,3,75,phased,16,edd,3.159999687341042e-05,7013698.626908204,2824.9299351581203,827.3696973045297,26.0,11.0,7.0
r107_21,3,75,phased,16,sweep,2.099999983329326e-05,9359.812154136001,2030.147524800868,442.9664629335134,29.0,3.0,0.0
r107_21,3,75,phased,16,nearest,0.00043089999962830916,10352.902578859463,1888.8159603615507,606.4086618497913,24.0,4.0,0.0
r107_21,3,75,phased,16,grasp,0.6485496999994211,7883.033453205838,1969.2820087005027,361.3751444505335,23.0,6.0,0.0
r107_21,3,75,phased,16,mp_eavns,2.7134991999992053,3906.6733033340706,1506.6733033340704,0.0,24.0,0.0,0.0
r107_21,3,75,all,21,edd,3.260000084992498e-05,7013698.626908204,2824.9299351581203,827.3696973045297,26.0,11.0,7.0
r107_21,3,75,all,21,sweep,2.0700001186924055e-05,9359.812154136001,2030.147524800868,442.9664629335134,29.0,3.0,0.0
r107_21,3,75,all,21,nearest,0.0004270999997970648,10352.902578859463,1888.8159603615507,606.4086618497913,24.0,4.0,0.0
r107_21,3,75,all,21,grasp,0.6260010000005423,8137.567123736804,2014.3899931692004,382.3177130567604,23.0,6.0,0.0
r107_21,3,75,all,21,mp_eavns,3.057697200001712,3793.618522403936,1490.2018817626724,0.3416640641263484,23.0,1.0,0.0
r107_21,4,100,depot,1,edd,3.569999898900278e-05,22021150.173899475,4073.812306999513,1337.636159247586,37.0,8.0,22.0
r107_21,4,100,depot,1,sweep,2.550000135670416e-05,3012524.522818613,2658.4321244414664,616.6090694171448,37.0,0.0,3.0
r107_21,4,100,depot,1,nearest,0.0007313999994948972,7016656.368462077,2855.7033478995563,1060.0665114177973,32.0,3.0,7.0
r107_21,4,100,depot,1,grasp,0.7281941999972332,3018725.252970365,3073.466598942328,1255.1786371422413,31.0,7.0,3.0
r107_21,4,100,depot,1,mp_eavns,5.874535899998591,5207.532370625853,2107.532370625853,0.0,31.0,0.0,0.0
r107_21,4,100,phased,21,edd,4.400000034365803e-05,8024407.579288578,4081.364099257764,1662.6215189320224,37.0,18.0,8.0
r107_21,4,100,phased,21,sweep,2.559999848017469e-05,12558.480676537212,2692.3899823657644,616.6090694171448,37.0,3.0,0.0
r107_21,4,100,phased,21,nearest,0.0007600999997521285,16494.191946075494,2856.369801282695,1043.78221447928,32.0,10.0,0.0
r107_21,4,100,phased,21,grasp,1.75373799999943,10943.152979928855,2850.486931065083,489.2666048863771,32.0,9.0,0.0
r107_21,4,100,phased,21,mp_eavns,7.301537299998017,5152.421557886601,2052.4215578866006,0.0,31.0,2.0,0.0
r107_21,4,100,all,21,edd,4.099999932805076e-05,8024407.579288578,4081.364099257764,1662.6215189320224,37.0,18.0,8.0
r107_21,4,100,all,21,sweep,2.5400000595254824e-05,12558.480676537212,2692.3899823657644,616.6090694171448,37.0,3.0,0.0
r107_21,4,100,all,21,nearest,0.0007562000027974136,16552.46610023454,2856.369801282695,1049.6096298951843,32.0,10.0,0.0
r107_21,4,100,all,21,grasp,1.5567722999985563,10872.743232125944,2844.6973732997494,492.80458588261956,31.0,11.0,0.0
r107_21,4,100,all,21,mp_eavns,8.77237199999945,5144.059874345683,2044.0598743456833,0.0,31.0,3.0,0.0
r108_21,1,25,depot,1,edd,1.4199998986441642e-05,1713.7080014991607,613.7080014991607,0.0,11.0,0.0,0.0
r108_21,1,25,depot,1,sweep,7.399998139590025e-06,1747.9215064097161,647.921506409716,0.0,11.0,0.0,0.0
r108_21,1,25,depot,1,nearest,7.129999721655622e-05,1436.5698660467076,536.5698660467076,0.0,9.0,0.0,0.0
r108_21,1,25,depot,1,grasp,0.010334599999623606,1430.141846045029,530.1418460450292,0.0,9.0,0.0,0.0
r108_21,1,25,depot,1,mp_eavns,0.15894029999981285,1375.2574344235272,475.25743442352734,0.0,9.0,0.0,0.0
r108_21,1,25,phased,6,edd,1.2399999832268804e-05,1713.7080014991607,613.7080014991607,0.0,11.0,0.0,0.0
r108_21,1,25,phased,6,sweep,9.900002623908222e-06,1747.9215064097161,647.921506409716,0.0,11.0,0.0,0.0
r108_21,1,25,phased,6,nearest,7.360000017797574e-05,1436.5698660467076,536.5698660467076,0.0,9.0,0.0,0.0
r108_21,1,25,phased,6,grasp,0.011027099997590994,1444.8555870746218,544.8555870746217,0.0,9.0,0.0,0.0
r108_21,1,25,phased,6,mp_eavns,0.11866740000186837,1245.74210695835,445.74210695835,0.0,8.0,0.0,0.0
r108_21,1,25,all,21,edd,1.3600001693703234e-05,1713.7080014991607,613.7080014991607,0.0,11.0,0.0,0.0
r108_21,1,25,all,21,sweep,1.0200001270277426e-05,1747.9215064097161,647.921506409716,0.0,11.0,0.0,0.0
r108_21,1,25,all,21,nearest,7.440000263159163e-05,1436.5698660467076,536.5698660467076,0.0,9.0,0.0,0.0
r108_21,1,25,all,21,grasp,0.009372100001201034,1446.858846400719,546.8588464007188,0.0,9.0,0.0,0.0
r108_21,1,25,all,21,mp_eavns,0.14951949999885983,1247.6177869555413,447.6177869555414,0.0,8.0,0.0,0.0
r108_21,2,50,depot,1,edd,2.010000025620684e-05,8003514.556310319,1557.3561230535443,5.720018726587654,19.0,1.0,8.0
r108_21,2,50,depot,1,sweep,1.2900000001536682e-05,1003234.7141182041,1280.0830555088833,5.463106269525298,19.0,0.0,1.0
r108_21,2,50,depot,1,nearest,0.000216500000533415,2002906.0445742935,1172.0369986446485,3.400757564888181,17.0,0.0,2.0
r108_21,2,50,depot,1,grasp,0.0735409000008076,2926.236815596193,1226.236815596193,0.0,17.0,0.0,0.0
r108_21,2,50,depot,1,mp_eavns,1.270199099999445,2581.504362263425,981.5043622634247,0.0,16.0,0.0,0.0
r108_21,2,50,phased,11,edd,2.390000008745119e-05,2003925.413726363,1555.3061750889615,47.01075512741116,19.0,5.0,2.0
r108_21,2,50,phased,11,sweep,1.4999997802078724e-05,3251.758403485701,1297.1273407904482,5.463106269525298,19.0,1.0,0.0
r108_21,2,50,phased,11,nearest,0.00022080000053392723,2908.662441106293,1174.654865457411,3.400757564888181,17.0,2.0,0.0
r108_21,2,50,phased,11,grasp,0.11119010000038543,3012.272777152259,1235.457360229565,17.681541692269406,16.0,3.0,0.0
r108_21,2,50,phased,11,mp_eavns,1.1749160999970627,2570.0802838188056,970.0802838188056,0.0,16.0,0.0,0.0
r108_21,2,50,all,21,edd,2.130000211764127e-05,2003926.7347463875,1554.998098552608,47.17366478347432,19.0,5.0,2.0
r108_21,2,50,all,21,sweep,1.4900000678608194e-05,3246.931691232963,1292.30062853771,5.463106269525298,19.0,1.0,0.0
r108_21,2,50,all,21,nearest,0.00021080000078654848,2908.662441106293,1174.654865457411,3.400757564888181,17.0,2.0,0.0
r108_21,2,50,all,21,grasp,0.13683930000115652,2789.9391552871903,1177.8281297779104,1.2111025509279898,16.0,1.0,0.0
r108_21,2,50,all,21,mp_eavns,0.9860226999990118,2556.4867243914787,956.4867243914784,0.0,16.0,0.0,0.0
r108_21,3,75,depot,1,edd,3.260000084992498e-05,15008760.653517408,2807.536323231429,325.3117194176816,27.0,5.0,15.0
r108_21,3,75,depot,1,sweep,1.680000059423037e-05,3005553.649408597,1996.1896668765703,65.74597417205317,29.0,0.0,3.0
r108_21,3,75,depot,1,nearest,0.00042940000275848433,2006346.0620367706,1914.003745654864,203.20582911158724,24.0,2.0,2.0
r108_21,3,75,depot,1,grasp,0.2466487000019697,7632.190880681614,2049.559023911524,308.2631856770089,25.0,2.0,0.0
r108_21,3,75,depot,1,mp_eavns,3.358923899999354,3924.4965772868027,1524.4965772868027,0.0,24.0,0.0,0.0
r108_21,3,75,phased,16,edd,5.100000271340832e-05,6010258.656501359,2773.9390512048817,478.4717450154752,27.0,11.0,6.0
r108_21,3,75,phased,16,sweep,3.5400000342633575e-05,5587.6072665214,2030.147524800868,65.74597417205317,29.0,3.0,0.0
r108_21,3,75,phased,16,nearest,0.0008410000009462237,6181.474199671411,1888.8159603615507,189.26582393098607,24.0,4.0,0.0
r108_21,3,75,phased,16,grasp,0.49938769999789656,4876.751673028959,2067.6363634825575,50.911530954640185,23.0,8.0,0.0
r108_21,3,75,phased,16,mp_eavns,3.008431500002189,3910.7466344157074,1510.7466344157074,0.0,24.0,1.0,0.0
r108_21,3,75,all,21,edd,3.7500001781154424e-05,6010258.656501359,2773.9390512048817,478.4717450154752,27.0,11.0,6.0
r108_21,3,75,all,21,sweep,2.1200001356191933e-05,5587.6072665214,2030.147524800868,65.74597417205317,29.0,3.0,0.0
r108_21,3,75,all,21,nearest,0.0004363000007288065,6181.474199671411,1888.8159603615507,189.26582393098607,24.0,4.0,0.0
r108_21,3,75,all,21,grasp,0.538904699998966,4535.851134970038,1921.5113236494726,31.4339811320566,23.0,5.0,0.0
r108_21,3,75,all,21,mp_eavns,3.0398975999996765,3800.4587698021287,1500.458769802129,0.0,23.0,0.0,0.0
r108_21,4,100,depot,1,edd,3.890000152750872e-05,23014235.70349571,4016.8762729537384,661.8827222757377,36.0,7.0,23.0
r108_21,4,100,depot,1,sweep,2.2000000171829015e-05,3007015.891866162,2658.4321244414664,65.74597417205317,37.0,0.0,3.0
r108_21,4,100,depot,1,nearest,0.0007326000013563316,7009038.959008406,2855.7033478995563,298.32556605066543,32.0,3.0,7.0
r108_21,4,100,depot,1,grasp,0.5990788999988581,4011095.9280120917,2937.341741056289,505.8586271035386,31.0,8.0,4.0
r108_21,4,100,depot,1,mp_eavns,7.205218999999488,5173.789259124529,2073.7892591245295,0.0,31.0,0.0,0.0
r108_21,4,100,phased,21,edd,4.4699998397845775e-05,12013864.385902435,4013.7373353267535,625.0648567108183,36.0,15.0,12.0
r108_21,4,100,phased,21,sweep,2.680000034160912e-05,7049.849724086296,2692.3899823657644,65.74597417205317,37.0,3.0,0.0
r108_21,4,100,phased,21,nearest,0.0007284999992407393,8876.782492404172,2856.369801282695,282.0412691121478,32.0,10.0,0.0
r108_21,4,100,phased,21,grasp,1.306076100001519,6229.759375671932,2732.1107807655894,39.76485949063422,31.0,10.0,0.0
r108_21,4,100,phased,21,mp_eavns,8.388628799999424,5151.889934662042,2051.8899346620424,0.0,31.0,3.0,0.0
r108_21,4,100,all,21,edd,4.030000127386302e-05,12013864.385902435,4013.7373353267535,625.0648567108183,36.0,15.0,12.0
r108_21,4,100,all,21,sweep,2.479999966453761e-05,7049.849724086296,2692.3899823657644,65.74597417205317,37.0,3.0,0.0
r108_21,4,100,all,21,nearest,0.0007058000010147225,8935.05664656322,2856.369801282695,287.8686845280525,32.0,10.0,0.0
r108_21,4,100,all,21,grasp,1.5277500999982294,7347.345555914566,2933.2935293040796,121.40520266104866,32.0,11.0,0.0
r108_21,4,100,all,21,mp_eavns,9.076983100003417,5135.941035841759,2035.941035841759,0.0,31.0,2.0,0.0
r109_21,1,25,depot,1,edd,1.5300000086426735e-05,1710.8997401348515,610.8997401348516,0.0,11.0,0.0,0.0
r109_21,1,25,depot,1,sweep,9.199997293762863e-06,2502.3286915255667,647.921506409716,75.44071851158505,11.0,0.0,0.0
r109_21,1,25,depot,1,nearest,7.510000068577938e-05,3071.6830402377536,536.5698660467076,163.5113174191046,9.0,0.0,0.0
r109_21,1,25,depot,1,grasp,0.02060870000059367,1738.8098699879426,561.6619437933755,27.714792619456716,9.0,0.0,0.0
r109_21,1,25,depot,1,mp_eavns,0.2026813000011316,1386.4102331130796,486.4102331130796,0.0,9.0,0.0,0.0
r109_21,1,25,phased,6,edd,1.2399999832268804e-05,1710.8997401348515,610.8997401348516,0.0,11.0,0.0,0.0
r109_21,1,25,phased,6,sweep,9.899998985929415e-06,2502.3286915255667,647.921506409716,75.44071851158505,11.0,0.0,0.0
r109_21,1,25,phased,6,nearest,7.499999992433004e-05,3071.6830402377536,536.5698660467076,163.5113174191046,9.0,0.0,0.0
r109_21,1,25,phased,6,grasp,0.023387599998386577,1603.1126252584684,580.9171806855395,12.219544457292884,9.0,0.0,0.0
r109_21,1,25,phased,6,mp_eavns,0.19960809999975027,1395.5042004977852,495.50420049778523,0.0,9.0,0.0,0.0
r109_21,1,25,all,21,edd,1.2099997547920793e-05,1710.8997401348515,610.8997401348516,0.0,11.0,0.0,0.0
r109_21,1,25,all,21,sweep,9.900002623908222e-06,2502.3286915255667,647.921506409716,75.44071851158505,11.0,0.0,0.0
r109_21,1,25,all,21,nearest,7.510000068577938e-05,3071.6830402377536,536.5698660467076,163.5113174191046,9.0,0.0,0.0
r109_21,1,25,all,21,grasp,0.023322599998209625,1631.7779327862281,559.7975425143721,17.198039027185587,9.0,0.0,0.0
r109_21,1,25,all,21,mp_eavns,0.2125756999994337,1395.5042004977852,495.50420049778523,0.0,9.0,0.0,0.0
r109_21,2,50,depot,1,edd,1.97000008483883e-05,6004286.569917897,1565.9254839554787,82.06444339417253,19.0,1.0,6.0
r109_21,2,50,depot,1,sweep,1.2799999240087345e-05,1007432.0246832335,1280.0830555088833,425.1941627724641,19.0,0.0,1.0
r109_21,2,50,depot,1,nearest,0.00022289999833446927,3011652.200718565,1204.9012349916707,874.729948357342,17.0,0.0,3.0
r109_21,2,50,depot,1,grasp,0.12915639999846462,7304.240879913221,1428.952022415493,417.52888574977277,17.0,3.0,0.0
r109_21,2,50,depot,1,mp_eavns,1.2157110999978613,2596.0655334590465,996.0655334590464,0.0,16.0,0.0,0.0
r109_21,2,50,phased,11,edd,2.390000008745119e-05,2005527.4772801118,1566.8221877530618,206.06550923586587,19.0,3.0,2.0
r109_21,2,50,phased,11,sweep,1.6099998902063817e-05,7449.068968515089,1297.1273407904482,425.1941627724641,19.0,1.0,0.0
r109_21,2,50,phased,11,nearest,0.00022159999934956431,11654.888811001832,1207.5893274284122,874.729948357342,17.0,3.0,0.0
r109_21,2,50,phased,11,grasp,0.21646070000133477,5671.843767202052,1393.541976537711,257.8301790664341,17.0,4.0,0.0
r109_21,2,50,phased,11,mp_eavns,1.104125699999713,2603.487871352201,1003.4878713522013,0.0,16.0,0.0,0.0
r109_21,2,50,all,21,edd,2.0399998902576044e-05,2005527.4772801118,1566.8221877530618,206.06550923586587,19.0,3.0,2.0
r109_21,2,50,all,21,sweep,1.5300000086426735e-05,7444.242256262351,1292.30062853771,425.1941627724641,19.0,1.0,0.0
r109_21,2,50,all,21,nearest,0.00022189999799593352,11654.888811001832,1207.5893274284122,874.729948357342,17.0,3.0,0.0
r109_21,2,50,all,21,grasp,0.22486039999785135,6295.689018760608,1408.638650178195,328.70503685824133,16.0,4.0,0.0
r109_21,2,50,all,21,mp_eavns,1.267968700001802,2603.487871352201,1003.4878713522013,0.0,16.0,0.0,0.0
r109_21,3,75,depot,1,edd,3.2599997211946175e-05,18007676.833255425,2679.767512835855,229.70657425882803,27.0,2.0,18.0
r109_21,3,75,depot,1,sweep,2.2799998987466097e-05,3012332.895465223,1996.1896668765703,743.6705798346387,29.0,0.0,3.0
r109_21,3,75,depot,1,nearest,0.00048469999819644727,2013496.6386617105,1914.003745654864,918.263491605563,24.0,2.0,2.0
r109_21,3,75,depot,1,grasp,0.39745159999802127,10105.524420655915,2031.4434845731143,567.4080936082801,24.0,2.0,0.0
r109_21,3,75,depot,1,mp_eavns,3.9424569999973755,3940.540364444034,1540.5403644440341,0.0,24.0,0.0,0.0
r109_21,3,75,phased,16,edd,3.619999915827066e-05,3012169.344292576,2733.1644877322074,673.6179804843674,27.0,11.0,3.0
r109_21,3,75,phased,16,sweep,2.2500000341096893e-05,12366.853323147256,2030.147524800868,743.6705798346387,29.0,3.0,0.0
r109_21,3,75,phased,16,nearest,0.00041989999954239465,13211.736912973904,1888.8159603615507,892.2920952612352,24.0,4.0,0.0
r109_21,3,75,phased,16,grasp,0.8207522000011522,8489.126632402018,2061.4870403900873,402.7639592011931,24.0,8.0,0.0
r109_21,3,75,phased,16,mp_eavns,3.168870399997104,3937.3098387585756,1537.3098387585756,0.0,24.0,1.0,0.0
r109_21,3,75,all,21,edd,3.239999932702631e-05,3012169.344292576,2733.1644877322074,673.6179804843674,27.0,11.0,3.0
r109_21,3,75,all,21,sweep,2.0399998902576044e-05,12366.853323147256,2030.147524800868,743.6705798346387,29.0,3.0,0.0
r109_21,3,75,all,21,nearest,0.00043110000115120783,13211.736912973904,1888.8159603615507,892.2920952612352,24.0,4.0,0.0
r109_21,3,75,all,21,grasp,0.7983870999996725,7455.931927110472,2114.3859245728763,304.15460025375955,23.0,7.0,0.0
r109_21,3,75,all,21,mp_eavns,2.5808526999971946,3824.9746111506847,1524.974611150685,0.0,23.0,0.0,0.0
r109_21,4,100,depot,1,edd,4.039999839733355e-05,26012069.41565776,3890.446047935111,467.8969609825123,35.0,5.0,26.0
r109_21,4,100,depot,1,sweep,2.5299999833805487e-05,3016519.3352874042,2658.4321244414664,1016.090316296267,37.0,0.0,3.0
r109_21,4,100,depot,1,nearest,0.0007843999992473982,7018082.644501426,2815.904246086282,1206.6740255340144,32.0,3.0,7.0
r109_21,4,100,depot,1,grasp,0.8990931999978784,3015585.487370151,3078.557275262557,930.6930094888623,32.0,8.0,3.0
r109_21,4,100,depot,1,mp_eavns,7.616881599999033,5209.271718290429,2109.2717182904294,0.0,31.0,0.0,0.0
r109_21,4,100,phased,21,edd,4.73000000056345e-05,5019625.199217212,3890.791915691975,1223.4407301520343,35.0,17.0,5.0
r109_21,4,100,phased,21,sweep,2.6300000172341242e-05,16553.293145328433,2692.3899823657644,1016.090316296267,37.0,3.0,0.0
r109_21,4,100,phased,21,nearest,0.0007243000000016764,1018079.1948894359,2817.379367666632,1206.1815521769272,32.0,9.0,1.0
r109_21,4,100,phased,21,grasp,2.3987605000002077,12745.936523957957,2942.75131669576,660.3185207262196,32.0,13.0,0.0
r109_21,4,100,phased,21,mp_eavns,8.338153999997303,5201.487720098416,2101.487720098415,0.0,31.0,1.0,0.0
r109_21,4,100,all,21,edd,4.7500001528533176e-05,5019625.199217212,3890.791915691975,1223.4407301520343,35.0,17.0,5.0
r109_21,4,100,all,21,sweep,2.7099998987978324e-05,16553.293145328433,2692.3899823657644,1016.090316296267,37.0,3.0,0.0
r109_21,4,100,all,21,nearest,0.0007356999994954094,1018137.4690435949,2817.379367666632,1212.0089675928318,32.0,9.0,1.0
r109_21,4,100,all,21,grasp,2.133194000001822,11620.116491822644,2938.1094395747496,548.2007052247894,32.0,11.0,0.0
r109_21,4,100,all,21,mp_eavns,6.961379100001068,5171.018793087251,2071.0187930872503,0.0,31.0,0.0,0.0
r110_21,1,25,depot,1,edd,1.2900000001536682e-05,1753.4745114844775,633.1472848186596,12.03272266658179,10.0,0.0,0.0
r110_21,1,25,depot,1,sweep,7.399998139590025e-06,2407.267034283064,647.921506409716,65.93455278733478,11.0,0.0,0.0
r110_21,1,25,depot,1,nearest,7.490000280085951e-05,2194.936481654885,523.1732702595285,77.17632113953567,9.0,0.0,0.0
r110_21,1,25,depot,1,grasp,0.015278400001989212,1459.6368689737928,559.6368689737928,0.0,9.0,0.0,0.0
r110_21,1,25,depot,1,mp_eavns,0.16605530000015278,1380.0112861438445,480.0112861438444,0.0,9.0,0.0,0.0
r110_21,1,25,phased,6,edd,1.2099997547920793e-05,1753.4745114844775,633.1472848186596,12.03272266658179,10.0,0.0,0.0
r110_21,1,25,phased,6,sweep,9.400002454640344e-06,2407.267034283064,647.921506409716,65.93455278733478,11.0,0.0,0.0
r110_21,1,25,phased,6,nearest,7.539999933214858e-05,2194.936481654885,523.1732702595285,77.17632113953567,9.0,0.0,0.0
r110_21,1,25,phased,6,grasp,0.01802780000070925,1428.681039514859,528.6810395148591,0.0,9.0,0.0,0.0
r110_21,1,25,phased,6,mp_eavns,0.1918182000008528,1374.0631396404647,474.06313964046467,0.0,9.0,0.0,0.0
r110_21,1,25,all,21,edd,1.1599997378652915e-05,1753.4745114844775,633.1472848186596,12.03272266658179,10.0,0.0,0.0
r110_21,1,25,all,21,sweep,9.700001101009548e-06,2407.267034283064,647.921506409716,65.93455278733478,11.0,0.0,0.0
r110_21,1,25,all,21,nearest,7.689999983995222e-05,2194.936481654885,523.1732702595285,77.17632113953567,9.0,0.0,0.0
r110_21,1,25,all,21,grasp,0.018379299999651266,1462.2975750449816,562.2975750449816,0.0,9.0,0.0,0.0
r110_21,1,25,all,21,mp_eavns,0.15004229999976815,1245.711145033747,445.71114503374713,0.0,8.0,0.0,0.0
r110_21,2,50,depot,1,edd,1.939999856404029e-05,11006325.09139704,1683.6743371727675,274.14170598667476,19.0,1.0,11.0
r110_21,2,50,depot,1,sweep,1.2600001355167478e-05,1005365.0113377115,1280.0830555088833,218.4928282202645,19.0,0.0,1.0
r110_21,2,50,depot,1,nearest,0.00021530000230995938,1006715.2710576047,1223.536500803881,379.17345568008705,17.0,1.0,1.0
r110_21,2,50,depot,1,grasp,0.10557070000140811,3570.4997231803964,1227.1167208261656,64.33830023542308,17.0,0.0,0.0
r110_21,2,50,depot,1,mp_eavns,0.9112329999989015,2570.587746353454,970.5877463534539,0.0,16.0,0.0,0.0
r110_21,2,50,phased,11,edd,2.769999991869554e-05,2008052.4823127405,1700.0967637635972,445.2385548976842,19.0,6.0,2.0
r110_21,2,50,phased,11,sweep,1.7000002117129043e-05,5382.0556229930935,1297.1273407904482,218.4928282202645,19.0,1.0,0.0
r110_21,2,50,phased,11,nearest,0.00021969999943394214,6682.225216594688,1228.4287946247214,375.37964219699666,17.0,2.0,0.0
r110_21,2,50,phased,11,grasp,0.18866580000030808,3746.274726049396,1342.719107499608,80.35556185497879,16.0,4.0,0.0
r110_21,2,50,phased,11,mp_eavns,1.2389937000007194,2576.234944258982,976.2349442589822,0.0,16.0,0.0,0.0
r110_21,2,50,all,21,edd,2.0700001186924055e-05,2008052.4823127405,1700.0967637635972,445.2385548976842,19.0,6.0,2.0
r110_21,2,50,all,21,sweep,1.799999881768599e-05,5377.228910740355,1292.30062853771,218.4928282202645,19.0,1.0,0.0
r110_21,2,50,all,21,nearest,0.00020600000061676838,6682.225216594688,1228.4287946247214,375.37964219699666,17.0,2.0,0.0
r110_21,2,50,all,21,grasp,0.18729420000090613,3327.2822873823816,1253.7273422882222,47.35549450941595,16.0,2.0,0.0
r110_21,2,50,all,21,mp_eavns,1.0548483000020497,2561.948530439413,961.9485304394128,0.0,16.0,0.0,0.0
r110_21,3,75,depot,1,edd,2.8200000087963417e-05,24011474.869596783,3071.222705544417,580.3646891239464,26.0,5.0,24.0
r110_21,3,75,depot,1,sweep,1.6099998902063817e-05,3007543.9466281044,1996.1896668765703,264.7756961227924,29.0,0.0,3.0
r110_21,3,75,depot,1,nearest,0.0004348999973444734,2007476.501876178,1944.4357101836058,313.2066165994279,24.0,3.0,2.0
r110_21,3,75,depot,1,grasp,0.3258988000015961,1008355.8672010066,2247.056186542179,370.88110144643974,24.0,6.0,1.0
r110_21,3,75,depot,1,mp_eavns,2.9232611000006727,3918.623145217659,1518.623145217659,0.0,24.0,0.0,0.0
r110_21,3,75,phased,16,edd,3.7500001781154424e-05,7015441.145633891,3074.996424888025,976.614920900363,26.0,15.0,7.0
r110_21,3,75,phased,16,sweep,2.2700001863995567e-05,7577.904486028792,2030.147524800868,264.7756961227924,29.0,3.0,0.0
r110_21,3,75,phased,16,nearest,0.00045980000140843913,7186.703011253173,1917.0691508992675,286.96338603539056,24.0,5.0,0.0
r110_21,3,75,phased,16,grasp,0.6088922999988426,5532.720760320573,2117.2656141408147,111.54551461797583,23.0,9.0,0.0
r110_21,3,75,phased,16,mp_eavns,2.976948400002584,3813.233473128117,1513.233473128117,0.0,23.0,2.0,0.0
r110_21,3,75,all,21,edd,3.110000034212135e-05,7015441.145633891,3074.996424888025,976.614920900363,26.0,15.0,7.0
r110_21,3,75,all,21,sweep,2.1899999410379678e-05,7577.904486028792,2030.147524800868,264.7756961227924,29.0,3.0,0.0
r110_21,3,75,all,21,nearest,0.00042130000292672776,7186.703011253173,1917.0691508992675,286.96338603539056,24.0,5.0,0.0
r110_21,3,75,all,21,grasp,0.6401427999990119,5800.332933814683,2007.430075863529,139.29028579511544,24.0,3.0,0.0
r110_21,3,75,all,21,mp_eavns,2.6001543999991554,3782.5881647766096,1482.5881647766096,0.0,23.0,1.0,0.0
r110_21,4,100,depot,1,edd,3.520000245771371e-05,28013544.0003467,4115.52865210189,592.8471694599511,35.0,7.0,28.0
r110_21,4,100,depot,1,sweep,2.0899999071843922e-05,3010141.3699955395,2658.4321244414664,378.2937871098268,37.0,0.0,3.0
r110_21,4,100,depot,1,nearest,0.0007100999973772559,7009930.5497072,2848.677963843519,388.1871743356835,32.0,3.0,7.0
r110_21,4,100,depot,1,grasp,0.7755720999994082,4009732.1458577695,2878.2969853680956,375.38488724015576,31.0,5.0,4.0
r110_21,4,100,depot,1,mp_eavns,6.162865600002988,5125.115664167235,2025.1156641672353,0.0,31.0,0.0,0.0
r110_21,4,100,phased,21,edd,4.4299998990027234e-05,6016003.869256544,4121.738485962927,838.2130770581389,35.0,20.0,6.0
r110_21,4,100,phased,21,sweep,2.689999746507965e-05,10175.327853464032,2692.3899823657644,378.2937871098268,37.0,3.0,0.0
r110_21,4,100,phased,21,nearest,0.0007253000003402121,9768.222585732032,2849.1938117603736,371.90287739716587,32.0,10.0,0.0
r110_21,4,100,phased,21,grasp,1.4930982000005315,7465.49341642229,2862.454446810653,150.30389696116364,31.0,9.0,0.0
r110_21,4,100,phased,21,mp_eavns,8.714804100000038,5172.006045317377,2072.006045317377,0.0,31.0,4.0,0.0
r110_21,4,100,all,21,edd,4.11000000895001e-05,6016003.869256544,4121.738485962927,838.2130770581389,35.0,20.0,6.0
r110_21,4,100,all,21,sweep,2.640000093379058e-05,10175.327853464032,2692.3899823657644,378.2937871098268,37.0,3.0,0.0
r110_21,4,100,all,21,nearest,0.0007542999992438126,9826.49673989108,2849.1938117603736,377.7302928130706,32.0,10.0,0.0
r110_21,4,100,all,21,grasp,1.7151550999988103,7958.601956385196,2944.1740629281685,181.44278934570275,32.0,10.0,0.0
r110_21,4,100,all,21,mp_eavns,7.066492700003437,5126.685397432931,2026.6853974329306,0.0,31.0,2.0,0.0
r111_21,1,25,depot,1,edd,1.3899996702093631e-05,1584.4817615399256,574.1545348741079,11.03272266658179,9.0,0.0,0.0
r111_21,1,25,depot,1,sweep,7.899998308857903e-06,2517.267034283064,647.921506409716,76.93455278733478,11.0,0.0,0.0
r111_21,1,25,depot,1,nearest,7.32000007701572e-05,2305.976753921155,523.1732702595285,88.28034836616263,9.0,0.0,0.0
r111_21,1,25,depot,1,grasp,0.0162516999989748,1491.4820572465915,589.435551905739,0.20465053408526046,9.0,0.0,0.0
r111_21,1,25,depot,1,mp_eavns,0.1485365999978967,1261.6805165960943,461.6805165960944,0.0,8.0,0.0,0.0
r111_21,1,25,phased,6,edd,1.3799999578623101e-05,1584.4817615399256,574.1545348741079,11.03272266658179,9.0,0.0,0.0
r111_21,1,25,phased,6,sweep,1.0200001270277426e-05,2517.267034283064,647.921506409716,76.93455278733478,11.0,0.0,0.0
r111_21,1,25,phased,6,nearest,0.00010059999840450473,2305.976753921155,523.1732702595285,88.28034836616263,9.0,0.0,0.0
r111_21,1,25,phased,6,grasp,0.020020199997816235,1493.1076830488926,566.1896229193512,2.6918060129541317,9.0,0.0,0.0
r111_21,1,25,phased,6,mp_eavns,0.10367360000236658,1248.3834361870208,448.3834361870208,0.0,8.0,0.0,0.0
r111_21,1,25,all,21,edd,1.9600000086938962e-05,1584.4817615399256,574.1545348741079,11.03272266658179,9.0,0.0,0.0
r111_21,1,25,all,21,sweep,1.5400000847876072e-05,2517.267034283064,647.921506409716,76.93455278733478,11.0,0.0,0.0
r111_21,1,25,all,21,nearest,0.00014089999967836775,2305.976753921155,523.1732702595285,88.28034836616263,9.0,0.0,0.0
r111_21,1,25,all,21,grasp,0.022603600002184976,1449.3227089840373,549.3227089840373,0.0,9.0,0.0,0.0
r111_21,1,25,all,21,mp_eavns,0.13426460000118823,1261.6805165960943,461.6805165960944,0.0,8.0,0.0,0.0
r111_21,2,50,depot,1,edd,1.979999797185883e-05,8003755.887162602,1688.2735095033859,16.761365309779592,19.0,1.0,8.0
r111_21,2,50,depot,1,sweep,1.2799999240087345e-05,1005551.4045399616,1280.0830555088833,237.1321484452666,19.0,0.0,1.0
r111_21,2,50,depot,1,nearest,0.00022149999858811498,1006850.8587312594,1223.536500803881,392.7322230455502,17.0,1.0,1.0
r111_21,2,50,depot,1,grasp,0.11316029999943567,4339.995223993466,1336.7055288596525,130.32896951338137,17.0,2.0,0.0
r111_21,2,50,depot,1,mp_eavns,1.1564795000012964,2588.872727679134,988.872727679134,0.0,16.0,0.0,0.0
r111_21,2,50,phased,11,edd,2.59000007645227e-05,1006340.303346159,1677.8278264755504,276.2475519683515,19.0,6.0,1.0
r111_21,2,50,phased,11,sweep,1.6000001778593287e-05,5568.448825243115,1297.1273407904482,237.1321484452666,19.0,1.0,0.0
r111_21,2,50,phased,11,nearest,0.00021719999858760275,6817.812890249321,1228.4287946247214,388.9384095624599,17.0,2.0,0.0
r111_21,2,50,phased,11,grasp,0.16951849999895785,3213.4786197960843,1299.302651719825,31.417596807625927,16.0,3.0,0.0
r111_21,2,50,phased,11,mp_eavns,1.112508499998512,2565.2151803854067,965.2151803854067,0.0,16.0,0.0,0.0
r111_21,2,50,all,21,edd,2.090000270982273e-05,1006340.303346159,1677.8278264755504,276.2475519683515,19.0,6.0,1.0
r111_21,2,50,all,21,sweep,1.460000203223899e-05,5563.622112990376,1292.30062853771,237.1321484452666,19.0,1.0,0.0
r111_21,2,50,all,21,nearest,0.0002085999985865783,6817.812890249321,1228.4287946247214,388.9384095624599,17.0,2.0,0.0
r111_21,2,50,all,21,grasp,0.20102649999898858,3190.317635759234,1260.0346538825384,33.02829818766952,16.0,4.0,0.0
r111_21,2,50,all,21,mp_eavns,1.2942655000006198,2588.872727679134,988.872727679134,0.0,16.0,0.0,0.0
r111_21,3,75,depot,1,edd,3.229999856557697e-05,20009566.788229596,2796.878066911757,416.9910162685187,26.0,3.0,20.0
r111_21,3,75,depot,1,sweep,1.679999695625156e-05,3007860.3398303543,1996.1896668765703,296.41501634779445,29.0,0.0,3.0
r111_21,3,75,depot,1,nearest,0.0004245999989507254,2007723.5109060698,1944.4357101836058,337.907519588622,24.0,3.0,2.0
r111_21,3,75,depot,1,grasp,0.315949299998465,7947.036892855345,2085.5120224654943,356.1524870389851,23.0,5.0,0.0
r111_21,3,75,depot,1,mp_eavns,3.206764499998826,3905.613398054403,1505.6133980544032,0.0,24.0,0.0,0.0
r111_21,3,75,phased,16,edd,3.1200001103570685e-05,3013196.1306437547,2833.5342151607842,776.2596428593896,26.0,12.0,3.0
r111_21,3,75,phased,16,sweep,2.0899999071843922e-05,7894.2976882788125,2030.147524800868,296.41501634779445,29.0,3.0,0.0
r111_21,3,75,phased,16,nearest,0.0004484999990381766,7513.712041145114,1917.0691508992675,319.66428902458466,24.0,5.0,0.0
r111_21,3,75,phased,16,grasp,0.6354074999981094,4924.1062048896665,2045.5654848620875,57.8540720027579,23.0,7.0,0.0
r111_21,3,75,phased,16,mp_eavns,3.7787854999987758,3774.1559529766046,1474.1559529766046,0.0,23.0,1.0,0.0
r111_21,3,75,all,21,edd,3.670000296551734e-05,3013196.1306437547,2833.5342151607842,776.2596428593896,26.0,12.0,3.0
r111_21,3,75,all,21,sweep,2.1100000594742596e-05,7894.2976882788125,2030.147524800868,296.41501634779445,29.0,3.0,0.0
r111_21,3,75,all,21,nearest,0.0004593999983626418,7513.712041145114,1917.0691508992675,319.66428902458466,24.0,5.0,0.0
r111_21,3,75,all,21,grasp,0.7073586999977124,5956.669673049353,2220.0814065648783,143.65882664844753,23.0,9.0,0.0
r111_21,3,75,all,21,mp_eavns,3.5141475000018545,3797.990365809206,1497.9903658092064,0.0,23.0,0.0,0.0
r111_21,4,100,depot,1,edd,3.590000051190145e-05,31009313.20307772,3902.738202228997,181.04648754880733,36.0,2.0,31.0
r111_21,4,100,depot,1,sweep,2.170000152545981e-05,3010567.76319779,2658.4321244414664,420.93310733482883,37.0,0.0,3.0
r111_21,4,100,depot,1,nearest,0.0007406999975501094,7010024.1334326165,2848.677963843519,397.54554687733287,32.0,3.0,7.0
r111_21,4,100,depot,1,grasp,0.7554605999976047,2010834.1888969522,3090.4828074307825,454.370608952144,32.0,8.0,2.0
r111_21,4,100,depot,1,mp_eavns,6.52248299999701,5180.694876836342,2080.694876836342,0.0,31.0,0.0,0.0
r111_21,4,100,phased,21,edd,3.939999805879779e-05,3015520.5716363117,3982.6231452414922,793.7948491070446,36.0,17.0,3.0
r111_21,4,100,phased,21,sweep,2.3399999918183312e-05,10601.721055714053,2692.3899823657644,420.93310733482883,37.0,3.0,0.0
r111_21,4,100,phased,21,nearest,0.0007127000026230235,9861.806311148524,2849.1938117603736,381.2612499388152,32.0,10.0,0.0
r111_21,4,100,phased,21,grasp,1.5491008999997575,6812.790112606477,2834.877061630345,87.79130509761322,31.0,11.0,0.0
r111_21,4,100,phased,21,mp_eavns,7.919724799998221,5119.783516827283,2019.7835168272832,0.0,31.0,2.0,0.0
r111_21,4,100,all,21,edd,4.5500000851461664e-05,3015520.5716363117,3982.6231452414922,793.7948491070446,36.0,17.0,3.0
r111_21,4,100,all,21,sweep,2.689999746507965e-05,10601.721055714053,2692.3899823657644,420.93310733482883,37.0,3.0,0.0
r111_21,4,100,all,21,nearest,0.0007174999991548248,9920.080465307572,2849.1938117603736,387.0886653547199,32.0,10.0,0.0
r111_21,4,100,all,21,grasp,1.6241024999981164,7269.390089300028,2903.601908694603,116.57881806054246,32.0,13.0,0.0
r111_21,4,100,all,21,mp_eavns,6.531515499998932,5134.353299452607,2034.3532994526063,0.0,31.0,1.0,0.0
r112_21,1,25,depot,1,edd,1.3500000932253897e-05,1590.8531544279476,590.8531544279477,0.0,10.0,0.0,0.0
r112_21,1,25,depot,1,sweep,7.700000423938036e-06,1747.9215064097161,647.921506409716,0.0,11.0,0.0,0.0
r112_21,1,25,depot,1,nearest,7.410000034724362e-05,1436.5698660467076,536.5698660467076,0.0,9.0,0.0,0.0
r112_21,1,25,depot,1,grasp,0.010007100001530489,1440.6665373350565,540.6665373350567,0.0,9.0,0.0,0.0
r112_21,1,25,depot,1,mp_eavns,0.15793029999986175,1372.6716374371126,472.67163743711274,0.0,9.0,0.0,0.0
r112_21,1,25,phased,6,edd,1.21000011858996e-05,1590.8531544279476,590.8531544279477,0.0,10.0,0.0,0.0
r112_21,1,25,phased,6,sweep,9.399998816661537e-06,1747.9215064097161,647.921506409716,0.0,11.0,0.0,0.0
r112_21,1,25,phased,6,nearest,7.340000229305588e-05,1436.5698660467076,536.5698660467076,0.0,9.0,0.0,0.0
r112_21,1,25,phased,6,grasp,0.013888999998016516,1437.791595237347,537.7915952373471,0.0,9.0,0.0,0.0
r112_21,1,25,phased,6,mp_eavns,0.20147590000124183,1371.8198007374697,471.8198007374696,0.0,9.0,0.0,0.0
r112_21,1,25,all,21,edd,1.2000000424450263e-05,1590.8531544279476,590.8531544279477,0.0,10.0,0.0,0.0
r112_21,1,25,all,21,sweep,8.999999408842996e-06,1747.9215064097161,647.921506409716,0.0,11.0,0.0,0.0
r112_21,1,25,all,21,nearest,7.310000000870787e-05,1436.5698660467076,536.5698660467076,0.0,9.0,0.0,0.0
r112_21,1,25,all,21,grasp,0.011208099997020327,1442.4834165155462,542.4834165155462,0.0,9.0,0.0,0.0
r112_21,1,25,all,21,mp_eavns,0.19346349999977974,1375.2574344235272,475.25743442352734,0.0,9.0,0.0,0.0
r112_21,2,50,depot,1,edd,2.30999976338353e-05,7003501.086920098,1579.7387049832528,12.134821511538888,18.0,1.0,7.0
r112_21,2,50,depot,1,sweep,1.2700002116616815e-05,1003180.0830555089,1280.0830555088833,0.0,19.0,0.0,1.0
r112_21,2,50,depot,1,nearest,0.0002172999993490521,2002872.0369986447,1172.0369986446485,0.0,17.0,0.0,2.0
r112_21,2,50,depot,1,grasp,0.08660629999940284,2887.588405324699,1187.446861128652,10.014154419604694,16.0,1.0,0.0
r112_21,2,50,depot,1,mp_eavns,1.0586629999997967,2566.8544335938045,966.8544335938044,0.0,16.0,0.0,0.0
r112_21,2,50,phased,11,edd,2.4100001610349864e-05,1003541.9028326325,1574.9237544254897,16.697907820705467,18.0,6.0,1.0
r112_21,2,50,phased,11,sweep,1.4900000678608194e-05,3197.127340790448,1297.1273407904482,0.0,19.0,1.0,0.0
r112_21,2,50,phased,11,nearest,0.00021270000070217066,2874.654865457411,1174.654865457411,0.0,17.0,2.0,0.0
r112_21,2,50,phased,11,grasp,0.09893000000010943,2791.7917314979113,1191.791731497911,0.0,16.0,2.0,0.0
r112_21,2,50,phased,11,mp_eavns,1.4061271999999008,2574.7782304010193,974.7782304010193,0.0,16.0,1.0,0.0
r112_21,2,50,all,21,edd,1.939999856404029e-05,1003541.9028326325,1574.9237544254897,16.697907820705467,18.0,6.0,1.0
r112_21,2,50,all,21,sweep,1.4900000678608194e-05,3192.30062853771,1292.30062853771,0.0,19.0,1.0,0.0
r112_21,2,50,all,21,nearest,0.00021330000163288787,2874.654865457411,1174.654865457411,0.0,17.0,2.0,0.0
r112_21,2,50,all,21,grasp,0.116682399999263,2828.241095432806,1222.5303830324299,0.5710712400376394,16.0,3.0,0.0
r112_21,2,50,all,21,mp_eavns,1.3474294000006921,2573.0127826580588,973.0127826580587,0.0,16.0,1.0,0.0
r112_21,3,75,depot,1,edd,2.8799997380701825e-05,12008532.35535281,2873.622396785038,285.87329560238726,28.0,6.0,12.0
r112_21,3,75,depot,1,sweep,1.680000059423037e-05,3004896.1896668766,1996.1896668765703,0.0,29.0,0.0,3.0
r112_21,3,75,depot,1,nearest,0.00045449999743141234,2004314.0037456548,1914.003745654864,0.0,24.0,2.0,2.0
r112_21,3,75,depot,1,grasp,0.2610554000020784,1005719.6782880729,2250.548751981128,106.91295360917778,24.0,6.0,1.0
r112_21,3,75,depot,1,mp_eavns,3.2784147999991546,3888.7827453463024,1488.7827453463024,0.0,24.0,0.0,0.0
r112_21,3,75,phased,16,edd,5.950000195298344e-05,6007836.128752406,2872.3939448325455,216.3734807572886,28.0,12.0,6.0
r112_21,3,75,phased,16,sweep,2.109999695676379e-05,4930.147524800868,2030.147524800868,0.0,29.0,3.0,0.0
r112_21,3,75,phased,16,nearest,0.00047030000132508576,4288.81596036155,1888.8159603615507,0.0,24.0,4.0,0.0
r112_21,3,75,phased,16,grasp,0.45931040000141365,4426.679312864322,2026.679312864322,0.0,24.0,4.0,0.0
r112_21,3,75,phased,16,mp_eavns,4.7793101999996,3924.1894377927147,1524.189437792715,0.0,24.0,2.0,0.0
r112_21,3,75,all,21,edd,3.319999814266339e-05,6007836.128752406,2872.3939448325455,216.3734807572886,28.0,12.0,6.0
r112_21,3,75,all,21,sweep,2.0099996618228033e-05,4930.147524800868,2030.147524800868,0.0,29.0,3.0,0.0
r112_21,3,75,all,21,nearest,0.00042670000038924627,4288.81596036155,1888.8159603615507,0.0,24.0,4.0,0.0
r112_21,3,75,all,21,grasp,0.4682183000004443,4250.970102212588,1950.9701022125882,0.0,23.0,6.0,0.0
r112_21,3,75,all,21,mp_eavns,5.484241900001507,3922.423990049754,1522.4239900497544,0.0,24.0,2.0,0.0
r112_21,4,100,depot,1,edd,3.369999831193127e-05,22011161.12167006,3936.4053600427446,362.471631001761,36.0,7.0,22.0
r112_21,4,100,depot,1,sweep,2.049999966402538e-05,3006358.4321244415,2658.4321244414664,0.0,37.0,0.0,3.0
r112_21,4,100,depot,1,nearest,0.0007093000021995977,7006032.01004952,2808.878862030244,2.3131187489898934,32.0,3.0,7.0
r112_21,4,100,depot,1,grasp,0.5454056999988097,4006673.1073261425,2988.8787962072765,58.422852993520195,31.0,6.0,4.0
r112_21,4,100,depot,1,mp_eavns,6.974994999996852,5155.242236390321,2055.242236390321,0.0,31.0,0.0,0.0
r112_21,4,100,phased,21,edd,4.650000118999742e-05,8011216.392453657,3940.5312084758275,367.5861245181761,36.0,18.0,8.0
r112_21,4,100,phased,21,sweep,2.59000007645227e-05,6392.389982365765,2692.3899823657644,0.0,37.0,3.0,0.0
r112_21,4,100,phased,21,nearest,0.0007292000009329058,1006033.3345656343,2810.2033781443106,2.3131187489898934,32.0,9.0,1.0
r112_21,4,100,phased,21,grasp,1.0575542000005953,5928.186338165666,2798.7276139959117,2.9458724169753623,31.0,8.0,0.0
r112_21,4,100,phased,21,mp_eavns,8.298318600001949,5198.407512986288,2098.4075129862877,0.0,31.0,3.0,0.0
r112_21,4,100,all,21,edd,4.1200000850949436e-05,8011216.392453657,3940.5312084758275,367.5861245181761,36.0,18.0,8.0
r112_21,4,100,all,21,sweep,2.5400000595254824e-05,6392.389982365765,2692.3899823657644,0.0,37.0,3.0,0.0
r112_21,4,100,all,21,nearest,0.0007192999983089976,1006063.6880473339,2810.2033781443106,5.348466918957541,32.0,9.0,1.0
r112_21,4,100,all,21,grasp,0.8583206000002974,5883.486764356643,2783.486764356643,0.0,31.0,10.0,0.0
r112_21,4,100,all,21,mp_eavns,8.99453629999698,5196.642065243327,2096.642065243327,0.0,31.0,3.0,0.0
r201_21,1,25,depot,1,edd,1.469999915570952e-05,1001647.1548693521,647.1548693521519,0.0,10.0,0.0,1.0
r201_21,1,25,depot,1,sweep,7.99999907030724e-06,25668.859247244865,647.921506409716,2392.093774083515,11.0,0.0,0.0
r201_21,1,25,depot,1,nearest,7.420000110869296e-05,32577.32883847562,523.1732702595285,3115.4155568216092,9.0,0.0,0.0
r201_21,1,25,depot,1,grasp,0.01455540000097244,2864.001547175077,561.9550418342251,140.2046505340852,9.0,0.0,0.0
r201_21,1,25,depot,1,mp_eavns,0.15797569999995176,1393.1610760563299,493.1610760563298,0.0,9.0,0.0,0.0
r201_21,1,25,phased,6,edd,1.2600001355167478e-05,1647.1598870271928,647.1598870271927,0.0,10.0,1.0,0.0
r201_21,1,25,phased,6,sweep,9.60000033956021e-06,25668.859247244865,647.921506409716,2392.093774083515,11.0,0.0,0.0
r201_21,1,25,phased,6,nearest,7.720000212430023e-05,32577.32883847562,523.1732702595285,3115.4155568216092,9.0,0.0,0.0
r201_21,1,25,phased,6,grasp,0.021043600001576124,1927.8904647382953,605.2636997219745,42.262676501632086,9.0,1.0,0.0
r201_21,1,25,phased,6,mp_eavns,0.11991050000142423,1262.791506658771,462.79150665877097,0.0,8.0,0.0,0.0
r201_21,1,25,all,21,edd,1.5099998563528061e-05,1647.1598870271928,647.1598870271927,0.0,10.0,1.0,0.0
r201_21,1,25,all,21,sweep,1.2500000593718141e-05,25668.859247244865,647.921506409716,2392.093774083515,11.0,0.0,0.0
r201_21,1,25,all,21,nearest,7.94000006862916e-05,32577.32883847562,523.1732702595285,3115.4155568216092,9.0,0.0,0.0
r201_21,1,25,all,21,grasp,0.01883079999970505,2886.2569461778003,575.0258899216235,141.12310562561765,9.0,0.0,0.0
r201_21,1,25,all,21,mp_eavns,0.13002169999890612,1262.791506658771,462.79150665877097,0.0,8.0,0.0,0.0
r201_21,2,50,depot,1,edd,2.0399998902576044e-05,9003736.110540157,1677.3044466658735,25.880609349090946,18.0,2.0,9.0
r201_21,2,50,depot,1,sweep,1.2299999070819467e-05,1046221.5392089327,1280.0830555088833,4304.145615342377,19.0,0.0,1.0
r201_21,2,50,depot,1,nearest,0.00021519999791053124,1044348.8262940216,1223.536500803881,4142.528979321766,17.0,1.0,1.0
r201_21,2,50,depot,1,grasp,0.11376019999806886,28300.024004461742,1286.8760276575354,2541.3147976804207,16.0,1.0,0.0
r201_21,2,50,depot,1,mp_eavns,1.1612291999990703,2626.622574659662,1026.6225746596622,0.0,16.0,0.0,0.0
r201_21,2,50,phased,11,edd,2.260000110254623e-05,3642.741130845652,1664.8428598637884,17.78982709818638,18.0,6.0,0.0
r201_21,2,50,phased,11,sweep,1.5099998563528061e-05,46238.583494214225,1297.1273407904482,4304.145615342377,19.0,1.0,0.0
r201_21,2,50,phased,11,nearest,0.00021829999968758784,44315.78045301148,1228.4287946247214,4138.735165838676,17.0,2.0,0.0
r201_21,2,50,phased,11,grasp,0.17738969999845722,15218.782842154482,1297.7238952063728,1232.105894694811,16.0,2.0,0.0
r201_21,2,50,phased,11,mp_eavns,0.7500653999995848,2597.7225987535035,997.7225987535033,0.0,16.0,0.0,0.0
r201_21,2,50,all,21,edd,2.1800002286909148e-05,3642.741130845652,1664.8428598637884,17.78982709818638,18.0,6.0,0.0
r201_21,2,50,all,21,sweep,1.5000001440057531e-05,46233.756781961485,1292.30062853771,4304.145615342377,19.0,1.0,0.0
r201_21,2,50,all,21,nearest,0.0002094999981636647,44315.78045301148,1228.4287946247214,4138.735165838676,17.0,2.0,0.0
r201_21,2,50,all,21,grasp,0.23708500000066124,17397.856125053302,1287.266744125329,1441.0589380927972,17.0,3.0,0.0
r201_21,2,50,all,21,mp_eavns,0.897059499999159,2596.5397361015503,996.5397361015504,0.0,16.0,0.0,0.0
r201_21,3,75,depot,1,edd,2.9099999665049836e-05,19006956.034136433,2724.3277276197805,143.17064088149144,28.0,3.0,19.0
r201_21,3,75,depot,1,sweep,1.6999998479150236e-05,3064244.4212893113,1996.1896668765703,5934.8231622434605,29.0,0.0,3.0
r201_21,3,75,depot,1,nearest,0.00043730000106734224,2081808.8643588475,1944.4357101836058,7746.442864866393,24.0,3.0,2.0
r201_21,3,75,depot,1,grasp,0.3723625999991782,1042872.8241866104,2386.0471485924245,3808.677703801799,24.0,7.0,1.0
r201_21,3,75,depot,1,mp_eavns,3.0775558999994246,3993.1651863362235,1593.1651863362235,0.0,24.0,0.0,0.0
r201_21,3,75,phased,16,edd,3.840000135824084e-05,4007410.864017476,2763.57431037006,184.72897071060214,28.0,13.0,4.0
r201_21,3,75,phased,16,sweep,2.1100000594742596e-05,64278.37914723547,2030.147524800868,5934.8231622434605,29.0,3.0,0.0
r201_21,3,75,phased,16,nearest,0.0004179999996267725,81623.24575309502,1917.0691508992675,7730.617660219576,24.0,5.0,0.0
r201_21,3,75,phased,16,grasp,0.7029016000014963,21756.125554607243,2157.9439206732764,1729.8181633933968,23.0,9.0,0.0
r201_21,3,75,phased,16,mp_eavns,4.058634099998017,3925.710641514024,1525.7106415140238,0.0,24.0,1.0,0.0
r201_21,3,75,all,21,edd,4.579999949783087e-05,4007410.864017476,2763.57431037006,184.72897071060214,28.0,13.0,4.0
r201_21,3,75,all,21,sweep,3.460000152699649e-05,64278.37914723547,2030.147524800868,5934.8231622434605,29.0,3.0,0.0
r201_21,3,75,all,21,nearest,0.0008385000000998843,81623.24575309502,1917.0691508992675,7730.617660219576,24.0,5.0,0.0
r201_21,3,75,all,21,grasp,1.070109299998876,33458.21218345595,2115.160683402588,2894.305150005336,24.0,7.0,0.0
r201_21,3,75,all,21,mp_eavns,2.8968398999968485,3850.4871624848283,1550.487162484828,0.0,23.0,1.0,0.0
r201_21,4,100,depot,1,edd,3.68999972124584e-05,25009301.419327132,3917.566880530231,178.38524466017236,36.0,6.0,25.0
r201_21,4,100,depot,1,sweep,2.13999992411118e-05,3090721.575475768,2658.4321244414664,8436.314335132689,37.0,0.0,3.0
r201_21,4,100,depot,1,nearest,0.0007246999994094949,7087869.783489037,2808.878862030244,8186.090462700718,32.0,3.0,7.0
r201_21,4,100,depot,1,grasp,0.8357730000025185,4061035.085239597,2913.42296476494,5502.1662274832,31.0,4.0,4.0
r201_21,4,100,depot,1,mp_eavns,7.431553099999292,5272.953367923428,2172.9533679234287,0.0,31.0,0.0,0.0
r201_21,4,100,phased,21,edd,4.650000118999742e-05,5012074.839011737,3955.029091650105,451.98099200867387,36.0,20.0,5.0
r201_21,4,100,phased,21,sweep,2.5400000595254824e-05,90755.53333369266,2692.3899823657644,8436.314335132689,37.0,3.0,0.0
r201_21,4,100,phased,21,nearest,0.0007520999970438424,1087889.6261891597,2810.2033781443106,8187.9422811015465,32.0,9.0,1.0
r201_21,4,100,phased,21,grasp,1.9613362000018242,51847.93654492635,2913.4750796196417,4583.446146530671,31.0,11.0,0.0
r201_21,4,100,phased,21,mp_eavns,6.6005576999996265,5187.727976278782,2087.727976278782,0.0,31.0,1.0,0.0
r201_21,4,100,all,21,edd,3.730000025825575e-05,5012074.839011737,3955.029091650105,451.98099200867387,36.0,20.0,5.0
r201_21,4,100,all,21,sweep,2.3700002202531323e-05,90755.53333369266,2692.3899823657644,8436.314335132689,37.0,3.0,0.0
r201_21,4,100,all,21,nearest,0.000684200000250712,1087889.6261891597,2810.2033781443106,8187.9422811015465,32.0,9.0,1.0
r201_21,4,100,all,21,grasp,1.9199103999999352,48334.06267176501,3051.187457955323,4218.287521380968,31.0,14.0,0.0
r201_21,4,100,all,21,mp_eavns,6.723391499999707,5193.889135821597,2093.889135821597,0.0,31.0,1.0,0.0
r201C10,1,3,depot,1,edd,7.099999493220821e-06,287.2206928993535,87.2206928993535,0.0,2.0,0.0,0.0
r201C10,1,3,depot,1,sweep,2.7999994927085936e-06,299.9800805169304,99.98008051693041,0.0,2.0,0.0,0.0
r201C10,1,3,depot,1,nearest,1.049999991664663e-05,4327.202865748236,96.78691996031296,403.04159457879234,2.0,0.0,0.0
r201C10,1,3,depot,1,grasp,0.0001754000004439149,287.2206928993535,87.2206928993535,0.0,2.0,0.0,0.0
r201C10,1,3,depot,1,mp_eavns,0.0028925000005983748,287.2206928993535,87.2206928993535,0.0,2.0,0.0,0.0
r201C10,1,3,phased,2,edd,3.9000005926936865e-06,287.2206928993535,87.2206928993535,0.0,2.0,0.0,0.0
r201C10,1,3,phased,2,sweep,3.2999996619764715e-06,299.9800805169304,99.98008051693041,0.0,2.0,0.0,0.0
r201C10,1,3,phased,2,nearest,7.90000194683671e-06,4327.202865748236,96.78691996031296,403.04159457879234,2.0,0.0,0.0
r201C10,1,3,phased,2,grasp,0.00018220000129076652,287.2206928993535,87.2206928993535,0.0,2.0,0.0,0.0
r201C10,1,3,phased,2,mp_eavns,0.0027598999986366834,287.2206928993535,87.2206928993535,0.0,2.0,0.0,0.0
r201C10,1,3,all,4,edd,2.6000016077887267e-06,287.2206928993535,87.2206928993535,0.0,2.0,0.0,0.0
r201C10,1,3,all,4,sweep,1.8999999156221747e-06,299.9800805169304,99.98008051693041,0.0,2.0,0.0,0.0
r201C10,1,3,all,4,nearest,5.999998393235728e-06,4327.202865748236,96.78691996031296,403.04159457879234,2.0,0.0,0.0
r201C10,1,3,all,4,grasp,0.00018030000137514435,287.2206928993535,87.2206928993535,0.0,2.0,0.0,0.0
r201C10,1,3,all,4,mp_eavns,0.0027743000027840026,287.2206928993535,87.2206928993535,0.0,2.0,0.0,0.0
r201C10,2,5,depot,1,edd,3.7000027077738196e-06,1000352.8354706655,152.83547066548175,0.0,2.0,0.0,1.0
r201C10,2,5,depot,1,sweep,3.1999989005271345e-06,440.1286493590028,140.12864935900282,0.0,3.0,0.0,0.0
r201C10,2,5,depot,1,nearest,1.1100000847363845e-05,1405.032002799794,139.7902558371937,106.52417469626005,2.0,0.0,0.0
r201C10,2,5,depot,1,grasp,0.00026959999740938656,347.36252164276254,147.36252164276254,0.0,2.0,0.0,0.0
r201C10,2,5,depot,1,mp_eavns,0.0056297000010090414,327.03086821961676,127.03086821961678,0.0,2.0,0.0,0.0
r201C10,2,5,phased,3,edd,3.6000019463244826e-06,1000352.8354706655,152.83547066548175,0.0,2.0,0.0,1.0
r201C10,2,5,phased,3,sweep,3.7000027077738196e-06,440.1286493590028,140.12864935900282,0.0,3.0,0.0,0.0
r201C10,2,5,phased,3,nearest,9.899998985929415e-06,1405.032002799794,139.7902558371937,106.52417469626005,2.0,0.0,0.0
r201C10,2,5,phased,3,grasp,0.0002697000018088147,327.03086821961676,127.03086821961678,0.0,2.0,0.0,0.0
r201C10,2,5,phased,3,mp_eavns,0.006149799999548122,327.03086821961676,127.03086821961678,0.0,2.0,0.0,0.0
r201C10,2,5,all,4,edd,2.7999994927085936e-06,1000352.8354706655,152.83547066548175,0.0,2.0,0.0,1.0
r201C10,2,5,all,4,sweep,2.7999994927085936e-06,440.1286493590028,140.12864935900282,0.0,3.0,0.0,0.0
r201C10,2,5,all,4,nearest,8.900002285372466e-06,1405.032002799794,139.7902558371937,106.52417469626005,2.0,0.0,0.0
r201C10,2,5,all,4,grasp,0.0002601000014692545,346.5156971740649,146.51569717406488,0.0,2.0,0.0,0.0
r201C10,2,5,all,4,mp_eavns,0.006040500000381144,327.03086821961676,127.03086821961678,0.0,2.0,0.0,0.0
r201C10,3,8,depot,1,edd,3.9000005926936865e-06,685.2555300336307,285.2555300336307,0.0,4.0,0.0,0.0
r201C10,3,8,depot,1,sweep,3.5000011848751456e-06,2153.5662458530574,239.40216720306992,151.41640786499875,4.0,0.0,0.0
r201C10,3,8,depot,1,nearest,1.4199998986441642e-05,1008733.5923987301,252.14780856677686,818.1444590163314,3.0,0.0,1.0
r201C10,3,8,depot,1,grasp,0.0004967999993823469,586.5581932590003,286.5581932590003,0.0,3.0,1.0,0.0
r201C10,3,8,depot,1,mp_eavns,0.011860800001159078,512.9996145464204,212.99961454642033,0.0,3.0,0.0,0.0
r201C10,3,8,phased,4,edd,6.999998731771484e-06,685.2555300336307,285.2555300336307,0.0,4.0,0.0,0.0
r201C10,3,8,phased,4,sweep,6.300000677583739e-06,2153.5662458530574,239.40216720306992,151.41640786499875,4.0,0.0,0.0
r201C10,3,8,phased,4,nearest,1.8200000340584666e-05,8737.384545028666,255.93995486535124,818.1444590163314,3.0,1.0,0.0
r201C10,3,8,phased,4,grasp,0.0006690000009257346,1591.0007491265976,225.75900216399722,106.52417469626005,3.0,0.0,0.0
r201C10,3,8,phased,4,mp_eavns,0.022355099998094374,512.9996145464204,212.99961454642033,0.0,3.0,0.0,0.0
r201C10,3,8,all,4,edd,9.20000093174167e-06,685.2555300336307,285.2555300336307,0.0,4.0,0.0,0.0
r201C10,3,8,all,4,sweep,6.800000846851617e-06,2153.5662458530574,239.40216720306992,151.41640786499875,4.0,0.0,0.0
r201C10,3,8,all,4,nearest,2.220000169472769e-05,8737.384545028666,255.93995486535124,818.1444590163314,3.0,1.0,0.0
r201C10,3,8,all,4,grasp,0.0006250000005820766,1598.3829859258308,233.1412389632302,106.52417469626005,3.0,0.0,0.0
r201C10,3,8,all,4,mp_eavns,0.013403400000242982,512.9996145464204,212.99961454642033,0.0,3.0,0.0,0.0
r201C10,4,10,depot,1,edd,6.199999916134402e-06,1000846.9175053411,346.91750534110406,0.0,5.0,0.0,1.0
r201C10,4,10,depot,1,sweep,4.19999923906289e-06,2286.117520847887,271.9534421978997,151.41640786499875,5.0,0.0,0.0
r201C10,4,10,depot,1,nearest,2.220000169472769e-05,1008883.1468568236,301.70226666029146,818.1444590163314,4.0,0.0,1.0
r201C10,4,10,depot,1,grasp,0.000629599999228958,1774.0562853196316,308.8145383570311,106.52417469626005,4.0,0.0,0.0
r201C10,4,10,depot,1,mp_eavns,0.019917900001019007,659.4731061803694,259.4731061803694,0.0,4.0,0.0,0.0
r201C10,4,10,phased,4,edd,4.5000015234109014e-06,850.7096516396784,350.70965163967844,0.0,5.0,1.0,0.0
r201C10,4,10,phased,4,sweep,4.499997885432094e-06,2286.117520847887,271.9534421978997,151.41640786499875,5.0,0.0,0.0
r201C10,4,10,phased,4,nearest,1.8900002032751217e-05,8886.939003122181,305.49441295886584,818.1444590163314,4.0,1.0,0.0
r201C10,4,10,phased,4,grasp,0.0011285999971732963,693.9096741292376,293.9096741292376,0.0,4.0,0.0,0.0
r201C10,4,10,phased,4,mp_eavns,0.0241171999987273,659.4731061803694,259.4731061803694,0.0,4.0,0.0,0.0
r201C10,4,10,all,4,edd,6.70000008540228e-06,850.7096516396784,350.70965163967844,0.0,5.0,1.0,0.0
r201C10,4,10,all,4,sweep,7.299997378140688e-06,2286.117520847887,271.9534421978997,151.41640786499875,5.0,0.0,0.0
r201C10,4,10,all,4,nearest,2.269999822601676e-05,8886.939003122181,305.49441295886584,818.1444590163314,4.0,1.0,0.0
r201C10,4,10,all,4,grasp,0.0008918999992602039,1300.608732056542,280.3311682833423,62.027756377319974,4.0,0.0,0.0
r201C10,4,10,all,4,mp_eavns,0.020748999999341322,659.4731061803694,259.4731061803694,0.0,4.0,0.0,0.0
r202_21,1,25,depot,1,edd,1.2399999832268804e-05,2001647.9499153867,647.9499153868453,0.0,10.0,0.0,2.0
r202_21,1,25,depot,1,sweep,7.099999493220821e-06,15003.690117141767,647.921506409716,1325.5768610732052,11.0,0.0,0.0
r202_21,1,25,depot,1,nearest,7.329999789362773e-05,26326.508092864395,523.1732702595285,2490.3334822604866,9.0,0.0,0.0
r202_21,1,25,depot,1,grasp,0.016008399998099776,3151.62535989726,585.602107226834,166.6023252670426,9.0,0.0,0.0
r202_21,1,25,depot,1,mp_eavns,0.0988896000017121,1251.0032432840294,451.0032432840294,0.0,8.0,0.0,0.0
r202_21,1,25,phased,6,edd,1.2600001355167478e-05,1659.1201219989268,659.1201219989268,0.0,10.0,2.0,0.0
r202_21,1,25,phased,6,sweep,9.499999578110874e-06,15003.690117141767,647.921506409716,1325.5768610732052,11.0,0.0,0.0
r202_21,1,25,phased,6,nearest,7.170000026235357e-05,26326.508092864395,523.1732702595285,2490.3334822604866,9.0,0.0,0.0
r202_21,1,25,phased,6,grasp,0.017667600001004757,3159.679029701998,593.6557770315719,166.6023252670426,9.0,0.0,0.0
r202_21,1,25,phased,6,mp_eavns,0.21443529999669408,1368.1581251100067,468.1581251100068,0.0,9.0,0.0,0.0
r202_21,1,25,all,21,edd,1.3500000932253897e-05,1659.1201219989268,659.1201219989268,0.0,10.0,2.0,0.0
r202_21,1,25,all,21,sweep,1.0100000508828089e-05,15003.690117141767,647.921506409716,1325.5768610732052,11.0,0.0,0.0
r202_21,1,25,all,21,nearest,7.60000002628658e-05,26326.508092864395,523.1732702595285,2490.3334822604866,9.0,0.0,0.0
r202_21,1,25,all,21,grasp,0.018608999998832587,1507.4211283105562,607.4211283105562,0.0,9.0,0.0,0.0
r202_21,1,25,all,21,mp_eavns,0.19329640000069048,1384.9134581104954,484.91345811049547,0.0,9.0,0.0,0.0
r202_21,2,50,depot,1,edd,1.97000008483883e-05,7004349.059866762,1576.6120507960566,87.2447815966193,19.0,1.0,7.0
r202_21,2,50,depot,1,sweep,1.21000011858996e-05,1022193.5055788761,1280.0830555088833,1901.3422523367244,19.0,0.0,1.0
r202_21,2,50,depot,1,nearest,0.00033379999877070077,1030326.9988119226,1223.536500803881,2740.3462311118783,17.0,1.0,1.0
r202_21,2,50,depot,1,grasp,0.10341419999895152,6334.344820103684,1406.1737208021855,322.8171099301498,17.0,3.0,0.0
r202_21,2,50,depot,1,mp_eavns,0.7764354999999341,2559.287927664186,959.2879276641863,0.0,16.0,0.0,0.0
r202_21,2,50,phased,11,edd,2.5000001187436283e-05,1004183.9346231282,1573.3024521800073,71.06321709481017,19.0,6.0,1.0
r202_21,2,50,phased,11,sweep,1.5800000255694613e-05,22210.549864157692,1297.1273407904482,1901.3422523367244,19.0,1.0,0.0
r202_21,2,50,phased,11,nearest,0.0002223999981652014,30293.9529709126,1228.4287946247214,2736.552417628788,17.0,2.0,0.0
r202_21,2,50,phased,11,grasp,0.15648789999977453,6903.467578155921,1270.222024952554,393.3245553203367,17.0,3.0,0.0
r202_21,2,50,phased,11,mp_eavns,0.8850060000004305,2571.779977250938,971.7799772509377,0.0,16.0,0.0,0.0
r202_21,2,50,all,21,edd,2.0899999071843922e-05,1004183.9346231282,1573.3024521800073,71.06321709481017,19.0,6.0,1.0
r202_21,2,50,all,21,sweep,1.5199999324977398e-05,22205.723151904953,1292.30062853771,1901.3422523367244,19.0,1.0,0.0
r202_21,2,50,all,21,nearest,0.0002162000018870458,30293.9529709126,1228.4287946247214,2736.552417628788,17.0,2.0,0.0
r202_21,2,50,all,21,grasp,0.24325290000342648,7760.552394534981,1303.3722461288817,475.71801484060995,17.0,2.0,0.0
r202_21,2,50,all,21,mp_eavns,0.8824819999972533,2605.703890498386,1005.7038904983859,0.0,16.0,0.0,0.0
r202_21,3,75,depot,1,edd,2.7599999157246202e-05,21006249.341820505,2803.6305896234185,74.57112308805631,27.0,2.0,21.0
r202_21,3,75,depot,1,sweep,1.6400001186411828e-05,3039336.3876592545,1996.1896668765703,3444.019799237808,29.0,0.0,3.0
r202_21,3,75,depot,1,nearest,0.0004847000018344261,2057808.9155248962,1944.4357101836058,5346.447981471254,24.0,3.0,2.0
r202_21,3,75,depot,1,grasp,0.311416199998348,1026127.8766880694,2262.7773596469974,2156.50993284224,23.0,7.0,1.0
r202_21,3,75,depot,1,mp_eavns,2.5606845999973302,3897.9811306341444,1597.9811306341442,0.0,23.0,1.0,0.0
r202_21,3,75,phased,16,edd,3.110000034212135e-05,6011838.337104806,2832.1302113541865,630.6206893451553,27.0,12.0,6.0
r202_21,3,75,phased,16,sweep,1.8700000509852543e-05,39370.34551717895,2030.147524800868,3444.019799237808,29.0,3.0,0.0
r202_21,3,75,phased,16,nearest,0.00042070000199601054,57623.29691914363,1917.0691508992675,5330.622776824436,24.0,5.0,0.0
r202_21,3,75,phased,16,grasp,0.6628875999995216,13351.799978794872,2084.4804543593355,886.7319524435536,24.0,7.0,0.0
r202_21,3,75,phased,16,mp_eavns,3.902013999999326,3935.602459331379,1535.6024593313791,0.0,24.0,0.0,0.0
r202_21,3,75,all,21,edd,3.1600000511389226e-05,6011838.337104806,2832.1302113541865,630.6206893451553,27.0,12.0,6.0
r202_21,3,75,all,21,sweep,1.9099999917671084e-05,39370.34551717895,2030.147524800868,3444.019799237808,29.0,3.0,0.0
r202_21,3,75,all,21,nearest,0.00042020000182674266,57623.29691914363,1917.0691508992675,5330.622776824436,24.0,5.0,0.0
r202_21,3,75,all,21,grasp,0.6986514999989595,17947.88961986197,2133.181195192312,1351.4708424669657,23.0,6.0,0.0
r202_21,3,75,all,21,mp_eavns,2.923085299997183,3829.818338657574,1529.8183386575738,0.0,23.0,0.0,0.0
r202_21,4,100,depot,1,edd,3.5799999750452116e-05,28009396.95586862,3990.0126316806795,180.69432369396634,36.0,6.0,28.0
r202_21,4,100,depot,1,sweep,2.130000211764127e-05,3054475.4605302694,2658.4321244414664,4811.702840582807,37.0,0.0,3.0
r202_21,4,100,depot,1,nearest,0.0007196999977168161,7055996.143631131,2808.878862030244,4998.726476910096,32.0,3.0,7.0
r202_21,4,100,depot,1,grasp,0.7402928000010434,3051768.3250985458,3070.614124043087,4559.77109745025,31.0,8.0,3.0
r202_21,4,100,depot,1,mp_eavns,6.2451977000018815,5159.084174192003,2059.0841741920035,0.0,31.0,0.0,0.0
r202_21,4,100,phased,21,edd,4.5000000682193786e-05,2011166.498285835,4009.724903827117,355.67733820077325,36.0,24.0,2.0
r202_21,4,100,phased,21,sweep,2.5200002710334957e-05,54509.41838819383,2692.3899823657644,4811.702840582807,37.0,3.0,0.0
r202_21,4,100,phased,21,nearest,0.0007210999974631704,1055997.4681472452,2810.2033781443106,4998.726476910096,32.0,9.0,1.0
r202_21,4,100,phased,21,grasp,1.7628478000005998,26213.615606149964,2855.319568110888,2025.8296038039075,31.0,10.0,0.0
r202_21,4,100,phased,21,mp_eavns,6.590262199999415,5182.3063283853735,2082.306328385373,0.0,31.0,1.0,0.0
r202_21,4,100,all,21,edd,4.619999890564941e-05,2011166.498285835,4009.724903827117,355.67733820077325,36.0,24.0,2.0
r202_21,4,100,all,21,sweep,2.5299999833805487e-05,54509.41838819383,2692.3899823657644,4811.702840582807,37.0,3.0,0.0
r202_21,4,100,all,21,nearest,0.0007832000010239426,1055997.4681472452,2810.2033781443106,4998.726476910096,32.0,9.0,1.0
r202_21,4,100,all,21,grasp,1.635357399998611,29544.86096184486,2957.806454826383,2348.705450701848,31.0,10.0,0.0
r202_21,4,100,all,21,mp_eavns,5.089615300003061,5164.697296522186,2064.6972965221858,0.0,31.0,0.0,0.0
r202C15,1,4,depot,1,edd,8.600000001024455e-06,498.3316821025598,198.3316821025598,0.0,3.0,0.0,0.0
r202C15,1,4,depot,1,sweep,3.5000011848751456e-06,482.1671510046019,182.16715100460195,0.0,3.0,0.0,0.0
r202C15,1,4,depot,1,nearest,1.2599997717188671e-05,1995.3302478307642,134.83149161955498,166.04987562112092,2.0,0.0,0.0
r202C15,1,4,depot,1,grasp,0.0003156000020680949,334.49410329676175,134.49410329676178,0.0,2.0,0.0,0.0
r202C15,1,4,depot,1,mp_eavns,0.003043599997909041,334.49410329676175,134.49410329676178,0.0,2.0,0.0,0.0
r202C15,1,4,phased,3,edd,2.6999987312592566e-06,498.3316821025598,198.3316821025598,0.0,3.0,0.0,0.0
r202C15,1,4,phased,3,sweep,2.2999993234407157e-06,482.1671510046019,182.16715100460195,0.0,3.0,0.0,0.0
r202C15,1,4,phased,3,nearest,6.900001608300954e-06,1995.3302478307642,134.83149161955498,166.04987562112092,2.0,0.0,0.0
r202C15,1,4,phased,3,grasp,0.0002173000029870309,334.49410329676175,134.49410329676178,0.0,2.0,0.0,0.0
r202C15,1,4,phased,3,mp_eavns,0.00326860000132001,334.49410329676175,134.49410329676178,0.0,2.0,0.0,0.0
r202C15,1,4,all,6,edd,3.0000010156072676e-06,498.3316821025598,198.3316821025598,0.0,3.0,0.0,0.0
r202C15,1,4,all,6,sweep,2.4000000848900527e-06,482.1671510046019,182.16715100460195,0.0,3.0,0.0,0.0
r202C15,1,4,all,6,nearest,7.299997378140688e-06,1995.3302478307642,134.83149161955498,166.04987562112092,2.0,0.0,0.0
r202C15,1,4,all,6,grasp,0.00024059999850578606,334.49410329676175,134.49410329676178,0.0,2.0,0.0,0.0
r202C15,1,4,all,6,mp_eavns,0.003332899999804795,334.49410329676175,134.49410329676178,0.0,2.0,0.0,0.0
r202C15,2,8,depot,1,edd,4.300000000512227e-06,721.4561280723842,321.4561280723842,0.0,4.0,0.0,0.0
r202C15,2,8,depot,1,sweep,3.6999990697950125e-06,795.4797180461169,295.47971804611683,0.0,5.0,0.0,0.0
r202C15,2,8,depot,1,nearest,1.5199999324977398e-05,7222.739629155819,294.28034627554763,652.8459282880272,4.0,0.0,0.0
r202C15,2,8,depot,1,grasp,0.0006429999993997626,697.700468067819,297.7004680678189,0.0,4.0,0.0,0.0
r202C15,2,8,depot,1,mp_eavns,0.01989519999915501,647.2146543010588,247.21465430105877,0.0,4.0,0.0,0.0
r202C15,2,8,phased,4,edd,5.799996870337054e-06,721.4561280723842,321.4561280723842,0.0,4.0,0.0,0.0
r202C15,2,8,phased,4,sweep,4.599998646881431e-06,795.4797180461169,295.47971804611683,0.0,5.0,0.0,0.0
r202C15,2,8,phased,4,nearest,1.7899998056236655e-05,7222.739629155819,294.28034627554763,652.8459282880272,4.0,0.0,0.0
r202C15,2,8,phased,4,grasp,0.0007786999995005317,672.46436203862,272.4643620386201,0.0,4.0,0.0,0.0
r202C15,2,8,phased,4,mp_eavns,0.021306400001776638,647.2146543010588,247.21465430105877,0.0,4.0,0.0,0.0
r202C15,2,8,all,6,edd,6.000002031214535e-06,721.4561280723842,321.4561280723842,0.0,4.0,0.0,0.0
r202C15,2,8,all,6,sweep,4.800000169780105e-06,795.4797180461169,295.47971804611683,0.0,5.0,0.0,0.0
r202C15,2,8,all,6,nearest,1.7700000171316788e-05,7222.739629155819,294.28034627554763,652.8459282880272,4.0,0.0,0.0
r202C15,2,8,all,6,grasp,0.000842700002976926,672.46436203862,272.4643620386201,0.0,4.0,0.0,0.0
r202C15,2,8,all,6,mp_eavns,0.022831100002804305,647.2146543010588,247.21465430105877,0.0,4.0,0.0,0.0
r202C15,3,12,depot,1,edd,6.399997801054269e-06,2001007.4432850333,507.44328503325795,0.0,5.0,1.0,2.0
r202C15,3,12,depot,1,sweep,4.300000000512227e-06,1151.293553857202,451.2935538572018,0.0,7.0,0.0,0.0
r202C15,3,12,depot,1,nearest,2.6100002287421376e-05,2004779.712629652,456.07213976286533,382.36404898889384,5.0,0.0,2.0
r202C15,3,12,depot,1,grasp,0.0020798999976250343,3398.50181310198,469.888325718312,242.86134873836681,5.0,1.0,0.0
r202C15,3,12,depot,1,mp_eavns,0.068486700001813,1003.0284901121437,403.0284901121437,0.0,6.0,0.0,0.0
r202C15,3,12,phased,5,edd,8.39999847812578e-06,1001020.2815679375,520.2815679374895,0.0,5.0,2.0,1.0
r202C15,3,12,phased,5,sweep,7.099999493220821e-06,1151.293553857202,451.2935538572018,0.0,7.0,0.0,0.0
r202C15,3,12,phased,5,nearest,2.8599999495781958e-05,2004779.712629652,456.07213976286533,382.36404898889384,5.0,0.0,2.0
r202C15,3,12,phased,5,grasp,0.00227910000103293,1039.1209568153374,539.1209568153374,0.0,5.0,3.0,0.0
r202C15,3,12,phased,5,mp_eavns,0.06255310000051395,1003.0284901121437,403.0284901121437,0.0,6.0,0.0,0.0
r202C15,3,12,all,6,edd,8.999999408842996e-06,1001020.2815679375,520.2815679374895,0.0,5.0,2.0,1.0
r202C15,3,12,all,6,sweep,7.200000254670158e-06,1151.293553857202,451.2935538572018,0.0,7.0,0.0,0.0
r202C15,3,12,all,6,nearest,2.9200000426499173e-05,2004779.712629652,456.07213976286533,382.36404898889384,5.0,0.0,2.0
r202C15,3,12,all,6,grasp,0.002505899999960093,987.5278789235911,487.5278789235911,0.0,5.0,2.0,0.0
r202C15,3,12,all,6,mp_eavns,0.0535280000003695,950.863543722719,450.863543722719,0.0,5.0,2.0,0.0
r202C15,4,15,depot,1,edd,8.099999831756577e-06,4001430.4282687646,730.4282687645087,0.0,7.0,1.0,4.0
r202C15,4,15,depot,1,sweep,5.500001861946657e-06,3884.997806740409,557.9508076332128,252.70469991071963,8.0,0.0,0.0
r202C15,4,15,depot,1,nearest,3.440000000409782e-05,4011889.7843695153,575.9744888447204,1071.380988067059,6.0,0.0,4.0
r202C15,4,15,depot,1,grasp,0.003890800002409378,2653.5887580999324,673.1750437294304,138.04137143705023,6.0,3.0,0.0
r202C15,4,15,depot,1,mp_eavns,0.08983920000173384,1198.50732844753,498.50732844753,0.0,7.0,0.0,0.0
r202C15,4,15,phased,6,edd,1.0300002031726763e-05,1001420.9325745752,720.9325745752329,0.0,7.0,3.0,1.0
r202C15,4,15,phased,6,sweep,8.099999831756577e-06,3884.997806740409,557.9508076332128,252.70469991071963,8.0,0.0,0.0
r202C15,4,15,phased,6,nearest,3.730000025825575e-05,3011889.823514977,576.0136343064775,1071.380988067059,6.0,1.0,3.0
r202C15,4,15,phased,6,grasp,0.004656100001739105,3215.993647680721,721.6027585348633,189.4390889145858,6.0,4.0,0.0
r202C15,4,15,phased,6,mp_eavns,0.10690640000029816,1198.50732844753,498.50732844753,0.0,7.0,0.0,0.0
r202C15,4,15,all,6,edd,9.499999578110874e-06,1001420.9325745752,720.9325745752329,0.0,7.0,3.0,1.0
r202C15,4,15,all,6,sweep,8.600000001024455e-06,3884.997806740409,557.9508076332128,252.70469991071963,8.0,0.0,0.0
r202C15,4,15,all,6,nearest,3.7000001611886546e-05,3011889.823514977,576.0136343064775,1071.380988067059,6.0,1.0,3.0
r202C15,4,15,all,6,grasp,0.006292999998549931,1338.0273679260554,672.3311243788419,6.5696243547213555,6.0,3.0,0.0
r202C15,4,15,all,6,mp_eavns,0.10067569999955595,1146.3423820581052,546.3423820581053,0.0,6.0,2.0,0.0
r202C5,1,2,depot,1,edd,4.099998477613553e-06,169.65477246440747,69.65477246440747,0.0,1.0,0.0,0.0
r202C5,1,2,depot,1,sweep,2.4000000848900527e-06,169.65477246440747,69.65477246440747,0.0,1.0,0.0,0.0
r202C5,1,2,depot,1,nearest,8.099999831756577e-06,169.65477246440747,69.65477246440747,0.0,1.0,0.0,0.0
r202C5,1,2,depot,1,grasp,0.00011610000001383014,169.65477246440747,69.65477246440747,0.0,1.0,0.0,0.0
r202C5,1,2,depot,1,mp_eavns,0.0011472000005596783,169.65477246440747,69.65477246440747,0.0,1.0,0.0,0.0
r202C5,1,2,phased,2,edd,3.9000005926936865e-06,169.65477246440747,69.65477246440747,0.0,1.0,0.0,0.0
r202C5,1,2,phased,2,sweep,4.1000021155923605e-06,169.65477246440747,69.65477246440747,0.0,1.0,0.0,0.0
r202C5,1,2,phased,2,nearest,6.199999916134402e-06,169.65477246440747,69.65477246440747,0.0,1.0,0.0,0.0
r202C5,1,2,phased,2,grasp,0.00010770000153570436,169.65477246440747,69.65477246440747,0.0,1.0,0.0,0.0
r202C5,1,2,phased,2,mp_eavns,0.001082200000382727,169.65477246440747,69.65477246440747,0.0,1.0,0.0,0.0
r202C5,1,2,all,3,edd,1.8999999156221747e-06,169.65477246440747,69.65477246440747,0.0,1.0,0.0,0.0
r202C5,1,2,all,3,sweep,1.5999976312741637e-06,169.65477246440747,69.65477246440747,0.0,1.0,0.0,0.0
r202C5,1,2,all,3,nearest,3.999997716164216e-06,169.65477246440747,69.65477246440747,0.0,1.0,0.0,0.0
r202C5,1,2,all,3,grasp,0.00010589999874355271,169.65477246440747,69.65477246440747,0.0,1.0,0.0,0.0
r202C5,1,2,all,3,mp_eavns,0.001091500002075918,169.65477246440747,69.65477246440747,0.0,1.0,0.0,0.0
r202C5,2,3,depot,1,edd,2.5000008463393897e-06,1000205.9850521095,105.98505210951791,0.0,1.0,0.0,1.0
r202C5,2,3,depot,1,sweep,2.2999993234407157e-06,198.20846221096764,98.20846221096764,0.0,1.0,0.0,0.0
r202C5,2,3,depot,1,nearest,5.800000508315861e-06,1000205.9850521095,105.98505210951791,0.0,1.0,0.0,1.0
r202C5,2,3,depot,1,grasp,0.00017279999883612618,198.20846221096764,98.20846221096764,0.0,1.0,0.0,0.0
r202C5,2,3,depot,1,mp_eavns,0.0024660999988554977,198.20846221096764,98.20846221096764,0.0,1.0,0.0,0.0
r202C5,2,3,phased,2,edd,2.0000006770715117e-06,206.11288982596406,106.11288982596406,0.0,1.0,1.0,0.0
r202C5,2,3,phased,2,sweep,1.6000012692529708e-06,198.20846221096764,98.20846221096764,0.0,1.0,0.0,0.0
r202C5,2,3,phased,2,nearest,5.199999577598646e-06,1000205.9850521095,105.98505210951791,0.0,1.0,0.0,1.0
r202C5,2,3,phased,2,grasp,0.0001632999992580153,198.20846221096764,98.20846221096764,0.0,1.0,0.0,0.0
r202C5,2,3,phased,2,mp_eavns,0.0024573000009695534,198.20846221096764,98.20846221096764,0.0,1.0,0.0,0.0
r202C5,2,3,all,3,edd,1.8999999156221747e-06,206.11288982596406,106.11288982596406,0.0,1.0,1.0,0.0
r202C5,2,3,all,3,sweep,2.0000006770715117e-06,198.20846221096764,98.20846221096764,0.0,1.0,0.0,0.0
r202C5,2,3,all,3,nearest,4.900000931229442e-06,215.53914464571415,115.53914464571413,0.0,1.0,1.0,0.0
r202C5,2,3,all,3,grasp,0.00019070000053034164,198.20846221096764,98.20846221096764,0.0,1.0,0.0,0.0
r202C5,2,3,all,3,mp_eavns,0.002861799999664072,198.20846221096764,98.20846221096764,0.0,1.0,0.0,0.0
r202C5,3,4,depot,1,edd,1.9999970390927047e-06,2000230.8691960308,130.86919603074455,0.0,1.0,0.0,2.0
r202C5,3,4,depot,1,sweep,1.9999970390927047e-06,237.60389341815204,137.60389341815204,0.0,1.0,1.0,0.0
r202C5,3,4,depot,1,nearest,6.399997801054269e-06,1000223.0926061322,123.09260613219428,0.0,1.0,0.0,1.0
r202C5,3,4,depot,1,grasp,0.0005972999970254023,237.60389341815204,137.60389341815204,0.0,1.0,1.0,0.0
r202C5,3,4,depot,1,mp_eavns,0.007848400000511901,237.60389341815204,137.60389341815204,0.0,1.0,1.0,0.0
r202C5,3,4,phased,3,edd,3.5000011848751456e-06,2000230.8691960308,130.86919603074455,0.0,1.0,0.0,2.0
r202C5,3,4,phased,3,sweep,3.0000010156072676e-06,237.60389341815204,137.60389341815204,0.0,1.0,1.0,0.0
r202C5,3,4,phased,3,nearest,7.799997547408566e-06,1000223.0926061322,123.09260613219428,0.0,1.0,0.0,1.0
r202C5,3,4,phased,3,grasp,0.0006291999998211395,237.60389341815204,137.60389341815204,0.0,1.0,1.0,0.0
r202C5,3,4,phased,3,mp_eavns,0.008793500001047505,237.60389341815204,137.60389341815204,0.0,1.0,1.0,0.0
r202C5,3,4,all,3,edd,2.6000016077887267e-06,2000230.8691960308,130.86919603074455,0.0,1.0,0.0,2.0
r202C5,3,4,all,3,sweep,2.0999978005420417e-06,237.60389341815204,137.60389341815204,0.0,1.0,1.0,0.0
r202C5,3,4,all,3,nearest,6.399997801054269e-06,1000223.0926061322,123.09260613219428,0.0,1.0,0.0,1.0
r202C5,3,4,all,3,grasp,0.0007097999987308867,237.60389341815204,137.60389341815204,0.0,1.0,1.0,0.0
r202C5,3,4,all,3,mp_eavns,0.008404899999732152,237.60389341815204,137.60389341815204,0.0,1.0,1.0,0.0
r202C5,4,5,depot,1,edd,3.0999981390777975e-06,342.9086585207933,142.90865852079332,0.0,2.0,0.0,0.0
r202C5,4,5,depot,1,sweep,2.7999994927085936e-06,369.2266700198358,169.2266700198358,0.0,2.0,1.0,0.0
r202C5,4,5,depot,1,nearest,9.499999578110874e-06,1002634.5312342703,141.0292254448228,229.35020088255231,2.0,0.0,1.0
r202C5,4,5,depot,1,grasp,0.0006162999998196028,388.31464244364565,188.31464244364562,0.0,2.0,1.0,0.0
r202C5,4,5,depot,1,mp_eavns,0.009467799998674309,342.9086585207933,142.90865852079332,0.0,2.0,0.0,0.0
r202C5,4,5,phased,3,edd,5.40000110049732e-06,342.9086585207933,142.90865852079332,0.0,2.0,0.0,0.0
r202C5,4,5,phased,3,sweep,3.7000027077738196e-06,369.2266700198358,169.2266700198358,0.0,2.0,1.0,0.0
r202C5,4,5,phased,3,nearest,1.1500000255182385e-05,2644.085326806542,150.583317981019,229.35020088255231,2.0,1.0,0.0
r202C5,4,5,phased,3,grasp,0.0006983000021136831,355.1747626703249,155.17476267032492,0.0,2.0,1.0,0.0
r202C5,4,5,phased,3,mp_eavns,0.0096296000010625,342.9086585207933,142.90865852079332,0.0,2.0,0.0,0.0
r202C5,4,5,all,3,edd,3.7999998312443495e-06,342.9086585207933,142.90865852079332,0.0,2.0,0.0,0.0
r202C5,4,5,all,3,sweep,3.9000005926936865e-06,369.2266700198358,169.2266700198358,0.0,2.0,1.0,0.0
r202C5,4,5,all,3,nearest,1.0600000678095967e-05,2644.085326806542,150.583317981019,229.35020088255231,2.0,1.0,0.0
r202C5,4,5,all,3,grasp,0.0007392000006802846,355.1747626703249,155.17476267032492,0.0,2.0,1.0,0.0
r202C5,4,5,all,3,mp_eavns,0.014590899998438545,342.9086585207933,142.90865852079332,0.0,2.0,0.0,0.0
r203_21,1,25,depot,1,edd,1.1400003131711856e-05,1713.248743651336,613.2487436513362,0.0,11.0,0.0,0.0
r203_21,1,25,depot,1,sweep,7.200000254670158e-06,11497.071079244859,647.921506409716,974.9149572835145,11.0,0.0,0.0
r203_21,1,25,depot,1,nearest,7.14999987394549e-05,1436.5698660467076,536.5698660467076,0.0,9.0,0.0,0.0
r203_21,1,25,depot,1,grasp,0.013168800000130432,1445.101709063655,545.1017090636551,0.0,9.0,0.0,0.0
r203_21,1,25,depot,1,mp_eavns,0.12921020000067074,1274.2094245405667,474.20942454056666,0.0,8.0,0.0,0.0
r203_21,1,25,phased,6,edd,1.170000177808106e-05,1713.248743651336,613.2487436513362,0.0,11.0,0.0,0.0
r203_21,1,25,phased,6,sweep,9.499999578110874e-06,11497.071079244859,647.921506409716,974.9149572835145,11.0,0.0,0.0
r203_21,1,25,phased,6,nearest,7.380000170087442e-05,1436.5698660467076,536.5698660467076,0.0,9.0,0.0,0.0
r203_21,1,25,phased,6,grasp,0.01176590000250144,1447.3143073689164,547.3143073689164,0.0,9.0,0.0,0.0
r203_21,1,25,phased,6,mp_eavns,0.15189019999888842,1374.6306859712213,474.63068597122117,0.0,9.0,0.0,0.0
r203_21,1,25,all,21,edd,1.2399999832268804e-05,1713.248743651336,613.2487436513362,0.0,11.0,0.0,0.0
r203_21,1,25,all,21,sweep,9.900002623908222e-06,11497.071079244859,647.921506409716,974.9149572835145,11.0,0.0,0.0
r203_21,1,25,all,21,nearest,7.669999831705354e-05,1436.5698660467076,536.5698660467076,0.0,9.0,0.0,0.0
r203_21,1,25,all,21,grasp,0.01166659999944386,1444.123787481451,544.1237874814511,0.0,9.0,0.0,0.0
r203_21,1,25,all,21,mp_eavns,0.1828096999997797,1374.6306859712213,474.63068597122117,0.0,9.0,0.0,0.0
r203_21,2,50,depot,1,edd,2.1299998479662463e-05,5004026.456441459,1563.2478591564382,66.32085823030457,18.0,2.0,5.0
r203_21,2,50,depot,1,sweep,1.2900000001536682e-05,1015824.0854420864,1280.0830555088833,1264.400238657753,19.0,0.0,1.0
r203_21,2,50,depot,1,nearest,0.00022049999824957922,2009957.4290277683,1172.0369986446485,708.5392029123703,17.0,0.0,2.0
r203_21,2,50,depot,1,grasp,0.08265699999901699,7093.40215213247,1187.2444210738317,430.6157731058639,16.0,1.0,0.0
r203_21,2,50,depot,1,mp_eavns,0.7042294999992009,2569.394086291817,969.3940862918168,0.0,16.0,0.0,0.0
r203_21,2,50,phased,11,edd,2.3299999156733975e-05,1003839.2052985651,1537.8123612801915,50.13929372849543,18.0,5.0,1.0
r203_21,2,50,phased,11,sweep,1.469999915570952e-05,15841.12972736798,1297.1273407904482,1264.400238657753,19.0,1.0,0.0
r203_21,2,50,phased,11,nearest,0.00021940000078757294,9960.046894581115,1174.654865457411,708.5392029123703,17.0,2.0,0.0
r203_21,2,50,phased,11,grasp,0.1161580000007234,3091.887236026783,1301.3612842179741,19.05259518088087,16.0,3.0,0.0
r203_21,2,50,phased,11,mp_eavns,0.9480203999992227,2552.9384128703637,952.9384128703635,0.0,16.0,0.0,0.0
r203_21,2,50,all,21,edd,1.759999940986745e-05,1003839.2052985651,1537.8123612801915,50.13929372849543,18.0,5.0,1.0
r203_21,2,50,all,21,sweep,1.4100001862971112e-05,15836.303015115242,1292.30062853771,1264.400238657753,19.0,1.0,0.0
r203_21,2,50,all,21,nearest,0.0002184999975725077,9960.046894581115,1174.654865457411,708.5392029123703,17.0,2.0,0.0
r203_21,2,50,all,21,grasp,0.10633589999997639,2929.7168451020425,1329.7168451020423,0.0,16.0,6.0,0.0
r203_21,2,50,all,21,mp_eavns,0.7323720999993384,2536.3897738174624,936.3897738174625,0.0,16.0,0.0,0.0
r203_21,3,75,depot,1,edd,2.1899999410379678e-05,11005851.274164269,2861.28906592317,28.998509834491983,27.0,6.0,11.0
r203_21,3,75,depot,1,sweep,1.559999873279594e-05,3018100.8252879065,1996.1896668765703,1320.4635621029881,29.0,0.0,3.0
r203_21,3,75,depot,1,nearest,0.00041710000004968606,2023198.8839091752,1914.003745654864,1888.488016352037,24.0,2.0,2.0
r203_21,3,75,depot,1,grasp,0.24299679999967339,2008313.113872178,2066.8124140504897,384.63014581273467,24.0,1.0,2.0
r203_21,3,75,depot,1,mp_eavns,2.355369900000369,3831.062847797035,1531.062847797035,0.0,23.0,0.0,0.0
r203_21,3,75,phased,16,edd,2.9599999834317714e-05,2005861.877678157,2842.364668777903,31.951300937917267,27.0,13.0,2.0
r203_21,3,75,phased,16,sweep,2.0600000425474718e-05,18134.78314583075,2030.147524800868,1320.4635621029881,29.0,3.0,0.0
r203_21,3,75,phased,16,nearest,0.00044130000242148526,23173.69612388192,1888.8159603615507,1888.488016352037,24.0,4.0,0.0
r203_21,3,75,phased,16,grasp,0.49901589999717544,5877.737596637426,2064.1395449601337,141.35980516772918,24.0,7.0,0.0
r203_21,3,75,phased,16,mp_eavns,3.3555575999998837,3904.293540599771,1504.293540599771,0.0,24.0,0.0,0.0
r203_21,3,75,all,21,edd,2.7500002033775672e-05,2005861.877678157,2842.364668777903,31.951300937917267,27.0,13.0,2.0
r203_21,3,75,all,21,sweep,1.939999856404029e-05,18134.78314583075,2030.147524800868,1320.4635621029881,29.0,3.0,0.0
r203_21,3,75,all,21,nearest,0.0004011000019090716,23173.69612388192,1888.8159603615507,1888.488016352037,24.0,4.0,0.0
r203_21,3,75,all,21,grasp,0.41980750000220723,4404.810668770796,2004.8106687707957,0.0,24.0,5.0,0.0
r203_21,3,75,all,21,mp_eavns,2.8317932999998447,3798.05853532268,1498.0585353226802,0.0,23.0,0.0,0.0
r203_21,4,100,depot,1,edd,3.2099997042678297e-05,18010789.00577153,4059.2719837533577,322.9733787774687,35.0,10.0,18.0
r203_21,4,100,depot,1,sweep,2.2500000341096893e-05,3028191.4355751984,2658.4321244414664,2183.3003450756896,37.0,0.0,3.0
r203_21,4,100,depot,1,nearest,0.0007636999980604742,7031280.651944263,2808.878862030244,2527.1773082232676,32.0,3.0,7.0
r203_21,4,100,depot,1,grasp,0.5896435999966343,3025392.512767258,3026.1199303764943,1926.639283688181,31.0,9.0,3.0
r203_21,4,100,depot,1,mp_eavns,5.8767748000027495,5167.387279494934,2067.387279494934,0.0,31.0,0.0,0.0
r203_21,4,100,phased,21,edd,4.470000203582458e-05,4010736.7473190725,4020.179894421641,321.65674246506995,35.0,21.0,4.0
r203_21,4,100,phased,21,sweep,2.5000001187436283e-05,28225.39343312266,2692.3899823657644,2183.3003450756896,37.0,3.0,0.0
r203_21,4,100,phased,21,nearest,0.000700100001267856,1031281.976460377,2810.2033781443106,2527.1773082232676,32.0,9.0,1.0
r203_21,4,100,phased,21,grasp,1.1467794999989565,15641.885425323244,2900.995282528171,964.0890142795073,31.0,9.0,0.0
r203_21,4,100,phased,21,mp_eavns,6.528932099998201,5171.24237771691,2071.2423777169092,0.0,31.0,0.0,0.0
r203_21,4,100,all,21,edd,3.560000186553225e-05,4010736.7473190725,4020.179894421641,321.65674246506995,35.0,21.0,4.0
r203_21,4,100,all,21,sweep,2.510000194888562e-05,28225.39343312266,2692.3899823657644,2183.3003450756896,37.0,3.0,0.0
r203_21,4,100,all,21,nearest,0.0007332999994105194,1031281.976460377,2810.2033781443106,2527.1773082232676,32.0,9.0,1.0
r203_21,4,100,all,21,grasp,1.1554015000001527,22069.582825091395,2756.4756374231206,1611.3107187668274,32.0,8.0,0.0
r203_21,4,100,all,21,mp_eavns,4.339370099998632,5095.467355522102,1995.4673555221018,0.0,31.0,2.0,0.0
r203C10,1,3,depot,1,edd,7.099999493220821e-06,161.0293407795794,61.0293407795794,0.0,1.0,0.0,0.0
r203C10,1,3,depot,1,sweep,2.6000016077887267e-06,161.23520893549528,61.23520893549528,0.0,1.0,0.0,0.0
r203C10,1,3,depot,1,nearest,9.700001101009548e-06,161.23520893549528,61.23520893549528,0.0,1.0,0.0,0.0
r203C10,1,3,depot,1,grasp,0.00015129999883356504,161.0293407795794,61.0293407795794,0.0,1.0,0.0,0.0
r203C10,1,3,depot,1,mp_eavns,0.001975500003027264,161.0293407795794,61.0293407795794,0.0,1.0,0.0,0.0
r203C10,1,3,phased,2,edd,2.7999994927085936e-06,161.0293407795794,61.0293407795794,0.0,1.0,0.0,0.0
r203C10,1,3,phased,2,sweep,3.1000017770566046e-06,161.23520893549528,61.23520893549528,0.0,1.0,0.0,0.0
r203C10,1,3,phased,2,nearest,5.199999577598646e-06,161.23520893549528,61.23520893549528,0.0,1.0,0.0,0.0
r203C10,1,3,phased,2,grasp,0.00014000000010128133,161.0293407795794,61.0293407795794,0.0,1.0,0.0,0.0
r203C10,1,3,phased,2,mp_eavns,0.0019076000025961548,161.0293407795794,61.0293407795794,0.0,1.0,0.0,0.0
r203C10,1,3,all,5,edd,2.0000006770715117e-06,161.0293407795794,61.0293407795794,0.0,1.0,0.0,0.0
r203C10,1,3,all,5,sweep,1.5000005078036338e-06,161.23520893549528,61.23520893549528,0.0,1.0,0.0,0.0
r203C10,1,3,all,5,nearest,5.300000339047983e-06,161.23520893549528,61.23520893549528,0.0,1.0,0.0,0.0
r203C10,1,3,all,5,grasp,0.00014620000001741573,161.0293407795794,61.0293407795794,0.0,1.0,0.0,0.0
r203C10,1,3,all,5,mp_eavns,0.0019557000014174264,161.0293407795794,61.0293407795794,0.0,1.0,0.0,0.0
r203C10,2,5,depot,1,edd,2.9000002541579306e-06,313.3467431883445,113.34674318834446,0.0,2.0,0.0,0.0
r203C10,2,5,depot,1,sweep,2.2999993234407157e-06,319.2126363268431,119.21263632684308,0.0,2.0,0.0,0.0
r203C10,2,5,depot,1,nearest,9.399998816661537e-06,311.9256923282338,111.9256923282338,0.0,2.0,0.0,0.0
r203C10,2,5,depot,1,grasp,0.0010016000014729798,311.9256923282338,111.9256923282338,0.0,2.0,0.0,0.0
r203C10,2,5,depot,1,mp_eavns,0.00948419999986072,311.9256923282338,111.9256923282338,0.0,2.0,0.0,0.0
r203C10,2,5,phased,3,edd,3.1000017770566046e-06,313.3467431883445,113.34674318834446,0.0,2.0,0.0,0.0
r203C10,2,5,phased,3,sweep,2.4000000848900527e-06,319.2126363268431,119.21263632684308,0.0,2.0,0.0,0.0
r203C10,2,5,phased,3,nearest,8.900002285372466e-06,311.9256923282338,111.9256923282338,0.0,2.0,0.0,0.0
r203C10,2,5,phased,3,grasp,0.0006188000006659422,311.9256923282338,111.9256923282338,0.0,2.0,0.0,0.0
r203C10,2,5,phased,3,mp_eavns,0.009868999997706851,311.9256923282338,111.9256923282338,0.0,2.0,0.0,0.0
r203C10,2,5,all,5,edd,4.0000013541430235e-06,313.3467431883445,113.34674318834446,0.0,2.0,0.0,0.0
r203C10,2,5,all,5,sweep,3.5000011848751456e-06,319.2126363268431,119.21263632684308,0.0,2.0,0.0,0.0
r203C10,2,5,all,5,nearest,1.170000177808106e-05,311.9256923282338,111.9256923282338,0.0,2.0,0.0,0.0
r203C10,2,5,all,5,grasp,0.000628800000413321,311.9256923282338,111.9256923282338,0.0,2.0,0.0,0.0
r203C10,2,5,all,5,mp_eavns,0.008207700000639306,311.9256923282338,111.9256923282338,0.0,2.0,0.0,0.0
r203C10,3,8,depot,1,edd,3.1999989005271345e-06,4000566.943206643,366.9432066433483,0.0,2.0,1.0,4.0
r203C10,3,8,depot,1,sweep,3.0000010156072676e-06,1000411.9207009424,211.92070094244528,0.0,2.0,0.0,1.0
r203C10,3,8,depot,1,nearest,1.469999915570952e-05,1000404.6337569439,204.63375694383598,0.0,2.0,0.0,1.0
r203C10,3,8,depot,1,grasp,0.0019823999973596074,420.7630753301661,220.76307533016606,0.0,2.0,1.0,0.0
r203C10,3,8,depot,1,mp_eavns,0.026029699998616707,420.7630753301661,220.76307533016606,0.0,2.0,1.0,0.0
r203C10,3,8,phased,4,edd,6.300000677583739e-06,586.5485031237725,386.54850312377255,0.0,2.0,3.0,0.0
r203C10,3,8,phased,4,sweep,5.800000508315861e-06,1000411.9207009424,211.92070094244528,0.0,2.0,0.0,1.0
r203C10,3,8,phased,4,nearest,1.9099999917671084e-05,1000404.6337569439,204.63375694383598,0.0,2.0,0.0,1.0
r203C10,3,8,phased,4,grasp,0.002496099998097634,420.7630753301661,220.76307533016606,0.0,2.0,1.0,0.0
r203C10,3,8,phased,4,mp_eavns,0.028139599999121856,412.43904191197396,212.43904191197393,0.0,2.0,1.0,0.0
r203C10,3,8,all,5,edd,4.900000931229442e-06,586.5485031237725,386.54850312377255,0.0,2.0,3.0,0.0
r203C10,3,8,all,5,sweep,4.800000169780105e-06,1000411.9207009424,211.92070094244528,0.0,2.0,0.0,1.0
r203C10,3,8,all,5,nearest,1.5699999494245276e-05,1000404.6337569439,204.63375694383598,0.0,2.0,0.0,1.0
r203C10,3,8,all,5,grasp,0.0028275000004214235,422.18412619027674,222.18412619027671,0.0,2.0,1.0,0.0
r203C10,3,8,all,5,mp_eavns,0.03276999999798136,412.43904191197396,212.43904191197393,0.0,2.0,1.0,0.0
r203C10,4,10,depot,1,edd,4.599998646881431e-06,5000705.568771981,405.56877198097624,0.0,3.0,0.0,5.0
r203C10,4,10,depot,1,sweep,4.19999923906289e-06,2000580.507201298,280.50720129793154,0.0,3.0,0.0,2.0
r203C10,4,10,depot,1,nearest,2.0099996618228033e-05,3000591.374399873,291.3743998730526,0.0,3.0,0.0,3.0
r203C10,4,10,depot,1,grasp,0.0032864999993762467,589.3495756856523,289.34957568565227,0.0,3.0,1.0,0.0
r203C10,4,10,depot,1,mp_eavns,0.04856579999977839,589.3495756856523,289.3495756856523,0.0,3.0,1.0,0.0
r203C10,4,10,phased,5,edd,4.900000931229442e-06,2000729.9965539835,429.99655398350524,0.0,3.0,2.0,2.0
r203C10,4,10,phased,5,sweep,5.099998816149309e-06,2000580.507201298,280.50720129793154,0.0,3.0,0.0,2.0
r203C10,4,10,phased,5,nearest,2.090000270982273e-05,591.5243086096463,291.52430860964625,0.0,3.0,1.0,0.0
r203C10,4,10,phased,5,grasp,0.004562199999782024,615.5284204038587,315.52842040385866,0.0,3.0,1.0,0.0
r203C10,4,10,phased,5,mp_eavns,0.06004200000097626,582.9044234413471,282.90442344134715,0.0,3.0,1.0,0.0
r203C10,4,10,all,5,edd,8.499999239575118e-06,2000729.9965539835,429.99655398350524,0.0,3.0,2.0,2.0
r203C10,4,10,all,5,sweep,8.200000593205914e-06,2000580.507201298,280.50720129793154,0.0,3.0,0.0,2.0
r203C10,4,10,all,5,nearest,2.9200000426499173e-05,591.5243086096463,291.52430860964625,0.0,3.0,1.0,0.0
r203C10,4,10,all,5,grasp,0.0063771999994060025,603.7311257263688,303.73112572636876,0.0,3.0,1.0,0.0
r203C10,4,10,all,5,mp_eavns,0.054205000000365544,582.9044234413471,282.90442344134715,0.0,3.0,1.0,0.0
r203C5,1,2,depot,1,edd,4.599998646881431e-06,192.37139900655453,92.37139900655453,0.0,1.0,0.0,0.0
r203C5,1,2,depot,1,sweep,2.5000008463393897e-06,192.37139900655453,92.37139900655453,0.0,1.0,0.0,0.0
r203C5,1,2,depot,1,nearest,8.39999847812578e-06,192.37139900655453,92.37139900655453,0.0,1.0,0.0,0.0
r203C5,1,2,depot,1,grasp,0.00011319999975967221,192.37139900655453,92.37139900655453,0.0,1.0,0.0,0.0
r203C5,1,2,depot,1,mp_eavns,0.0011373000015737489,192.37139900655453,92.37139900655453,0.0,1.0,0.0,0.0
r203C5,1,2,phased,2,edd,1.8999999156221747e-06,192.37139900655453,92.37139900655453,0.0,1.0,0.0,0.0
r203C5,1,2,phased,2,sweep,1.6999983927235007e-06,192.37139900655453,92.37139900655453,0.0,1.0,0.0,0.0
r203C5,1,2,phased,2,nearest,3.7999998312443495e-06,192.37139900655453,92.37139900655453,0.0,1.0,0.0,0.0
r203C5,1,2,phased,2,grasp,0.00010740000288933516,192.37139900655453,92.37139900655453,0.0,1.0,0.0,0.0
r203C5,1,2,phased,2,mp_eavns,0.0011068999992858153,192.37139900655453,92.37139900655453,0.0,1.0,0.0,0.0
r203C5,1,2,all,4,edd,2.0000006770715117e-06,192.37139900655453,92.37139900655453,0.0,1.0,0.0,0.0
r203C5,1,2,all,4,sweep,1.3999997463542968e-06,192.37139900655453,92.37139900655453,0.0,1.0,0.0,0.0
r203C5,1,2,all,4,nearest,3.5000011848751456e-06,192.37139900655453,92.37139900655453,0.0,1.0,0.0,0.0
r203C5,1,2,all,4,grasp,0.00010539999857428484,192.37139900655453,92.37139900655453,0.0,1.0,0.0,0.0
r203C5,1,2,all,4,mp_eavns,0.0011563999978534412,192.37139900655453,92.37139900655453,0.0,1.0,0.0,0.0
r203C5,2,3,depot,1,edd,3.2999996619764715e-06,218.7439989429277,118.7439989429277,0.0,1.0,1.0,0.0
r203C5,2,3,depot,1,sweep,2.6000016077887267e-06,1000213.5046835796,113.50468357954102,0.0,1.0,0.0,1.0
r203C5,2,3,depot,1,nearest,7.199996616691351e-06,1000218.742460006,118.74246000600976,0.0,1.0,0.0,1.0
r203C5,2,3,depot,1,grasp,0.00017699999807518907,218.7439989429277,118.7439989429277,0.0,1.0,1.0,0.0
r203C5,2,3,depot,1,mp_eavns,0.002686700001504505,218.7439989429277,118.7439989429277,0.0,1.0,1.0,0.0
r203C5,2,3,phased,3,edd,2.5000008463393897e-06,218.7439989429277,118.7439989429277,0.0,1.0,1.0,0.0
r203C5,2,3,phased,3,sweep,1.8999999156221747e-06,1000213.5046835796,113.50468357954102,0.0,1.0,0.0,1.0
r203C5,2,3,phased,3,nearest,1.4500001270789653e-05,1000218.742460006,118.74246000600976,0.0,1.0,0.0,1.0
r203C5,2,3,phased,3,grasp,0.00019350000002305023,218.7439989429277,118.7439989429277,0.0,1.0,1.0,0.0
r203C5,2,3,phased,3,mp_eavns,0.0033059999987017363,218.7439989429277,118.7439989429277,0.0,1.0,1.0,0.0
r203C5,2,3,all,4,edd,4.1000021155923605e-06,218.7439989429277,118.7439989429277,0.0,1.0,1.0,0.0
r203C5,2,3,all,4,sweep,3.7999998312443495e-06,1000213.5046835796,113.50468357954102,0.0,1.0,0.0,1.0
r203C5,2,3,all,4,nearest,8.39999847812578e-06,1000218.742460006,118.74246000600976,0.0,1.0,0.0,1.0
r203C5,2,3,all,4,grasp,0.00019179999799234793,218.7439989429277,118.7439989429277,0.0,1.0,1.0,0.0
r203C5,2,3,all,4,mp_eavns,0.003023199999006465,218.7439989429277,118.7439989429277,0.0,1.0,1.0,0.0
r203C5,3,4,depot,1,edd,3.0000010156072676e-06,1000332.1233964862,132.12339648610242,0.0,2.0,0.0,1.0
r203C5,3,4,depot,1,sweep,2.2000021999701858e-06,1000347.4458090765,147.4458090764953,0.0,2.0,0.0,1.0
r203C5,3,4,depot,1,nearest,8.099999831756577e-06,349.96573833411384,149.96573833411384,0.0,2.0,0.0,0.0
r203C5,3,4,depot,1,grasp,0.00022770000214222819,350.18347848098256,150.18347848098256,0.0,2.0,0.0,0.0
r203C5,3,4,depot,1,mp_eavns,0.004687399999966146,320.21057263416446,120.21057263416445,0.0,2.0,0.0,0.0
r203C5,3,4,phased,4,edd,3.1999989005271345e-06,348.6768203256437,148.6768203256437,0.0,2.0,1.0,0.0
r203C5,3,4,phased,4,sweep,2.5000008463393897e-06,1000347.4458090765,147.4458090764953,0.0,2.0,0.0,1.0
r203C5,3,4,phased,4,nearest,7.400001777568832e-06,349.96573833411384,149.96573833411384,0.0,2.0,0.0,0.0
r203C5,3,4,phased,4,grasp,0.00023240000155055895,349.96573833411384,149.96573833411384,0.0,2.0,0.0,0.0
r203C5,3,4,phased,4,mp_eavns,0.005382200000894954,320.21057263416446,120.21057263416445,0.0,2.0,0.0,0.0
r203C5,3,4,all,4,edd,2.6999987312592566e-06,348.6768203256437,148.6768203256437,0.0,2.0,1.0,0.0
r203C5,3,4,all,4,sweep,2.1999985619913787e-06,1000347.4458090765,147.4458090764953,0.0,2.0,0.0,1.0
r203C5,3,4,all,4,nearest,6.800000846851617e-06,349.96573833411384,149.96573833411384,0.0,2.0,0.0,0.0
r203C5,3,4,all,4,grasp,0.00022700000045006163,349.96573833411384,149.96573833411384,0.0,2.0,0.0,0.0
r203C5,3,4,all,4,mp_eavns,0.005703500002709916,320.21057263416446,120.21057263416445,0.0,2.0,0.0,0.0
r203C5,4,5,depot,1,edd,2.4999972083605826e-06,452.4599399008572,252.45993990085717,0.0,2.0,1.0,0.0
r203C5,4,5,depot,1,sweep,2.1999985619913787e-06,2000420.4721828261,220.47218282611985,0.0,2.0,0.0,2.0
r203C5,4,5,depot,1,nearest,9.800001862458885e-06,437.82926888006904,237.82926888006904,0.0,2.0,1.0,0.0
r203C5,4,5,depot,1,grasp,0.00028929999825777486,437.82926888006904,237.82926888006904,0.0,2.0,1.0,0.0
r203C5,4,5,depot,1,mp_eavns,0.00767690000066068,432.80923260046904,232.80923260046902,0.0,2.0,1.0,0.0
r203C5,4,5,phased,4,edd,2.6000016077887267e-06,437.6239003733921,237.62390037339208,0.0,2.0,1.0,0.0
r203C5,4,5,phased,4,sweep,2.4000000848900527e-06,1000422.2095554352,222.20955543524803,0.0,2.0,1.0,1.0
r203C5,4,5,phased,4,nearest,8.499999239575118e-06,436.8858848079908,236.8858848079908,0.0,2.0,1.0,0.0
r203C5,4,5,phased,4,grasp,0.0003336000008857809,436.8858848079908,236.8858848079908,0.0,2.0,1.0,0.0
r203C5,4,5,phased,4,mp_eavns,0.008360400002857205,394.62673516312725,194.62673516312725,0.0,2.0,1.0,0.0
r203C5,4,5,all,4,edd,3.4000004234258085e-06,437.6239003733921,237.62390037339208,0.0,2.0,1.0,0.0
r203C5,4,5,all,4,sweep,3.9000005926936865e-06,1000422.2095554352,222.20955543524803,0.0,2.0,1.0,1.0
r203C5,4,5,all,4,nearest,1.0100000508828089e-05,436.8858848079908,236.8858848079908,0.0,2.0,1.0,0.0
r203C5,4,5,all,4,grasp,0.00031799999851500615,432.80923260046904,232.80923260046902,0.0,2.0,1.0,0.0
r203C5,4,5,all,4,mp_eavns,0.008480899999995017,394.62673516312725,194.62673516312725,0.0,2.0,1.0,0.0
r204_21,1,25,depot,1,edd,1.460000203223899e-05,1607.2131552562064,607.2131552562063,0.0,10.0,0.0,0.0
r204_21,1,25,depot,1,sweep,1.049999991664663e-05,2604.4900489046395,647.921506409716,85.65685424949237,11.0,0.0,0.0
r204_21,1,25,depot,1,nearest,7.120000009308569e-05,1436.5698660467076,536.5698660467076,0.0,9.0,0.0,0.0
r204_21,1,25,depot,1,grasp,0.010409999998955755,1458.642237986281,558.6422379862812,0.0,9.0,0.0,0.0
r204_21,1,25,depot,1,mp_eavns,0.2072264999987965,1376.3315837733726,476.3315837733726,0.0,9.0,0.0,0.0
r204_21,1,25,phased,6,edd,1.1399999493733048e-05,1607.2131552562064,607.2131552562063,0.0,10.0,0.0,0.0
r204_21,1,25,phased,6,sweep,9.499999578110874e-06,2604.4900489046395,647.921506409716,85.65685424949237,11.0,0.0,0.0
r204_21,1,25,phased,6,nearest,7.330000153160654e-05,1436.5698660467076,536.5698660467076,0.0,9.0,0.0,0.0
r204_21,1,25,phased,6,grasp,0.01057779999973718,1451.1171489173119,551.1171489173119,0.0,9.0,0.0,0.0
r204_21,1,25,phased,6,mp_eavns,0.1921303999988595,1376.3315837733726,476.3315837733726,0.0,9.0,0.0,0.0
r204_21,1,25,all,21,edd,1.4100001862971112e-05,1607.2131552562064,607.2131552562063,0.0,10.0,0.0,0.0
r204_21,1,25,all,21,sweep,1.1299998732283711e-05,2604.4900489046395,647.921506409716,85.65685424949237,11.0,0.0,0.0
r204_21,1,25,all,21,nearest,7.510000068577938e-05,1436.5698660467076,536.5698660467076,0.0,9.0,0.0,0.0
r204_21,1,25,all,21,grasp,0.017571800002770033,1431.1182728053113,531.1182728053113,0.0,9.0,0.0,0.0
r204_21,1,25,all,21,mp_eavns,0.1948210000009567,1376.3315837733726,476.3315837733726,0.0,9.0,0.0,0.0
r204_21,2,50,depot,1,edd,1.930000144056976e-05,1003200.3051875771,1500.3051875771057,0.0,17.0,4.0,1.0
r204_21,2,50,depot,1,sweep,1.2000000424450263e-05,1004036.6515980038,1280.0830555088833,85.65685424949237,19.0,0.0,1.0
r204_21,2,50,depot,1,nearest,0.00020840000070165843,2003558.7000925695,1172.0369986446485,68.66630939248262,17.0,0.0,2.0
r204_21,2,50,depot,1,grasp,0.07957979999991949,2861.8208496389793,1261.8208496389793,0.0,16.0,2.0,0.0
r204_21,2,50,depot,1,mp_eavns,1.005554300001677,2587.175961929595,987.1759619295949,0.0,16.0,0.0,0.0
r204_21,2,50,phased,11,edd,6.399999983841553e-05,3142.588070893071,1442.588070893071,0.0,17.0,6.0,0.0
r204_21,2,50,phased,11,sweep,1.720000000204891e-05,4053.695883285372,1297.1273407904482,85.65685424949237,19.0,1.0,0.0
r204_21,2,50,phased,11,nearest,0.0002172999993490521,3561.317959382237,1174.654865457411,68.66630939248262,17.0,2.0,0.0
r204_21,2,50,phased,11,grasp,0.08006190000014612,2808.72996627434,1208.7299662743399,0.0,16.0,1.0,0.0
r204_21,2,50,phased,11,mp_eavns,0.940134800002852,2555.687029774199,955.6870297741989,0.0,16.0,0.0,0.0
r204_21,2,50,all,21,edd,2.2500000341096893e-05,3142.588070893071,1442.588070893071,0.0,17.0,6.0,0.0
r204_21,2,50,all,21,sweep,1.4999997802078724e-05,4048.869171032634,1292.30062853771,85.65685424949237,19.0,1.0,0.0
r204_21,2,50,all,21,nearest,0.00020910000239382498,3561.317959382237,1174.654865457411,68.66630939248262,17.0,2.0,0.0
r204_21,2,50,all,21,grasp,0.10179409999909694,2847.863243397989,1247.8632433979892,0.0,16.0,3.0,0.0
r204_21,2,50,all,21,mp_eavns,0.9060649999992165,2567.920138731917,967.9201387319172,0.0,16.0,0.0,0.0
r204_21,3,75,depot,1,edd,2.840000161086209e-05,9006235.126740644,2763.0743185966357,77.20524220462585,27.0,7.0,9.0
r204_21,3,75,depot,1,sweep,1.6199999663513154e-05,3006313.391443824,1996.1896668765703,141.72017769472734,29.0,0.0,3.0
r204_21,3,75,depot,1,nearest,0.00041199999759555794,2009776.5865928533,1914.003745654864,546.2582847198393,24.0,2.0,2.0
r204_21,3,75,depot,1,grasp,0.20638709999911953,1006032.5634310757,1992.4471677235704,174.01162633521312,23.0,2.0,1.0
r204_21,3,75,depot,1,mp_eavns,3.5831343999998353,3904.757568129462,1504.757568129462,0.0,24.0,0.0,0.0
r204_21,3,75,phased,16,edd,3.3799999073380604e-05,2005964.123377198,2744.4492697758565,51.967410742213815,27.0,13.0,2.0
r204_21,3,75,phased,16,sweep,2.0899999071843922e-05,6347.349301748141,2030.147524800868,141.72017769472734,29.0,3.0,0.0
r204_21,3,75,phased,16,nearest,0.0004427999992913101,9751.398807559943,1888.8159603615507,546.2582847198393,24.0,4.0,0.0
r204_21,3,75,phased,16,grasp,0.32540200000221375,4463.555587267892,2063.5555872678924,0.0,24.0,7.0,0.0
r204_21,3,75,phased,16,mp_eavns,2.487203100001352,3794.893580743112,1494.8935807431121,0.0,23.0,1.0,0.0
r204_21,3,75,all,21,edd,3.310000101919286e-05,2005964.123377198,2744.4492697758565,51.967410742213815,27.0,13.0,2.0
r204_21,3,75,all,21,sweep,3.609999839682132e-05,6347.349301748141,2030.147524800868,141.72017769472734,29.0,3.0,0.0
r204_21,3,75,all,21,nearest,0.000672800000756979,9751.398807559943,1888.8159603615507,546.2582847198393,24.0,4.0,0.0
r204_21,3,75,all,21,grasp,0.29668390000006184,4466.459323512027,2066.4593235120274,0.0,24.0,6.0,0.0
r204_21,3,75,all,21,mp_eavns,3.6603930999990553,3784.7892346694457,1484.7892346694457,0.0,23.0,1.0,0.0
r204_21,4,100,depot,1,edd,3.769999966607429e-05,23007776.19871636,4076.1987163604545,0.0,37.0,7.0,23.0
r204_21,4,100,depot,1,sweep,2.130000211764127e-05,3008926.2564788717,2658.4321244414664,256.78243544302586,37.0,0.0,3.0
r204_21,4,100,depot,1,nearest,0.0007111000013537705,7013623.220746824,2808.878862030244,761.4341884793753,32.0,3.0,7.0
r204_21,4,100,depot,1,grasp,0.43956099999923026,2015497.026369509,3136.670348176261,936.0356021332773,30.0,9.0,2.0
r204_21,4,100,depot,1,mp_eavns,5.701848400000017,5161.958109892714,2061.958109892714,0.0,31.0,0.0,0.0
r204_21,4,100,phased,21,edd,4.6200002543628216e-05,8007756.439417181,4056.439417180596,0.0,37.0,17.0,8.0
r204_21,4,100,phased,21,sweep,2.609999864944257e-05,8960.214336796023,2692.3899823657644,256.78243544302586,37.0,3.0,0.0
r204_21,4,100,phased,21,nearest,0.0007428999997500796,1013624.545262938,2810.2033781443106,761.4341884793753,32.0,9.0,1.0
r204_21,4,100,phased,21,grasp,0.8726963999979489,5864.184439796621,2764.1844397966206,0.0,31.0,9.0,0.0
r204_21,4,100,phased,21,mp_eavns,5.758578600001783,5147.99919664293,2047.9991966429297,0.0,31.0,2.0,0.0
r204_21,4,100,all,21,edd,4.320000152802095e-05,8007756.439417181,4056.439417180596,0.0,37.0,17.0,8.0
r204_21,4,100,all,21,sweep,2.519999907235615e-05,8960.214336796023,2692.3899823657644,256.78243544302586,37.0,3.0,0.0
r204_21,4,100,all,21,nearest,0.0007595999995828606,1013624.545262938,2810.2033781443106,761.4341884793753,32.0,9.0,1.0
r204_21,4,100,all,21,grasp,0.7394290000011097,5878.354053914794,2778.354053914795,0.0,31.0,10.0,0.0
r204_21,4,100,all,21,mp_eavns,9.644365899999684,5139.7574288764345,2039.7574288764347,0.0,31.0,2.0,0.0
r205_21,1,25,depot,1,edd,1.4099998224992305e-05,1781.8298365699402,681.8298365699403,0.0,11.0,0.0,0.0
r205_21,1,25,depot,1,sweep,7.899998308857903e-06,17268.859247244865,647.921506409716,1552.093774083515,11.0,0.0,0.0
r205_21,1,25,depot,1,nearest,7.090000144671649e-05,10816.465849047718,536.5698660467076,937.989598300101,9.0,0.0,0.0
r205_21,1,25,depot,1,grasp,0.013458599998557474,1471.2714304719455,571.2714304719455,0.0,9.0,0.0,0.0
r205_21,1,25,depot,1,mp_eavns,0.10162920000220765,1294.3132106766366,494.3132106766367,0.0,8.0,0.0,0.0
r205_21,1,25,phased,6,edd,1.179999890155159e-05,1781.8298365699402,681.8298365699403,0.0,11.0,0.0,0.0
r205_21,1,25,phased,6,sweep,8.800001523923129e-06,17268.859247244865,647.921506409716,1552.093774083515,11.0,0.0,0.0
r205_21,1,25,phased,6,nearest,7.120000009308569e-05,10816.465849047718,536.5698660467076,937.989598300101,9.0,0.0,0.0
r205_21,1,25,phased,6,grasp,0.013884500000131084,1470.1745339062802,570.1745339062802,0.0,9.0,0.0,0.0
r205_21,1,25,phased,6,mp_eavns,0.10433819999889238,1294.3132106766366,494.3132106766367,0.0,8.0,0.0,0.0
r205_21,1,25,all,21,edd,2.4900000425986946e-05,1781.8298365699402,681.8298365699403,0.0,11.0,0.0,0.0
r205_21,1,25,all,21,sweep,9.400002454640344e-06,17268.859247244865,647.921506409716,1552.093774083515,11.0,0.0,0.0
r205_21,1,25,all,21,nearest,7.900000127847306e-05,10816.465849047718,536.5698660467076,937.989598300101,9.0,0.0,0.0
r205_21,1,25,all,21,grasp,0.021563499998592306,1458.1861032411286,558.1861032411286,0.0,9.0,0.0,0.0
r205_21,1,25,all,21,mp_eavns,0.12747790000139503,1294.3132106766366,494.3132106766367,0.0,8.0,0.0,0.0
r205_21,2,50,depot,1,edd,2.0299998141126707e-05,9003537.428403212,1637.4284032109297,0.0,19.0,0.0,9.0
r205_21,2,50,depot,1,sweep,1.2799999240087345e-05,1027291.5392089327,1280.0830555088833,2411.145615342377,19.0,0.0,1.0
r205_21,2,50,depot,1,nearest,0.0002148000021406915,2024661.8403013332,1172.0369986446485,2178.9803302688547,17.0,0.0,2.0
r205_21,2,50,depot,1,grasp,0.12249019999944721,19248.17524043779,1324.6698714984084,1632.3505368939384,16.0,2.0,0.0
r205_21,2,50,depot,1,mp_eavns,0.9483240999979898,2638.663503898001,1038.6635038980012,0.0,16.0,0.0,0.0
r205_21,2,50,phased,11,edd,2.0200001017656177e-05,2003548.8214035998,1648.8214035998417,0.0,19.0,4.0,2.0
r205_21,2,50,phased,11,sweep,1.4199998986441642e-05,27308.583494214217,1297.1273407904482,2411.145615342377,19.0,1.0,0.0
r205_21,2,50,phased,11,nearest,0.00021120000019436702,24664.458168145957,1174.654865457411,2178.9803302688547,17.0,2.0,0.0
r205_21,2,50,phased,11,grasp,0.17613640000126907,7998.428776850819,1354.6686497827059,494.37601270681137,17.0,2.0,0.0
r205_21,2,50,phased,11,mp_eavns,0.9982385999974213,2604.1631832978233,1004.1631832978233,0.0,16.0,0.0,0.0
r205_21,2,50,all,21,edd,1.930000144056976e-05,2003548.8214035998,1648.8214035998417,0.0,19.0,4.0,2.0
r205_21,2,50,all,21,sweep,1.3699998817173764e-05,27303.756781961478,1292.30062853771,2411.145615342377,19.0,1.0,0.0
r205_21,2,50,all,21,nearest,0.00020959999892511405,24664.458168145957,1174.654865457411,2178.9803302688547,17.0,2.0,0.0
r205_21,2,50,all,21,grasp,0.18961029999991297,10863.062752102382,1331.8298435868187,783.1232908515564,17.0,2.0,0.0
r205_21,2,50,all,21,mp_eavns,1.0072841000001063,2634.355787363225,1034.3557873632249,0.0,16.0,0.0,0.0
r205_21,3,75,depot,1,edd,2.9099999665049836e-05,16005623.19146876,2923.1914687595986,0.0,27.0,5.0,16.0
r205_21,3,75,depot,1,sweep,2.090000270982273e-05,3039394.4212893113,1996.1896668765703,3449.8231622434605,29.0,0.0,3.0
r205_21,3,75,depot,1,nearest,0.00042860000030486844,2039512.779505642,1914.003745654864,3519.8775759986934,24.0,2.0,2.0
r205_21,3,75,depot,1,grasp,0.3156679999992775,1020849.8449849108,2200.0094100712513,1634.983557483954,23.0,5.0,1.0
r205_21,3,75,depot,1,mp_eavns,2.545285899999726,3884.290595592501,1584.2905955925012,0.0,23.0,0.0,0.0
r205_21,3,75,phased,16,edd,3.170000127283856e-05,4005643.9154518037,2943.915451803569,0.0,27.0,15.0,4.0
r205_21,3,75,phased,16,sweep,1.979999797185883e-05,39428.37914723547,2030.147524800868,3449.8231622434605,29.0,3.0,0.0
r205_21,3,75,phased,16,nearest,0.0004067999980179593,39367.277808711224,1888.8159603615507,3507.846184834967,24.0,4.0,0.0
r205_21,3,75,phased,16,grasp,0.6304622999996354,15616.05072077122,2218.7391453068285,1099.7311575464391,24.0,8.0,0.0
r205_21,3,75,phased,16,mp_eavns,2.8377118999997037,3848.4433621973067,1548.443362197307,0.0,23.0,1.0,0.0
r205_21,3,75,all,21,edd,3.1699997634859756e-05,4005643.9154518037,2943.915451803569,0.0,27.0,15.0,4.0
r205_21,3,75,all,21,sweep,2.170000152545981e-05,39428.37914723547,2030.147524800868,3449.8231622434605,29.0,3.0,0.0
r205_21,3,75,all,21,nearest,0.00042810000013560057,39367.277808711224,1888.8159603615507,3507.846184834967,24.0,4.0,0.0
r205_21,3,75,all,21,grasp,0.7949348000001919,15911.885872719295,2186.4244938364113,1132.5461378882883,24.0,8.0,0.0
r205_21,3,75,all,21,mp_eavns,2.74616529999912,3962.7026308090462,1562.702630809046,0.0,24.0,1.0,0.0
r205_21,4,100,depot,1,edd,3.269999797339551e-05,21007553.820313685,3953.820313684126,0.0,36.0,7.0,21.0
r205_21,4,100,depot,1,sweep,1.9499999325489625e-05,3054496.291102678,2658.4321244414664,4813.785897823665,37.0,0.0,3.0
r205_21,4,100,depot,1,nearest,0.0006953999982215464,7052075.284785018,2815.904246086282,4605.938053893183,32.0,3.0,7.0
r205_21,4,100,depot,1,grasp,0.8056094999992638,2039935.502268971,2939.4753829815254,3389.6026885989404,31.0,6.0,2.0
r205_21,4,100,depot,1,mp_eavns,7.4156048000004375,5256.424489665023,2156.4244896650234,0.0,31.0,0.0,0.0
r205_21,4,100,phased,21,edd,3.97000003431458e-05,1007601.1904529807,4001.190452980725,0.0,36.0,22.0,1.0
r205_21,4,100,phased,21,sweep,2.7399997634347528e-05,54530.24896060242,2692.3899823657644,4813.785897823665,37.0,3.0,0.0
r205_21,4,100,phased,21,nearest,0.0007342999997490551,1052076.7599065984,2817.379367666632,4605.938053893183,32.0,9.0,1.0
r205_21,4,100,phased,21,grasp,1.7859709999975166,22618.661128707332,2799.3654669001917,1671.9295661807141,31.0,11.0,0.0
r205_21,4,100,phased,21,mp_eavns,5.924545499998203,5186.346494427175,2086.346494427174,0.0,31.0,0.0,0.0
r205_21,4,100,all,21,edd,3.7599998904624954e-05,1007601.1904529807,4001.190452980725,0.0,36.0,22.0,1.0
r205_21,4,100,all,21,sweep,2.3799999326001853e-05,54530.24896060242,2692.3899823657644,4813.785897823665,37.0,3.0,0.0
r205_21,4,100,all,21,nearest,0.0008754000009503216,1052076.7599065984,2817.379367666632,4605.938053893183,32.0,9.0,1.0
r205_21,4,100,all,21,grasp,1.6542289999997593,33336.85480538096,2735.1534138448424,2740.170139153611,32.0,9.0,0.0
r205_21,4,100,all,21,mp_eavns,6.471896499999275,5188.07432638432,2088.07432638432,0.0,31.0,2.0,0.0
r206_21,1,25,depot,1,edd,1.460000203223899e-05,1756.366127280849,656.3661272808491,0.0,11.0,0.0,0.0
r206_21,1,25,depot,1,sweep,7.800001185387373e-06,7305.784475213029,647.921506409716,555.7862968803313,11.0,0.0,0.0
r206_21,1,25,depot,1,nearest,7.499999992433004e-05,13803.500862787889,523.1732702595285,1238.032759252836,9.0,0.0,0.0
r206_21,1,25,depot,1,grasp,0.014338400000269758,1487.684012812846,571.5262817542068,1.6157731058639229,9.0,0.0,0.0
r206_21,1,25,depot,1,mp_eavns,0.18684550000034506,1381.6638512862135,481.6638512862134,0.0,9.0,0.0,0.0
r206_21,1,25,phased,6,edd,1.2600001355167478e-05,1756.366127280849,656.3661272808491,0.0,11.0,0.0,0.0
r206_21,1,25,phased,6,sweep,9.300001693191007e-06,7305.784475213029,647.921506409716,555.7862968803313,11.0,0.0,0.0
r206_21,1,25,phased,6,nearest,7.689999983995222e-05,13803.500862787889,523.1732702595285,1238.032759252836,9.0,0.0,0.0
r206_21,1,25,phased,6,grasp,0.011946700000407873,1447.126319814293,547.1263198142931,0.0,9.0,0.0,0.0
r206_21,1,25,phased,6,mp_eavns,0.1302624999989348,1251.6157653307475,451.6157653307475,0.0,8.0,0.0,0.0
r206_21,1,25,all,21,edd,1.1299998732283711e-05,1756.366127280849,656.3661272808491,0.0,11.0,0.0,0.0
r206_21,1,25,all,21,sweep,9.100000170292333e-06,7305.784475213029,647.921506409716,555.7862968803313,11.0,0.0,0.0
r206_21,1,25,all,21,nearest,7.310000000870787e-05,13803.500862787889,523.1732702595285,1238.032759252836,9.0,0.0,0.0
r206_21,1,25,all,21,grasp,0.014230900000256952,1469.6242057637348,569.6242057637348,0.0,9.0,0.0,0.0
r206_21,1,25,all,21,mp_eavns,0.11153030000059516,1251.6157653307475,451.6157653307475,0.0,8.0,0.0,0.0
r206_21,2,50,depot,1,edd,2.0200001017656177e-05,9003470.139362706,1570.139362704972,0.0,19.0,0.0,9.0
r206_21,2,50,depot,1,sweep,1.2500000593718141e-05,1010725.468482755,1280.0830555088833,754.5385427246114,19.0,0.0,1.0
r206_21,2,50,depot,1,nearest,0.00021639999977196567,1017055.9751188415,1223.536500803881,1413.243861803764,17.0,1.0,1.0
r206_21,2,50,depot,1,grasp,0.10058779999963008,4254.465147570365,1322.6617486953746,133.18033988749897,16.0,2.0,0.0
r206_21,2,50,depot,1,mp_eavns,0.9341778000016348,2589.242764641711,989.2427646417109,0.0,16.0,0.0,0.0
r206_21,2,50,phased,11,edd,2.2999996872385964e-05,3003482.6523965085,1582.6523965084994,0.0,19.0,5.0,3.0
r206_21,2,50,phased,11,sweep,1.6000001778593287e-05,10742.512768036562,1297.1273407904482,754.5385427246114,19.0,1.0,0.0
r206_21,2,50,phased,11,nearest,0.0002759000017249491,17060.867412662363,1228.4287946247214,1413.243861803764,17.0,2.0,0.0
r206_21,2,50,phased,11,grasp,0.13496870000017225,3054.132455571592,1354.1324555715917,0.0,17.0,2.0,0.0
r206_21,2,50,phased,11,mp_eavns,0.876340099999652,2567.3252981275177,967.3252981275177,0.0,16.0,0.0,0.0
r206_21,2,50,all,21,edd,2.13999992411118e-05,3003482.6523965085,1582.6523965084994,0.0,19.0,5.0,3.0
r206_21,2,50,all,21,sweep,1.6099998902063817e-05,10737.686055783824,1292.30062853771,754.5385427246114,19.0,1.0,0.0
r206_21,2,50,all,21,nearest,0.00021220000053290278,17060.867412662363,1228.4287946247214,1413.243861803764,17.0,2.0,0.0
r206_21,2,50,all,21,grasp,0.18077599999742233,3731.7346075054957,1229.0912322807583,90.26433752247374,16.0,3.0,0.0
r206_21,2,50,all,21,mp_eavns,0.841842000001634,2573.062243857689,973.0622438576888,0.0,16.0,0.0,0.0
r206_21,3,75,depot,1,edd,2.710000262595713e-05,14005625.557526857,2925.557526856594,0.0,27.0,7.0,14.0
r206_21,3,75,depot,1,sweep,1.6199999663513154e-05,3022334.1864844835,1996.1896668765703,1743.7996817606963,29.0,0.0,3.0
r206_21,3,75,depot,1,nearest,0.00041540000165696256,2031899.483126204,1944.4357101836058,2755.50474160203,24.0,3.0,2.0
r206_21,3,75,depot,1,grasp,0.3043740999964939,7563.377206403979,2211.678410897667,305.1698795506311,23.0,7.0,0.0
r206_21,3,75,depot,1,mp_eavns,2.61726070000077,3919.606889973673,1519.6068899736727,0.0,24.0,0.0,0.0
r206_21,3,75,phased,16,edd,3.640000068116933e-05,1005631.1571029638,2931.157102963733,0.0,27.0,18.0,1.0
r206_21,3,75,phased,16,sweep,2.1299998479662463e-05,22368.14434240783,2030.147524800868,1743.7996817606963,29.0,3.0,0.0
r206_21,3,75,phased,16,nearest,0.0004406000007293187,31872.11656691957,1917.0691508992675,2755.50474160203,24.0,5.0,0.0
r206_21,3,75,phased,16,grasp,0.5929851000000781,8032.568691472967,2236.0857653435933,349.6482926129373,23.0,9.0,0.0
r206_21,3,75,phased,16,mp_eavns,2.4782221999994363,3799.1415913289,1499.1415913289,0.0,23.0,1.0,0.0
r206_21,3,75,all,21,edd,3.619999915827066e-05,1005631.1571029638,2931.157102963733,0.0,27.0,18.0,1.0
r206_21,3,75,all,21,sweep,2.049999966402538e-05,22368.14434240783,2030.147524800868,1743.7996817606963,29.0,3.0,0.0
r206_21,3,75,all,21,nearest,0.00042439999742782675,31872.11656691957,1917.0691508992675,2755.50474160203,24.0,5.0,0.0
r206_21,3,75,all,21,grasp,0.6010329000018828,7647.189735465338,2202.49439113729,304.46953443280483,24.0,9.0,0.0
r206_21,3,75,all,21,mp_eavns,2.804191399998672,3826.70155595576,1526.7015559557599,0.0,23.0,1.0,0.0
r206_21,4,100,depot,1,edd,3.7999998312443495e-05,23007676.514745954,4076.514745953785,0.0,36.0,9.0,23.0
r206_21,4,100,depot,1,sweep,2.0799998310394585e-05,3035528.0725162276,2658.4321244414664,2916.9640391786056,37.0,0.0,3.0
r206_21,4,100,depot,1,nearest,0.0007020999983069487,7041512.58476208,2808.878862030244,3550.3705900049035,32.0,3.0,7.0
r206_21,4,100,depot,1,grasp,0.7613763000008476,1031898.8473062615,2982.070079322839,2581.677722693865,31.0,7.0,1.0
r206_21,4,100,depot,1,mp_eavns,6.472075600002427,5216.6798646441075,2116.6798646441075,0.0,31.0,0.0,0.0
r206_21,4,100,phased,21,edd,4.659999831346795e-05,7807.857737407119,4099.531027734879,10.832670967223976,36.0,25.0,0.0
r206_21,4,100,phased,21,sweep,2.5800000003073364e-05,35562.030374151815,2692.3899823657644,2916.9640391786056,37.0,3.0,0.0
r206_21,4,100,phased,21,nearest,0.0007600999997521285,1041513.9092781934,2810.2033781443106,3550.3705900049035,32.0,9.0,1.0
r206_21,4,100,phased,21,grasp,1.50647680000111,14264.95282167999,2936.7040616712434,812.8248760008747,32.0,12.0,0.0
r206_21,4,100,phased,21,mp_eavns,5.4914335000030405,5157.984714095527,2057.984714095527,0.0,31.0,1.0,0.0
r206_21,4,100,all,21,edd,4.4299998990027234e-05,7807.857737407119,4099.531027734879,10.832670967223976,36.0,25.0,0.0
r206_21,4,100,all,21,sweep,2.479999966453761e-05,35562.030374151815,2692.3899823657644,2916.9640391786056,37.0,3.0,0.0
r206_21,4,100,all,21,nearest,0.0007087000012688804,1041513.9092781934,2810.2033781443106,3550.3705900049035,32.0,9.0,1.0
r206_21,4,100,all,21,grasp,1.6518331999977818,14442.31828038368,2781.039798183987,856.1278482199693,31.0,8.0,0.0
r206_21,4,100,all,21,mp_eavns,7.685142900001665,5181.309474583333,2081.309474583333,0.0,31.0,2.0,0.0
r207_21,1,25,depot,1,edd,1.2699998478638008e-05,1705.0991362048383,605.0991362048383,0.0,11.0,0.0,0.0
r207_21,1,25,depot,1,sweep,7.300001016119495e-06,7305.784475213029,647.921506409716,555.7862968803313,11.0,0.0,0.0
r207_21,1,25,depot,1,nearest,7.200000254670158e-05,10565.820898025257,536.5698660467076,912.9251031978549,9.0,0.0,0.0
r207_21,1,25,depot,1,grasp,0.015626100001099985,1444.0516973321296,544.0516973321295,0.0,9.0,0.0,0.0
r207_21,1,25,depot,1,mp_eavns,0.13315380000130972,1251.1976912066302,451.19769120663034,0.0,8.0,0.0,0.0
r207_21,1,25,phased,6,edd,1.3699998817173764e-05,1705.0991362048383,605.0991362048383,0.0,11.0,0.0,0.0
r207_21,1,25,phased,6,sweep,9.800001862458885e-06,7305.784475213029,647.921506409716,555.7862968803313,11.0,0.0,0.0
r207_21,1,25,phased,6,nearest,7.349999941652641e-05,10565.820898025257,536.5698660467076,912.9251031978549,9.0,0.0,0.0
r207_21,1,25,phased,6,grasp,0.012804899997718167,1447.5797715284948,547.5797715284948,0.0,9.0,0.0,0.0
r207_21,1,25,phased,6,mp_eavns,0.12450239999816404,1264.44142576256,464.44142576255996,0.0,8.0,0.0,0.0
r207_21,1,25,all,21,edd,1.21000011858996e-05,1705.0991362048383,605.0991362048383,0.0,11.0,0.0,0.0
r207_21,1,25,all,21,sweep,9.499999578110874e-06,7305.784475213029,647.921506409716,555.7862968803313,11.0,0.0,0.0
r207_21,1,25,all,21,nearest,7.259999983943999e-05,10565.820898025257,536.5698660467076,912.9251031978549,9.0,0.0,0.0
r207_21,1,25,all,21,grasp,0.015502899997954955,1455.815828150478,555.8158281504778,0.0,9.0,0.0,0.0
r207_21,1,25,all,21,mp_eavns,0.11851359999855049,1255.4162624935677,455.41626249356773,0.0,8.0,0.0,0.0
r207_21,2,50,depot,1,edd,1.9999999494757503e-05,8003636.813729466,1636.8137294660469,0.0,20.0,1.0,8.0
r207_21,2,50,depot,1,sweep,1.219999830937013e-05,1009560.747123205,1280.0830555088833,638.0664067696118,19.0,0.0,1.0
r207_21,2,50,depot,1,nearest,0.0002167999991797842,2012001.2880306232,1172.0369986446485,912.9251031978549,17.0,0.0,2.0
r207_21,2,50,depot,1,grasp,0.08959089999916614,5550.772171352241,1304.8896638496867,264.5882507502554,16.0,1.0,0.0
r207_21,2,50,depot,1,mp_eavns,0.7703643999993801,2563.8174717193133,963.8174717193131,0.0,16.0,0.0,0.0
r207_21,2,50,phased,11,edd,2.769999991869554e-05,2003622.5473553312,1622.5473553313377,0.0,20.0,5.0,2.0
r207_21,2,50,phased,11,sweep,1.5300000086426735e-05,9577.791408486566,1297.1273407904482,638.0664067696118,19.0,1.0,0.0
r207_21,2,50,phased,11,nearest,0.00023230000078910962,12003.90589743596,1174.654865457411,912.9251031978549,17.0,2.0,0.0
r207_21,2,50,phased,11,grasp,0.13094569999884698,3249.241573329061,1230.5808858558753,41.866068747318536,16.0,2.0,0.0
r207_21,2,50,phased,11,mp_eavns,0.7644848000018101,2578.341269241767,978.341269241767,0.0,16.0,0.0,0.0
r207_21,2,50,all,21,edd,2.1200001356191933e-05,2003622.5473553312,1622.5473553313377,0.0,20.0,5.0,2.0
r207_21,2,50,all,21,sweep,1.559999873279594e-05,9572.964696233828,1292.30062853771,638.0664067696118,19.0,1.0,0.0
r207_21,2,50,all,21,nearest,0.00022840000019641593,12003.90589743596,1174.654865457411,912.9251031978549,17.0,2.0,0.0
r207_21,2,50,all,21,grasp,0.14456739999877755,2835.921598864602,1235.9215988646022,0.0,16.0,3.0,0.0
r207_21,2,50,all,21,mp_eavns,0.9600986000004923,2574.305916322349,974.3059163223487,0.0,16.0,0.0,0.0
r207_21,3,75,depot,1,edd,2.7800000680144876e-05,13005546.92771134,2946.927711338834,0.0,26.0,7.0,13.0
r207_21,3,75,depot,1,sweep,1.6199999663513154e-05,3011276.853734573,1996.1896668765703,638.0664067696118,29.0,0.0,3.0
r207_21,3,75,depot,1,nearest,0.000428999999712687,2023481.154488735,1914.003745654864,1916.7150743079997,24.0,2.0,2.0
r207_21,3,75,depot,1,grasp,0.26657459999842104,5646.443482546254,2069.126441079895,117.73170414663593,24.0,4.0,0.0
r207_21,3,75,depot,1,mp_eavns,3.2360866000017268,3902.3306945677487,1502.3306945677487,0.0,24.0,0.0,0.0
r207_21,3,75,phased,16,edd,3.7000001611886546e-05,6005512.864015841,2912.8640158412777,0.0,26.0,14.0,6.0
r207_21,3,75,phased,16,sweep,2.1999996533850208e-05,11310.811592496986,2030.147524800868,638.0664067696118,29.0,3.0,0.0
r207_21,3,75,phased,16,nearest,0.0004564000009850133,23455.966703441547,1888.8159603615507,1916.7150743079997,24.0,4.0,0.0
r207_21,3,75,phased,16,grasp,0.4530475999999908,5177.244458361458,2239.0343314068678,63.82101269545899,23.0,9.0,0.0
r207_21,3,75,phased,16,mp_eavns,3.251288100000238,3785.419757862549,1485.4197578625487,0.0,23.0,1.0,0.0
r207_21,3,75,all,21,edd,3.0899998819222674e-05,6005512.864015841,2912.8640158412777,0.0,26.0,14.0,6.0
r207_21,3,75,all,21,sweep,1.9499999325489625e-05,11310.811592496986,2030.147524800868,638.0664067696118,29.0,3.0,0.0
r207_21,3,75,all,21,nearest,0.0004076999975950457,23455.966703441547,1888.8159603615507,1916.7150743079997,24.0,4.0,0.0
r207_21,3,75,all,21,grasp,0.5852043999984744,7086.253007134654,2153.7701312257077,253.24828759089462,24.0,9.0,0.0
r207_21,3,75,all,21,mp_eavns,2.5364197000017157,3791.5214663821052,1491.521466382105,0.0,23.0,0.0,0.0
r207_21,4,100,depot,1,edd,5.650000093737617e-05,30007688.753310353,3988.753310351321,0.0,37.0,4.0,30.0
r207_21,4,100,depot,1,sweep,4.1300001612398773e-05,3020671.2445094706,2658.4321244414664,1431.2812385029251,37.0,0.0,3.0
r207_21,4,100,depot,1,nearest,0.0014317999994091224,7018091.9445625115,2848.677963843519,1204.3266598668235,32.0,3.0,7.0
r207_21,4,100,depot,1,grasp,0.6216413000001921,3011405.6644797605,2802.342888142415,540.3321591618035,32.0,4.0,3.0
r207_21,4,100,depot,1,mp_eavns,6.816638899999816,5190.3543313914815,2090.354331391481,0.0,31.0,0.0,0.0
r207_21,4,100,phased,21,edd,4.020000051241368e-05,1007687.6490776016,3987.649077601671,0.0,37.0,20.0,1.0
r207_21,4,100,phased,21,sweep,2.5499997718725353e-05,20705.202367395013,2692.3899823657644,1431.2812385029251,37.0,3.0,0.0
r207_21,4,100,phased,21,nearest,0.0007855000003473833,18092.460410428608,2849.1938117603736,1204.3266598668235,32.0,10.0,0.0
r207_21,4,100,phased,21,grasp,1.3974503999997978,12147.730730132664,2850.968772464976,619.6761957667688,31.0,10.0,0.0
r207_21,4,100,phased,21,mp_eavns,8.126967099997273,5162.247036216594,2062.247036216594,0.0,31.0,2.0,0.0
r207_21,4,100,all,21,edd,4.3399999412940815e-05,1007687.6490776016,3987.649077601671,0.0,37.0,20.0,1.0
r207_21,4,100,all,21,sweep,2.4400000256719068e-05,20705.202367395013,2692.3899823657644,1431.2812385029251,37.0,3.0,0.0
r207_21,4,100,all,21,nearest,0.0006751000000804197,18092.460410428608,2849.1938117603736,1204.3266598668235,32.0,10.0,0.0
r207_21,4,100,all,21,grasp,1.2970355999968888,9725.763273660497,2924.558878089276,370.12043955712204,31.0,11.0,0.0
r207_21,4,100,all,21,mp_eavns,7.044832100000349,5150.900144572872,2050.900144572872,0.0,31.0,0.0,0.0
r208_21,1,25,depot,1,edd,1.3699998817173764e-05,1711.20332811981,611.2033281198101,0.0,11.0,0.0,0.0
r208_21,1,25,depot,1,sweep,7.399998139590025e-06,1747.9215064097161,647.921506409716,0.0,11.0,0.0,0.0
r208_21,1,25,depot,1,nearest,7.280000136233866e-05,1436.5698660467076,536.5698660467076,0.0,9.0,0.0,0.0
r208_21,1,25,depot,1,grasp,0.008967199999460718,1422.287277219292,522.287277219292,0.0,9.0,0.0,0.0
r208_21,1,25,depot,1,mp_eavns,0.20030860000042594,1375.2574344235272,475.25743442352734,0.0,9.0,0.0,0.0
r208_21,1,25,phased,6,edd,1.2599997717188671e-05,1711.20332811981,611.2033281198101,0.0,11.0,0.0,0.0
r208_21,1,25,phased,6,sweep,9.499999578110874e-06,1747.9215064097161,647.921506409716,0.0,11.0,0.0,0.0
r208_21,1,25,phased,6,nearest,7.569999797851779e-05,1436.5698660467076,536.5698660467076,0.0,9.0,0.0,0.0
r208_21,1,25,phased,6,grasp,0.009365599999000551,1430.3570746816222,530.3570746816222,0.0,9.0,0.0,0.0
r208_21,1,25,phased,6,mp_eavns,0.18780960000003688,1375.2574344235272,475.25743442352734,0.0,9.0,0.0,0.0
r208_21,1,25,all,21,edd,1.5099998563528061e-05,1711.20332811981,611.2033281198101,0.0,11.0,0.0,0.0
r208_21,1,25,all,21,sweep,1.059999704011716e-05,1747.9215064097161,647.921506409716,0.0,11.0,0.0,0.0
r208_21,1,25,all,21,nearest,7.510000068577938e-05,1436.5698660467076,536.5698660467076,0.0,9.0,0.0,0.0
r208_21,1,25,all,21,grasp,0.008849199999531265,1434.763736931801,534.7637369318011,0.0,9.0,0.0,0.0
r208_21,1,25,all,21,mp_eavns,0.1883200999982364,1371.8198007374697,471.8198007374697,0.0,9.0,0.0,0.0
r208_21,2,50,depot,1,edd,2.010000025620684e-05,7003349.087185087,1549.087185086473,0.0,18.0,2.0,7.0
r208_21,2,50,depot,1,sweep,1.1800002539530396e-05,1003180.0830555089,1280.0830555088833,0.0,19.0,0.0,1.0
r208_21,2,50,depot,1,nearest,0.00021600000036414713,2002872.0369986447,1172.0369986446485,0.0,17.0,0.0,2.0
r208_21,2,50,depot,1,grasp,0.06835510000018985,2794.6848112221314,1194.6848112221317,0.0,16.0,0.0,0.0
r208_21,2,50,depot,1,mp_eavns,1.0967877000002773,2567.71170315127,967.71170315127,0.0,16.0,0.0,0.0
r208_21,2,50,phased,11,edd,2.600000152597204e-05,5003317.304506898,1517.304506897517,0.0,18.0,4.0,5.0
r208_21,2,50,phased,11,sweep,1.5300000086426735e-05,3197.127340790448,1297.1273407904482,0.0,19.0,1.0,0.0
r208_21,2,50,phased,11,nearest,0.00021600000036414713,2874.654865457411,1174.654865457411,0.0,17.0,2.0,0.0
r208_21,2,50,phased,11,grasp,0.10603269999774056,2768.990061582598,1168.9900615825984,0.0,16.0,1.0,0.0
r208_21,2,50,phased,11,mp_eavns,1.1935493999990285,2578.2158640870766,978.2158640870769,0.0,16.0,1.0,0.0
r208_21,2,50,all,21,edd,2.0399998902576044e-05,5003317.304506898,1517.304506897517,0.0,18.0,4.0,5.0
r208_21,2,50,all,21,sweep,1.3999997463542968e-05,3192.30062853771,1292.30062853771,0.0,19.0,1.0,0.0
r208_21,2,50,all,21,nearest,0.0002046999979938846,2874.654865457411,1174.654865457411,0.0,17.0,2.0,0.0
r208_21,2,50,all,21,grasp,0.09640749999744003,2833.709183482718,1233.709183482718,0.0,16.0,2.0,0.0
r208_21,2,50,all,21,mp_eavns,1.3788519999980053,2549.623081166585,949.623081166585,0.0,16.0,1.0,0.0
r208_21,3,75,depot,1,edd,2.9400001949397847e-05,15005442.671908353,2742.6719083522835,0.0,27.0,5.0,15.0
r208_21,3,75,depot,1,sweep,1.6500001947861165e-05,3004896.1896668766,1996.1896668765703,0.0,29.0,0.0,3.0
r208_21,3,75,depot,1,nearest,0.00042670000038924627,2010684.165142658,1914.003745654864,637.0161397003171,24.0,2.0,2.0
r208_21,3,75,depot,1,grasp,0.20381199999974342,6338.426291890563,2154.1300600508716,178.42962318396917,24.0,6.0,0.0
r208_21,3,75,depot,1,mp_eavns,2.3368646999988414,3913.989345877607,1513.9893458776069,0.0,24.0,0.0,0.0
r208_21,3,75,phased,16,edd,3.610000203480013e-05,7005403.165961895,2703.165961895288,0.0,27.0,12.0,7.0
r208_21,3,75,phased,16,sweep,2.1299998479662463e-05,4930.147524800868,2030.147524800868,0.0,29.0,3.0,0.0
r208_21,3,75,phased,16,nearest,0.00043709999954444356,10658.977357364722,1888.8159603615507,637.0161397003171,24.0,4.0,0.0
r208_21,3,75,phased,16,grasp,0.30331830000068294,4355.64685281399,2055.646852813991,0.0,23.0,7.0,0.0
r208_21,3,75,phased,16,mp_eavns,4.292931600000884,3927.6270714787725,1527.6270714787725,0.0,24.0,2.0,0.0
r208_21,3,75,all,21,edd,3.819999983534217e-05,7005403.165961895,2703.165961895288,0.0,27.0,12.0,7.0
r208_21,3,75,all,21,sweep,2.1100000594742596e-05,4930.147524800868,2030.147524800868,0.0,29.0,3.0,0.0
r208_21,3,75,all,21,nearest,0.0004262000002199784,10658.977357364722,1888.8159603615507,637.0161397003171,24.0,4.0,0.0
r208_21,3,75,all,21,grasp,0.36014330000034533,4313.282665522849,2013.2826655228496,0.0,23.0,7.0,0.0
r208_21,3,75,all,21,mp_eavns,4.5563218999996025,3883.9374532629126,1483.9374532629124,0.0,24.0,2.0,0.0
r208_21,4,100,depot,1,edd,3.7900001188972965e-05,26007390.967407998,3890.9674079987403,0.0,35.0,5.0,26.0
r208_21,4,100,depot,1,sweep,2.1199997718213126e-05,3006358.4321244415,2658.4321244414664,0.0,37.0,0.0,3.0
r208_21,4,100,depot,1,nearest,0.0007343999968725257,7012622.08491405,2848.677963843519,657.3406950206538,32.0,3.0,7.0
r208_21,4,100,depot,1,grasp,0.49543179999818676,3006241.9416383244,3141.9416383244247,0.0,31.0,9.0,3.0
r208_21,4,100,depot,1,mp_eavns,7.327336899998045,5190.344261776491,2090.3442617764913,0.0,31.0,0.0,0.0
r208_21,4,100,phased,21,edd,4.270000135875307e-05,8007373.320068318,3873.320068318583,0.0,35.0,15.0,8.0
r208_21,4,100,phased,21,sweep,2.4900000425986946e-05,6392.389982365765,2692.3899823657644,0.0,37.0,3.0,0.0
r208_21,4,100,phased,21,nearest,0.0007200000000011642,12622.60076196691,2849.1938117603736,657.3406950206538,32.0,10.0,0.0
r208_21,4,100,phased,21,grasp,0.9106572000018787,5864.121974248303,2764.1219742483026,0.0,31.0,10.0,0.0
r208_21,4,100,phased,21,mp_eavns,3.97155869999915,5203.338003985844,2103.338003985844,0.0,31.0,3.0,0.0
r208_21,4,100,all,21,edd,3.899999865097925e-05,8007373.320068318,3873.320068318583,0.0,35.0,15.0,8.0
r208_21,4,100,all,21,sweep,2.4500001018168405e-05,6392.389982365765,2692.3899823657644,0.0,37.0,3.0,0.0
r208_21,4,100,all,21,nearest,0.0006969000023673289,12622.60076196691,2849.1938117603736,657.3406950206538,32.0,10.0,0.0
r208_21,4,100,all,21,grasp,0.9733754999979283,5829.7997256546605,2729.79972565466,0.0,31.0,9.0,0.0
r208_21,4,100,all,21,mp_eavns,8.025908600000548,5113.737700215739,2013.7377002157393,0.0,31.0,2.0,0.0
r209_21,1,25,depot,1,edd,1.3900000340072438e-05,1001636.2596995,636.2596994999956,0.0,10.0,0.0,1.0
r209_21,1,25,depot,1,sweep,7.499998901039362e-06,10468.442941641439,647.921506409716,872.0521435231724,11.0,0.0,0.0
r209_21,1,25,depot,1,nearest,7.18000010238029e-05,15333.500862787889,523.1732702595285,1391.032759252836,9.0,0.0,0.0
r209_21,1,25,depot,1,grasp,0.013932599998952355,1466.9408700803538,566.9408700803538,0.0,9.0,0.0,0.0
r209_21,1,25,depot,1,mp_eavns,0.10770939999929396,1259.0774334767711,459.07743347677115,0.0,8.0,0.0,0.0
r209_21,1,25,phased,6,edd,1.1899999663000926e-05,1645.106486696706,645.106486696706,0.0,10.0,1.0,0.0
r209_21,1,25,phased,6,sweep,9.100000170292333e-06,10468.442941641439,647.921506409716,872.0521435231724,11.0,0.0,0.0
r209_21,1,25,phased,6,nearest,7.360000017797574e-05,15333.500862787889,523.1732702595285,1391.032759252836,9.0,0.0,0.0
r209_21,1,25,phased,6,grasp,0.01476130000082776,1469.5971243471881,569.5971243471881,0.0,9.0,0.0,0.0
r209_21,1,25,phased,6,mp_eavns,0.16177889999744366,1374.087642982448,474.087642982448,0.0,9.0,0.0,0.0
r209_21,1,25,all,21,edd,9.999999747378752e-06,1645.106486696706,645.106486696706,0.0,10.0,1.0,0.0
r209_21,1,25,all,21,sweep,8.200000593205914e-06,10468.442941641439,647.921506409716,872.0521435231724,11.0,0.0,0.0
r209_21,1,25,all,21,nearest,7.099999857018702e-05,15333.500862787889,523.1732702595285,1391.032759252836,9.0,0.0,0.0
r209_21,1,25,all,21,grasp,0.0148388999987219,1458.5798951993584,558.5798951993584,0.0,9.0,0.0,0.0
r209_21,1,25,all,21,mp_eavns,0.15606129999650875,1373.8349870225406,473.83498702254053,0.0,9.0,0.0,0.0
r209_21,2,50,depot,1,edd,1.7800000932766125e-05,4003372.2286655367,1572.228665536911,0.0,18.0,1.0,4.0
r209_21,2,50,depot,1,sweep,1.1500000255182385e-05,1016962.4184415155,1280.0830555088833,1378.2335386006612,19.0,0.0,1.0
r209_21,2,50,depot,1,nearest,0.0001961999987543095,1021219.5507163483,1223.536500803881,1829.60142155445,17.0,1.0,1.0
r209_21,2,50,depot,1,grasp,0.10262780000266503,14045.77208448042,1365.027945859218,1108.0744138621203,16.0,2.0,0.0
r209_21,2,50,depot,1,mp_eavns,0.9273664000029385,2582.946334545762,982.946334545762,0.0,16.0,0.0,0.0
r209_21,2,50,phased,11,edd,2.3199998395284638e-05,1003359.5992083572,1559.5992083571966,0.0,18.0,3.0,1.0
r209_21,2,50,phased,11,sweep,1.4799999917158857e-05,16979.46272679706,1297.1273407904482,1378.2335386006612,19.0,1.0,0.0
r209_21,2,50,phased,11,nearest,0.00021349999951780774,21224.44301016922,1228.4287946247214,1829.60142155445,17.0,2.0,0.0
r209_21,2,50,phased,11,grasp,0.17134129999976722,5979.313428153923,1300.064839702211,307.92485884517123,16.0,4.0,0.0
r209_21,2,50,phased,11,mp_eavns,0.9823932999970566,2589.8186942431707,989.8186942431709,0.0,16.0,1.0,0.0
r209_21,2,50,all,21,edd,2.2399999579647556e-05,1003359.5992083572,1559.5992083571966,0.0,18.0,3.0,1.0
r209_21,2,50,all,21,sweep,1.5499997971346602e-05,16974.636014544325,1292.30062853771,1378.2335386006612,19.0,1.0,0.0
r209_21,2,50,all,21,nearest,0.00021489999926416203,21224.44301016922,1228.4287946247214,1829.60142155445,17.0,2.0,0.0
r209_21,2,50,all,21,grasp,0.20224729999972624,5242.680185226654,1297.4677198978084,234.52124653288462,16.0,3.0,0.0
r209_21,2,50,all,21,mp_eavns,1.145601500000339,2591.666652286822,991.6666522868223,0.0,16.0,1.0,0.0
r209_21,3,75,depot,1,edd,2.5700002879602835e-05,19005573.481706556,2873.4817065544607,0.0,27.0,3.0,19.0
r209_21,3,75,depot,1,sweep,1.5400000847876072e-05,3024881.136443244,1996.1896668765703,1998.4946776367465,29.0,0.0,3.0
r209_21,3,75,depot,1,nearest,0.0004055999997945037,2032748.0495975015,1944.4357101836058,2840.361388731784,24.0,3.0,2.0
r209_21,3,75,depot,1,grasp,0.31257259999983944,1014600.4543872816,2202.980265666408,999.7474121615178,24.0,5.0,1.0
r209_21,3,75,depot,1,mp_eavns,2.6448421999994025,3856.21108236998,1556.21108236998,0.0,23.0,1.0,0.0
r209_21,3,75,phased,16,edd,3.099999958067201e-05,6005589.592388237,2889.5923882368115,0.0,27.0,10.0,6.0
r209_21,3,75,phased,16,sweep,1.920000067912042e-05,24915.094301168334,2030.147524800868,1998.4946776367465,29.0,3.0,0.0
r209_21,3,75,phased,16,nearest,0.00041059999784920365,32600.36912657984,1917.0691508992675,2828.3299975680575,24.0,5.0,0.0
r209_21,3,75,phased,16,grasp,0.5844409000019368,9317.826176668028,2147.734250718704,487.00919259493236,23.0,8.0,0.0
r209_21,3,75,phased,16,mp_eavns,3.615417200002412,3913.268810398054,1513.268810398054,0.0,24.0,2.0,0.0
r209_21,3,75,all,21,edd,3.170000127283856e-05,6005589.592388237,2889.5923882368115,0.0,27.0,10.0,6.0
r209_21,3,75,all,21,sweep,1.9900002371286973e-05,24915.094301168334,2030.147524800868,1998.4946776367465,29.0,3.0,0.0
r209_21,3,75,all,21,nearest,0.0004348999973444734,32600.36912657984,1917.0691508992675,2828.3299975680575,24.0,5.0,0.0
r209_21,3,75,all,21,grasp,0.7005635999994411,9168.095818741713,2137.590595525328,473.0505223216385,23.0,9.0,0.0
r209_21,3,75,all,21,mp_eavns,3.042924800000037,3937.06167286271,1537.0616728627103,0.0,24.0,2.0,0.0
r209_21,4,100,depot,1,edd,4.059999992023222e-05,33007592.827664606,4092.62774454288,0.019992006393636075,35.0,3.0,33.0
r209_21,4,100,depot,1,sweep,2.1899999410379678e-05,3032870.105851039,2658.4321244414664,2651.1673726597583,37.0,0.0,3.0
r209_21,4,100,depot,1,nearest,0.0007058000010147225,7029288.452562107,2848.677963843519,2323.9774598263357,32.0,3.0,7.0
r209_21,4,100,depot,1,grasp,0.6430596000027435,4024488.9715425787,2814.2688217425452,1847.4702720836049,32.0,3.0,4.0
r209_21,4,100,depot,1,mp_eavns,5.507066099999065,5218.543679611592,2118.5436796115923,0.0,31.0,0.0,0.0
r209_21,4,100,phased,21,edd,4.860000262851827e-05,5007587.665787149,4087.465867085645,0.019992006393636075,35.0,21.0,5.0
r209_21,4,100,phased,21,sweep,2.6600002456689253e-05,32904.063708963346,2692.3899823657644,2651.1673726597583,37.0,3.0,0.0
r209_21,4,100,phased,21,nearest,0.0007174999991548248,29288.968410023732,2849.1938117603736,2323.9774598263357,32.0,10.0,0.0
r209_21,4,100,phased,21,grasp,1.432737699997233,9647.644305274182,2864.694575542018,368.2949729732164,31.0,15.0,0.0
r209_21,4,100,phased,21,mp_eavns,7.175286000001506,5184.63801869473,2084.6380186947304,0.0,31.0,2.0,0.0
r209_21,4,100,all,21,edd,3.749999814317562e-05,5007587.665787149,4087.465867085645,0.019992006393636075,35.0,21.0,5.0
r209_21,4,100,all,21,sweep,3.740000101970509e-05,32904.063708963346,2692.3899823657644,2651.1673726597583,37.0,3.0,0.0
r209_21,4,100,all,21,nearest,0.0006966000000829808,29288.968410023732,2849.1938117603736,2323.9774598263357,32.0,10.0,0.0
r209_21,4,100,all,21,grasp,1.5458967999984452,10236.868741382883,2967.525944665192,416.9342796717691,31.0,12.0,0.0
r209_21,4,100,all,21,mp_eavns,4.8035669999990205,5111.388980375055,2111.388980375055,0.0,30.0,2.0,0.0
r209C15,1,4,depot,1,edd,7.200000254670158e-06,465.54145337973364,165.54145337973364,0.0,3.0,0.0,0.0
r209C15,1,4,depot,1,sweep,3.1000017770566046e-06,455.3299508307553,155.3299508307553,0.0,3.0,0.0,0.0
r209C15,1,4,depot,1,nearest,1.2399999832268804e-05,350.94547895884364,150.9454789588436,0.0,2.0,0.0,0.0
r209C15,1,4,depot,1,grasp,0.00022850000095786527,350.9454789588436,150.94547895884358,0.0,2.0,0.0,0.0
r209C15,1,4,depot,1,mp_eavns,0.004113800001505297,350.9454789588436,150.94547895884358,0.0,2.0,0.0,0.0
r209C15,1,4,phased,2,edd,5.200003215577453e-06,465.54145337973364,165.54145337973364,0.0,3.0,0.0,0.0
r209C15,1,4,phased,2,sweep,4.300000000512227e-06,455.3299508307553,155.3299508307553,0.0,3.0,0.0,0.0
r209C15,1,4,phased,2,nearest,9.999999747378752e-06,350.94547895884364,150.9454789588436,0.0,2.0,0.0,0.0
r209C15,1,4,phased,2,grasp,0.00021629999901051633,350.94547895884364,150.9454789588436,0.0,2.0,0.0,0.0
r209C15,1,4,phased,2,mp_eavns,0.0029252999993332196,350.94547895884364,150.9454789588436,0.0,2.0,0.0,0.0
r209C15,1,4,all,5,edd,2.5000008463393897e-06,465.54145337973364,165.54145337973364,0.0,3.0,0.0,0.0
r209C15,1,4,all,5,sweep,2.1000014385208488e-06,455.3299508307553,155.3299508307553,0.0,3.0,0.0,0.0
r209C15,1,4,all,5,nearest,7.200000254670158e-06,350.94547895884364,150.9454789588436,0.0,2.0,0.0,0.0
r209C15,1,4,all,5,grasp,0.00021439999909489416,350.94547895884364,150.9454789588436,0.0,2.0,0.0,0.0
r209C15,1,4,all,5,mp_eavns,0.0031643000002077315,350.9454789588436,150.94547895884358,0.0,2.0,0.0,0.0
r209C15,2,8,depot,1,edd,4.800000169780105e-06,851.898381974919,351.898381974919,0.0,5.0,0.0,0.0
r209C15,2,8,depot,1,sweep,3.5000011848751456e-06,4264.910199121947,314.19682216958387,345.07133769523637,5.0,0.0,0.0
r209C15,2,8,depot,1,nearest,1.7700000171316788e-05,4157.8508218054285,307.13744485306495,345.07133769523637,4.0,0.0,0.0
r209C15,2,8,depot,1,grasp,0.00046459999794024043,939.3814483814978,307.72619777553325,23.16552506059645,4.0,0.0,0.0
r209C15,2,8,depot,1,mp_eavns,0.016460899998492096,695.6957209597076,295.69572095970756,0.0,4.0,0.0,0.0
r209C15,2,8,phased,3,edd,7.499998901039362e-06,851.898381974919,351.898381974919,0.0,5.0,0.0,0.0
r209C15,2,8,phased,3,sweep,5.800000508315861e-06,4264.910199121947,314.19682216958387,345.07133769523637,5.0,0.0,0.0
r209C15,2,8,phased,3,nearest,1.8599999748403206e-05,4157.8508218054285,307.13744485306495,345.07133769523637,4.0,0.0,0.0
r209C15,2,8,phased,3,grasp,0.0005173000026843511,698.8058559714766,298.80585597147666,0.0,4.0,0.0,0.0
r209C15,2,8,phased,3,mp_eavns,0.016935100000409875,695.6957209597076,295.69572095970756,0.0,4.0,0.0,0.0
r209C15,2,8,all,5,edd,5.600002623395994e-06,851.898381974919,351.898381974919,0.0,5.0,0.0,0.0
r209C15,2,8,all,5,sweep,8.700000762473792e-06,4264.910199121947,314.19682216958387,345.07133769523637,5.0,0.0,0.0
r209C15,2,8,all,5,nearest,1.6400001186411828e-05,4157.8508218054285,307.13744485306495,345.07133769523637,4.0,0.0,0.0
r209C15,2,8,all,5,grasp,0.0005277000018395483,698.8058559714766,298.80585597147666,0.0,4.0,0.0,0.0
r209C15,2,8,all,5,mp_eavns,0.01631939999788301,695.6957209597076,295.69572095970756,0.0,4.0,0.0,0.0
r209C15,3,12,depot,1,edd,6.100002792663872e-06,1058.738427414628,458.73842741462784,0.0,6.0,1.0,0.0
r209C15,3,12,depot,1,sweep,4.400000761961564e-06,5895.450045992196,384.73666903983207,491.07133769523637,6.0,0.0,0.0
r209C15,3,12,depot,1,nearest,2.8299997211433947e-05,1004343.3301052541,392.6167283017288,345.07133769523637,5.0,0.0,1.0
r209C15,3,12,depot,1,grasp,0.0008764000012888573,884.4384374058492,384.4384374058492,0.0,5.0,0.0,0.0
r209C15,3,12,depot,1,mp_eavns,0.04251939999812748,866.326506003212,366.32650600321205,0.0,5.0,0.0,0.0
r209C15,3,12,phased,4,edd,1.2299999070819467e-05,1058.738427414628,458.73842741462784,0.0,6.0,1.0,0.0
r209C15,3,12,phased,4,sweep,7.399998139590025e-06,5895.450045992196,384.73666903983207,491.07133769523637,6.0,0.0,0.0
r209C15,3,12,phased,4,nearest,2.9499999072868377e-05,4349.048414713288,398.3350377609248,345.07133769523637,5.0,1.0,0.0
r209C15,3,12,phased,4,grasp,0.0009567000015522353,915.3784236948436,415.3784236948436,0.0,5.0,1.0,0.0
r209C15,3,12,phased,4,mp_eavns,0.047817300001042895,866.3265060032121,366.3265060032121,0.0,5.0,0.0,0.0
r209C15,3,12,all,5,edd,7.599999662488699e-06,1058.738427414628,458.73842741462784,0.0,6.0,1.0,0.0
r209C15,3,12,all,5,sweep,6.599999323952943e-06,5895.450045992196,384.73666903983207,491.07133769523637,6.0,0.0,0.0
r209C15,3,12,all,5,nearest,2.8600003133760765e-05,4349.048414713288,398.3350377609248,345.07133769523637,5.0,1.0,0.0
r209C15,3,12,all,5,grasp,0.0009386999990965705,895.7791127217754,395.77911272177533,0.0,5.0,1.0,0.0
r209C15,3,12,all,5,mp_eavns,0.044829400001617614,866.326506003212,366.32650600321205,0.0,5.0,0.0,0.0
r209C15,4,15,depot,1,edd,7.799997547408566e-06,2001363.8848122573,663.8848122572092,0.0,7.0,1.0,2.0
r209C15,4,15,depot,1,sweep,5.599998985417187e-06,6076.459876481558,465.74649952919447,491.07133769523637,7.0,0.0,0.0
r209C15,4,15,depot,1,nearest,3.529999958118424e-05,2007564.280334301,523.2953409624191,644.0984993338659,6.0,0.0,2.0
r209C15,4,15,depot,1,grasp,0.002542199999879813,4311.134635392185,604.4363761102688,310.6698259281917,6.0,2.0,0.0
r209C15,4,15,depot,1,mp_eavns,0.07899790000010398,1049.4692746814055,449.4692746814056,0.0,6.0,0.0,0.0
r209C15,4,15,phased,5,edd,8.300001354655251e-06,2001363.8848122573,663.8848122572092,0.0,7.0,1.0,2.0
r209C15,4,15,phased,5,sweep,7.099999493220821e-06,6076.459876481558,465.74649952919447,491.07133769523637,7.0,0.0,0.0
r209C15,4,15,phased,5,nearest,3.239999932702631e-05,7586.75061340912,545.7656200704605,644.0984993338659,6.0,2.0,0.0
r209C15,4,15,phased,5,grasp,0.0027835000000777654,1282.2261063613905,571.1158501632441,11.111025619814654,6.0,2.0,0.0
r209C15,4,15,phased,5,mp_eavns,0.07302809999964666,1049.4692746814058,449.4692746814057,0.0,6.0,0.0,0.0
r209C15,4,15,all,5,edd,9.000003046821803e-06,2001363.8848122573,663.8848122572092,0.0,7.0,1.0,2.0
r209C15,4,15,all,5,sweep,7.399998139590025e-06,6076.459876481558,465.74649952919447,491.07133769523637,7.0,0.0,0.0
r209C15,4,15,all,5,nearest,3.6299999919719994e-05,7586.75061340912,545.7656200704605,644.0984993338659,6.0,2.0,0.0
r209C15,4,15,all,5,grasp,0.0033571999993000645,1608.7153138152664,564.64119136618,44.40741224490864,6.0,1.0,0.0
r209C15,4,15,all,5,mp_eavns,0.08653260000210139,1049.4692746814055,449.4692746814056,0.0,6.0,0.0,0.0
r210_21,1,25,depot,1,edd,1.3799999578623101e-05,2001659.0923622705,659.0923622705293,0.0,10.0,0.0,2.0
r210_21,1,25,depot,1,sweep,8.099999831756577e-06,8478.442941641439,647.921506409716,673.0521435231724,11.0,0.0,0.0
r210_21,1,25,depot,1,nearest,7.32000007701572e-05,16393.500862787892,523.1732702595285,1497.0327592528363,9.0,0.0,0.0
r210_21,1,25,depot,1,grasp,0.013908599998103455,1468.0384947033024,568.0384947033024,0.0,9.0,0.0,0.0
r210_21,1,25,depot,1,mp_eavns,0.15879150000182563,1367.0508852683297,467.0508852683298,0.0,9.0,0.0,0.0
r210_21,1,25,phased,6,edd,1.3299999409355223e-05,2001659.0923622705,659.0923622705293,0.0,10.0,0.0,2.0
r210_21,1,25,phased,6,sweep,1.0100000508828089e-05,8478.442941641439,647.921506409716,673.0521435231724,11.0,0.0,0.0
r210_21,1,25,phased,6,nearest,7.74000000092201e-05,16393.500862787892,523.1732702595285,1497.0327592528363,9.0,0.0,0.0
r210_21,1,25,phased,6,grasp,0.020893500000966014,1454.9897999295508,554.9897999295507,0.0,9.0,0.0,0.0
r210_21,1,25,phased,6,mp_eavns,0.15451519999987795,1376.9370251312273,476.9370251312273,0.0,9.0,0.0,0.0
r210_21,1,25,all,21,edd,1.2399999832268804e-05,2001659.0923622705,659.0923622705293,0.0,10.0,0.0,2.0
r210_21,1,25,all,21,sweep,1.0300002031726763e-05,8478.442941641439,647.921506409716,673.0521435231724,11.0,0.0,0.0
r210_21,1,25,all,21,nearest,7.310000000870787e-05,16393.500862787892,523.1732702595285,1497.0327592528363,9.0,0.0,0.0
r210_21,1,25,all,21,grasp,0.017248199997993652,1459.8601590424992,559.8601590424992,0.0,9.0,0.0,0.0
r210_21,1,25,all,21,mp_eavns,0.1234483000007458,1246.2027341397425,446.20273413974246,0.0,8.0,0.0,0.0
r210_21,2,50,depot,1,edd,2.1100000594742596e-05,7003751.534397645,1604.7864771837615,34.674792046157904,18.0,1.0,7.0
r210_21,2,50,depot,1,sweep,1.21000011858996e-05,1016172.4184415155,1280.0830555088833,1299.2335386006612,19.0,0.0,1.0
r210_21,2,50,depot,1,nearest,0.00021330000163288787,1023625.019299984,1229.088358614161,2069.593094136977,17.0,0.0,1.0
r210_21,2,50,depot,1,grasp,0.10806009999942034,7698.185399521772,1249.7992232019283,474.83861763198433,17.0,1.0,0.0
r210_21,2,50,depot,1,mp_eavns,1.0233078000019304,2582.636077172022,982.636077172022,0.0,16.0,0.0,0.0
r210_21,2,50,phased,11,edd,2.179999864893034e-05,1003755.61893188,1608.8710114184316,34.674792046157904,18.0,6.0,1.0
r210_21,2,50,phased,11,sweep,1.469999915570952e-05,16189.46272679706,1297.1273407904482,1299.2335386006612,19.0,1.0,0.0
r210_21,2,50,phased,11,nearest,0.00022449999960372224,23625.08952560791,1229.15858423814,2069.593094136977,17.0,1.0,0.0
r210_21,2,50,phased,11,grasp,0.1505858000018634,2878.213135369478,1278.213135369478,0.0,16.0,4.0,0.0
r210_21,2,50,phased,11,mp_eavns,0.8742068999999901,2586.404847648064,986.404847648064,0.0,16.0,1.0,0.0
r210_21,2,50,all,21,edd,2.1400002879090607e-05,1003755.61893188,1608.8710114184316,34.674792046157904,18.0,6.0,1.0
r210_21,2,50,all,21,sweep,1.4500001270789653e-05,16184.636014544323,1292.30062853771,1299.2335386006612,19.0,1.0,0.0
r210_21,2,50,all,21,nearest,0.00021329999799490906,23625.08952560791,1229.15858423814,2069.593094136977,17.0,1.0,0.0
r210_21,2,50,all,21,grasp,0.1696102999994764,3043.810244128049,1326.3189246138236,1.7491319514225552,17.0,2.0,0.0
r210_21,2,50,all,21,mp_eavns,1.0009264000000258,2559.57318116203,959.5731811620298,0.0,16.0,0.0,0.0
r210_21,3,75,depot,1,edd,2.809999932651408e-05,14005878.379529702,2809.5933340675756,36.878619563401145,27.0,3.0,14.0
r210_21,3,75,depot,1,sweep,1.7600003047846258e-05,3023221.136443244,1996.1896668765703,1832.4946776367465,29.0,0.0,3.0
r210_21,3,75,depot,1,nearest,0.0004434000002220273,2032308.0495975015,1944.4357101836058,2796.361388731784,24.0,3.0,2.0
r210_21,3,75,depot,1,grasp,0.3048257000009471,2013131.9390622727,2064.228053526166,866.7711008746435,24.0,2.0,2.0
r210_21,3,75,depot,1,mp_eavns,2.451510100003361,3826.6484080605205,1526.6484080605203,0.0,23.0,0.0,0.0
r210_21,3,75,phased,16,edd,3.149999974993989e-05,5005865.526131303,2796.73993566888,36.878619563401145,27.0,10.0,5.0
r210_21,3,75,phased,16,sweep,1.930000144056976e-05,23255.094301168334,2030.147524800868,1832.4946776367465,29.0,3.0,0.0
r210_21,3,75,phased,16,nearest,0.00041110000165645033,32160.36912657984,1917.0691508992675,2784.3299975680575,24.0,5.0,0.0
r210_21,3,75,phased,16,grasp,0.5351043999980902,10147.607079466414,2108.150811831149,563.9456267635264,24.0,8.0,0.0
r210_21,3,75,phased,16,mp_eavns,2.8942850999992515,3814.471971485402,1514.4719714854018,0.0,23.0,1.0,0.0
r210_21,3,75,all,21,edd,3.1299998227041215e-05,5005865.526131303,2796.73993566888,36.878619563401145,27.0,10.0,5.0
r210_21,3,75,all,21,sweep,1.939999856404029e-05,23255.094301168334,2030.147524800868,1832.4946776367465,29.0,3.0,0.0
r210_21,3,75,all,21,nearest,0.0004095999975106679,32160.36912657984,1917.0691508992675,2784.3299975680575,24.0,5.0,0.0
r210_21,3,75,all,21,grasp,0.5825430000004417,7273.1253891098,2015.331459602054,285.77939295077465,24.0,5.0,0.0
r210_21,3,75,all,21,mp_eavns,3.014566800000466,3796.5781345264304,1496.5781345264302,0.0,23.0,1.0,0.0
r210_21,4,100,depot,1,edd,3.3200001780642197e-05,26008324.519660216,3954.423494588051,77.00961656276911,36.0,5.0,26.0
r210_21,4,100,depot,1,sweep,2.0899999071843922e-05,3030116.305062923,2658.4321244414664,2375.7872938481833,37.0,0.0,3.0
r210_21,4,100,depot,1,nearest,0.0008209000006900169,7027902.667643472,2848.677963843519,2185.3989679628107,32.0,3.0,7.0
r210_21,4,100,depot,1,grasp,0.7063340000022436,4011300.457270859,3056.499870004281,504.39574008546225,32.0,8.0,4.0
r210_21,4,100,depot,1,mp_eavns,5.7900272000006225,5170.125131897965,2070.1251318979653,0.0,31.0,0.0,0.0
r210_21,4,100,phased,21,edd,4.470000203582458e-05,10008291.588197121,3921.492031494271,77.00961656276911,36.0,16.0,10.0
r210_21,4,100,phased,21,sweep,2.8200000087963417e-05,30150.262920847596,2692.3899823657644,2375.7872938481833,37.0,3.0,0.0
r210_21,4,100,phased,21,nearest,0.0007143999973777682,27903.18349138848,2849.1938117603736,2185.3989679628107,32.0,10.0,0.0
r210_21,4,100,phased,21,grasp,1.7272630000006757,19180.919211094508,3108.001511874068,1287.2917699220438,32.0,13.0,0.0
r210_21,4,100,phased,21,mp_eavns,7.347022800000559,5172.403007651156,2072.4030076511563,0.0,31.0,2.0,0.0
r210_21,4,100,all,21,edd,3.989999822806567e-05,10008291.588197121,3921.492031494271,77.00961656276911,36.0,16.0,10.0
r210_21,4,100,all,21,sweep,2.5400000595254824e-05,30150.262920847596,2692.3899823657644,2375.7872938481833,37.0,3.0,0.0
r210_21,4,100,all,21,nearest,0.0009369999970658682,27903.18349138848,2849.1938117603736,2185.3989679628107,32.0,10.0,0.0
r210_21,4,100,all,21,grasp,1.4410453000018606,13607.69322142849,2886.966642101396,762.0726579327095,31.0,12.0,0.0
r210_21,4,100,all,21,mp_eavns,6.056647500001418,5151.4823645157285,2051.4823645157285,0.0,31.0,2.0,0.0
r211_21,1,25,depot,1,edd,1.1800002539530396e-05,1501.3527963184333,601.3527963184333,0.0,9.0,0.0,0.0
r211_21,1,25,depot,1,sweep,7.299997378140688e-06,2784.906354508066,647.921506409716,103.69848480983501,11.0,0.0,0.0
r211_21,1,25,depot,1,nearest,7.289999848580919e-05,4843.5008627878915,523.1732702595285,342.0327592528363,9.0,0.0,0.0
r211_21,1,25,depot,1,grasp,0.011750200003007194,1428.3834334967514,528.3834334967513,0.0,9.0,0.0,0.0
r211_21,1,25,depot,1,mp_eavns,0.20441800000116928,1369.0417518444747,469.0417518444746,0.0,9.0,0.0,0.0
r211_21,1,25,phased,6,edd,1.300000076298602e-05,1501.3527963184333,601.3527963184333,0.0,9.0,0.0,0.0
r211_21,1,25,phased,6,sweep,9.999999747378752e-06,2784.906354508066,647.921506409716,103.69848480983501,11.0,0.0,0.0
r211_21,1,25,phased,6,nearest,7.669999831705354e-05,4843.5008627878915,523.1732702595285,342.0327592528363,9.0,0.0,0.0
r211_21,1,25,phased,6,grasp,0.011244299999816576,1465.2045512424345,565.2045512424345,0.0,9.0,0.0,0.0
r211_21,1,25,phased,6,mp_eavns,0.15690650000033202,1377.5892713774751,477.58927137747526,0.0,9.0,0.0,0.0
r211_21,1,25,all,21,edd,1.1000000085914508e-05,1501.3527963184333,601.3527963184333,0.0,9.0,0.0,0.0
r211_21,1,25,all,21,sweep,8.799997885944322e-06,2784.906354508066,647.921506409716,103.69848480983501,11.0,0.0,0.0
r211_21,1,25,all,21,nearest,7.040000127744861e-05,4843.5008627878915,523.1732702595285,342.0327592528363,9.0,0.0,0.0
r211_21,1,25,all,21,grasp,0.01126529999964987,1434.3682138323613,534.3682138323613,0.0,9.0,0.0,0.0
r211_21,1,25,all,21,mp_eavns,0.13262250000116182,1260.0417408930614,460.04174089306144,0.0,8.0,0.0,0.0
r211_21,2,50,depot,1,edd,1.9500002963468432e-05,4003480.3798585907,1580.379858590782,0.0,19.0,1.0,4.0
r211_21,2,50,depot,1,sweep,1.2900000001536682e-05,1004304.2773566144,1280.0830555088833,112.41943011054423,19.0,0.0,1.0
r211_21,2,50,depot,1,nearest,0.00021800000104121864,1006316.603312175,1229.088358614161,338.7514953560914,17.0,0.0,1.0
r211_21,2,50,depot,1,grasp,0.08431809999819961,4868.755834171958,1347.1330575702748,182.16227766016834,17.0,1.0,0.0
r211_21,2,50,depot,1,mp_eavns,1.3393713000004936,2566.3444860655613,966.3444860655613,0.0,16.0,0.0,0.0
r211_21,2,50,phased,11,edd,2.4199998733820394e-05,1003481.9047350974,1581.9047350973801,0.0,19.0,4.0,1.0
r211_21,2,50,phased,11,sweep,1.5000001440057531e-05,4321.321641895891,1297.1273407904482,112.41943011054423,19.0,1.0,0.0
r211_21,2,50,phased,11,nearest,0.00022139999782666564,6316.673537799054,1229.15858423814,338.7514953560914,17.0,1.0,0.0
r211_21,2,50,phased,11,grasp,0.11263630000030389,2971.0375110656005,1271.0375110656007,0.0,17.0,1.0,0.0
r211_21,2,50,phased,11,mp_eavns,1.3843213000000105,2578.2505796156283,978.2505796156285,0.0,16.0,0.0,0.0
r211_21,2,50,all,21,edd,2.3299999156733975e-05,1003481.9047350974,1581.9047350973801,0.0,19.0,4.0,1.0
r211_21,2,50,all,21,sweep,1.5800000255694613e-05,4316.494929643152,1292.30062853771,112.41943011054423,19.0,1.0,0.0
r211_21,2,50,all,21,nearest,0.00021379999816417694,6316.673537799054,1229.15858423814,338.7514953560914,17.0,1.0,0.0
r211_21,2,50,all,21,grasp,0.14065979999941192,2871.833593961268,1171.8335939612682,0.0,17.0,0.0,0.0
r211_21,2,50,all,21,mp_eavns,1.0301140999981726,2562.6752191482883,962.6752191482881,0.0,16.0,0.0,0.0
r211_21,3,75,depot,1,edd,2.8399997972883284e-05,15005419.623944532,2819.623944531967,0.0,26.0,5.0,15.0
r211_21,3,75,depot,1,sweep,1.6099998902063817e-05,3007032.995358343,1996.1896668765703,213.68056914662935,29.0,0.0,3.0
r211_21,3,75,depot,1,nearest,0.0004228000034345314,2009270.203340165,1944.4357101836058,492.57676299815387,24.0,3.0,2.0
r211_21,3,75,depot,1,grasp,0.2332252000014705,1005517.867587375,2054.13378526406,106.37338021109633,24.0,4.0,1.0
r211_21,3,75,depot,1,mp_eavns,4.110369800000626,3918.321549827771,1518.321549827771,0.0,24.0,0.0,0.0
r211_21,3,75,phased,16,edd,3.690000085043721e-05,5450.314363829516,2850.314363829516,0.0,26.0,15.0,0.0
r211_21,3,75,phased,16,sweep,2.220000169472769e-05,7066.953216267161,2030.147524800868,213.68056914662935,29.0,3.0,0.0
r211_21,3,75,phased,16,nearest,0.00041590000182623044,9242.836780880807,1917.0691508992675,492.57676299815387,24.0,5.0,0.0
r211_21,3,75,phased,16,grasp,0.42017869999835966,5291.007251888104,2172.893368879685,71.81138830084194,24.0,8.0,0.0
r211_21,3,75,phased,16,mp_eavns,4.3335006999986945,3925.6491477204663,1525.649147720466,0.0,24.0,1.0,0.0
r211_21,3,75,all,21,edd,3.5400000342633575e-05,5450.314363829516,2850.314363829516,0.0,26.0,15.0,0.0
r211_21,3,75,all,21,sweep,2.010000025620684e-05,7066.953216267161,2030.147524800868,213.68056914662935,29.0,3.0,0.0
r211_21,3,75,all,21,nearest,0.0004193999993731268,9242.836780880807,1917.0691508992675,492.57676299815387,24.0,5.0,0.0
r211_21,3,75,all,21,grasp,0.4499461999985215,4336.678770461058,2036.6787704610579,0.0,23.0,7.0,0.0
r211_21,3,75,all,21,mp_eavns,3.313141099999484,3794.9880363605375,1494.9880363605375,0.0,23.0,1.0,0.0
r211_21,4,100,depot,1,edd,3.430000288062729e-05,23007649.035009205,4049.0350092064523,0.0,36.0,7.0,23.0
r211_21,4,100,depot,1,sweep,2.0800001948373392e-05,3009287.386133241,2658.4321244414664,292.89540087994266,37.0,0.0,3.0
r211_21,4,100,depot,1,nearest,0.0007028999971225858,7009365.972690939,2815.904246086282,335.00684448523174,32.0,3.0,7.0
r211_21,4,100,depot,1,grasp,0.5873917999997502,2012771.9390093533,2763.7608085421866,690.8178200811077,31.0,4.0,2.0
r211_21,4,100,depot,1,mp_eavns,5.000186900000699,5148.714182559804,2048.7141825598037,0.0,31.0,0.0,0.0
r211_21,4,100,phased,21,edd,4.470000203582458e-05,2007634.766953033,4034.7669530329563,0.0,36.0,21.0,2.0
r211_21,4,100,phased,21,sweep,2.5700002879602835e-05,9321.343991165191,2692.3899823657644,292.89540087994266,37.0,3.0,0.0
r211_21,4,100,phased,21,nearest,0.0007135999985621311,1009367.4478125189,2817.379367666632,335.00684448523174,32.0,9.0,1.0
r211_21,4,100,phased,21,grasp,1.1991828999998688,6159.081987328615,2844.885091056157,11.419689627245816,32.0,12.0,0.0
r211_21,4,100,phased,21,mp_eavns,6.353500699999131,5153.77113802105,2053.7711380210503,0.0,31.0,1.0,0.0
r211_21,4,100,all,21,edd,3.8800000766059384e-05,2007634.766953033,4034.7669530329563,0.0,36.0,21.0,2.0
r211_21,4,100,all,21,sweep,2.4199998733820394e-05,9321.343991165191,2692.3899823657644,292.89540087994266,37.0,3.0,0.0
r211_21,4,100,all,21,nearest,0.0007019000004220288,1009367.4478125189,2817.379367666632,335.00684448523174,32.0,9.0,1.0
r211_21,4,100,all,21,grasp,1.0926437999987684,6684.563232522021,2917.0121695595653,66.75510629624557,31.0,12.0,0.0
r211_21,4,100,all,21,mp_eavns,6.021629599999869,5168.131484039263,2068.1314840392633,0.0,31.0,3.0,0.0
rc101_21,1,25,depot,1,edd,1.349999729427509e-05,5003312.231661167,1093.3329269785759,111.88987341886676,11.0,0.0,5.0
rc101_21,1,25,depot,1,sweep,7.400001777568832e-06,3007326.172734408,990.4727708800376,523.5699963528232,11.0,0.0,3.0
rc101_21,1,25,depot,1,nearest,0.0001097999993362464,3010039.493403163,876.8114032887432,816.2681999873998,10.0,0.0,3.0
rc101_21,1,25,depot,1,grasp,0.005970499998511514,2003648.9992169638,932.2610815629853,171.67381354008498,10.0,0.0,2.0
rc101_21,1,25,depot,1,mp_eavns,0.14242899999953806,1001665.1288260116,765.1288260115879,0.0,9.0,0.0,1.0
rc101_21,1,25,phased,6,edd,1.2299999070819467e-05,3338.243189459278,1119.3444552706103,111.88987341886676,11.0,5.0,0.0
rc101_21,1,25,phased,6,sweep,9.400002454640344e-06,1007328.5503365829,992.8503730546663,523.5699963528232,11.0,2.0,1.0
rc101_21,1,25,phased,6,nearest,7.410000034724362e-05,10039.986369430198,877.3043695561993,816.2681999873998,10.0,3.0,0.0
rc101_21,1,25,phased,6,grasp,0.01380570000037551,3995.695564197734,926.9279374478332,206.87676267499006,10.0,3.0,0.0
rc101_21,1,25,phased,6,mp_eavns,0.1646245000010822,1747.253874245509,847.2538742455091,0.0,9.0,2.0,0.0
rc101_21,1,25,all,21,edd,1.2900000001536682e-05,3338.243189459278,1119.3444552706103,111.88987341886676,11.0,5.0,0.0
rc101_21,1,25,all,21,sweep,8.999999408842996e-06,1007328.5503365829,992.8503730546663,523.5699963528232,11.0,2.0,1.0
rc101_21,1,25,all,21,nearest,7.739999637124129e-05,10039.986369430198,877.3043695561993,816.2681999873998,10.0,3.0,0.0
rc101_21,1,25,all,21,grasp,0.011859300000651274,4056.9752524688756,947.1619678814529,210.98132845874224,10.0,4.0,0.0
rc101_21,1,25,all,21,mp_eavns,0.1914483000000473,1747.253874245509,847.2538742455091,0.0,9.0,2.0,0.0
rc101_21,2,50,depot,1,edd,2.0700001186924055e-05,12008799.049502488,2422.3242193620886,407.6725283126794,23.0,3.0,12.0
rc101_21,2,50,depot,1,sweep,1.3100001524435356e-05,7012794.61769745,2024.0882490637894,857.0529448386624,22.0,0.0,7.0
rc101_21,2,50,depot,1,nearest,0.0002280000007885974,8020868.647034479,1755.2418613645243,1731.3405173115032,18.0,0.0,8.0
rc101_21,2,50,depot,1,grasp,0.05287930000122287,4019377.939078496,2186.0036966836738,1529.1935381812327,19.0,6.0,4.0
rc101_21,2,50,depot,1,mp_eavns,0.688522100001137,3003338.7864378607,1538.786437860666,0.0,18.0,0.0,3.0
rc101_21,2,50,phased,11,edd,2.2399999579647556e-05,4012316.8383983593,2389.197760401625,762.7640637957857,23.0,7.0,4.0
rc101_21,2,50,phased,11,sweep,1.4999997802078724e-05,2012830.347115412,2059.8176670252906,857.0529448386624,22.0,5.0,2.0
rc101_21,2,50,phased,11,nearest,0.0002060999977402389,22749.91478508122,1768.0521661714033,1918.1862618909815,18.0,7.0,0.0
rc101_21,2,50,phased,11,grasp,0.10662560000127996,11399.163892606111,1975.0361823139287,762.4127710292183,18.0,8.0,0.0
rc101_21,2,50,phased,11,mp_eavns,1.4990317999981926,3489.0528041091475,1689.0528041091475,0.0,18.0,6.0,0.0
rc101_21,2,50,all,21,edd,2.1299998479662463e-05,4012316.8383983593,2389.197760401625,762.7640637957857,23.0,7.0,4.0
rc101_21,2,50,all,21,sweep,1.9400002202019095e-05,2012830.347115412,2059.8176670252906,857.0529448386624,22.0,5.0,2.0
rc101_21,2,50,all,21,nearest,0.0002268999996886123,22749.91478508122,1768.0521661714033,1918.1862618909815,18.0,7.0,0.0
rc101_21,2,50,all,21,grasp,0.13468529999954626,10136.15126333985,1946.88998111581,628.926128222404,19.0,8.0,0.0
rc101_21,2,50,all,21,mp_eavns,1.5736503999978595,3489.0528041091475,1689.0528041091475,0.0,18.0,6.0,0.0
rc101_21,3,75,depot,1,edd,3.2899999496294186e-05,22021826.651145678,4169.496263606755,1445.7154882071682,32.0,10.0,22.0
rc101_21,3,75,depot,1,sweep,1.729999712551944e-05,10020983.122414896,2902.123772599384,1488.0998642296522,32.0,0.0,10.0
rc101_21,3,75,depot,1,nearest,0.0004337999998824671,13026731.890570058,2698.07780881773,2133.381276124026,27.0,0.0,13.0
rc101_21,3,75,depot,1,grasp,0.13994540000203415,12022180.016363489,3305.097019027274,1607.49193444616,28.0,6.0,12.0
rc101_21,3,75,depot,1,mp_eavns,2.170622400000866,5005037.437645651,2337.4376456515647,0.0,27.0,0.0,5.0
rc101_21,3,75,phased,16,edd,4.27999984822236e-05,6028805.717598734,4155.130255122872,2145.058734361171,32.0,25.0,6.0
rc101_21,3,75,phased,16,sweep,2.4000000848900527e-05,2021023.4373101317,2942.438667835222,1488.0998642296522,32.0,8.0,2.0
rc101_21,3,75,phased,16,nearest,0.0004483999982767273,2027963.3576115686,2701.2402961668704,2256.2117315401783,27.0,10.0,2.0
rc101_21,3,75,phased,16,grasp,0.35839409999971394,1019001.6215670464,2929.4506909646525,1337.2170876081732,27.0,12.0,1.0
rc101_21,3,75,phased,16,mp_eavns,3.0309763999975985,5083.805787497531,2383.805787497531,0.0,27.0,6.0,0.0
rc101_21,3,75,all,21,edd,3.810000271187164e-05,6028737.894520668,4173.203665601286,2136.469085506735,32.0,25.0,6.0
rc101_21,3,75,all,21,sweep,2.2100000933278352e-05,2021023.4373101317,2942.438667835222,1488.0998642296522,32.0,8.0,2.0
rc101_21,3,75,all,21,nearest,0.0004310000003897585,2027963.3576115686,2701.2402961668704,2256.2117315401783,27.0,10.0,2.0
rc101_21,3,75,all,21,grasp,0.38048349999735365,20652.312661095875,3038.0316701612132,1491.4280990934662,27.0,16.0,0.0
rc101_21,3,75,all,21,mp_eavns,3.7078185999998823,5075.378234865381,2375.3782348653813,0.0,27.0,6.0,0.0
rc101_21,4,100,depot,1,edd,4.059999992023222e-05,29028928.282875337,5662.383399471086,1896.589947586691,43.0,13.0,29.0
rc101_21,4,100,depot,1,sweep,2.1500000002561137e-05,11028086.550771628,3657.442752842762,2022.9108018784452,42.0,0.0,11.0
rc101_21,4,100,depot,1,nearest,0.0007218999999167863,13032615.346319562,3549.9840852381267,2546.536223432304,36.0,2.0,13.0
rc101_21,4,100,depot,1,grasp,0.29304340000089724,11035193.84749717,4300.677877936449,2719.316961923524,37.0,11.0,11.0
rc101_21,4,100,depot,1,mp_eavns,5.799679299998388,4006669.736095144,2969.7360951440296,0.0,37.0,0.0,4.0
rc101_21,4,100,phased,21,edd,4.5900000259280205e-05,4043997.130807525,5680.896152518498,3401.623465500674,43.0,36.0,4.0
rc101_21,4,100,phased,21,sweep,2.7900001441594213e-05,2028127.2171729095,3698.1091541249702,2022.9108018784452,42.0,9.0,2.0
rc101_21,4,100,phased,21,nearest,0.0007740000000922009,1034014.2015293171,3559.8542562773778,2685.4347273039675,36.0,14.0,1.0
rc101_21,4,100,phased,21,grasp,0.8184875000006286,1025883.3779947306,3779.649435767701,1850.372855896292,36.0,20.0,1.0
rc101_21,4,100,phased,21,mp_eavns,8.603799200001959,6604.000223954741,3004.000223954741,0.0,36.0,6.0,0.0
rc101_21,4,100,all,21,edd,4.070000068168156e-05,4043997.130807525,5680.896152518498,3401.623465500674,43.0,36.0,4.0
rc101_21,4,100,all,21,sweep,2.510000194888562e-05,2028127.2171729095,3698.1091541249702,2022.9108018784452,42.0,9.0,2.0
rc101_21,4,100,all,21,nearest,0.0007375999994110316,1034014.2015293171,3559.8542562773778,2685.4347273039675,36.0,14.0,1.0
rc101_21,4,100,all,21,grasp,0.8287386000010883,1025529.4437829354,4217.824571750461,1761.1619211184939,37.0,23.0,1.0
rc101_21,4,100,all,21,mp_eavns,9.317235599999549,6711.153969353943,3011.1539693539426,0.0,37.0,6.0,0.0
rc102_21,1,25,depot,1,edd,1.2799999240087345e-05,5002730.7289062105,1051.125471701637,57.96034345093072,11.0,0.0,5.0
rc102_21,1,25,depot,1,sweep,7.300001016119495e-06,3005667.6668265588,990.4727708800376,357.71940556785864,11.0,0.0,3.0
rc102_21,1,25,depot,1,nearest,7.31999971321784e-05,3009075.0903380737,876.8114032887432,719.8278934784894,10.0,0.0,3.0
rc102_21,1,25,depot,1,grasp,0.007512200001656311,1005189.6095991458,1013.1504865582452,317.64591125875427,10.0,1.0,1.0
rc102_21,1,25,depot,1,mp_eavns,0.13383429999885266,1001773.3033172818,773.3033172817738,0.0,10.0,0.0,1.0
rc102_21,1,25,phased,6,edd,1.2300002708798274e-05,3493.753548776125,1059.6610969745198,133.40924518016055,11.0,4.0,0.0
rc102_21,1,25,phased,6,sweep,9.2999980552122e-06,1005670.0444287333,992.8503730546663,357.71940556785864,11.0,2.0,1.0
rc102_21,1,25,phased,6,nearest,7.499999992433004e-05,9075.583304341093,877.3043695561993,719.8278934784894,10.0,3.0,0.0
rc102_21,1,25,phased,6,grasp,0.009841500002949033,3091.9582171518005,993.1054213992855,109.8852795752515,10.0,4.0,0.0
rc102_21,1,25,phased,6,mp_eavns,0.14051370000015595,1663.474831653786,763.4748316537859,0.0,9.0,2.0,0.0
rc102_21,1,25,all,21,edd,1.7300000763498247e-05,3493.753548776125,1059.6610969745198,133.40924518016055,11.0,4.0,0.0
rc102_21,1,25,all,21,sweep,9.69999746303074e-06,1005670.0444287333,992.8503730546663,357.71940556785864,11.0,2.0,1.0
rc102_21,1,25,all,21,nearest,7.379999806289561e-05,9075.583304341093,877.3043695561993,719.8278934784894,10.0,3.0,0.0
rc102_21,1,25,all,21,grasp,0.013821699998516124,2819.669192625973,952.6221935187771,86.70469991071963,10.0,3.0,0.0
rc102_21,1,25,all,21,mp_eavns,0.18133680000028107,1663.474831653786,763.4748316537859,0.0,9.0,2.0,0.0
rc102_21,2,50,depot,1,edd,2.1600000764010474e-05,11007503.9119163,2274.472517341398,302.94393989593306,22.0,1.0,11.0
rc102_21,2,50,depot,1,sweep,1.300000076298602e-05,7009573.782830335,2024.0882490637894,534.9694581271725,22.0,0.0,7.0
rc102_21,2,50,depot,1,nearest,0.00021609999748761766,8018114.24396939,1755.2418613645243,1455.9002108025927,18.0,0.0,8.0
rc102_21,2,50,depot,1,grasp,0.049254599998675985,5011195.932866858,2121.9147957895207,707.4018071068907,20.0,3.0,5.0
rc102_21,2,50,depot,1,mp_eavns,0.8644218999979785,3003315.2988516935,1515.2988516933315,0.0,18.0,0.0,3.0
rc102_21,2,50,phased,11,edd,2.300000051036477e-05,7008189.7714812625,2285.0001144241123,370.4771366838069,22.0,4.0,7.0
rc102_21,2,50,phased,11,sweep,1.6199999663513154e-05,2009609.512248297,2059.8176670252906,534.9694581271725,22.0,5.0,2.0
rc102_21,2,50,phased,11,nearest,0.00021460000061779283,19365.511719992115,1768.0521661714033,1579.745955382071,18.0,7.0,0.0
rc102_21,2,50,phased,11,grasp,0.09039040000061505,8860.537112454203,2094.1799015532624,486.6357210900942,19.0,11.0,0.0
rc102_21,2,50,phased,11,mp_eavns,1.1920286000022315,3327.7670576935407,1527.7670576935407,0.0,18.0,4.0,0.0
rc102_21,2,50,all,21,edd,2.2899999748915434e-05,7008189.7714812625,2285.0001144241123,370.4771366838069,22.0,4.0,7.0
rc102_21,2,50,all,21,sweep,1.6000001778593287e-05,2009609.512248297,2059.8176670252906,534.9694581271725,22.0,5.0,2.0
rc102_21,2,50,all,21,nearest,0.00022499999977299012,19365.511719992115,1768.0521661714033,1579.745955382071,18.0,7.0,0.0
rc102_21,2,50,all,21,grasp,0.11044359999868902,1006933.6351249411,1948.978538611058,308.46565863300566,19.0,9.0,1.0
rc102_21,2,50,all,21,mp_eavns,1.2227540999992925,3327.7670576935407,1527.7670576935407,0.0,18.0,4.0,0.0
rc102_21,3,75,depot,1,edd,3.18000020342879e-05,19020398.857773017,3922.9642139791076,1337.5893559038848,31.0,9.0,19.0
rc102_21,3,75,depot,1,sweep,1.6199999663513154e-05,10014396.206745962,2902.123772599384,829.4082973362897,32.0,0.0,10.0
rc102_21,3,75,depot,1,nearest,0.00041140000030281954,13021925.586295944,2703.20206081961,1652.2384235124375,27.0,0.0,13.0
rc102_21,3,75,depot,1,grasp,0.1404608000011649,12013961.35655446,3013.3087124574613,824.8047842001529,27.0,4.0,12.0
rc102_21,3,75,depot,1,mp_eavns,1.6567167999965022,5004949.992653851,2249.9926538518266,0.0,27.0,0.0,5.0
rc102_21,3,75,phased,16,edd,3.9999998989515007e-05,9022869.701042542,3909.6038123297444,1586.0097230212416,31.0,20.0,9.0
rc102_21,3,75,phased,16,sweep,2.2500000341096893e-05,2014436.521641198,2942.438667835222,829.4082973362897,32.0,8.0,2.0
rc102_21,3,75,phased,16,nearest,0.00044799999886890873,2022903.6497813216,2711.8371540973203,1749.1812627224224,27.0,10.0,2.0
rc102_21,3,75,phased,16,grasp,0.3127846000024874,14178.57115454305,2905.2657583869163,847.3305396156132,28.0,14.0,0.0
rc102_21,3,75,phased,16,mp_eavns,5.4257223999993585,5061.01512511868,2357.7096628695026,0.3305462249176685,27.0,8.0,0.0
rc102_21,3,75,all,21,edd,3.8800000766059384e-05,9022814.717907988,3902.3127157021163,1581.2405192284493,31.0,18.0,9.0
rc102_21,3,75,all,21,sweep,3.3200001780642197e-05,2014436.521641198,2942.438667835222,829.4082973362897,32.0,8.0,2.0
rc102_21,3,75,all,21,nearest,0.00046300000030896626,2022903.6497813216,2711.8371540973203,1749.1812627224224,27.0,10.0,2.0
rc102_21,3,75,all,21,grasp,0.31838799999968614,1014366.7573957527,2968.1595379713594,859.8597857781399,28.0,13.0,1.0
rc102_21,3,75,all,21,mp_eavns,5.200050100000226,5061.01512511868,2357.7096628695026,0.3305462249176685,27.0,8.0,0.0
rc102_21,4,100,depot,1,edd,3.569999898900278e-05,34018909.47371,5228.790185728456,958.0683524274689,41.0,8.0,34.0
rc102_21,4,100,depot,1,sweep,2.1500000002561137e-05,11018947.33887609,3657.442752842762,1108.9896123245408,42.0,0.0,11.0
rc102_21,4,100,depot,1,nearest,0.0007339000003412366,13022841.388175482,3549.9840852381267,1569.1404090243884,36.0,2.0,13.0
rc102_21,4,100,depot,1,grasp,0.25173910000012256,12026576.684502998,4126.064964917106,1885.061953808185,36.0,9.0,12.0
rc102_21,4,100,depot,1,mp_eavns,6.2512546999969345,5006589.223442636,2889.2234426360083,0.0,37.0,0.0,5.0
rc102_21,4,100,phased,21,edd,4.5099997805664316e-05,11025749.822972598,5270.738524322889,1637.908444827404,41.0,27.0,11.0
rc102_21,4,100,phased,21,sweep,2.680000034160912e-05,2018988.0052773703,3698.1091541249702,1108.9896123245408,42.0,9.0,2.0
rc102_21,4,100,phased,21,nearest,0.0007441999987349845,1024240.2433852379,3559.8542562773778,1708.038912896052,36.0,14.0,1.0
rc102_21,4,100,phased,21,grasp,0.7796282000017527,20392.871231073375,4183.901813136206,1250.896941793717,37.0,24.0,0.0
rc102_21,4,100,phased,21,mp_eavns,9.16981719999967,6696.6782165822315,2996.678216582232,0.0,37.0,7.0,0.0
rc102_21,4,100,all,21,edd,3.870000000461005e-05,11025749.822972598,5270.738524322889,1637.908444827404,41.0,27.0,11.0
rc102_21,4,100,all,21,sweep,2.350000067963265e-05,2018988.0052773703,3698.1091541249702,1108.9896123245408,42.0,9.0,2.0
rc102_21,4,100,all,21,nearest,0.0007186000002548099,1024240.2433852379,3559.8542562773778,1708.038912896052,36.0,14.0,1.0
rc102_21,4,100,all,21,grasp,0.7857144999979937,20467.139349473004,4176.277886138637,1259.0861463334365,37.0,22.0,0.0
rc102_21,4,100,all,21,mp_eavns,8.710505499999272,6700.3536612618955,3000.3536612618955,0.0,37.0,7.0,0.0
rc102C10,1,3,depot,1,edd,7.200000254670158e-06,349.7224436864684,149.72244368646838,0.0,2.0,0.0,0.0
rc102C10,1,3,depot,1,sweep,2.6999987312592566e-06,349.7224436864684,149.72244368646838,0.0,2.0,0.0,0.0
rc102C10,1,3,depot,1,nearest,9.499999578110874e-06,349.7224436864684,149.72244368646838,0.0,2.0,0.0,0.0
rc102C10,1,3,depot,1,grasp,0.00017149999985122122,349.7224436864684,149.72244368646838,0.0,2.0,0.0,0.0
rc102C10,1,3,depot,1,mp_eavns,0.0021931000010226853,349.7224436864684,149.72244368646838,0.0,2.0,0.0,0.0
rc102C10,1,3,phased,2,edd,3.1999989005271345e-06,349.7224436864684,149.72244368646838,0.0,2.0,0.0,0.0
rc102C10,1,3,phased,2,sweep,3.2999996619764715e-06,349.7224436864684,149.72244368646838,0.0,2.0,0.0,0.0
rc102C10,1,3,phased,2,nearest,7.000002369750291e-06,349.7224436864684,149.72244368646838,0.0,2.0,0.0,0.0
rc102C10,1,3,phased,2,grasp,0.00018030000137514435,349.7224436864684,149.72244368646838,0.0,2.0,0.0,0.0
rc102C10,1,3,phased,2,mp_eavns,0.0021401000012701843,349.7224436864684,149.72244368646838,0.0,2.0,0.0,0.0
rc102C10,1,3,all,4,edd,2.0000006770715117e-06,349.7224436864684,149.72244368646838,0.0,2.0,0.0,0.0
rc102C10,1,3,all,4,sweep,1.8999999156221747e-06,349.7224436864684,149.72244368646838,0.0,2.0,0.0,0.0
rc102C10,1,3,all,4,nearest,5.300000339047983e-06,349.7224436864684,149.72244368646838,0.0,2.0,0.0,0.0
rc102C10,1,3,all,4,grasp,0.00018880000061471947,349.7224436864684,149.72244368646838,0.0,2.0,0.0,0.0
rc102C10,1,3,all,4,mp_eavns,0.0023866000010457356,349.7224436864684,149.72244368646838,0.0,2.0,0.0,0.0
rc102C10,2,5,depot,1,edd,3.5999983083456755e-06,2000566.9766621743,266.97666217426115,0.0,3.0,0.0,2.0
rc102C10,2,5,depot,1,sweep,3.0000010156072676e-06,1000576.3754390798,276.3754390798142,0.0,3.0,0.0,1.0
rc102C10,2,5,depot,1,nearest,9.800001862458885e-06,1002574.8559403413,283.814605551246,199.10413347899507,3.0,0.0,1.0
rc102C10,2,5,depot,1,grasp,0.00028620000011869706,1000576.3754390798,276.3754390798142,0.0,3.0,0.0,1.0
rc102C10,2,5,depot,1,mp_eavns,0.005691099999239668,1000576.3754390798,276.3754390798142,0.0,3.0,0.0,1.0
rc102C10,2,5,phased,3,edd,3.0000010156072676e-06,776.0375850377332,268.3054544282123,20.773213060952088,3.0,1.0,0.0
rc102C10,2,5,phased,3,sweep,2.6999987312592566e-06,577.9114212158422,277.9114212158422,0.0,3.0,1.0,0.0
rc102C10,2,5,phased,3,nearest,8.300001354655251e-06,2576.391922477225,285.35058768727407,199.10413347899507,3.0,1.0,0.0
rc102C10,2,5,phased,3,grasp,0.00031480000325245783,577.9114212158422,277.91142121584227,0.0,3.0,1.0,0.0
rc102C10,2,5,phased,3,mp_eavns,0.006466200000431854,577.9114212158422,277.91142121584227,0.0,3.0,1.0,0.0
rc102C10,2,5,all,4,edd,2.9999973776284605e-06,776.0375850377332,268.3054544282123,20.773213060952088,3.0,1.0,0.0
rc102C10,2,5,all,4,sweep,2.9000002541579306e-06,577.9114212158422,277.9114212158422,0.0,3.0,1.0,0.0
rc102C10,2,5,all,4,nearest,8.299997716676444e-06,2576.391922477225,285.35058768727407,199.10413347899507,3.0,1.0,0.0
rc102C10,2,5,all,4,grasp,0.0003403999980946537,577.9114212158422,277.91142121584227,0.0,3.0,1.0,0.0
rc102C10,2,5,all,4,mp_eavns,0.007827599998563528,577.9114212158422,277.91142121584227,0.0,3.0,1.0,0.0
rc102C10,3,8,depot,1,edd,3.9000005926936865e-06,4001546.6949404525,459.9981270543067,58.66968133982665,5.0,0.0,4.0
rc102C10,3,8,depot,1,sweep,3.0000010156072676e-06,2000764.7214935857,364.7214935858222,0.0,4.0,0.0,2.0
rc102C10,3,8,depot,1,nearest,1.469999915570952e-05,1004720.8881333844,440.2835542399507,388.0604579144448,4.0,1.0,1.0
rc102C10,3,8,depot,1,grasp,0.000611600000411272,1002624.6374819081,440.28355423995066,178.43539276681193,4.0,1.0,1.0
rc102C10,3,8,depot,1,mp_eavns,0.0168152000005648,1000775.5298226345,375.52982263449314,0.0,4.0,0.0,1.0
rc102C10,3,8,phased,4,edd,4.0000013541430235e-06,1001756.0419134974,461.61296948958193,79.44289440077874,5.0,2.0,1.0
rc102C10,3,8,phased,4,sweep,4.699999408330768e-06,766.5562342143653,366.55623421436525,0.0,4.0,1.0,0.0
rc102C10,3,8,phased,4,nearest,1.3900000340072438e-05,4722.424115520426,441.81953637597877,388.0604579144448,4.0,2.0,0.0
rc102C10,3,8,phased,4,grasp,0.0007045999991532881,1973.6635656188541,375.12635678132284,119.85372088375313,4.0,1.0,0.0
rc102C10,3,8,phased,4,mp_eavns,0.02061399999729474,766.5562342143653,366.55623421436525,0.0,4.0,1.0,0.0
rc102C10,3,8,all,4,edd,3.899996954714879e-06,1001756.0419134974,461.61296948958193,79.44289440077874,5.0,2.0,1.0
rc102C10,3,8,all,4,sweep,3.7999998312443495e-06,766.5562342143653,366.55623421436525,0.0,4.0,1.0,0.0
rc102C10,3,8,all,4,nearest,1.340000017080456e-05,4722.424115520426,441.81953637597877,388.0604579144448,4.0,2.0,0.0
rc102C10,3,8,all,4,grasp,0.0007771000018692575,2455.8146048168464,425.342654743686,163.04719500731602,4.0,2.0,0.0
rc102C10,3,8,all,4,mp_eavns,0.02021239999885438,766.5562342143653,366.55623421436525,0.0,4.0,1.0,0.0
rc102C10,4,10,depot,1,edd,5.199999577598646e-06,5001636.46795842,535.7656505574712,60.07023078622923,5.0,0.0,5.0
rc102C10,4,10,depot,1,sweep,3.6000019463244826e-06,4001065.4183765356,416.9240441227129,24.8494332412792,4.0,0.0,4.0
rc102C10,4,10,depot,1,nearest,2.010000025620684e-05,3004301.549104292,490.38476755187577,331.1164336740207,5.0,0.0,3.0
rc102C10,4,10,depot,1,grasp,0.001298700000916142,1001685.6777022328,533.208566011879,65.24691362209992,5.0,2.0,1.0
rc102C10,4,10,depot,1,mp_eavns,0.027696599998307647,1000871.3675624976,446.6970437377231,2.467051875986101,4.0,1.0,1.0
rc102C10,4,10,phased,4,edd,4.900000931229442e-06,2001845.8149314646,537.3804929927463,80.84344384718132,5.0,2.0,2.0
rc102C10,4,10,phased,4,sweep,4.5000015234109014e-06,2001067.2531171641,418.758784751256,24.8494332412792,4.0,1.0,2.0
rc102C10,4,10,phased,4,nearest,1.920000067912042e-05,2004303.085086428,491.9207496879038,331.1164336740207,5.0,1.0,2.0
rc102C10,4,10,phased,4,grasp,0.0011658000003080815,2477.2335205245454,457.01687905917294,162.02166414653723,4.0,2.0,0.0
rc102C10,4,10,phased,4,mp_eavns,0.0336643999980879,818.4598413725607,418.45984137256073,0.0,4.0,1.0,0.0
rc102C10,4,10,all,4,edd,6.400001439033076e-06,2001845.8149314646,537.3804929927463,80.84344384718132,5.0,2.0,2.0
rc102C10,4,10,all,4,sweep,5.900001269765198e-06,2001067.2531171641,418.758784751256,24.8494332412792,4.0,1.0,2.0
rc102C10,4,10,all,4,nearest,2.2199998056748882e-05,2004303.085086428,491.9207496879038,331.1164336740207,5.0,1.0,2.0
rc102C10,4,10,all,4,grasp,0.0015826000017113984,2588.4649953076014,532.6351161038153,155.58298792037857,5.0,3.0,0.0
rc102C10,4,10,all,4,mp_eavns,0.031038199998874916,818.4598413725607,418.45984137256073,0.0,4.0,1.0,0.0
rc103_21,1,25,depot,1,edd,1.2700002116616815e-05,7002164.760081349,1064.7600813488596,0.0,11.0,0.0,7.0
rc103_21,1,25,depot,1,sweep,7.200000254670158e-06,3003326.41855523,990.4727708800376,123.59457843499958,11.0,0.0,3.0
rc103_21,1,25,depot,1,nearest,7.259999983943999e-05,3006722.8948935005,876.8114032887432,484.60834902119643,10.0,0.0,3.0
rc103_21,1,25,depot,1,grasp,0.00689540000166744,2002421.6842350303,899.9762561282575,52.17079789020971,10.0,0.0,2.0
rc103_21,1,25,depot,1,mp_eavns,0.10988369999904535,1001685.655118384,785.6551183840415,0.0,9.0,0.0,1.0
rc103_21,1,25,phased,6,edd,1.1399999493733048e-05,1002176.6736324533,1076.6736324532858,0.0,11.0,4.0,1.0
rc103_21,1,25,phased,6,sweep,9.60000033956021e-06,1003328.7961574047,992.8503730546663,123.59457843499958,11.0,2.0,1.0
rc103_21,1,25,phased,6,nearest,7.419999747071415e-05,6723.387859768163,877.3043695561993,484.60834902119643,10.0,3.0,0.0
rc103_21,1,25,phased,6,grasp,0.009012600003188709,2235.3674211531525,946.3406146559763,28.902680649717638,10.0,2.0,0.0
rc103_21,1,25,phased,6,mp_eavns,0.15278209999814862,1664.6670994346146,764.6670994346147,0.0,9.0,2.0,0.0
rc103_21,1,25,all,21,edd,1.3900000340072438e-05,1002176.6736324533,1076.6736324532858,0.0,11.0,4.0,1.0
rc103_21,1,25,all,21,sweep,1.089999932446517e-05,1003328.7961574047,992.8503730546663,123.59457843499958,11.0,2.0,1.0
rc103_21,1,25,all,21,nearest,7.720000212430023e-05,6723.387859768163,877.3043695561993,484.60834902119643,10.0,3.0,0.0
rc103_21,1,25,all,21,grasp,0.011910199998965254,2753.2810736916167,900.4928677306195,85.2788205960997,10.0,2.0,0.0
rc103_21,1,25,all,21,mp_eavns,0.206816500001878,1656.402386392433,756.4023863924331,0.0,9.0,2.0,0.0
rc103_21,2,50,depot,1,edd,2.1600000764010474e-05,13010613.515254738,2455.8018020236527,585.7713452714855,23.0,2.0,13.0
rc103_21,2,50,depot,1,sweep,1.2900000001536682e-05,7006784.0313733695,2024.0882490637894,255.99431243060263,22.0,0.0,7.0
rc103_21,2,50,depot,1,nearest,0.00022110000281827524,8011048.670412833,1755.2418613645243,749.3428551468232,18.0,0.0,8.0
rc103_21,2,50,depot,1,grasp,0.04189540000152192,5009214.850301154,1941.820046992947,537.3030254160773,19.0,2.0,5.0
rc103_21,2,50,depot,1,mp_eavns,0.8073377000000619,3003396.893261088,1596.8932610878926,0.0,18.0,0.0,3.0
rc103_21,2,50,phased,11,edd,2.4100001610349864e-05,7010506.809685139,2477.635230399394,572.91744547392,23.0,7.0,7.0
rc103_21,2,50,phased,11,sweep,1.7300000763498247e-05,2006819.7607913313,2059.8176670252906,255.99431243060263,22.0,5.0,2.0
rc103_21,2,50,phased,11,nearest,0.00022629999875789508,12299.938163434419,1768.0521661714033,873.1885997263016,18.0,7.0,0.0
rc103_21,2,50,phased,11,grasp,0.06786490000013146,4847.418101951721,2033.942309642829,81.34757923088921,20.0,10.0,0.0
rc103_21,2,50,phased,11,mp_eavns,1.1476572999999917,3338.2318357989247,1538.2318357989247,0.0,18.0,4.0,0.0
rc103_21,2,50,all,21,edd,2.4600001779617742e-05,7010506.809685139,2477.635230399394,572.91744547392,23.0,7.0,7.0
rc103_21,2,50,all,21,sweep,2.8599999495781958e-05,2006819.7607913313,2059.8176670252906,255.99431243060263,22.0,5.0,2.0
rc103_21,2,50,all,21,nearest,0.0002285999980813358,12299.938163434419,1768.0521661714033,873.1885997263016,18.0,7.0,0.0
rc103_21,2,50,all,21,grasp,0.1162503999985347,5095.653938830376,1840.9254306966723,135.47285081337043,19.0,6.0,0.0
rc103_21,2,50,all,21,mp_eavns,1.2944129000024986,3330.5782644894666,1530.5782644894666,0.0,18.0,3.0,0.0
rc103_21,3,75,depot,1,edd,3.359999755048193e-05,18018037.243868113,3898.865249611619,1093.8378618499921,32.0,9.0,18.0
rc103_21,3,75,depot,1,sweep,1.7099999240599573e-05,10010429.146796519,2902.123772599384,432.7023023919956,32.0,0.0,10.0
rc103_21,3,75,depot,1,nearest,0.0004363000007288065,13016335.966277609,2703.20206081961,1093.276421678819,27.0,0.0,13.0
rc103_21,3,75,depot,1,grasp,0.1350086000020383,11010551.256223274,2997.3215293027038,485.39346939724476,27.0,4.0,11.0
rc103_21,3,75,depot,1,mp_eavns,2.085645499999373,6005050.210467762,2350.2104677625166,0.0,27.0,0.0,6.0
rc103_21,3,75,phased,16,edd,3.4199998481199145e-05,3019468.6009230884,3899.857254214359,1236.8743668873788,32.0,24.0,3.0
rc103_21,3,75,phased,16,sweep,2.090000270982273e-05,2010469.461691755,2942.438667835222,432.7023023919956,32.0,8.0,2.0
rc103_21,3,75,phased,16,nearest,0.000436700000136625,2017165.7288195882,2711.8371540973203,1175.3891665490867,27.0,10.0,2.0
rc103_21,3,75,phased,16,grasp,0.3045897000010882,9831.360329282259,2964.518367929173,406.6841961353085,28.0,15.0,0.0
rc103_21,3,75,phased,16,mp_eavns,3.381369900002028,4948.224590171673,2248.2245901716733,0.0,27.0,6.0,0.0
rc103_21,3,75,all,21,edd,3.4500000765547156e-05,3019468.6009230884,3899.857254214359,1236.8743668873788,32.0,24.0,3.0
rc103_21,3,75,all,21,sweep,1.979999797185883e-05,2010469.461691755,2942.438667835222,432.7023023919956,32.0,8.0,2.0
rc103_21,3,75,all,21,nearest,0.00045429999954649247,2017165.7288195882,2711.8371540973203,1175.3891665490867,27.0,10.0,2.0
rc103_21,3,75,all,21,grasp,0.32469879999916884,13798.501754588733,3250.9683814900086,764.7533373098724,29.0,18.0,0.0
rc103_21,3,75,all,21,mp_eavns,4.930812700000388,5026.237338648809,2326.237338648809,0.0,27.0,6.0,0.0
rc103_21,4,100,depot,1,edd,3.769999966607429e-05,26019016.032868322,5283.630112565106,953.2402755756555,42.0,14.0,26.0
rc103_21,4,100,depot,1,sweep,2.2700001863995567e-05,11014088.082577573,3657.442752842762,623.0639824730195,42.0,0.0,11.0
rc103_21,4,100,depot,1,nearest,0.0007407000011880882,13017405.065447107,3549.9840852381267,1025.5081361867956,36.0,2.0,13.0
rc103_21,4,100,depot,1,grasp,0.2654514999994717,11012184.134236142,3892.771539517181,469.1362696625693,36.0,5.0,11.0
rc103_21,4,100,depot,1,mp_eavns,4.730307800000446,6006555.5253681755,2955.5253681750237,0.0,36.0,0.0,6.0
rc103_21,4,100,phased,21,edd,4.529999932856299e-05,6022408.730275623,5218.597194432042,1299.0133081190734,42.0,29.0,6.0
rc103_21,4,100,phased,21,sweep,2.680000034160912e-05,2014128.748978855,3698.1091541249702,623.0639824730195,42.0,9.0,2.0
rc103_21,4,100,phased,21,nearest,0.000734799999918323,1018803.920656862,3559.8542562773778,1164.4066400584588,36.0,14.0,1.0
rc103_21,4,100,phased,21,grasp,0.7358375000003434,13452.081768818856,4139.158511117128,561.2923257701729,37.0,24.0,0.0
rc103_21,4,100,phased,21,mp_eavns,8.073921200000768,6457.502008185849,2857.502008185849,0.0,36.0,6.0,0.0
rc103_21,4,100,all,21,edd,4.020000051241368e-05,6022408.730275623,5218.597194432042,1299.0133081190734,42.0,29.0,6.0
rc103_21,4,100,all,21,sweep,2.470000254106708e-05,2014128.748978855,3698.1091541249702,623.0639824730195,42.0,9.0,2.0
rc103_21,4,100,all,21,nearest,0.0007617000010213815,1018803.920656862,3559.8542562773778,1164.4066400584588,36.0,14.0,1.0
rc103_21,4,100,all,21,grasp,0.6173932999990939,1013832.513194008,4171.543299353732,596.0969894654278,37.0,22.0,1.0
rc103_21,4,100,all,21,mp_eavns,9.499587400001474,6554.499233295726,2954.499233295726,0.0,36.0,7.0,0.0
rc103C15,1,4,depot,1,edd,7.800001185387373e-06,355.9989383473421,155.99893834734212,0.0,2.0,0.0,0.0
rc103C15,1,4,depot,1,sweep,3.1000017770566046e-06,1755.8006239494582,118.73562363793346,143.70650003115247,2.0,0.0,0.0
rc103C15,1,4,depot,1,nearest,1.1000000085914508e-05,2342.1187915033315,156.3380791952832,198.57807123080482,2.0,0.0,0.0
rc103C15,1,4,depot,1,grasp,0.00021779999951831996,305.8452003868715,105.84520038687154,0.0,2.0,0.0,0.0
rc103C15,1,4,depot,1,mp_eavns,0.0037441000022226945,305.8452003868715,105.84520038687154,0.0,2.0,0.0,0.0
rc103C15,1,4,phased,2,edd,4.2000028770416975e-06,355.9989383473421,155.99893834734212,0.0,2.0,0.0,0.0
rc103C15,1,4,phased,2,sweep,3.5999983083456755e-06,1755.8006239494582,118.73562363793346,143.70650003115247,2.0,0.0,0.0
rc103C15,1,4,phased,2,nearest,8.899998647393659e-06,2342.1187915033315,156.3380791952832,198.57807123080482,2.0,0.0,0.0
rc103C15,1,4,phased,2,grasp,0.00020900000163237564,305.8452003868715,105.84520038687154,0.0,2.0,0.0,0.0
rc103C15,1,4,phased,2,mp_eavns,0.0036140000011073425,305.8452003868715,105.84520038687154,0.0,2.0,0.0,0.0
rc103C15,1,4,all,5,edd,4.099998477613553e-06,355.9989383473421,155.99893834734212,0.0,2.0,0.0,0.0
rc103C15,1,4,all,5,sweep,2.9000002541579306e-06,1755.8006239494582,118.73562363793346,143.70650003115247,2.0,0.0,0.0
rc103C15,1,4,all,5,nearest,9.100000170292333e-06,2342.1187915033315,156.3380791952832,198.57807123080482,2.0,0.0,0.0
rc103C15,1,4,all,5,grasp,0.0002227000004495494,355.9989383473421,155.99893834734212,0.0,2.0,0.0,0.0
rc103C15,1,4,all,5,mp_eavns,0.004034499997942476,305.8452003868715,105.84520038687154,0.0,2.0,0.0,0.0
rc103C15,2,8,depot,1,edd,5.500001861946657e-06,4001044.6688681175,383.70594539024535,36.09629227270722,3.0,0.0,4.0
rc103C15,2,8,depot,1,sweep,3.9000005926936865e-06,1002003.9516818878,266.8866815763412,143.70650003115247,3.0,0.0,1.0
rc103C15,2,8,depot,1,nearest,1.8399998225504532e-05,1002681.7713668975,274.35862482397215,210.74127420734825,3.0,0.0,1.0
rc103C15,2,8,depot,1,grasp,0.0013704999983019661,1000569.9803639927,269.9803639927844,0.0,3.0,0.0,1.0
rc103C15,2,8,depot,1,mp_eavns,0.020871499997156207,1000524.9800461875,224.98004618747095,0.0,3.0,0.0,1.0
rc103C15,2,8,phased,3,edd,6.500002200482413e-06,1004333.2963518831,391.12689370564414,364.2169458177413,3.0,2.0,1.0
rc103C15,2,8,phased,3,sweep,5.40000110049732e-06,2003.9669940046138,266.9019936930889,143.70650003115247,3.0,1.0,0.0
rc103C15,2,8,phased,3,nearest,1.8299997464055195e-05,2681.7866790142025,274.3739369407199,210.74127420734825,3.0,1.0,0.0
rc103C15,2,8,phased,3,grasp,0.001721100001304876,635.6675806353819,335.66758063538185,0.0,3.0,2.0,0.0
rc103C15,2,8,phased,3,mp_eavns,0.023124299998016795,529.0344782874654,229.03447828746533,0.0,3.0,1.0,0.0
rc103C15,2,8,all,5,edd,5.699999746866524e-06,1004333.2963518831,391.12689370564414,364.2169458177413,3.0,2.0,1.0
rc103C15,2,8,all,5,sweep,5.49999822396785e-06,2003.9669940046138,266.9019936930889,143.70650003115247,3.0,1.0,0.0
rc103C15,2,8,all,5,nearest,1.799999881768599e-05,2681.7866790142025,274.3739369407199,210.74127420734825,3.0,1.0,0.0
rc103C15,2,8,all,5,grasp,0.001981299999897601,987.8918883543947,327.4511709507173,46.04407174036774,2.0,3.0,0.0
rc103C15,2,8,all,5,mp_eavns,0.023143300000810996,529.0344782874654,229.03447828746533,0.0,3.0,1.0,0.0
rc103C15,3,12,depot,1,edd,5.999998393235728e-06,2001727.9203459672,607.7393263163154,72.01810196508055,4.0,3.0,2.0
rc103C15,3,12,depot,1,sweep,4.499997885432094e-06,1002199.6236983336,362.558698022086,143.70650003115247,4.0,0.0,1.0
rc103C15,3,12,depot,1,nearest,2.719999974942766e-05,3002987.6141976407,480.2014555672483,210.74127420734825,4.0,0.0,3.0
rc103C15,3,12,depot,1,grasp,0.0029549999999289867,1003609.4634452888,590.2104954530433,261.92529498357374,4.0,3.0,1.0
rc103C15,3,12,depot,1,mp_eavns,0.04838659999950323,1000763.3864295142,363.38642951411083,0.0,4.0,0.0,1.0
rc103C15,3,12,phased,4,edd,7.99999907030724e-06,1001738.6360288253,618.4550091744804,72.01810196508055,4.0,5.0,1.0
rc103C15,3,12,phased,4,sweep,6.099999154685065e-06,2203.6829962527677,366.61799594124307,143.70650003115247,4.0,1.0,0.0
rc103C15,3,12,phased,4,nearest,2.7400001272326335e-05,1003241.6229353015,493.28522508413,234.83377102173418,4.0,2.0,1.0
rc103C15,3,12,phased,4,grasp,0.0036089999994146638,813.5398858197434,413.5398858197434,0.0,4.0,1.0,0.0
rc103C15,3,12,phased,4,mp_eavns,0.05696109999917098,806.5776269316867,406.5776269316867,0.0,4.0,2.0,0.0
rc103C15,3,12,all,5,edd,6.199999916134402e-06,1001738.6360288253,618.4550091744804,72.01810196508055,4.0,5.0,1.0
rc103C15,3,12,all,5,sweep,5.40000110049732e-06,2203.6829962527677,366.61799594124307,143.70650003115247,4.0,1.0,0.0
rc103C15,3,12,all,5,nearest,2.5200002710334957e-05,1003241.6229353015,493.28522508413,234.83377102173418,4.0,2.0,1.0
rc103C15,3,12,all,5,grasp,0.003734099998837337,1699.789940793473,515.7670502235206,78.40228905699524,4.0,3.0,0.0
rc103C15,3,12,all,5,mp_eavns,0.06328100000246195,806.5776269316867,406.5776269316867,0.0,4.0,2.0,0.0
rc103C15,4,15,depot,1,edd,8.499999239575118e-06,5004340.654140133,753.9713810727615,308.6682759060268,5.0,3.0,5.0
rc103C15,4,15,depot,1,sweep,4.999998054699972e-06,1002381.868187531,444.8031872194405,143.70650003115247,5.0,0.0,1.0
rc103C15,4,15,depot,1,nearest,3.619999915827066e-05,4003193.251969221,585.8392271475439,210.74127420734825,5.0,1.0,4.0
rc103C15,4,15,depot,1,grasp,0.005583400001341943,1003343.6277771982,703.0680732259224,214.05597039722684,5.0,3.0,1.0
rc103C15,4,15,depot,1,mp_eavns,0.09284820000175387,1000942.3699452094,442.3699452094093,0.0,5.0,0.0,1.0
rc103C15,4,15,phased,5,edd,9.999999747378752e-06,5003759.538690575,747.6450093045584,251.1893681270693,5.0,3.0,5.0
rc103C15,4,15,phased,5,sweep,7.90000194683671e-06,2385.9274854501223,448.86248513859755,143.70650003115247,5.0,1.0,0.0
rc103C15,4,15,phased,5,nearest,3.9299997297348455e-05,4272.530844981704,599.6491032560442,317.28817417256596,5.0,3.0,0.0
rc103C15,4,15,phased,5,grasp,0.008050600001297425,2035.6727190461816,725.402960957258,81.02697580889236,5.0,6.0,0.0
rc103C15,4,15,phased,5,mp_eavns,0.1190829000006488,983.653500317683,483.6535003176829,0.0,5.0,2.0,0.0
rc103C15,4,15,all,5,edd,9.399998816661537e-06,5003759.538690575,747.6450093045584,251.1893681270693,5.0,3.0,5.0
rc103C15,4,15,all,5,sweep,8.600000001024455e-06,2385.9274854501223,448.86248513859755,143.70650003115247,5.0,1.0,0.0
rc103C15,4,15,all,5,nearest,3.909999941242859e-05,4272.530844981704,599.6491032560442,317.28817417256596,5.0,3.0,0.0
rc103C15,4,15,all,5,grasp,0.008476799997879425,2143.5311538619126,739.809717022318,90.37214368395948,5.0,6.0,0.0
rc103C15,4,15,all,5,mp_eavns,0.11811859999943408,947.8401444359237,447.84014443592366,0.0,5.0,1.0,0.0
rc104_21,1,25,depot,1,edd,1.3200002285884693e-05,6002120.329188583,1020.329188583225,0.0,11.0,0.0,6.0
rc104_21,1,25,depot,1,sweep,7.599999662488699e-06,3002473.630349269,990.4727708800376,38.31575783889987,11.0,0.0,3.0
rc104_21,1,25,depot,1,nearest,7.439999899361283e-05,3003899.4664111463,876.8114032887432,202.2655007857699,10.0,0.0,3.0
rc104_21,1,25,depot,1,grasp,0.006411800000932999,1002173.8670928122,952.4533041655561,22.14137886466068,10.0,1.0,1.0
rc104_21,1,25,depot,1,mp_eavns,0.10712799999964773,1001651.3372065306,751.3372065306529,0.0,9.0,0.0,1.0
rc104_21,1,25,phased,6,edd,1.3799999578623101e-05,2798.4150785922784,1047.2628148691128,65.11522637231656,11.0,5.0,0.0
rc104_21,1,25,phased,6,sweep,9.499999578110874e-06,1002476.0079514437,992.8503730546663,38.31575783889987,11.0,2.0,1.0
rc104_21,1,25,phased,6,nearest,7.609999738633633e-05,3899.959377413898,877.3043695561993,202.2655007857699,10.0,3.0,0.0
rc104_21,1,25,phased,6,grasp,0.008722899998247158,1886.3439657087647,886.3439657087648,0.0,10.0,3.0,0.0
rc104_21,1,25,phased,6,mp_eavns,0.1540411000023596,1660.298448989176,760.298448989176,0.0,9.0,2.0,0.0
rc104_21,1,25,all,21,edd,1.3100001524435356e-05,2797.720167532879,1046.567903809713,65.11522637231656,11.0,5.0,0.0
rc104_21,1,25,all,21,sweep,1.460000203223899e-05,1002476.0079514437,992.8503730546663,38.31575783889987,11.0,2.0,1.0
rc104_21,1,25,all,21,nearest,7.709999772487208e-05,3899.959377413898,877.3043695561993,202.2655007857699,10.0,3.0,0.0
rc104_21,1,25,all,21,grasp,0.010644400001183385,1930.465586159999,930.4655861599989,0.0,10.0,3.0,0.0
rc104_21,1,25,all,21,mp_eavns,0.17447600000014063,1663.149183872837,763.149183872837,0.0,9.0,1.0,0.0
rc104_21,2,50,depot,1,edd,2.049999966402538e-05,14006517.08288748,2533.710258858033,178.33726286228057,22.0,2.0,14.0
rc104_21,2,50,depot,1,sweep,1.2300002708798274e-05,7004662.064620445,2024.0882490637894,43.79763713803321,22.0,0.0,7.0
rc104_21,2,50,depot,1,nearest,0.00020769999900949188,8006394.466770341,1755.2418613645243,283.92249089757036,18.0,0.0,8.0
rc104_21,2,50,depot,1,grasp,0.04642199999943841,5004117.955155049,1848.694665499082,46.926048955039505,18.0,2.0,5.0
rc104_21,2,50,depot,1,mp_eavns,0.6214335000004212,3003348.950583142,1548.950583142004,0.0,18.0,0.0,3.0
rc104_21,2,50,phased,11,edd,2.2100000933278352e-05,8005978.105296939,2547.4369861232744,123.0668310815795,22.0,7.0,8.0
rc104_21,2,50,phased,11,sweep,1.4700002793688327e-05,2004697.7940384056,2059.8176670252906,43.79763713803321,22.0,5.0,2.0
rc104_21,2,50,phased,11,nearest,0.0002238000015495345,6989.296669368836,1768.0521661714033,342.1244503197433,18.0,7.0,0.0
rc104_21,2,50,phased,11,grasp,0.06157399999938207,4606.842093970363,1878.7555735035153,82.80865204668481,19.0,8.0,0.0
rc104_21,2,50,phased,11,mp_eavns,1.3178889000009804,3346.8185422071438,1546.818542207144,0.0,18.0,4.0,0.0
rc104_21,2,50,all,21,edd,2.1299998479662463e-05,8005978.105296939,2547.4369861232744,123.0668310815795,22.0,7.0,8.0
rc104_21,2,50,all,21,sweep,1.5000001440057531e-05,2004697.7940384056,2059.8176670252906,43.79763713803321,22.0,5.0,2.0
rc104_21,2,50,all,21,nearest,0.00021500000002561137,6989.296669368836,1768.0521661714033,342.1244503197433,18.0,7.0,0.0
rc104_21,2,50,all,21,grasp,0.0776557999997749,3846.521510184628,2046.521510184628,0.0,18.0,12.0,0.0
rc104_21,2,50,all,21,mp_eavns,1.3778418000001693,3385.8365667266553,1585.8365667266555,0.0,18.0,3.0,0.0
rc104_21,3,75,depot,1,edd,3.179999839630909e-05,18013678.779407434,4137.004245646001,634.1775161789992,32.0,11.0,18.0
rc104_21,3,75,depot,1,sweep,1.729999712551944e-05,10006540.10014398,2902.123772599384,43.79763713803321,32.0,0.0,10.0
rc104_21,3,75,depot,1,nearest,0.0004377000004751608,13008652.038320305,2703.20206081961,324.88362594860644,27.0,0.0,13.0
rc104_21,3,75,depot,1,grasp,0.09903710000071442,11007029.322780157,3021.149720978502,130.81730591781866,27.0,3.0,11.0
rc104_21,3,75,depot,1,mp_eavns,1.877024999997957,6005027.577616271,2327.5776162707407,0.0,27.0,0.0,6.0
rc104_21,3,75,phased,16,edd,3.900000228895806e-05,6013049.48668885,4083.13722041158,576.6349468438547,32.0,23.0,6.0
rc104_21,3,75,phased,16,sweep,2.229999881819822e-05,2006580.4150392155,2942.438667835222,43.79763713803321,32.0,8.0,2.0
rc104_21,3,75,phased,16,nearest,0.0004380999998829793,2008660.6734135833,2711.8371540973203,324.88362594860644,27.0,10.0,2.0
rc104_21,3,75,phased,16,grasp,0.18928659999801312,5799.968758481005,2965.9375161066764,3.4031242374328485,28.0,13.0,0.0
rc104_21,3,75,phased,16,mp_eavns,3.5557120999983454,4950.781344275329,2250.7813442753286,0.0,27.0,5.0,0.0
rc104_21,3,75,all,21,edd,3.5099998058285564e-05,6013049.48668885,4083.13722041158,576.6349468438547,32.0,23.0,6.0
rc104_21,3,75,all,21,sweep,2.0299998141126707e-05,2006580.4150392155,2942.438667835222,43.79763713803321,32.0,8.0,2.0
rc104_21,3,75,all,21,nearest,0.0004282000008970499,2008660.6734135833,2711.8371540973203,324.88362594860644,27.0,10.0,2.0
rc104_21,3,75,all,21,grasp,0.2406604999996489,6868.234715824308,2926.128133338405,114.21065824859039,28.0,14.0,0.0
rc104_21,3,75,all,21,mp_eavns,5.005755499998486,5012.441270704199,2312.4412707041993,0.0,27.0,6.0,0.0
rc104_21,4,100,depot,1,edd,3.740000101970509e-05,24017764.768954907,5237.831263517507,832.6937691387379,42.0,11.0,24.0
rc104_21,4,100,depot,1,sweep,2.2700001863995567e-05,11008307.614568796,3657.442752842762,45.01718159532609,42.0,0.0,11.0
rc104_21,4,100,depot,1,nearest,0.0007302999983949121,13011470.9010228,3549.9840852381267,432.0916937561029,36.0,2.0,13.0
rc104_21,4,100,depot,1,grasp,0.2026374000015494,12013468.190193802,3914.507579818347,585.3682613983697,37.0,6.0,12.0
rc104_21,4,100,depot,1,mp_eavns,3.9182983999999124,6006516.6956605045,2916.695660504515,0.0,36.0,0.0,6.0
rc104_21,4,100,phased,21,edd,4.400000034365803e-05,6018912.233495702,5167.620917675188,954.4612578026415,42.0,27.0,6.0
rc104_21,4,100,phased,21,sweep,2.519999907235615e-05,2008348.2809700782,3698.1091541249702,45.01718159532609,42.0,9.0,2.0
rc104_21,4,100,phased,21,nearest,0.000741700001526624,1011722.2496489162,3559.8542562773778,456.2395392638805,36.0,14.0,1.0
rc104_21,4,100,phased,21,grasp,0.4727964999983669,10922.923407268841,3954.173565676757,326.8749841592084,37.0,18.0,0.0
rc104_21,4,100,phased,21,mp_eavns,7.566070900000341,6464.838340059561,2864.8383400595612,0.0,36.0,5.0,0.0
rc104_21,4,100,all,21,edd,4.0800001443130895e-05,6018912.233495702,5167.620917675188,954.4612578026415,42.0,27.0,6.0
rc104_21,4,100,all,21,sweep,2.6300000172341242e-05,2008348.2809700782,3698.1091541249702,45.01718159532609,42.0,9.0,2.0
rc104_21,4,100,all,21,nearest,0.0007326000013563316,1011722.2496489162,3559.8542562773778,456.2395392638805,36.0,14.0,1.0
rc104_21,4,100,all,21,grasp,0.5789000000004307,10707.741238166673,4178.321525902884,282.941971226379,37.0,22.0,0.0
rc104_21,4,100,all,21,mp_eavns,8.733600400002615,6554.837061036372,2954.837061036372,0.0,36.0,7.0,0.0
rc105_21,1,25,depot,1,edd,1.6099998902063817e-05,6003097.509069502,1094.3008449234742,90.32082245786407,11.0,0.0,6.0
rc105_21,1,25,depot,1,sweep,7.599999662488699e-06,3006668.1335802563,990.4727708800376,457.76608093760296,11.0,0.0,3.0
rc105_21,1,25,depot,1,nearest,7.410000034724362e-05,3008939.493403163,876.8114032887432,706.2681999873998,10.0,0.0,3.0
rc105_21,1,25,depot,1,grasp,0.008369999999558786,1004913.3240145412,999.8694013699663,291.34546131712983,10.0,1.0,1.0
rc105_21,1,25,depot,1,mp_eavns,0.088066100001015,1001666.9166944491,766.9166944491104,0.0,9.0,0.0,1.0
rc105_21,1,25,phased,6,edd,1.1500000255182385e-05,3003607.238869271,1109.580542345883,139.76583269249724,11.0,2.0,3.0
rc105_21,1,25,phased,6,sweep,8.700000762473792e-06,1006670.5111824307,992.8503730546663,457.76608093760296,11.0,2.0,1.0
rc105_21,1,25,phased,6,nearest,7.31999971321784e-05,8939.986369430197,877.3043695561993,706.2681999873998,10.0,3.0,0.0
rc105_21,1,25,phased,6,grasp,0.009438900000532158,3603.759427741133,974.2597602816915,162.94996674594415,10.0,4.0,0.0
rc105_21,1,25,phased,6,mp_eavns,0.1629004000023997,1774.778644196264,774.7786441962638,0.0,10.0,1.0,0.0
rc105_21,1,25,all,21,edd,1.1699998140102252e-05,3003607.238869271,1109.580542345883,139.76583269249724,11.0,2.0,3.0
rc105_21,1,25,all,21,sweep,9.300001693191007e-06,1006670.5111824307,992.8503730546663,457.76608093760296,11.0,2.0,1.0
rc105_21,1,25,all,21,nearest,7.230000119307078e-05,8939.986369430197,877.3043695561993,706.2681999873998,10.0,3.0,0.0
rc105_21,1,25,all,21,grasp,0.01446120000036899,2043.5469918708627,986.2384993936217,5.730849247724109,10.0,4.0,0.0
rc105_21,1,25,all,21,mp_eavns,0.230339500001719,1808.396775477698,808.3967754776979,0.0,10.0,2.0,0.0
rc105_21,2,50,depot,1,edd,1.8599999748403206e-05,17012119.397770792,2703.3094762436544,721.6088294549216,22.0,4.0,17.0
rc105_21,2,50,depot,1,sweep,1.2900000001536682e-05,7010644.3051731605,2024.0882490637894,642.0216924096735,22.0,0.0,7.0
rc105_21,2,50,depot,1,nearest,0.00021109999943291768,8014908.647034479,1755.2418613645243,1135.3405173115032,18.0,0.0,8.0
rc105_21,2,50,depot,1,grasp,0.057662100000015926,4007339.306971319,1857.259463639943,368.2047507679125,18.0,2.0,4.0
rc105_21,2,50,depot,1,mp_eavns,0.8745204000006197,3003386.0033040303,1586.0033040302685,0.0,18.0,0.0,3.0
rc105_21,2,50,phased,11,edd,2.130000211764127e-05,6011502.097260517,2664.454833789254,663.7642426727424,22.0,12.0,6.0
rc105_21,2,50,phased,11,sweep,1.5699999494245276e-05,2010680.034591122,2059.8176670252906,642.0216924096735,22.0,5.0,2.0
rc105_21,2,50,phased,11,nearest,0.00021670000205631368,16459.91478508122,1768.0521661714033,1289.1862618909815,18.0,7.0,0.0
rc105_21,2,50,phased,11,grasp,0.08528250000017579,6495.465612693739,1836.100783152977,275.93648295407615,19.0,6.0,0.0
rc105_21,2,50,phased,11,mp_eavns,1.2487720999997691,3359.1173195553283,1559.1173195553285,0.0,18.0,3.0,0.0
rc105_21,2,50,all,21,edd,1.9900002371286973e-05,6011502.097260517,2664.454833789254,663.7642426727424,22.0,12.0,6.0
rc105_21,2,50,all,21,sweep,1.3599998055724427e-05,2010680.034591122,2059.8176670252906,642.0216924096735,22.0,5.0,2.0
rc105_21,2,50,all,21,nearest,0.00020370000129332766,16459.91478508122,1768.0521661714033,1289.1862618909815,18.0,7.0,0.0
rc105_21,2,50,all,21,grasp,0.1119314999996277,8717.865961945305,2026.926294028745,479.09396679165604,19.0,11.0,0.0
rc105_21,2,50,all,21,mp_eavns,1.173924499998975,3365.1303108611655,1565.1303108611655,0.0,18.0,3.0,0.0
rc105_21,3,75,depot,1,edd,3.5099998058285564e-05,25021383.671384186,4255.895710405801,1382.7775673780209,33.0,11.0,25.0
rc105_21,3,75,depot,1,sweep,1.790000169421546e-05,10017882.809890606,2902.123772599384,1178.0686118006633,32.0,0.0,10.0
rc105_21,3,75,depot,1,nearest,0.00048690000039641745,13021252.549638122,2698.07780881773,1585.4471829303793,27.0,0.0,13.0
rc105_21,3,75,depot,1,grasp,0.14711019999958808,11021572.36200427,3147.111761769801,1552.5250242501324,29.0,4.0,11.0
rc105_21,3,75,depot,1,mp_eavns,2.156806399998459,6005059.854156768,2359.8541567678026,0.0,27.0,0.0,6.0
rc105_21,3,75,phased,16,edd,3.6200002796249464e-05,5022837.64083474,4175.798374978349,1536.1842459761685,33.0,23.0,5.0
rc105_21,3,75,phased,16,sweep,2.099999983329326e-05,2017923.124785842,2942.438667835222,1178.0686118006633,32.0,8.0,2.0
rc105_21,3,75,phased,16,nearest,0.00043290000030538067,2022084.0166796322,2701.2402961668704,1668.2776383465316,27.0,10.0,2.0
rc105_21,3,75,phased,16,grasp,0.3484415999992052,1012916.5802943481,3136.9301052211918,697.9650189126874,28.0,15.0,1.0
rc105_21,3,75,phased,16,mp_eavns,3.7119516000020667,5089.75372505036,2388.332368813051,0.142135623730951,27.0,8.0,0.0
rc105_21,3,75,all,21,edd,3.479999941191636e-05,5022773.556060359,4170.654214267258,1530.290184609133,33.0,23.0,5.0
rc105_21,3,75,all,21,sweep,2.0800001948373392e-05,2017923.124785842,2942.438667835222,1178.0686118006633,32.0,8.0,2.0
rc105_21,3,75,all,21,nearest,0.00043929999810643494,2022084.0166796322,2701.2402961668704,1668.2776383465316,27.0,10.0,2.0
rc105_21,3,75,all,21,grasp,0.37841349999871454,1017098.7966624579,3184.473715917892,1101.4322946539978,29.0,16.0,1.0
rc105_21,3,75,all,21,mp_eavns,5.048637899999449,5036.311742176445,2336.3117421764446,0.0,27.0,6.0,0.0
rc105_21,4,100,depot,1,edd,3.740000101970509e-05,34019794.10219245,5592.550322432604,970.155187001676,45.0,11.0,34.0
rc105_21,4,100,depot,1,sweep,2.3399999918183312e-05,11021993.331220146,3657.442752842762,1413.5888467303637,42.0,0.0,11.0
rc105_21,4,100,depot,1,nearest,0.0007183999987319112,13024389.415039105,3549.9840852381267,1723.9430953867843,36.0,2.0,13.0
rc105_21,4,100,depot,1,grasp,0.26967359999980545,14018429.580033185,4011.6086579135595,1071.7971375271252,37.0,6.0,14.0
rc105_21,4,100,depot,1,mp_eavns,5.257567499997094,5006667.923424391,2967.923424391006,0.0,37.0,0.0,5.0
rc105_21,4,100,phased,21,edd,4.659999831346795e-05,11025049.251314143,5498.9643797013805,1505.028693444117,45.0,28.0,11.0
rc105_21,4,100,phased,21,sweep,2.5299999833805487e-05,2022033.9976214287,3698.1091541249702,1413.5888467303637,42.0,9.0,2.0
rc105_21,4,100,phased,21,nearest,0.0007262999970407691,1025688.2702488619,3559.8542562773778,1852.8415992584478,36.0,14.0,1.0
rc105_21,4,100,phased,21,grasp,0.6905437999994319,1016368.2273679635,3764.3384948427265,900.3888873120758,36.0,16.0,1.0
rc105_21,4,100,phased,21,mp_eavns,10.11527720000231,6616.585122786693,3015.163766549384,0.142135623730951,36.0,8.0,0.0
rc105_21,4,100,all,21,edd,3.849999848171137e-05,11025049.251314143,5498.9643797013805,1505.028693444117,45.0,28.0,11.0
rc105_21,4,100,all,21,sweep,2.550000135670416e-05,2022033.9976214287,3698.1091541249702,1413.5888467303637,42.0,9.0,2.0
rc105_21,4,100,all,21,nearest,0.0007379999988188501,1025688.2702488619,3559.8542562773778,1852.8415992584478,36.0,14.0,1.0
rc105_21,4,100,all,21,grasp,0.8117124000018521,1018392.0224413369,3890.388579547371,1090.1633861789574,36.0,21.0,1.0
rc105_21,4,100,all,21,mp_eavns,7.209787400002824,6526.245629715019,2926.2456297150193,0.0,36.0,6.0,0.0
rc105C5,1,2,depot,1,edd,7.599999662488699e-06,167.52631635038517,67.52631635038516,0.0,1.0,0.0,0.0
rc105C5,1,2,depot,1,sweep,2.5000008463393897e-06,167.52631635038517,67.52631635038516,0.0,1.0,0.0,0.0
rc105C5,1,2,depot,1,nearest,8.39999847812578e-06,259.88015696709857,67.52631635038517,9.23538406167134,1.0,0.0,0.0
rc105C5,1,2,depot,1,grasp,0.00013100000069243833,167.52631635038517,67.52631635038516,0.0,1.0,0.0,0.0
rc105C5,1,2,depot,1,mp_eavns,0.0009915000009641517,167.52631635038517,67.52631635038516,0.0,1.0,0.0,0.0
rc105C5,1,2,phased,2,edd,1.7999991541728377e-06,167.52631635038517,67.52631635038516,0.0,1.0,0.0,0.0
rc105C5,1,2,phased,2,sweep,1.7999991541728377e-06,167.52631635038517,67.52631635038516,0.0,1.0,0.0,0.0
rc105C5,1,2,phased,2,nearest,3.7999998312443495e-06,259.88015696709857,67.52631635038517,9.23538406167134,1.0,0.0,0.0
rc105C5,1,2,phased,2,grasp,0.00011299999823677354,167.52631635038517,67.52631635038516,0.0,1.0,0.0,0.0
rc105C5,1,2,phased,2,mp_eavns,0.0010583000002952758,167.52631635038517,67.52631635038516,0.0,1.0,0.0,0.0
rc105C5,1,2,all,4,edd,2.6999987312592566e-06,167.52631635038517,67.52631635038516,0.0,1.0,0.0,0.0
rc105C5,1,2,all,4,sweep,2.2999993234407157e-06,167.52631635038517,67.52631635038516,0.0,1.0,0.0,0.0
rc105C5,1,2,all,4,nearest,5.699999746866524e-06,259.88015696709857,67.52631635038517,9.23538406167134,1.0,0.0,0.0
rc105C5,1,2,all,4,grasp,0.00010860000111279078,167.52631635038517,67.52631635038516,0.0,1.0,0.0,0.0
rc105C5,1,2,all,4,mp_eavns,0.0009818999969866127,167.52631635038517,67.52631635038516,0.0,1.0,0.0,0.0
rc105C5,2,3,depot,1,edd,2.7999994927085936e-06,347.6877395980605,147.68773959806052,0.0,2.0,0.0,0.0
rc105C5,2,3,depot,1,sweep,2.0999978005420417e-06,337.5263163503852,137.52631635038517,0.0,2.0,0.0,0.0
rc105C5,2,3,depot,1,nearest,6.199999916134402e-06,429.88015696709857,137.52631635038517,9.23538406167134,2.0,0.0,0.0
rc105C5,2,3,depot,1,grasp,0.00016079999841167592,337.5263163503852,137.52631635038517,0.0,2.0,0.0,0.0
rc105C5,2,3,depot,1,mp_eavns,0.0021188999999139924,337.5263163503852,137.52631635038517,0.0,2.0,0.0,0.0
rc105C5,2,3,phased,3,edd,2.0999978005420417e-06,347.6877395980605,147.68773959806052,0.0,2.0,0.0,0.0
rc105C5,2,3,phased,3,sweep,1.7999991541728377e-06,337.5263163503852,137.52631635038517,0.0,2.0,0.0,0.0
rc105C5,2,3,phased,3,nearest,5.199999577598646e-06,429.88015696709857,137.52631635038517,9.23538406167134,2.0,0.0,0.0
rc105C5,2,3,phased,3,grasp,0.00015279999934136868,337.5263163503852,137.52631635038517,0.0,2.0,0.0,0.0
rc105C5,2,3,phased,3,mp_eavns,0.001977799998712726,337.5263163503852,137.52631635038517,0.0,2.0,0.0,0.0
rc105C5,2,3,all,4,edd,1.9999970390927047e-06,347.6877395980605,147.68773959806052,0.0,2.0,0.0,0.0
rc105C5,2,3,all,4,sweep,1.8999999156221747e-06,337.5263163503852,137.52631635038517,0.0,2.0,0.0,0.0
rc105C5,2,3,all,4,nearest,4.999998054699972e-06,429.88015696709857,137.52631635038517,9.23538406167134,2.0,0.0,0.0
rc105C5,2,3,all,4,grasp,0.0001551000023027882,337.5263163503852,137.52631635038517,0.0,2.0,0.0,0.0
rc105C5,2,3,all,4,mp_eavns,0.0021001000022806693,337.5263163503852,137.52631635038517,0.0,2.0,0.0,0.0
rc105C5,3,4,depot,1,edd,2.4000000848900527e-06,533.7109922684867,233.71099226848676,0.0,3.0,0.0,0.0
rc105C5,3,4,depot,1,sweep,2.0999978005420417e-06,523.5495690208114,223.54956902081142,0.0,3.0,0.0,0.0
rc105C5,3,4,depot,1,nearest,7.300001016119495e-06,615.9034096375249,223.54956902081142,9.23538406167134,3.0,0.0,0.0
rc105C5,3,4,depot,1,grasp,0.00021500000002561137,523.5495690208114,223.54956902081142,0.0,3.0,0.0,0.0
rc105C5,3,4,depot,1,mp_eavns,0.003778599999350263,523.5495690208114,223.54956902081142,0.0,3.0,0.0,0.0
rc105C5,3,4,phased,4,edd,2.9999973776284605e-06,533.7109922684867,233.71099226848676,0.0,3.0,0.0,0.0
rc105C5,3,4,phased,4,sweep,2.9000002541579306e-06,523.5495690208114,223.54956902081142,0.0,3.0,0.0,0.0
rc105C5,3,4,phased,4,nearest,7.599999662488699e-06,615.9034096375249,223.54956902081142,9.23538406167134,3.0,0.0,0.0
rc105C5,3,4,phased,4,grasp,0.0002452000007906463,523.5495690208114,223.54956902081142,0.0,3.0,0.0,0.0
rc105C5,3,4,phased,4,mp_eavns,0.004423799997312017,523.5495690208114,223.54956902081142,0.0,3.0,0.0,0.0
rc105C5,3,4,all,4,edd,2.4000000848900527e-06,533.7109922684867,233.71099226848676,0.0,3.0,0.0,0.0
rc105C5,3,4,all,4,sweep,2.4000000848900527e-06,523.5495690208114,223.54956902081142,0.0,3.0,0.0,0.0
rc105C5,3,4,all,4,nearest,6.800000846851617e-06,615.9034096375249,223.54956902081142,9.23538406167134,3.0,0.0,0.0
rc105C5,3,4,all,4,grasp,0.0002164999968954362,523.5495690208114,223.54956902081142,0.0,3.0,0.0,0.0
rc105C5,3,4,all,4,mp_eavns,0.004112300000997493,523.5495690208114,223.54956902081142,0.0,3.0,0.0,0.0
rc105C5,4,5,depot,1,edd,2.7000023692380637e-06,661.9952635159486,261.9952635159487,0.0,4.0,0.0,0.0
rc105C5,4,5,depot,1,sweep,2.7999994927085936e-06,651.8338402682733,251.83384026827332,0.0,4.0,0.0,0.0
rc105C5,4,5,depot,1,nearest,9.999999747378752e-06,669.2451063129836,269.2451063129835,0.0,4.0,0.0,0.0
rc105C5,4,5,depot,1,grasp,0.0002883000015572179,651.8338402682733,251.83384026827332,0.0,4.0,0.0,0.0
rc105C5,4,5,depot,1,mp_eavns,0.006378499998390907,651.8338402682733,251.83384026827332,0.0,4.0,0.0,0.0
rc105C5,4,5,phased,4,edd,3.4000004234258085e-06,661.9952635159486,261.9952635159487,0.0,4.0,0.0,0.0
rc105C5,4,5,phased,4,sweep,3.2999996619764715e-06,651.8338402682733,251.83384026827332,0.0,4.0,0.0,0.0
rc105C5,4,5,phased,4,nearest,9.100000170292333e-06,669.2451063129836,269.2451063129835,0.0,4.0,0.0,0.0
rc105C5,4,5,phased,4,grasp,0.00027430000045569614,651.8338402682733,251.83384026827332,0.0,4.0,0.0,0.0
rc105C5,4,5,phased,4,mp_eavns,0.006650300001638243,651.8338402682733,251.83384026827332,0.0,4.0,0.0,0.0
rc105C5,4,5,all,4,edd,2.4000000848900527e-06,661.9952635159486,261.9952635159487,0.0,4.0,0.0,0.0
rc105C5,4,5,all,4,sweep,2.6000016077887267e-06,651.8338402682733,251.83384026827332,0.0,4.0,0.0,0.0
rc105C5,4,5,all,4,nearest,8.300001354655251e-06,669.2451063129836,269.2451063129835,0.0,4.0,0.0,0.0
rc105C5,4,5,all,4,grasp,0.00027910000062547624,651.8338402682733,251.83384026827332,0.0,4.0,0.0,0.0
rc105C5,4,5,all,4,mp_eavns,0.006600999997317558,651.8338402682733,251.83384026827332,0.0,4.0,0.0,0.0
rc106_21,1,25,depot,1,edd,1.2200001947348937e-05,4002193.4660930303,1054.1326011168628,3.9333491913646554,11.0,0.0,4.0
rc106_21,1,25,depot,1,sweep,7.200000254670158e-06,3004597.4229021375,990.4727708800376,250.6950131257375,11.0,0.0,3.0
rc106_21,1,25,depot,1,nearest,7.539999933214858e-05,3006121.252266817,876.8114032887432,424.44408635280183,10.0,0.0,3.0
rc106_21,1,25,depot,1,grasp,0.007506899997679284,2003052.4551317529,1027.8086797358455,92.46464520171469,11.0,0.0,2.0
rc106_21,1,25,depot,1,mp_eavns,0.10475810000207275,1001686.4423714906,786.4423714906977,0.0,9.0,0.0,1.0
rc106_21,1,25,phased,6,edd,2.7800000680144876e-05,2199.0043170161543,1059.670825102508,3.9333491913646554,11.0,4.0,0.0
rc106_21,1,25,phased,6,sweep,9.700001101009548e-06,1004599.800504312,992.8503730546663,250.6950131257375,11.0,2.0,1.0
rc106_21,1,25,phased,6,nearest,8.460000026389025e-05,6121.745233084217,877.3043695561993,424.44408635280183,10.0,3.0,0.0
rc106_21,1,25,phased,6,grasp,0.010506499998882646,2727.593354383431,919.9877131855335,80.76056411978972,10.0,3.0,0.0
rc106_21,1,25,phased,6,mp_eavns,0.1468127000007371,1663.989026848843,763.9890268488429,0.0,9.0,2.0,0.0
rc106_21,1,25,all,21,edd,1.2900000001536682e-05,2199.0043170161543,1059.670825102508,3.9333491913646554,11.0,4.0,0.0
rc106_21,1,25,all,21,sweep,9.60000033956021e-06,1004599.800504312,992.8503730546663,250.6950131257375,11.0,2.0,1.0
rc106_21,1,25,all,21,nearest,7.959999857121147e-05,6121.745233084217,877.3043695561993,424.44408635280183,10.0,3.0,0.0
rc106_21,1,25,all,21,grasp,0.015264800000295509,2416.945132544932,888.8586120780842,52.80865204668481,10.0,3.0,0.0
rc106_21,1,25,all,21,mp_eavns,0.17637869999816758,1663.3241679492653,763.3241679492652,0.0,9.0,1.0,0.0
rc106_21,2,50,depot,1,edd,2.1200001356191933e-05,14006309.16042147,2455.8997688410072,165.32606526283593,22.0,2.0,14.0
rc106_21,2,50,depot,1,sweep,1.3100001524435356e-05,7008392.097680679,2024.0882490637894,416.80094316151883,22.0,0.0,7.0
rc106_21,2,50,depot,1,nearest,0.00021840000044903718,9012163.246525485,1755.3511880172796,860.7895337467612,18.0,0.0,9.0
rc106_21,2,50,depot,1,grasp,0.05555789999925764,4011603.0653774287,2001.5253410917421,780.1540036336917,18.0,4.0,4.0
rc106_21,2,50,depot,1,mp_eavns,0.8749172999996517,2003303.5080107541,1503.5080107541517,0.0,18.0,0.0,2.0
rc106_21,2,50,phased,11,edd,3.1299998227041215e-05,6008156.8025134,2473.259987377008,348.3542526023407,22.0,7.0,6.0
rc106_21,2,50,phased,11,sweep,1.6500001947861165e-05,2008427.8270986404,2059.8176670252906,416.80094316151883,22.0,5.0,2.0
rc106_21,2,50,phased,11,nearest,0.00023529999816673808,13290.590308769328,1764.2375255069333,972.6352783262396,18.0,8.0,0.0
rc106_21,2,50,phased,11,grasp,0.0985093000017514,5503.027136292472,1849.9616946109286,175.3065441681544,19.0,8.0,0.0
rc106_21,2,50,phased,11,mp_eavns,1.3823248999979114,3408.2337317158554,1608.2337317158554,0.0,18.0,5.0,0.0
rc106_21,2,50,all,21,edd,2.179999864893034e-05,6008156.8025134,2473.259987377008,348.3542526023407,22.0,7.0,6.0
rc106_21,2,50,all,21,sweep,1.5499997971346602e-05,2008427.8270986404,2059.8176670252906,416.80094316151883,22.0,5.0,2.0
rc106_21,2,50,all,21,nearest,0.00022250000256462954,13290.590308769328,1764.2375255069333,972.6352783262396,18.0,8.0,0.0
rc106_21,2,50,all,21,grasp,0.12450890000036452,6722.1120240922855,1789.197553677623,313.29144704146626,18.0,9.0,0.0
rc106_21,2,50,all,21,mp_eavns,1.6628805000000284,3377.510779320133,1577.5107793201332,0.0,18.0,6.0,0.0
rc106_21,3,75,depot,1,edd,3.270000161137432e-05,24011465.115359362,3822.350473752896,444.2764885609222,32.0,4.0,24.0
rc106_21,3,75,depot,1,sweep,1.729999712551944e-05,10013845.748266924,2902.123772599384,774.3624494325406,32.0,0.0,10.0
rc106_21,3,75,depot,1,nearest,0.00044600000182981603,13016649.0367372,2698.07780881773,1125.0958928382404,27.0,0.0,13.0
rc106_21,3,75,depot,1,grasp,0.15385189999869908,10013200.863049086,2995.2676005378257,750.5595448548336,27.0,4.0,10.0
rc106_21,3,75,depot,1,mp_eavns,2.6070789999976114,6005010.542578287,2310.5425782871635,0.0,27.0,0.0,6.0
rc106_21,3,75,phased,16,edd,3.3700001949910074e-05,14012571.006283043,3849.4645214818474,552.1541761561318,32.0,13.0,14.0
rc106_21,3,75,phased,16,sweep,2.109999695676379e-05,2013886.0631621606,2942.438667835222,774.3624494325406,32.0,8.0,2.0
rc106_21,3,75,phased,16,nearest,0.0004602999979397282,2017370.5037787107,2701.2402961668704,1196.9263482543925,27.0,10.0,2.0
rc106_21,3,75,phased,16,grasp,0.37953100000231643,1012573.1093957192,2996.3020990981545,677.6807296621141,28.0,12.0,1.0
rc106_21,3,75,phased,16,mp_eavns,4.916199600000255,5109.288422808717,2409.2884228087164,0.0,27.0,8.0,0.0
rc106_21,3,75,all,21,edd,3.220000144210644e-05,14012571.006283043,3849.4645214818474,552.1541761561318,32.0,13.0,14.0
rc106_21,3,75,all,21,sweep,2.010000025620684e-05,2013886.0631621606,2942.438667835222,774.3624494325406,32.0,8.0,2.0
rc106_21,3,75,all,21,nearest,0.00043790000199805945,2017370.5037787107,2701.2402961668704,1196.9263482543925,27.0,10.0,2.0
rc106_21,3,75,all,21,grasp,0.36001170000236016,1012896.5889603447,3103.334763077853,699.3254197266863,28.0,17.0,1.0
rc106_21,3,75,all,21,mp_eavns,5.8537418999985675,5024.428127586401,2324.428127586401,0.0,27.0,8.0,0.0
rc106_21,4,100,depot,1,edd,3.560000186553225e-05,31019746.72096371,5526.468158070524,992.0252805638139,43.0,10.0,31.0
rc106_21,4,100,depot,1,sweep,2.2199998056748882e-05,11018169.176623655,3657.442752842762,1031.1733870813337,42.0,0.0,11.0
rc106_21,4,100,depot,1,nearest,0.0007487000002583954,13020536.454236217,3549.9840852381267,1338.6470150978178,36.0,2.0,13.0
rc106_21,4,100,depot,1,grasp,0.2612571999998181,12022030.965970937,4041.92589205304,1438.9040078884118,36.0,8.0,12.0
rc106_21,4,100,depot,1,mp_eavns,5.959828700000799,5006621.577876123,2921.5778761222364,0.0,37.0,0.0,5.0
rc106_21,4,100,phased,21,edd,4.289999924367294e-05,11024884.691060252,5553.942595981993,1503.0748464271128,43.0,29.0,11.0
rc106_21,4,100,phased,21,sweep,2.6600002456689253e-05,2018209.8430249384,3698.1091541249702,1031.1733870813337,42.0,9.0,2.0
rc106_21,4,100,phased,21,nearest,0.0007632999986526556,1021485.3094459722,3559.8542562773778,1432.5455189694812,36.0,14.0,1.0
rc106_21,4,100,phased,21,grasp,0.8204876000017975,15562.01192863515,3949.754999896219,791.225692873893,37.0,19.0,0.0
rc106_21,4,100,phased,21,mp_eavns,10.140316600001825,6746.8001116320975,3046.8001116320975,0.0,37.0,8.0,0.0
rc106_21,4,100,all,21,edd,4.270000135875307e-05,11024884.691060252,5553.942595981993,1503.0748464271128,43.0,29.0,11.0
rc106_21,4,100,all,21,sweep,2.3799999326001853e-05,2018209.8430249384,3698.1091541249702,1031.1733870813337,42.0,9.0,2.0
rc106_21,4,100,all,21,nearest,0.0007040000018605497,1021485.3094459722,3559.8542562773778,1432.5455189694812,36.0,14.0,1.0
rc106_21,4,100,all,21,grasp,0.7496014999996987,19943.332589369085,4391.882217709001,1185.1450371660083,37.0,27.0,0.0
rc106_21,4,100,all,21,mp_eavns,6.93679560000237,6521.714724426358,2921.7147244263583,0.0,36.0,7.0,0.0
rc107_21,1,25,depot,1,edd,1.4000001101521775e-05,5002195.264517973,1011.9511875180618,8.331333045474608,11.0,0.0,5.0
rc107_21,1,25,depot,1,sweep,7.499998901039362e-06,3003675.6195032625,990.4727708800376,158.51467323823854,11.0,0.0,3.0
rc107_21,1,25,depot,1,nearest,7.410000034724362e-05,3003964.653757155,876.8114032887432,208.7842353865984,10.0,0.0,3.0
rc107_21,1,25,depot,1,grasp,0.006972700000915211,1003007.2537233811,974.3856949198221,103.2868028461228,10.0,1.0,1.0
rc107_21,1,25,depot,1,mp_eavns,0.10420700000031502,2001672.15558324,772.15558324019,0.0,9.0,0.0,2.0
rc107_21,1,25,phased,6,edd,2.4000000848900527e-05,2200.9091383810187,1017.5958079262726,8.331333045474608,11.0,4.0,0.0
rc107_21,1,25,phased,6,sweep,1.1600001016631722e-05,1003677.9971054371,992.8503730546663,158.51467323823854,11.0,2.0,1.0
rc107_21,1,25,phased,6,nearest,7.700000060140155e-05,3965.146723422183,877.3043695561993,208.7842353865984,10.0,3.0,0.0
rc107_21,1,25,phased,6,grasp,0.010039299999334617,1893.49689688017,893.49689688017,0.0,10.0,2.0,0.0
rc107_21,1,25,phased,6,mp_eavns,0.20161430000007385,1677.2492886979321,777.249288697932,0.0,9.0,3.0,0.0
rc107_21,1,25,all,21,edd,1.790000169421546e-05,2200.9091383810187,1017.5958079262726,8.331333045474608,11.0,4.0,0.0
rc107_21,1,25,all,21,sweep,1.5099998563528061e-05,1003677.9971054371,992.8503730546663,158.51467323823854,11.0,2.0,1.0
rc107_21,1,25,all,21,nearest,0.00014459999874816276,3965.146723422183,877.3043695561993,208.7842353865984,10.0,3.0,0.0
rc107_21,1,25,all,21,grasp,0.01707439999881899,1753.9630627917427,835.8765423248944,1.8086520466848128,9.0,2.0,0.0
rc107_21,1,25,all,21,mp_eavns,0.20432599999912782,1673.4704466485982,773.4704466485982,0.0,9.0,2.0,0.0
rc107_21,2,50,depot,1,edd,2.170000152545981e-05,10004781.513049094,2214.1889168408507,46.73241322523391,21.0,2.0,10.0
rc107_21,2,50,depot,1,sweep,1.2999997125007212e-05,7006101.092465957,2024.0882490637894,187.70042168930541,22.0,0.0,7.0
rc107_21,2,50,depot,1,nearest,0.000216199998249067,8006022.669595651,1755.2418613645243,246.74277342868274,18.0,0.0,8.0
rc107_21,2,50,depot,1,grasp,0.04001319999952102,5006617.853714702,1980.4469489091991,273.7406765792371,19.0,2.0,5.0
rc107_21,2,50,depot,1,mp_eavns,0.6601850999977614,3003458.863686698,1658.8636866982458,0.0,18.0,1.0,3.0
rc107_21,2,50,phased,11,edd,2.059999678749591e-05,4956.198180931748,2190.478601590009,66.57195793417382,21.0,8.0,0.0
rc107_21,2,50,phased,11,sweep,1.5300000086426735e-05,2006136.8218839183,2059.8176670252906,187.70042168930541,22.0,5.0,2.0
rc107_21,2,50,phased,11,nearest,0.00022670000180369243,6363.937346253015,1768.0521661714033,279.5885180081611,18.0,7.0,0.0
rc107_21,2,50,phased,11,grasp,0.0716735999994853,4109.184919211486,1944.5092366588947,26.467568255259124,19.0,10.0,0.0
rc107_21,2,50,phased,11,mp_eavns,1.5435249000001932,3380.47462204594,1580.47462204594,0.0,18.0,7.0,0.0
rc107_21,2,50,all,21,edd,2.0799998310394585e-05,4956.198180931748,2190.478601590009,66.57195793417382,21.0,8.0,0.0
rc107_21,2,50,all,21,sweep,1.5100002201506868e-05,2006136.8218839183,2059.8176670252906,187.70042168930541,22.0,5.0,2.0
rc107_21,2,50,all,21,nearest,0.00021940000078757294,6363.937346253015,1768.0521661714033,279.5885180081611,18.0,7.0,0.0
rc107_21,2,50,all,21,grasp,0.08905379999850993,4471.319519371536,1862.9304198044301,70.83890995671058,19.0,6.0,0.0
rc107_21,2,50,all,21,mp_eavns,1.2051495000014256,3340.2722720291586,1540.2722720291588,0.0,18.0,5.0,0.0
rc107_21,3,75,depot,1,edd,2.930000118794851e-05,22009725.297866855,3907.634103281901,261.7663763571832,32.0,6.0,22.0
rc107_21,3,75,depot,1,sweep,1.7000002117129043e-05,10009646.298950166,2902.123772599384,354.41751775661515,32.0,0.0,10.0
rc107_21,3,75,depot,1,nearest,0.0004335000012360979,13009646.414546125,2698.07780881773,424.8336737307695,27.0,0.0,13.0
rc107_21,3,75,depot,1,grasp,0.13550690000192844,8008145.1458311,2862.5582142859566,258.2587616814075,27.0,3.0,8.0
rc107_21,3,75,depot,1,mp_eavns,2.230870999999752,5005119.927205306,2419.9272053057553,0.0,27.0,1.0,5.0
rc107_21,3,75,phased,16,edd,3.5400000342633575e-05,2013405.9297898486,3940.749763358843,626.5180026489711,32.0,20.0,2.0
rc107_21,3,75,phased,16,sweep,2.0699997548945248e-05,2009686.6138454014,2942.438667835222,354.41751775661515,32.0,8.0,2.0
rc107_21,3,75,phased,16,nearest,0.00044800000250688754,2009847.8815876362,2701.2402961668704,444.6641291469216,27.0,10.0,2.0
rc107_21,3,75,phased,16,grasp,0.30754159999924013,1008355.9966243294,2987.6491206279743,266.8347503701428,27.0,15.0,1.0
rc107_21,3,75,phased,16,mp_eavns,4.024973899999168,5069.226017919946,2369.226017919946,0.0,27.0,9.0,0.0
rc107_21,3,75,all,21,edd,3.650000144261867e-05,2013392.463420364,3927.2833938743665,626.5180026489711,32.0,19.0,2.0
rc107_21,3,75,all,21,sweep,2.049999966402538e-05,2009686.6138454014,2942.438667835222,354.41751775661515,32.0,8.0,2.0
rc107_21,3,75,all,21,nearest,0.00044379999962984584,2009847.8815876362,2701.2402961668704,444.6641291469216,27.0,10.0,2.0
rc107_21,3,75,all,21,grasp,0.32750379999924917,7279.702451755796,3022.116020839488,155.75864309163077,27.0,17.0,0.0
rc107_21,3,75,all,21,mp_eavns,3.752803799998219,5026.918468573082,2326.918468573081,0.0,27.0,8.0,0.0
rc107_21,4,100,depot,1,edd,3.5499997466104105e-05,30015832.81232854,5310.813463933016,652.1998864605665,40.0,12.0,30.0
rc107_21,4,100,depot,1,sweep,2.2399999579647556e-05,11011726.109601587,3657.442752842762,386.86668487445,42.0,0.0,11.0
rc107_21,4,100,depot,1,nearest,0.0007218999999167863,13012510.417334843,3549.9840852381267,536.0433249604566,36.0,2.0,13.0
rc107_21,4,100,depot,1,grasp,0.2870651999983238,12013256.608011458,4114.542367458507,554.2065643998803,36.0,8.0,12.0
rc107_21,4,100,depot,1,mp_eavns,6.41627029999654,5006785.9280169085,3085.928016908092,0.0,37.0,1.0,5.0
rc107_21,4,100,phased,21,edd,4.850000186706893e-05,4018346.887984666,5347.673844495618,899.9214140170319,40.0,32.0,4.0
rc107_21,4,100,phased,21,sweep,2.7900001441594213e-05,2011766.7760028695,3698.1091541249702,386.86668487445,42.0,9.0,2.0
rc107_21,4,100,phased,21,nearest,0.0007493000011891127,1013278.6530735448,3559.8542562773778,611.8798817267415,36.0,14.0,1.0
rc107_21,4,100,phased,21,grasp,0.601391700001841,1010542.495271562,3911.55116121046,303.09441103515707,36.0,17.0,1.0
rc107_21,4,100,phased,21,mp_eavns,9.246236399998452,6583.86318102766,2983.8631810276606,0.0,36.0,9.0,0.0
rc107_21,4,100,all,21,edd,4.579999949783087e-05,4018346.887984666,5347.673844495618,899.9214140170319,40.0,32.0,4.0
rc107_21,4,100,all,21,sweep,2.6300000172341242e-05,2011766.7760028695,3698.1091541249702,386.86668487445,42.0,9.0,2.0
rc107_21,4,100,all,21,nearest,0.000733500000933418,1013278.6530735448,3559.8542562773778,611.8798817267415,36.0,14.0,1.0
rc107_21,4,100,all,21,grasp,0.5799619999997958,1010568.8738545493,3982.549470129805,298.63243844194375,36.0,20.0,1.0
rc107_21,4,100,all,21,mp_eavns,9.722518300000957,6557.212981413817,2957.212981413817,0.0,36.0,8.0,0.0
rc108_21,1,25,depot,1,edd,1.4700002793688327e-05,3002540.9093999094,1085.313037819151,35.55963620904234,11.0,1.0,3.0
rc108_21,1,25,depot,1,sweep,8.099999831756577e-06,3002925.6195032625,990.4727708800376,83.51467323823854,11.0,0.0,3.0
rc108_21,1,25,depot,1,nearest,7.470000127796084e-05,3002828.4762160103,876.8114032887432,95.16648127217714,10.0,0.0,3.0
rc108_21,1,25,depot,1,grasp,0.0059785000012198,2001920.1986074247,920.1986074246279,0.0,10.0,0.0,2.0
rc108_21,1,25,depot,1,mp_eavns,0.15050830000109272,1001761.7427450604,861.7427450603305,0.0,9.0,1.0,1.0
rc108_21,1,25,phased,6,edd,1.1600001016631722e-05,1002258.0880268824,1060.8143575526472,9.727366932969716,11.0,3.0,1.0
rc108_21,1,25,phased,6,sweep,8.999999408842996e-06,1002927.9971054371,992.8503730546663,83.51467323823854,11.0,2.0,1.0
rc108_21,1,25,phased,6,nearest,7.360000017797574e-05,2828.9691822779705,877.3043695561993,95.16648127217714,10.0,3.0,0.0
rc108_21,1,25,phased,6,grasp,0.008257099998445483,1885.4501159936776,885.4501159936775,0.0,10.0,2.0,0.0
rc108_21,1,25,phased,6,mp_eavns,0.1783419999992475,1650.3784652621953,750.3784652621953,0.0,9.0,2.0,0.0
rc108_21,1,25,all,21,edd,1.6499998309882358e-05,1002258.0880268824,1060.8143575526472,9.727366932969716,11.0,3.0,1.0
rc108_21,1,25,all,21,sweep,9.2999980552122e-06,1002927.9971054371,992.8503730546663,83.51467323823854,11.0,2.0,1.0
rc108_21,1,25,all,21,nearest,7.399999958579428e-05,2828.9691822779705,877.3043695561993,95.16648127217714,10.0,3.0,0.0
rc108_21,1,25,all,21,grasp,0.010760799999843584,1932.9750765503177,932.9750765503177,0.0,10.0,3.0,0.0
rc108_21,1,25,all,21,mp_eavns,0.1972559000023466,1650.1403427042376,750.1403427042376,0.0,9.0,2.0,0.0
rc108_21,2,50,depot,1,edd,1.9600000086938962e-05,14004951.298365483,2246.8542411728,60.44441243097856,21.0,1.0,14.0
rc108_21,2,50,depot,1,sweep,1.2600001355167478e-05,7005059.2349814465,2024.0882490637894,83.51467323823854,22.0,0.0,7.0
rc108_21,2,50,depot,1,nearest,0.00022589999935007654,9004460.904645057,1755.3511880172796,90.55534570397013,18.0,0.0,9.0
rc108_21,2,50,depot,1,grasp,0.05085569999937434,5003895.957128053,1911.434306235412,8.452282181718374,19.0,1.0,5.0
rc108_21,2,50,depot,1,mp_eavns,0.8091497000023082,3003467.4441851894,1667.4441851894849,0.0,18.0,1.0,3.0
rc108_21,2,50,phased,11,edd,2.260000110254623e-05,5004738.128798709,2268.92638958505,36.92024091245065,21.0,8.0,5.0
rc108_21,2,50,phased,11,sweep,1.680000059423037e-05,2005094.9643994076,2059.8176670252906,83.51467323823854,22.0,5.0,2.0
rc108_21,2,50,phased,11,nearest,0.00023320000036619604,4469.790982546634,1764.2375255069333,90.55534570397013,18.0,8.0,0.0
rc108_21,2,50,phased,11,grasp,0.07308379999813042,4023.264503555777,1824.252290182201,29.901221337357583,19.0,7.0,0.0
rc108_21,2,50,phased,11,mp_eavns,1.1307221999995818,3353.6929082204724,1553.6929082204724,0.0,18.0,5.0,0.0
rc108_21,2,50,all,21,edd,2.13999992411118e-05,5004738.128798709,2268.92638958505,36.92024091245065,21.0,8.0,5.0
rc108_21,2,50,all,21,sweep,1.5800000255694613e-05,2005094.9643994076,2059.8176670252906,83.51467323823854,22.0,5.0,2.0
rc108_21,2,50,all,21,nearest,0.0002195999986724928,4469.790982546634,1764.2375255069333,90.55534570397013,18.0,8.0,0.0
rc108_21,2,50,all,21,grasp,0.0980240999997477,4174.584972071543,2001.0700964284235,27.351487564311924,19.0,9.0,0.0
rc108_21,2,50,all,21,mp_eavns,1.50158139999985,3295.8891195929555,1495.8891195929555,0.0,18.0,4.0,0.0
rc108_21,3,75,depot,1,edd,2.9200000426499173e-05,31008652.559004236,4045.1579677352383,140.740103650143,32.0,5.0,31.0
rc108_21,3,75,depot,1,sweep,1.6500001947861165e-05,10007330.407589972,2902.123772599384,122.8283817372233,32.0,0.0,10.0
rc108_21,3,75,depot,1,nearest,0.0004406000007293187,13007236.442573857,2698.07780881773,183.83647650388582,27.0,0.0,13.0
rc108_21,3,75,depot,1,grasp,0.1265036999975564,11008387.251112953,3146.9707931387497,244.02803198144844,28.0,5.0,11.0
rc108_21,3,75,depot,1,mp_eavns,2.177214499999536,5005167.474608908,2467.4746089088653,0.0,27.0,1.0,5.0
rc108_21,3,75,phased,16,edd,3.479999941191636e-05,12010825.9547405,4075.07456442374,355.08801760764663,32.0,18.0,12.0
rc108_21,3,75,phased,16,sweep,2.0699997548945248e-05,2007370.7224852075,2942.438667835222,122.8283817372233,32.0,8.0,2.0
rc108_21,3,75,phased,16,nearest,0.00045309999768505804,2007261.4717637943,2701.2402961668704,186.0231467627325,27.0,10.0,2.0
rc108_21,3,75,phased,16,grasp,0.25064190000193776,1006744.7926910436,3001.6520646972813,94.31406263463154,28.0,15.0,1.0
rc108_21,3,75,phased,16,mp_eavns,3.760654700003215,4994.273409059484,2294.2734090594836,0.0,27.0,8.0,0.0
rc108_21,3,75,all,21,edd,3.6200002796249464e-05,12010821.152397702,4070.2722216243897,355.08801760764663,32.0,17.0,12.0
rc108_21,3,75,all,21,sweep,2.1600000764010474e-05,2007370.7224852075,2942.438667835222,122.8283817372233,32.0,8.0,2.0
rc108_21,3,75,all,21,nearest,0.00043369999912101775,2007261.4717637943,2701.2402961668704,186.0231467627325,27.0,10.0,2.0
rc108_21,3,75,all,21,grasp,0.2865868999979284,7077.178324045393,3100.417090205936,117.67612338394576,28.0,14.0,0.0
rc108_21,3,75,all,21,mp_eavns,4.108842200002982,4938.606431784849,2238.6064317848486,0.0,27.0,6.0,0.0
rc108_21,4,100,depot,1,edd,3.609999839682132e-05,38011013.80676666,5258.4913586598095,145.5315407996934,43.0,5.0,38.0
rc108_21,4,100,depot,1,sweep,2.1299998479662463e-05,11009106.97268819,3657.442752842762,124.9529935347214,42.0,0.0,11.0
rc108_21,4,100,depot,1,nearest,0.0007412999984808266,13009221.08386341,3549.9840852381267,207.10997781701954,36.0,2.0,13.0
rc108_21,4,100,depot,1,grasp,0.22965689999909955,12008498.668905558,3920.0602749786044,97.86086305785838,36.0,5.0,12.0
rc108_21,4,100,depot,1,mp_eavns,4.752551099998527,5006733.190824086,3033.1908240854345,0.0,37.0,0.0,5.0
rc108_21,4,100,phased,21,edd,4.7900000936351717e-05,4016062.8108284473,5306.595527446665,645.6215301000644,43.0,26.0,4.0
rc108_21,4,100,phased,21,sweep,2.7900001441594213e-05,2009147.6390894721,3698.1091541249702,124.9529935347214,42.0,9.0,2.0
rc108_21,4,100,phased,21,nearest,0.000750399998651119,1009789.3196021104,3559.8542562773778,262.94653458330436,36.0,14.0,1.0
rc108_21,4,100,phased,21,grasp,0.6393471000010322,1009596.0956116961,3869.014536898206,212.708107479796,36.0,20.0,1.0
rc108_21,4,100,phased,21,mp_eavns,9.391718200000469,6551.303364094167,2951.3033640941667,0.0,36.0,7.0,0.0
rc108_21,4,100,all,21,edd,4.360000093583949e-05,4016062.8108284473,5306.595527446665,645.6215301000644,43.0,26.0,4.0
rc108_21,4,100,all,21,sweep,2.5099998310906813e-05,2009147.6390894721,3698.1091541249702,124.9529935347214,42.0,9.0,2.0
rc108_21,4,100,all,21,nearest,0.0007594999988214113,1009789.3196021104,3559.8542562773778,262.94653458330436,36.0,14.0,1.0
rc108_21,4,100,all,21,grasp,0.6541971000006015,9113.408296954824,3829.573462329934,168.3834834624889,36.0,21.0,0.0
rc108_21,4,100,all,21,mp_eavns,9.30503950000275,6462.352343407847,2862.3523434078475,0.0,36.0,6.0,0.0
rc108C10,1,3,depot,1,edd,6.70000008540228e-06,304.04023715888167,104.04023715888167,0.0,2.0,0.0,0.0
rc108C10,1,3,depot,1,sweep,2.4999972083605826e-06,725.7168002672132,103.11388401252016,42.26029162546931,2.0,0.0,0.0
rc108C10,1,3,depot,1,nearest,9.799998224480078e-06,304.04023715888167,104.04023715888167,0.0,2.0,0.0,0.0
rc108C10,1,3,depot,1,grasp,0.00016709999908925965,291.2627974094514,91.26279740945145,0.0,2.0,0.0,0.0
rc108C10,1,3,depot,1,mp_eavns,0.002904999997554114,291.2627974094514,91.26279740945145,0.0,2.0,0.0,0.0
rc108C10,1,3,phased,2,edd,8.700000762473792e-06,304.04023715888167,104.04023715888167,0.0,2.0,0.0,0.0
rc108C10,1,3,phased,2,sweep,3.6999990697950125e-06,725.7168002672132,103.11388401252016,42.26029162546931,2.0,0.0,0.0
rc108C10,1,3,phased,2,nearest,8.099999831756577e-06,304.04023715888167,104.04023715888167,0.0,2.0,0.0,0.0
rc108C10,1,3,phased,2,grasp,0.0001632999992580153,291.2627974094514,91.26279740945145,0.0,2.0,0.0,0.0
rc108C10,1,3,phased,2,mp_eavns,0.002693100002943538,291.2627974094514,91.26279740945145,0.0,2.0,0.0,0.0
rc108C10,1,3,all,4,edd,2.2999993234407157e-06,304.04023715888167,104.04023715888167,0.0,2.0,0.0,0.0
rc108C10,1,3,all,4,sweep,1.6999983927235007e-06,725.7168002672132,103.11388401252016,42.26029162546931,2.0,0.0,0.0
rc108C10,1,3,all,4,nearest,5.300000339047983e-06,304.04023715888167,104.04023715888167,0.0,2.0,0.0,0.0
rc108C10,1,3,all,4,grasp,0.0001621999981580302,291.2627974094514,91.26279740945145,0.0,2.0,0.0,0.0
rc108C10,1,3,all,4,mp_eavns,0.0027442999999038875,291.2627974094514,91.26279740945145,0.0,2.0,0.0,0.0
rc108C10,2,5,depot,1,edd,3.6000019463244826e-06,1000371.0169516129,171.01695161288774,0.0,2.0,0.0,1.0
rc108C10,2,5,depot,1,sweep,2.6999987312592566e-06,770.1445405325886,147.54162427789555,42.26029162546931,2.0,0.0,0.0
rc108C10,2,5,depot,1,nearest,1.089999932446517e-05,357.8039670244324,157.80396702443235,0.0,2.0,0.0,0.0
rc108C10,2,5,depot,1,grasp,0.0005104000010760501,348.467977424257,148.46797742425701,0.0,2.0,0.0,0.0
rc108C10,2,5,depot,1,mp_eavns,0.0062347000020963605,347.54162427789555,147.54162427789555,0.0,2.0,0.0,0.0
rc108C10,2,5,phased,3,edd,4.099998477613553e-06,393.26061344307607,193.26061344307607,0.0,2.0,1.0,0.0
rc108C10,2,5,phased,3,sweep,3.2999996619764715e-06,770.1445405325886,147.54162427789555,42.26029162546931,2.0,0.0,0.0
rc108C10,2,5,phased,3,nearest,1.469999915570952e-05,357.8039670244324,157.80396702443235,0.0,2.0,0.0,0.0
rc108C10,2,5,phased,3,grasp,0.0005869999986316543,348.467977424257,148.46797742425701,0.0,2.0,0.0,0.0
rc108C10,2,5,phased,3,mp_eavns,0.007982999999512685,347.54162427789555,147.54162427789555,0.0,2.0,0.0,0.0
rc108C10,2,5,all,4,edd,3.1999989005271345e-06,393.26061344307607,193.26061344307607,0.0,2.0,1.0,0.0
rc108C10,2,5,all,4,sweep,3.2999996619764715e-06,770.1445405325886,147.54162427789555,42.26029162546931,2.0,0.0,0.0
rc108C10,2,5,all,4,nearest,9.2999980552122e-06,357.8039670244324,157.80396702443235,0.0,2.0,0.0,0.0
rc108C10,2,5,all,4,grasp,0.000620299997535767,348.467977424257,148.46797742425701,0.0,2.0,0.0,0.0
rc108C10,2,5,all,4,mp_eavns,0.007910299998911796,347.54162427789555,147.54162427789555,0.0,2.0,0.0,0.0
rc108C10,3,8,depot,1,edd,4.999998054699972e-06,1000717.3857225038,417.38572250376683,0.0,3.0,2.0,1.0
rc108C10,3,8,depot,1,sweep,4.399997123982757e-06,1003329.7350468466,350.77150053505875,267.8963546311475,3.0,1.0,1.0
rc108C10,3,8,depot,1,nearest,2.1600000764010474e-05,2001680.8209040063,372.3348287783965,100.84860752277663,3.0,1.0,2.0
rc108C10,3,8,depot,1,grasp,0.0016235999974014703,1000673.3324736219,373.33247362198426,0.0,3.0,2.0,1.0
rc108C10,3,8,depot,1,mp_eavns,0.027406799999880604,1000602.7163281485,302.7163281485411,0.0,3.0,0.0,1.0
rc108C10,3,8,phased,4,edd,4.499997885432094e-06,703.5382755882998,403.5382755882998,0.0,3.0,2.0,0.0
rc108C10,3,8,phased,4,sweep,4.699999408330768e-06,1003329.7350468466,350.77150053505875,267.8963546311475,3.0,1.0,1.0
rc108C10,3,8,phased,4,nearest,1.5300000086426735e-05,1001534.4471571238,355.73930265476565,87.87078544691167,3.0,1.0,1.0
rc108C10,3,8,phased,4,grasp,0.0023002000016276725,601.3830418418536,301.3830418418536,0.0,3.0,1.0,0.0
rc108C10,3,8,phased,4,mp_eavns,0.030295300002762815,600.6723003268752,300.6723003268752,0.0,3.0,2.0,0.0
rc108C10,3,8,all,4,edd,6.000002031214535e-06,703.5382755882998,403.5382755882998,0.0,3.0,2.0,0.0
rc108C10,3,8,all,4,sweep,5.800000508315861e-06,1003329.7350468466,350.77150053505875,267.8963546311475,3.0,1.0,1.0
rc108C10,3,8,all,4,nearest,1.7800000932766125e-05,1001534.4471571238,355.73930265476565,87.87078544691167,3.0,1.0,1.0
rc108C10,3,8,all,4,grasp,0.0021055000033811666,620.9925095704712,320.99250957047116,0.0,3.0,1.0,0.0
rc108C10,3,8,all,4,mp_eavns,0.03643540000120993,604.0241640710889,304.0241640710889,0.0,3.0,1.0,0.0
rc108C10,4,10,depot,1,edd,7.000002369750291e-06,4000931.742170058,531.7421700583091,0.0,4.0,1.0,4.0
rc108C10,4,10,depot,1,sweep,3.9000005926936865e-06,2003547.304082768,468.3405364566363,267.8963546311475,4.0,1.0,2.0
rc108C10,4,10,depot,1,nearest,2.2399999579647556e-05,3001200.9016080834,508.18336083392694,39.271824724968155,3.0,1.0,3.0
rc108C10,4,10,depot,1,grasp,0.002394399998593144,1000869.3381561468,469.33815614677667,0.0,4.0,2.0,1.0
rc108C10,4,10,depot,1,mp_eavns,0.040578399999503745,1000798.7220106734,398.7220106733335,0.0,4.0,0.0,1.0
rc108C10,4,10,phased,4,edd,7.099999493220821e-06,3000933.088098639,533.0880986391987,0.0,4.0,2.0,3.0
rc108C10,4,10,phased,4,sweep,6.499998562503606e-06,2003547.304082768,468.3405364566363,267.8963546311475,4.0,1.0,2.0
rc108C10,4,10,phased,4,nearest,2.170000152545981e-05,3001181.5537455473,488.83549829760364,39.271824724968155,3.0,1.0,3.0
rc108C10,4,10,phased,4,grasp,0.003141400000458816,834.4361889241918,434.43618892419187,0.0,4.0,1.0,0.0
rc108C10,4,10,phased,4,mp_eavns,0.05065599999943515,796.6779828516676,396.6779828516676,0.0,4.0,2.0,0.0
rc108C10,4,10,all,4,edd,7.200000254670158e-06,3000933.088098639,533.0880986391987,0.0,4.0,2.0,3.0
rc108C10,4,10,all,4,sweep,5.600002623395994e-06,2003547.304082768,468.3405364566363,267.8963546311475,4.0,1.0,2.0
rc108C10,4,10,all,4,nearest,2.0699997548945248e-05,3001181.5537455473,488.83549829760364,39.271824724968155,3.0,1.0,3.0
rc108C10,4,10,all,4,grasp,0.0037669000012101606,860.8039593872248,502.15766451239426,5.864629487483057,3.0,4.0,0.0
rc108C10,4,10,all,4,mp_eavns,0.05414540000128909,796.6779828516676,396.6779828516676,0.0,4.0,2.0,0.0
rc108C15,1,4,depot,1,edd,5.700003384845331e-06,495.0376695356182,195.0376695356182,0.0,3.0,0.0,0.0
rc108C15,1,4,depot,1,sweep,3.0000010156072676e-06,372.6400078137785,172.64000781377848,0.0,2.0,0.0,0.0
rc108C15,1,4,depot,1,nearest,1.1399999493733048e-05,1000410.21035887,210.21035886999155,0.0,2.0,0.0,1.0
rc108C15,1,4,depot,1,grasp,0.0002190000013797544,372.6400078137784,172.64000781377845,0.0,2.0,0.0,0.0
rc108C15,1,4,depot,1,mp_eavns,0.003455599999142578,372.6400078137784,172.64000781377845,0.0,2.0,0.0,0.0
rc108C15,1,4,phased,2,edd,4.499997885432094e-06,495.0376695356182,195.0376695356182,0.0,3.0,0.0,0.0
rc108C15,1,4,phased,2,sweep,4.1000021155923605e-06,372.6400078137785,172.64000781377848,0.0,2.0,0.0,0.0
rc108C15,1,4,phased,2,nearest,9.69999746303074e-06,410.33181580466504,210.33181580466504,0.0,2.0,1.0,0.0
rc108C15,1,4,phased,2,grasp,0.0002246999974886421,372.6400078137784,172.64000781377845,0.0,2.0,0.0,0.0
rc108C15,1,4,phased,2,mp_eavns,0.003446700000495184,372.6400078137784,172.64000781377845,0.0,2.0,0.0,0.0
rc108C15,1,4,all,5,edd,2.9000002541579306e-06,495.0376695356182,195.0376695356182,0.0,3.0,0.0,0.0
rc108C15,1,4,all,5,sweep,2.0999978005420417e-06,372.6400078137785,172.64000781377848,0.0,2.0,0.0,0.0
rc108C15,1,4,all,5,nearest,7.299997378140688e-06,410.33181580466504,210.33181580466504,0.0,2.0,1.0,0.0
rc108C15,1,4,all,5,grasp,0.00021860000197193585,372.6400078137784,172.64000781377845,0.0,2.0,0.0,0.0
rc108C15,1,4,all,5,mp_eavns,0.0034421999989717733,372.6400078137784,172.64000781377845,0.0,2.0,0.0,0.0
rc108C15,2,8,depot,1,edd,4.400000761961564e-06,1000794.5665126209,394.5665126208586,0.0,4.0,0.0,1.0
rc108C15,2,8,depot,1,sweep,3.5000011848751456e-06,1000767.2829113749,367.2829113749158,0.0,4.0,0.0,1.0
rc108C15,2,8,depot,1,nearest,1.5099998563528061e-05,2000824.0319802756,424.03198027558096,0.0,4.0,0.0,2.0
rc108C15,2,8,depot,1,grasp,0.00079840000034892,1000759.0932430977,359.0932430976178,0.0,4.0,0.0,1.0
rc108C15,2,8,depot,1,mp_eavns,0.02240199999869219,1000759.0932430977,359.09324309761786,0.0,4.0,0.0,1.0
rc108C15,2,8,phased,3,edd,5.300000339047983e-06,1000794.5665126209,394.5665126208586,0.0,4.0,0.0,1.0
rc108C15,2,8,phased,3,sweep,3.9000005926936865e-06,783.8828502032184,383.88285020321837,0.0,4.0,1.0,0.0
rc108C15,2,8,phased,3,nearest,1.5199999324977398e-05,844.4179770167668,437.02831226330886,0.7389664753457907,4.0,1.0,0.0
rc108C15,2,8,phased,3,grasp,0.0007765000009385403,775.6931819259205,375.69318192592044,0.0,4.0,1.0,0.0
rc108C15,2,8,phased,3,mp_eavns,0.024275599997054087,771.7851578850427,371.7851578850427,0.0,4.0,1.0,0.0
rc108C15,2,8,all,5,edd,5.500001861946657e-06,1000794.5665126209,394.5665126208586,0.0,4.0,0.0,1.0
rc108C15,2,8,all,5,sweep,4.899997293250635e-06,767.2982234916635,367.2982234916636,0.0,4.0,1.0,0.0
rc108C15,2,8,all,5,nearest,1.7700000171316788e-05,844.4179770167668,437.02831226330886,0.7389664753457907,4.0,1.0,0.0
rc108C15,2,8,all,5,grasp,0.0008070000003499445,774.7938554887689,374.7938554887689,0.0,4.0,1.0,0.0
rc108C15,2,8,all,5,mp_eavns,0.027291200000036042,759.1085552143657,359.10855521436565,0.0,4.0,1.0,0.0
rc108C15,3,12,depot,1,edd,7.399998139590025e-06,3001561.8348672194,757.5092693807895,30.432559783868044,5.0,3.0,3.0
rc108C15,3,12,depot,1,sweep,4.499997885432094e-06,2001136.7172597605,536.717259760395,0.0,6.0,0.0,2.0
rc108C15,3,12,depot,1,nearest,2.8300000849412754e-05,3001214.3546553776,614.3546553776144,0.0,6.0,0.0,3.0
rc108C15,3,12,depot,1,grasp,0.0012377999992168043,1001558.3635433627,643.4617896830766,31.490175367966543,6.0,1.0,1.0
rc108C15,3,12,depot,1,mp_eavns,0.04089390000081039,1001051.5295323088,551.5295323088644,0.0,5.0,1.0,1.0
rc108C15,3,12,phased,4,edd,7.99999907030724e-06,1002366.5219649149,786.3593650554725,108.01625998594412,5.0,5.0,1.0
rc108C15,3,12,phased,4,sweep,6.500002200482413e-06,1163.4099490577914,563.4099490577916,0.0,6.0,1.0,0.0
rc108C15,3,12,phased,4,nearest,2.6799996703630313e-05,1243.3560782682107,635.9664135147528,0.7389664753457907,6.0,2.0,0.0
rc108C15,3,12,phased,4,grasp,0.0015858000006119255,1145.5222184011257,645.5222184011257,0.0,5.0,4.0,0.0
rc108C15,3,12,phased,4,mp_eavns,0.05279030000019702,1058.0447937548533,558.0447937548532,0.0,5.0,2.0,0.0
rc108C15,3,12,all,5,edd,7.899998308857903e-06,1002366.5219649149,786.3593650554725,108.01625998594412,5.0,5.0,1.0
rc108C15,3,12,all,5,sweep,6.599999323952943e-06,1137.2556690814638,537.2556690814638,0.0,6.0,1.0,0.0
rc108C15,3,12,all,5,nearest,2.7900001441594213e-05,1243.3560782682107,635.9664135147528,0.7389664753457907,6.0,2.0,0.0
rc108C15,3,12,all,5,grasp,0.0012630999990506098,1081.8626900153856,574.4730252619277,0.7389664753457907,5.0,2.0,0.0
rc108C15,3,12,all,5,mp_eavns,0.049997599999187514,1049.1732094723739,549.173209472374,0.0,5.0,2.0,0.0
rc108C15,4,15,depot,1,edd,9.499999578110874e-06,3002893.1536708567,989.00972177124,120.41439490856726,7.0,5.0,3.0
rc108C15,4,15,depot,1,sweep,5.599998985417187e-06,2001151.889634765,551.8896347648837,0.0,6.0,0.0,2.0
rc108C15,4,15,depot,1,nearest,3.749999814317562e-05,5001557.422467306,730.606456759671,22.681601054627635,6.0,1.0,5.0
rc108C15,4,15,depot,1,grasp,0.002279200001794379,2001361.3548731473,661.3548731472758,0.0,7.0,0.0,2.0
rc108C15,4,15,depot,1,mp_eavns,0.07185860000026878,1001166.7019073133,566.7019073133531,0.0,6.0,0.0,1.0
rc108C15,4,15,phased,5,edd,9.499999578110874e-06,1002612.8867219085,979.3997868905275,93.34869350179684,7.0,5.0,1.0
rc108C15,4,15,phased,5,sweep,7.90000194683671e-06,1152.4280440859525,552.4280440859525,0.0,6.0,1.0,0.0
rc108C15,4,15,phased,5,nearest,3.6699999327538535e-05,1595.3095362378976,768.4935256916214,22.681601054627635,6.0,5.0,0.0
rc108C15,4,15,phased,5,grasp,0.003252099999372149,1304.2465420541282,704.2465420541282,0.0,6.0,4.0,0.0
rc108C15,4,15,phased,5,mp_eavns,0.08713409999836585,1143.169182310724,543.1691823107241,0.0,6.0,1.0,0.0
rc108C15,4,15,all,5,edd,9.999999747378752e-06,1002612.8867219085,979.3997868905275,93.34869350179684,7.0,5.0,1.0
rc108C15,4,15,all,5,sweep,8.099999831756577e-06,1152.4280440859525,552.4280440859525,0.0,6.0,1.0,0.0
rc108C15,4,15,all,5,nearest,3.7599998904624954e-05,1595.3095362378976,768.4935256916214,22.681601054627635,6.0,5.0,0.0
rc108C15,4,15,all,5,grasp,0.002638199999637436,1239.7557649890957,639.7557649890957,0.0,6.0,2.0,0.0
rc108C15,4,15,all,5,mp_eavns,0.09076739999727579,1143.169182310724,543.1691823107241,0.0,6.0,1.0,0.0
rc108C5,1,2,depot,1,edd,5.100002454128116e-06,374.9202874478924,174.92028744789238,0.0,2.0,0.0,0.0
rc108C5,1,2,depot,1,sweep,2.2999993234407157e-06,374.92028744789235,174.92028744789235,0.0,2.0,0.0,0.0
rc108C5,1,2,depot,1,nearest,8.499999239575118e-06,374.92028744789235,174.92028744789235,0.0,2.0,0.0,0.0
rc108C5,1,2,depot,1,grasp,0.0001278000017919112,374.92028744789235,174.92028744789235,0.0,2.0,0.0,0.0
rc108C5,1,2,depot,1,mp_eavns,0.0009266000015486497,374.92028744789235,174.92028744789235,0.0,2.0,0.0,0.0
rc108C5,1,2,phased,2,edd,1.8999999156221747e-06,374.9202874478924,174.92028744789238,0.0,2.0,0.0,0.0
rc108C5,1,2,phased,2,sweep,1.7000020307023078e-06,374.92028744789235,174.92028744789235,0.0,2.0,0.0,0.0
rc108C5,1,2,phased,2,nearest,4.1000021155923605e-06,374.92028744789235,174.92028744789235,0.0,2.0,0.0,0.0
rc108C5,1,2,phased,2,grasp,0.0001224999978148844,374.92028744789235,174.92028744789235,0.0,2.0,0.0,0.0
rc108C5,1,2,phased,2,mp_eavns,0.0009962000003724825,374.92028744789235,174.92028744789235,0.0,2.0,0.0,0.0
rc108C5,1,2,all,4,edd,2.7000023692380637e-06,374.9202874478924,174.92028744789238,0.0,2.0,0.0,0.0
rc108C5,1,2,all,4,sweep,2.4000000848900527e-06,374.92028744789235,174.92028744789235,0.0,2.0,0.0,0.0
rc108C5,1,2,all,4,nearest,6.300000677583739e-06,374.92028744789235,174.92028744789235,0.0,2.0,0.0,0.0
rc108C5,1,2,all,4,grasp,0.00011989999984507449,374.92028744789235,174.92028744789235,0.0,2.0,0.0,0.0
rc108C5,1,2,all,4,mp_eavns,0.0009054000001924578,374.92028744789235,174.92028744789235,0.0,2.0,0.0,0.0
rc108C5,2,3,depot,1,edd,2.9000002541579306e-06,1000410.0292275507,210.02922755073246,0.0,2.0,0.0,1.0
rc108C5,2,3,depot,1,sweep,2.0999978005420417e-06,1000410.0292275507,210.02922755073246,0.0,2.0,0.0,1.0
rc108C5,2,3,depot,1,nearest,5.900001269765198e-06,1000432.2888874515,232.28888745147333,0.0,2.0,0.0,1.0
rc108C5,2,3,depot,1,grasp,0.0001658000001043547,1000410.0292275507,210.02922755073246,0.0,2.0,0.0,1.0
rc108C5,2,3,depot,1,mp_eavns,0.004794499996933155,564.9202874478924,264.92028744789235,0.0,3.0,0.0,0.0
rc108C5,2,3,phased,3,edd,2.4000000848900527e-06,1000410.0292275507,210.02922755073246,0.0,2.0,0.0,1.0
rc108C5,2,3,phased,3,sweep,2.0999978005420417e-06,1000410.0292275507,210.02922755073246,0.0,2.0,0.0,1.0
rc108C5,2,3,phased,3,nearest,5.899997631786391e-06,1000432.2888874515,232.28888745147333,0.0,2.0,0.0,1.0
rc108C5,2,3,phased,3,grasp,0.0001841000012063887,410.72690350073043,210.72690350073043,0.0,2.0,1.0,0.0
rc108C5,2,3,phased,3,mp_eavns,0.002502499999536667,410.7269035007304,210.7269035007304,0.0,2.0,1.0,0.0
rc108C5,2,3,all,4,edd,2.2000021999701858e-06,1000410.0292275507,210.02922755073246,0.0,2.0,0.0,1.0
rc108C5,2,3,all,4,sweep,1.8999999156221747e-06,1000410.0292275507,210.02922755073246,0.0,2.0,0.0,1.0
rc108C5,2,3,all,4,nearest,5.600002623395994e-06,1000432.2888874515,232.28888745147333,0.0,2.0,0.0,1.0
rc108C5,2,3,all,4,grasp,0.00018370000179857016,410.72690350073043,210.72690350073043,0.0,2.0,1.0,0.0
rc108C5,2,3,all,4,mp_eavns,0.0024335000016435515,410.7269035007304,210.7269035007304,0.0,2.0,1.0,0.0
rc108C5,3,4,depot,1,edd,2.4000000848900527e-06,686.4327609857776,359.7886172529437,2.6644143732833925,3.0,1.0,0.0
rc108C5,3,4,depot,1,sweep,1.9999970390927047e-06,1000604.8975573558,304.8975573557839,0.0,3.0,0.0,1.0
rc108C5,3,4,depot,1,nearest,6.70000008540228e-06,1000627.1572172565,327.1572172565247,0.0,3.0,0.0,1.0
rc108C5,3,4,depot,1,grasp,0.0002448999985062983,686.4327609857777,359.78861725294377,2.6644143732833925,3.0,1.0,0.0
rc108C5,3,4,depot,1,mp_eavns,0.0067568999984359834,659.7886172529438,359.78861725294377,0.0,3.0,1.0,0.0
rc108C5,3,4,phased,4,edd,3.2000025385059416e-06,621.4426606060069,321.4426606060069,0.0,3.0,1.0,0.0
rc108C5,3,4,phased,4,sweep,3.1999989005271345e-06,1000604.8975573558,304.8975573557839,0.0,3.0,0.0,1.0
rc108C5,3,4,phased,4,nearest,7.800001185387373e-06,1000627.1572172565,327.1572172565247,0.0,3.0,0.0,1.0
rc108C5,3,4,phased,4,grasp,0.00029969999741297215,516.295604047199,316.29560404719905,0.0,2.0,3.0,0.0
rc108C5,3,4,phased,4,mp_eavns,0.005233800002315547,516.295604047199,316.29560404719905,0.0,2.0,3.0,0.0
rc108C5,3,4,all,4,edd,2.5999979698099196e-06,621.4426606060069,321.4426606060069,0.0,3.0,1.0,0.0
rc108C5,3,4,all,4,sweep,2.2999993234407157e-06,1000604.8975573558,304.8975573557839,0.0,3.0,0.0,1.0
rc108C5,3,4,all,4,nearest,7.099999493220821e-06,1000627.1572172565,327.1572172565247,0.0,3.0,0.0,1.0
rc108C5,3,4,all,4,grasp,0.0003120000001217704,516.295604047199,316.29560404719905,0.0,2.0,3.0,0.0
rc108C5,3,4,all,4,mp_eavns,0.005317600000125822,516.295604047199,316.29560404719905,0.0,2.0,3.0,0.0
rc108C5,4,5,depot,1,edd,3.2000025385059416e-06,1000735.1057161655,408.46157243268635,2.6644143732833925,3.0,1.0,1.0
rc108C5,4,5,depot,1,sweep,2.6000016077887267e-06,2000611.2427612687,311.242761268684,0.0,3.0,0.0,2.0
rc108C5,4,5,depot,1,nearest,9.999999747378752e-06,2000633.5024211693,333.50242116942485,0.0,3.0,0.0,2.0
rc108C5,4,5,depot,1,grasp,0.00030509999851346947,1000655.8877524917,355.88775249171164,0.0,3.0,1.0,1.0
rc108C5,4,5,depot,1,mp_eavns,0.015525300001172582,810.7788123888715,410.7788123888716,0.0,4.0,1.0,0.0
rc108C5,4,5,phased,4,edd,3.7999998312443495e-06,1000670.1156157857,370.11561578574947,0.0,3.0,1.0,1.0
rc108C5,4,5,phased,4,sweep,3.6999990697950125e-06,2000611.2427612687,311.242761268684,0.0,3.0,0.0,2.0
rc108C5,4,5,phased,4,nearest,1.0300002031726763e-05,1000637.5617190886,337.5617190885819,0.0,3.0,1.0,1.0
rc108C5,4,5,phased,4,grasp,0.0003758999991987366,615.999735137839,315.999735137839,0.0,3.0,2.0,0.0
rc108C5,4,5,phased,4,mp_eavns,0.009134200001426507,615.999735137839,315.999735137839,0.0,3.0,2.0,0.0
rc108C5,4,5,all,4,edd,2.6000016077887267e-06,1000670.1156157857,370.11561578574947,0.0,3.0,1.0,1.0
rc108C5,4,5,all,4,sweep,3.2000025385059416e-06,2000611.2427612687,311.242761268684,0.0,3.0,0.0,2.0
rc108C5,4,5,all,4,nearest,9.20000093174167e-06,1000637.5617190886,337.5617190885819,0.0,3.0,1.0,1.0
rc108C5,4,5,all,4,grasp,0.00035089999801130034,615.999735137839,315.999735137839,0.0,3.0,2.0,0.0
rc108C5,4,5,all,4,mp_eavns,0.009582599999703234,615.999735137839,315.999735137839,0.0,3.0,2.0,0.0
rc201_21,1,25,depot,1,edd,1.5800000255694613e-05,4002401.3181162686,1201.3181162685412,0.0,12.0,1.0,4.0
rc201_21,1,25,depot,1,sweep,8.099999831756577e-06,3035047.01061066,990.4727708800376,3295.653783978021,11.0,0.0,3.0
rc201_21,1,25,depot,1,nearest,7.040000127744861e-05,3029611.0978822564,876.8114032887432,2773.4286478967615,10.0,0.0,3.0
rc201_21,1,25,depot,1,grasp,0.007816199999069795,1018935.037903964,914.5176105496271,1702.0520293414484,10.0,0.0,1.0
rc201_21,1,25,depot,1,mp_eavns,0.08410550000189687,1001847.9303963437,847.9303963437396,0.0,10.0,0.0,1.0
rc201_21,1,25,phased,6,edd,1.1800002539530396e-05,2002373.3457437663,1173.3457437662978,0.0,12.0,3.0,2.0
rc201_21,1,25,phased,6,sweep,9.2999980552122e-06,1035049.3882128348,992.8503730546663,3295.653783978021,11.0,2.0,1.0
rc201_21,1,25,phased,6,nearest,7.510000068577938e-05,29611.590848523818,877.3043695561993,2773.4286478967615,10.0,3.0,0.0
rc201_21,1,25,phased,6,grasp,0.007954400000016904,5519.248395485013,824.8424975442723,379.44058979407407,9.0,2.0,0.0
rc201_21,1,25,phased,6,mp_eavns,0.17277349999858416,1735.4254659489513,835.4254659489513,0.0,9.0,2.0,0.0
rc201_21,1,25,all,21,edd,1.1899999663000926e-05,2002373.3457437663,1173.3457437662978,0.0,12.0,3.0,2.0
rc201_21,1,25,all,21,sweep,9.399998816661537e-06,1035049.3882128348,992.8503730546663,3295.653783978021,11.0,2.0,1.0
rc201_21,1,25,all,21,nearest,7.750000077066943e-05,29611.590848523818,877.3043695561993,2773.4286478967615,10.0,3.0,0.0
rc201_21,1,25,all,21,grasp,0.013461899998219451,11226.162733396643,896.9029833508973,932.9259750045744,10.0,2.0,0.0
rc201_21,1,25,all,21,mp_eavns,0.2529651000004378,1787.5942352321135,787.5942352321136,0.0,10.0,1.0,0.0
rc201_21,2,50,depot,1,edd,2.1400002879090607e-05,16004834.970109744,2530.385807221749,0.4584302522243888,23.0,2.0,16.0
rc201_21,2,50,depot,1,sweep,1.2799999240087345e-05,7068587.415781489,2024.0882490637894,6436.332753242503,22.0,0.0,7.0
rc201_21,2,50,depot,1,nearest,0.00021550000019487925,8067310.860061004,1755.2418613645243,6375.561819963944,18.0,0.0,8.0
rc201_21,2,50,depot,1,grasp,0.048231099997792626,6034131.162930269,1966.7944020957354,3036.4368528172704,18.0,3.0,6.0
rc201_21,2,50,depot,1,mp_eavns,0.8726032999984454,3003469.7115739277,1669.7115739278129,0.0,18.0,1.0,3.0
rc201_21,2,50,phased,11,edd,1.9400002202019095e-05,5004969.431406799,2521.6715505743014,14.775985622452481,23.0,9.0,5.0
rc201_21,2,50,phased,11,sweep,1.6400001186411828e-05,2068623.1451994502,2059.8176670252906,6436.332753242503,22.0,5.0,2.0
rc201_21,2,50,phased,11,nearest,0.00023499999952036887,71652.8695712489,1768.0521661714033,6808.48174050775,18.0,7.0,0.0
rc201_21,2,50,phased,11,grasp,0.10351160000209347,41679.25067497176,1973.2136628245385,3790.603701214722,18.0,9.0,0.0
rc201_21,2,50,phased,11,mp_eavns,1.0871686999998929,3379.961384323672,1579.961384323672,0.0,18.0,3.0,0.0
rc201_21,2,50,all,21,edd,1.7399997886968777e-05,5004969.431406799,2521.6715505743014,14.775985622452481,23.0,9.0,5.0
rc201_21,2,50,all,21,sweep,1.4499997632810846e-05,2068623.1451994502,2059.8176670252906,6436.332753242503,22.0,5.0,2.0
rc201_21,2,50,all,21,nearest,0.00021980000019539148,71652.8695712489,1768.0521661714033,6808.48174050775,18.0,7.0,0.0
rc201_21,2,50,all,21,grasp,0.1547643000012613,37485.03583419416,1943.8000171064273,3364.123581708773,19.0,7.0,0.0
rc201_21,2,50,all,21,mp_eavns,1.6482397999971,3397.759464319246,1597.759464319246,0.0,18.0,4.0,0.0
rc201_21,3,75,depot,1,edd,2.3799999326001853e-05,26007534.53873239,3965.7539599742304,16.878477241499468,34.0,4.0,26.0
rc201_21,3,75,depot,1,sweep,1.6699999832781032e-05,10084622.272056825,2902.123772599384,7852.014828422607,32.0,0.0,10.0
rc201_21,3,75,depot,1,nearest,0.0004278999986127019,13087142.106608188,2703.20206081961,8173.89045473688,27.0,0.0,13.0
rc201_21,3,75,depot,1,grasp,0.1188172999973176,11066478.572933638,3143.570347196486,6053.500258644216,28.0,4.0,11.0
rc201_21,3,75,depot,1,mp_eavns,1.8720448999993096,4005125.9965129853,2425.9965129855314,0.0,27.0,0.0,4.0
rc201_21,3,75,phased,16,edd,2.9999999242136255e-05,9007413.31247023,4013.3124702286736,0.0,34.0,16.0,9.0
rc201_21,3,75,phased,16,sweep,2.049999966402538e-05,2084662.5869520614,2942.438667835222,7852.014828422607,32.0,8.0,2.0
rc201_21,3,75,phased,16,nearest,0.00044999999954598024,2088230.9118532091,2711.8371540973203,8281.907469911192,27.0,10.0,2.0
rc201_21,3,75,phased,16,grasp,0.3477543000008154,1077019.3169644722,3344.779446839432,7097.453751763265,27.0,18.0,1.0
rc201_21,3,75,phased,16,mp_eavns,4.159704199999396,5080.454551141795,2380.454551141795,0.0,27.0,7.0,0.0
rc201_21,3,75,all,21,edd,3.170000127283856e-05,9007395.276123855,3995.2761238553617,0.0,34.0,15.0,9.0
rc201_21,3,75,all,21,sweep,2.1500000002561137e-05,2084662.5869520614,2942.438667835222,7852.014828422607,32.0,8.0,2.0
rc201_21,3,75,all,21,nearest,0.0004515999971772544,2088230.9118532091,2711.8371540973203,8281.907469911192,27.0,10.0,2.0
rc201_21,3,75,all,21,grasp,0.42210010000053444,48465.04775334452,3161.2105336488767,4250.383721969565,28.0,15.0,0.0
rc201_21,3,75,all,21,mp_eavns,4.323325500001374,5221.476739689124,2521.4767396891234,0.0,27.0,8.0,0.0
rc201_21,4,100,depot,1,edd,2.970000059576705e-05,34010495.895649694,5277.407848342655,91.84878013518977,43.0,7.0,34.0
rc201_21,4,100,depot,1,sweep,2.1800002286909148e-05,11100928.034650816,3657.442752842762,9307.059189797239,42.0,0.0,11.0
rc201_21,4,100,depot,1,nearest,0.0007495000027120113,13085934.220284862,3549.9840852381267,7878.4236199623765,36.0,2.0,13.0
rc201_21,4,100,depot,1,grasp,0.33780819999810774,13076543.239095028,4096.437707991633,6874.680138703748,37.0,8.0,13.0
rc201_21,4,100,depot,1,mp_eavns,5.766502900001797,4006732.54465057,3132.544650569847,0.0,36.0,1.0,4.0
rc201_21,4,100,phased,21,edd,4.100000296602957e-05,9011485.56402339,5309.763301549548,187.58007218405388,43.0,24.0,9.0
rc201_21,4,100,phased,21,sweep,2.7300000510876998e-05,2100968.7010520976,3698.1091541249702,9307.059189797239,42.0,9.0,2.0
rc201_21,4,100,phased,21,nearest,0.0007479000014427584,1087383.1977832073,3559.8542562773778,8022.334352692989,36.0,14.0,1.0
rc201_21,4,100,phased,21,grasp,0.9425353999977233,74603.82062411596,4191.066799454219,6671.275382466174,37.0,25.0,0.0
rc201_21,4,100,phased,21,mp_eavns,13.022027300001355,6688.70308757322,2988.7030875732194,0.0,37.0,7.0,0.0
rc201_21,4,100,all,21,edd,3.4500000765547156e-05,9011485.56402339,5309.763301549548,187.58007218405388,43.0,24.0,9.0
rc201_21,4,100,all,21,sweep,2.5400000595254824e-05,2100968.7010520976,3698.1091541249702,9307.059189797239,42.0,9.0,2.0
rc201_21,4,100,all,21,nearest,0.0007437000022036955,1087383.1977832073,3559.8542562773778,8022.334352692989,36.0,14.0,1.0
rc201_21,4,100,all,21,grasp,0.8935133999984828,68411.73080500265,4307.492181891366,6040.423862311129,37.0,24.0,0.0
rc201_21,4,100,all,21,mp_eavns,10.59699879999971,6746.973124025835,3146.973124025835,0.0,36.0,9.0,0.0
rc201C10,1,3,depot,1,edd,7.300001016119495e-06,1000395.3377238365,195.33772383653607,0.0,2.0,0.0,1.0
rc201C10,1,3,depot,1,sweep,2.9000002541579306e-06,1000374.7625802943,174.7625802942448,0.0,2.0,0.0,1.0
rc201C10,1,3,depot,1,nearest,9.700001101009548e-06,366.88105878004546,166.8810587800455,0.0,2.0,0.0,0.0
rc201C10,1,3,depot,1,grasp,0.00017730000035953708,366.88105878004546,166.8810587800455,0.0,2.0,0.0,0.0
rc201C10,1,3,depot,1,mp_eavns,0.002753800003119977,366.88105878004546,166.8810587800455,0.0,2.0,0.0,0.0
rc201C10,1,3,phased,2,edd,3.7000027077738196e-06,1000395.3377238365,195.33772383653607,0.0,2.0,0.0,1.0
rc201C10,1,3,phased,2,sweep,3.9000005926936865e-06,374.82876561036073,174.8287656103607,0.0,2.0,1.0,0.0
rc201C10,1,3,phased,2,nearest,8.000002708286047e-06,366.88105878004546,166.8810587800455,0.0,2.0,0.0,0.0
rc201C10,1,3,phased,2,grasp,0.00017049999951268546,366.88105878004546,166.8810587800455,0.0,2.0,0.0,0.0
rc201C10,1,3,phased,2,mp_eavns,0.0029898999964643735,366.88105878004546,166.8810587800455,0.0,2.0,0.0,0.0
rc201C10,1,3,all,4,edd,2.1999985619913787e-06,1000395.3377238365,195.33772383653607,0.0,2.0,0.0,1.0
rc201C10,1,3,all,4,sweep,1.8000027921516448e-06,374.82876561036073,174.8287656103607,0.0,2.0,1.0,0.0
rc201C10,1,3,all,4,nearest,5.099998816149309e-06,366.88105878004546,166.8810587800455,0.0,2.0,0.0,0.0
rc201C10,1,3,all,4,grasp,0.00018279999858350493,366.88105878004546,166.8810587800455,0.0,2.0,0.0,0.0
rc201C10,1,3,all,4,mp_eavns,0.0030832000011287164,366.88105878004546,166.8810587800455,0.0,2.0,0.0,0.0
rc201C10,2,5,depot,1,edd,3.5999983083456755e-06,3000444.445945393,244.44594539261848,0.0,2.0,0.0,3.0
rc201C10,2,5,depot,1,sweep,2.8000031306874007e-06,1000391.0998263939,191.09982639391123,0.0,2.0,0.0,1.0
rc201C10,2,5,depot,1,nearest,1.0100000508828089e-05,8781.713560005952,215.35744316677417,836.6356116839178,2.0,1.0,0.0
rc201C10,2,5,depot,1,grasp,0.0005865999992238358,3581.158545105427,215.35744316677417,316.58011019386527,2.0,1.0,0.0
rc201C10,2,5,depot,1,mp_eavns,0.009844500000326661,515.3574431667741,215.35744316677417,0.0,3.0,0.0,0.0
rc201C10,2,5,phased,3,edd,4.1000021155923605e-06,3000444.445945393,244.44594539261848,0.0,2.0,0.0,3.0
rc201C10,2,5,phased,3,sweep,3.6000019463244826e-06,391.16601171002713,191.16601171002713,0.0,2.0,1.0,0.0
rc201C10,2,5,phased,3,nearest,1.0399999155197293e-05,8781.713560005952,215.35744316677417,836.6356116839178,2.0,1.0,0.0
rc201C10,2,5,phased,3,grasp,0.000696099999913713,3581.158545105427,215.35744316677417,316.58011019386527,2.0,1.0,0.0
rc201C10,2,5,phased,3,mp_eavns,0.008233000000473112,391.16601171002713,191.16601171002713,0.0,2.0,1.0,0.0
rc201C10,2,5,all,4,edd,2.8000031306874007e-06,3000444.445945393,244.44594539261848,0.0,2.0,0.0,3.0
rc201C10,2,5,all,4,sweep,2.5000008463393897e-06,391.16601171002713,191.16601171002713,0.0,2.0,1.0,0.0
rc201C10,2,5,all,4,nearest,8.600000001024455e-06,8781.713560005952,215.35744316677417,836.6356116839178,2.0,1.0,0.0
rc201C10,2,5,all,4,grasp,0.000680199998896569,3581.158545105427,215.35744316677417,316.58011019386527,2.0,1.0,0.0
rc201C10,2,5,all,4,mp_eavns,0.008523299999069422,391.16601171002713,191.16601171002713,0.0,2.0,1.0,0.0
rc201C10,3,8,depot,1,edd,3.7999998312443495e-06,4000693.8341488168,393.83414881661037,0.0,3.0,0.0,4.0
rc201C10,3,8,depot,1,sweep,3.0000010156072676e-06,2000619.853063488,319.8530634879423,0.0,3.0,0.0,2.0
rc201C10,3,8,depot,1,nearest,1.5300000086426735e-05,1017343.9566001962,344.1106802608053,1669.9845919935362,3.0,1.0,1.0
rc201C10,3,8,depot,1,grasp,0.0015296999990823679,1003832.1399231849,366.3388212462789,316.58011019386527,3.0,1.0,1.0
rc201C10,3,8,depot,1,mp_eavns,0.021041399999376154,593.0042518014488,293.0042518014489,0.0,3.0,0.0,0.0
rc201C10,3,8,phased,4,edd,5.100002454128116e-06,3000695.596176427,395.5961764267417,0.0,3.0,1.0,3.0
rc201C10,3,8,phased,4,sweep,4.800000169780105e-06,1000619.9192488041,319.9192488040582,0.0,3.0,1.0,1.0
rc201C10,3,8,phased,4,nearest,1.590000101714395e-05,1017343.9566001962,344.1106802608053,1669.9845919935362,3.0,1.0,1.0
rc201C10,3,8,phased,4,grasp,0.0023102999984985217,6022.319782107025,345.8727078709366,537.6447074236089,3.0,2.0,0.0
rc201C10,3,8,phased,4,mp_eavns,0.028671500000200467,621.6812764141896,321.68127641418954,0.0,3.0,2.0,0.0
rc201C10,3,8,all,4,edd,5.599998985417187e-06,3000695.596176427,395.5961764267417,0.0,3.0,1.0,3.0
rc201C10,3,8,all,4,sweep,5.099998816149309e-06,1000619.9192488041,319.9192488040582,0.0,3.0,1.0,1.0
rc201C10,3,8,all,4,nearest,1.8300001102034003e-05,1017343.9566001962,344.1106802608053,1669.9845919935362,3.0,1.0,1.0
rc201C10,3,8,all,4,grasp,0.0020607000005838927,3833.901950795063,368.1008488564102,316.58011019386527,3.0,2.0,0.0
rc201C10,3,8,all,4,mp_eavns,0.0292394999996759,621.6812764141896,321.68127641418954,0.0,3.0,2.0,0.0
rc201C10,4,10,depot,1,edd,6.000002031214535e-06,5000830.31137584,430.3113758396957,0.0,4.0,0.0,5.0
rc201C10,4,10,depot,1,sweep,4.400000761961564e-06,2003101.4538514554,358.2082982520083,234.3245553203368,4.0,0.0,2.0
rc201C10,4,10,depot,1,nearest,2.3799999326001853e-05,2024676.6759642744,372.07799412154424,2390.4597970152968,4.0,0.0,2.0
rc201C10,4,10,depot,1,grasp,0.0023937000005389564,2811.412711285228,411.1954226208011,200.0217288664427,4.0,1.0,0.0
rc201C10,4,10,depot,1,mp_eavns,0.030496999999741092,729.7040796270277,329.7040796270277,0.0,4.0,0.0,0.0
rc201C10,4,10,phased,4,edd,7.200000254670158e-06,4000832.0734034497,432.073403449827,0.0,4.0,1.0,4.0
rc201C10,4,10,phased,4,sweep,6.399997801054269e-06,1003101.5200367715,358.27448356812425,234.3245553203368,4.0,1.0,1.0
rc201C10,4,10,phased,4,nearest,3.3799999073380604e-05,1024685.4775751766,380.8796050237053,2390.4597970152968,4.0,1.0,1.0
rc201C10,4,10,phased,4,grasp,0.0030708000012964476,4542.536720323589,401.24009945441924,374.12966208691694,4.0,1.0,0.0
rc201C10,4,10,phased,4,mp_eavns,0.04482579999967129,729.7040796270277,329.7040796270277,0.0,4.0,0.0,0.0
rc201C10,4,10,all,4,edd,7.199996616691351e-06,4000832.0734034497,432.073403449827,0.0,4.0,1.0,4.0
rc201C10,4,10,all,4,sweep,7.99999907030724e-06,1003101.5200367715,358.27448356812425,234.3245553203368,4.0,1.0,1.0
rc201C10,4,10,all,4,nearest,2.4199998733820394e-05,1024685.4775751766,380.8796050237053,2390.4597970152968,4.0,1.0,1.0
rc201C10,4,10,all,4,grasp,0.0032226000002992805,4542.536720323589,401.24009945441924,374.12966208691694,4.0,1.0,0.0
rc201C10,4,10,all,4,mp_eavns,0.043638999999529915,752.3503816836325,352.35038168363246,0.0,4.0,1.0,0.0
rc202_21,1,25,depot,1,edd,1.1200001608813182e-05,7002141.7490478605,1041.749047860225,0.0,11.0,0.0,7.0
rc202_21,1,25,depot,1,sweep,7.200000254670158e-06,3029018.416990261,990.4727708800376,2692.7944219380993,11.0,0.0,3.0
rc202_21,1,25,depot,1,nearest,7.540000297012739e-05,3018576.6948171672,876.8114032887432,1669.9883413878508,10.0,0.0,3.0
rc202_21,1,25,depot,1,grasp,0.007423500002914807,1015566.6254002944,1017.1368626692422,1354.9488537625225,10.0,1.0,1.0
rc202_21,1,25,depot,1,mp_eavns,0.1354804000002332,1001647.1054471285,747.1054471285145,0.0,9.0,0.0,1.0
rc202_21,1,25,phased,6,edd,1.21000011858996e-05,1002152.8915734945,1052.8915734945515,0.0,11.0,5.0,1.0
rc202_21,1,25,phased,6,sweep,9.499999578110874e-06,1029020.7945924357,992.8503730546663,2692.7944219380993,11.0,2.0,1.0
rc202_21,1,25,phased,6,nearest,7.420000110869296e-05,18577.18778343471,877.3043695561993,1669.9883413878508,10.0,3.0,0.0
rc202_21,1,25,phased,6,grasp,0.009044999998877756,1946.1754334935824,946.1754334935824,0.0,10.0,3.0,0.0
rc202_21,1,25,phased,6,mp_eavns,0.16046040000219364,1737.7423081767377,837.7423081767377,0.0,9.0,3.0,0.0
rc202_21,1,25,all,21,edd,1.2900000001536682e-05,1002152.8915734945,1052.8915734945515,0.0,11.0,5.0,1.0
rc202_21,1,25,all,21,sweep,9.999999747378752e-06,1029020.7945924357,992.8503730546663,2692.7944219380993,11.0,2.0,1.0
rc202_21,1,25,all,21,nearest,7.43000018701423e-05,18577.18778343471,877.3043695561993,1669.9883413878508,10.0,3.0,0.0
rc202_21,1,25,all,21,grasp,0.011063400001148693,5183.217727044159,956.4724424983374,322.6745284545821,10.0,3.0,0.0
rc202_21,1,25,all,21,mp_eavns,0.17945139999937965,1682.3254877066734,782.3254877066734,0.0,9.0,2.0,0.0
rc202_21,2,50,depot,1,edd,1.97000008483883e-05,13004936.572547846,2447.9269420419814,18.864560580349576,23.0,3.0,13.0
rc202_21,2,50,depot,1,sweep,1.2400003470247611e-05,7051836.1431406075,2024.0882490637894,4761.205489154391,22.0,0.0,7.0
rc202_21,2,50,depot,1,nearest,0.00021969999943394214,8044369.470288156,1755.2418613645243,4081.4228426790824,18.0,0.0,8.0
rc202_21,2,50,depot,1,grasp,0.045180000000982545,6026977.411796936,2045.2506143992923,2293.2161182536515,20.0,1.0,6.0
rc202_21,2,50,depot,1,mp_eavns,0.7055569999974978,3003340.9268177925,1540.926817792546,0.0,18.0,0.0,3.0
rc202_21,2,50,phased,11,edd,1.9699997210409492e-05,4004754.4410003023,2454.4410003025237,0.0,23.0,11.0,4.0
rc202_21,2,50,phased,11,sweep,1.5300000086426735e-05,2051871.8725585693,2059.8176670252906,4761.205489154391,22.0,5.0,2.0
rc202_21,2,50,phased,11,nearest,0.00022899999748915434,44382.28059296223,1768.0521661714033,4081.4228426790824,18.0,7.0,0.0
rc202_21,2,50,phased,11,grasp,0.1199549000011757,20413.11288375772,1992.204038675633,1652.0908845082085,19.0,9.0,0.0
rc202_21,2,50,phased,11,mp_eavns,1.200366799999756,3436.171262875333,1636.1712628753332,0.0,18.0,4.0,0.0
rc202_21,2,50,all,21,edd,1.9900002371286973e-05,4004754.4410003023,2454.4410003025237,0.0,23.0,11.0,4.0
rc202_21,2,50,all,21,sweep,1.4999997802078724e-05,2051871.8725585693,2059.8176670252906,4761.205489154391,22.0,5.0,2.0
rc202_21,2,50,all,21,nearest,0.00022339999850373715,44382.28059296223,1768.0521661714033,4081.4228426790824,18.0,7.0,0.0
rc202_21,2,50,all,21,grasp,0.13318919999801437,11810.056883182675,1972.98638960949,793.7070493573185,19.0,7.0,0.0
rc202_21,2,50,all,21,mp_eavns,0.9865537000005133,3339.894618432886,1539.894618432886,0.0,18.0,3.0,0.0
rc202_21,3,75,depot,1,edd,2.8700000257231295e-05,23007743.49591812,3979.3239357757825,46.41719823437222,33.0,5.0,23.0
rc202_21,3,75,depot,1,sweep,1.6999998479150236e-05,10058371.48715662,2902.123772599384,5226.936338402115,32.0,0.0,10.0
rc202_21,3,75,depot,1,nearest,0.0004383999985293485,13057521.995385397,2703.20206081961,5211.879332457819,27.0,0.0,13.0
rc202_21,3,75,depot,1,grasp,0.15777380000145058,9034296.22763418,3003.720291458546,2859.2507342721187,27.0,4.0,9.0
rc202_21,3,75,depot,1,mp_eavns,2.4909899000012956,5004981.890338163,2281.890338162616,0.0,27.0,0.0,5.0
rc202_21,3,75,phased,16,edd,3.1600000511389226e-05,11007544.285081359,3968.758704818525,27.552637654022647,33.0,15.0,11.0
rc202_21,3,75,phased,16,sweep,1.979999797185883e-05,2058411.8020518564,2942.438667835222,5226.936338402115,32.0,8.0,2.0
rc202_21,3,75,phased,16,nearest,0.0004454000008990988,2057883.6210192023,2711.8371540973203,5247.178386510499,27.0,10.0,2.0
rc202_21,3,75,phased,16,grasp,0.3235162000019045,1024641.8455937164,2903.139748335334,1903.8705845381014,27.0,12.0,1.0
rc202_21,3,75,phased,16,mp_eavns,3.7889370000011695,5132.618244426442,2432.6182444264423,0.0,27.0,6.0,0.0
rc202_21,3,75,all,21,edd,3.1299998227041215e-05,10007676.534222396,3964.907735795493,41.16264866012,33.0,16.0,10.0
rc202_21,3,75,all,21,sweep,4.740000076708384e-05,2058411.8020518564,2942.438667835222,5226.936338402115,32.0,8.0,2.0
rc202_21,3,75,all,21,nearest,0.0004698000011558179,2057883.6210192023,2711.8371540973203,5247.178386510499,27.0,10.0,2.0
rc202_21,3,75,all,21,grasp,0.356324799999129,41725.312481743706,2999.7219620353117,3592.559051970839,28.0,14.0,0.0
rc202_21,3,75,all,21,mp_eavns,4.299382699999114,5102.328013332633,2402.3280133326334,0.0,27.0,8.0,0.0
rc202_21,4,100,depot,1,edd,3.319999814266339e-05,37009640.914115936,5258.3114405507,18.260267538382095,42.0,5.0,37.0
rc202_21,4,100,depot,1,sweep,2.2000000171829015e-05,11064547.681204079,3657.442752842762,5669.023845123521,42.0,0.0,11.0
rc202_21,4,100,depot,1,nearest,0.0007655000008526258,13055070.506249717,3549.9840852381267,4792.052216447826,36.0,2.0,13.0
rc202_21,4,100,depot,1,grasp,0.27516599999944447,12044214.170087043,4274.703812854012,3633.9466274189026,36.0,9.0,12.0
rc202_21,4,100,depot,1,mp_eavns,5.122080900000583,5006511.107525518,2911.1075255183314,0.0,36.0,0.0,5.0
rc202_21,4,100,phased,21,edd,4.160000025876798e-05,11012314.154603088,5333.654594679909,278.0500008407624,42.0,26.0,11.0
rc202_21,4,100,phased,21,sweep,2.609999864944257e-05,2064588.3476053602,3698.1091541249702,5669.023845123521,42.0,9.0,2.0
rc202_21,4,100,phased,21,nearest,0.0007252999967022333,1056519.4837480618,3559.8542562773778,4935.962949178438,36.0,14.0,1.0
rc202_21,4,100,phased,21,grasp,0.8227766000018164,43212.40916093564,3900.3460400143204,3571.206312092132,36.0,21.0,0.0
rc202_21,4,100,phased,21,mp_eavns,7.9971780000014405,6701.514608409518,3101.5146084095177,0.0,36.0,8.0,0.0
rc202_21,4,100,all,21,edd,7.170000026235357e-05,11012314.154603088,5333.654594679909,278.0500008407624,42.0,26.0,11.0
rc202_21,4,100,all,21,sweep,2.7099998987978324e-05,2064588.3476053602,3698.1091541249702,5669.023845123521,42.0,9.0,2.0
rc202_21,4,100,all,21,nearest,0.0007421000009344425,1056519.4837480618,3559.8542562773778,4935.962949178438,36.0,14.0,1.0
rc202_21,4,100,all,21,grasp,0.7715089000012085,48111.799620283586,4328.140165754601,3998.3659454528984,38.0,24.0,0.0
rc202_21,4,100,all,21,mp_eavns,10.67533579999872,6633.403414613273,3033.403414613273,0.0,36.0,9.0,0.0
rc202C15,1,4,depot,1,edd,6.900001608300954e-06,355.4536629777351,155.45366297773512,0.0,2.0,0.0,0.0
rc202C15,1,4,depot,1,sweep,3.0999981390777975e-06,329.7151874316648,129.7151874316648,0.0,2.0,0.0,0.0
rc202C15,1,4,depot,1,nearest,1.1500000255182385e-05,922.1863857057082,154.95555647254776,56.72308292331604,2.0,0.0,0.0
rc202C15,1,4,depot,1,grasp,0.0002199000009568408,355.4536629777351,155.45366297773512,0.0,2.0,0.0,0.0
rc202C15,1,4,depot,1,mp_eavns,0.004853200000070501,329.7151874316648,129.7151874316648,0.0,2.0,0.0,0.0
rc202C15,1,4,phased,2,edd,2.8999966161791235e-06,355.4536629777351,155.45366297773512,0.0,2.0,0.0,0.0
rc202C15,1,4,phased,2,sweep,2.9000002541579306e-06,329.7151874316648,129.7151874316648,0.0,2.0,0.0,0.0
rc202C15,1,4,phased,2,nearest,7.700000423938036e-06,922.1863857057082,154.95555647254776,56.72308292331604,2.0,0.0,0.0
rc202C15,1,4,phased,2,grasp,0.00022110000281827524,329.7151874316648,129.7151874316648,0.0,2.0,0.0,0.0
rc202C15,1,4,phased,2,mp_eavns,0.006136600000900216,329.7151874316648,129.7151874316648,0.0,2.0,0.0,0.0
rc202C15,1,4,all,5,edd,5.49999822396785e-06,355.4536629777351,155.45366297773512,0.0,2.0,0.0,0.0
rc202C15,1,4,all,5,sweep,5.300000339047983e-06,329.7151874316648,129.7151874316648,0.0,2.0,0.0,0.0
rc202C15,1,4,all,5,nearest,1.4499997632810846e-05,922.1863857057082,154.95555647254776,56.72308292331604,2.0,0.0,0.0
rc202C15,1,4,all,5,grasp,0.0003775000004679896,329.7151874316648,129.7151874316648,0.0,2.0,0.0,0.0
rc202C15,1,4,all,5,mp_eavns,0.006452499997976702,329.7151874316648,129.7151874316648,0.0,2.0,0.0,0.0
rc202C15,2,8,depot,1,edd,6.199999916134402e-06,2000660.123542216,360.12354221602345,0.0,3.0,1.0,2.0
rc202C15,2,8,depot,1,sweep,5.599998985417187e-06,1002733.274110335,242.56343221639605,219.07106781186553,3.0,0.0,1.0
rc202C15,2,8,depot,1,nearest,1.9999999494757503e-05,1000695.3940345806,297.20501483509435,9.818901974546634,3.0,0.0,1.0
rc202C15,2,8,depot,1,grasp,0.0015791000005265232,567.7736875487168,267.7736875487168,0.0,3.0,0.0,0.0
rc202C15,2,8,depot,1,mp_eavns,0.028601400001207367,554.6488951878287,254.64889518782863,0.0,3.0,0.0,0.0
rc202C15,2,8,phased,3,edd,6.900001608300954e-06,2000635.8445522976,335.844552297673,0.0,3.0,1.0,2.0
rc202C15,2,8,phased,3,sweep,5.900001269765198e-06,1002733.274110335,242.56343221639605,219.07106781186553,3.0,0.0,1.0
rc202C15,2,8,phased,3,nearest,1.840000186348334e-05,1000695.3940345806,297.20501483509435,9.818901974546634,3.0,0.0,1.0
rc202C15,2,8,phased,3,grasp,0.001608200000191573,550.1878512557646,250.18785125576463,0.0,3.0,1.0,0.0
rc202C15,2,8,phased,3,mp_eavns,0.020013000001199543,542.0935587447531,242.09355874475307,0.0,3.0,1.0,0.0
rc202C15,2,8,all,5,edd,4.0000013541430235e-06,2000635.8445522976,335.844552297673,0.0,3.0,1.0,2.0
rc202C15,2,8,all,5,sweep,3.6999990697950125e-06,1002733.274110335,242.56343221639605,219.07106781186553,3.0,0.0,1.0
rc202C15,2,8,all,5,nearest,1.4099998224992305e-05,1000695.3940345806,297.20501483509435,9.818901974546634,3.0,0.0,1.0
rc202C15,2,8,all,5,grasp,0.0016906999990169425,550.1878512557646,250.18785125576463,0.0,3.0,1.0,0.0
rc202C15,2,8,all,5,mp_eavns,0.022316899998259032,542.0935587447531,242.09355874475307,0.0,3.0,1.0,0.0
rc202C15,3,12,depot,1,edd,5.900001269765198e-06,2001112.230905831,612.230905831201,0.0,5.0,2.0,2.0
rc202C15,3,12,depot,1,sweep,4.400000761961564e-06,2010291.4098970126,443.10840067302894,934.8301496339526,5.0,0.0,2.0
rc202C15,3,12,depot,1,nearest,3.8800000766059384e-05,3011902.349649569,475.06450102776915,1102.728514854125,4.0,0.0,3.0
rc202C15,3,12,depot,1,grasp,0.0031506000013905577,11317.443497415716,468.4221771933857,1044.902132022233,4.0,2.0,0.0
rc202C15,3,12,depot,1,mp_eavns,0.0640516999992542,895.0540570460396,395.0540570460396,0.0,5.0,0.0,0.0
rc202C15,3,12,phased,4,edd,1.0100000508828089e-05,2001087.9519159128,587.9519159128506,0.0,5.0,2.0,2.0
rc202C15,3,12,phased,4,sweep,8.700000762473792e-06,1010295.037357868,446.7358615285219,934.8301496339526,5.0,1.0,1.0
rc202C15,3,12,phased,4,nearest,2.890000178012997e-05,13153.384002694382,480.2790008603685,1227.3105001834015,4.0,2.0,0.0
rc202C15,3,12,phased,4,grasp,0.004206099998555146,1042.4154548938866,542.4154548938866,0.0,5.0,2.0,0.0
rc202C15,3,12,phased,4,mp_eavns,0.04399380000177189,876.6612084432281,476.6612084432281,0.0,4.0,2.0,0.0
rc202C15,3,12,all,5,edd,7.599999662488699e-06,2001087.9519159128,587.9519159128506,0.0,5.0,2.0,2.0
rc202C15,3,12,all,5,sweep,7.500002539018169e-06,1010295.037357868,446.7358615285219,934.8301496339526,5.0,1.0,1.0
rc202C15,3,12,all,5,nearest,2.6900001103058457e-05,13153.384002694382,480.2790008603685,1227.3105001834015,4.0,2.0,0.0
rc202C15,3,12,all,5,grasp,0.004099700003280304,930.3995300497847,530.3995300497847,0.0,4.0,3.0,0.0
rc202C15,3,12,all,5,mp_eavns,0.07142780000140192,894.2318668955235,394.23186689552347,0.0,5.0,1.0,0.0
rc202C15,4,15,depot,1,edd,7.99999907030724e-06,7001379.359696006,779.3596960066002,0.0,6.0,1.0,7.0
rc202C15,4,15,depot,1,sweep,5.40000110049732e-06,3010501.302208857,553.0007125177342,934.8301496339526,6.0,0.0,3.0
rc202C15,4,15,depot,1,nearest,3.769999966607429e-05,3016331.1681060367,559.0048960521567,1527.2163209984628,5.0,0.0,3.0
rc202C15,4,15,depot,1,grasp,0.003936799999792129,8917.422903876013,660.3522375091934,775.7070666366819,5.0,3.0,0.0
rc202C15,4,15,depot,1,mp_eavns,0.11699969999972382,1078.9944520704273,478.99445207042726,0.0,6.0,0.0,0.0
rc202C15,4,15,phased,5,edd,8.39999847812578e-06,2001396.0388484546,796.0388484546016,0.0,6.0,5.0,2.0
rc202C15,4,15,phased,5,sweep,7.500002539018169e-06,1010506.6868242762,558.3853279366934,934.8301496339526,6.0,2.0,1.0
rc202C15,4,15,phased,5,nearest,3.6200002796249464e-05,17582.20245916215,564.2193958847561,1651.7983063277393,5.0,2.0,0.0
rc202C15,4,15,phased,5,grasp,0.0069317999987106305,2191.059675366633,661.1351859310842,102.9924489435549,5.0,3.0,0.0
rc202C15,4,15,phased,5,mp_eavns,0.0765492999998969,1060.6016034676156,560.6016034676156,0.0,5.0,2.0,0.0
rc202C15,4,15,all,5,edd,8.999999408842996e-06,2001396.0388484546,796.0388484546016,0.0,6.0,5.0,2.0
rc202C15,4,15,all,5,sweep,7.399998139590025e-06,1010506.6868242762,558.3853279366934,934.8301496339526,6.0,2.0,1.0
rc202C15,4,15,all,5,nearest,3.550000110408291e-05,17582.20245916215,564.2193958847561,1651.7983063277393,5.0,2.0,0.0
rc202C15,4,15,all,5,grasp,0.008461500001430977,3511.931742765439,653.6030649619129,235.83286778035261,5.0,5.0,0.0
rc202C15,4,15,all,5,mp_eavns,0.1117844000000332,1113.6966054362256,613.6966054362257,0.0,5.0,4.0,0.0
rc203_21,1,25,depot,1,edd,1.2399999832268804e-05,5002147.628098909,1047.6280989092324,0.0,11.0,0.0,5.0
rc203_21,1,25,depot,1,sweep,8.000002708286047e-06,3008767.791535322,990.4727708800376,667.731876444215,11.0,0.0,3.0
rc203_21,1,25,depot,1,nearest,7.360000017797574e-05,3012694.4993725945,876.8114032887432,1081.768796930558,10.0,0.0,3.0
rc203_21,1,25,depot,1,grasp,0.006341899999824818,1016974.0897139441,1055.0651695379256,1491.902454440623,10.0,2.0,1.0
rc203_21,1,25,depot,1,mp_eavns,0.15599339999971562,1001641.2920527642,741.292052764262,0.0,9.0,0.0,1.0
rc203_21,1,25,phased,6,edd,1.4799999917158857e-05,2002149.9269948194,1049.926994819361,0.0,11.0,2.0,2.0
rc203_21,1,25,phased,6,sweep,1.0300002031726763e-05,1008770.1691374969,992.8503730546663,667.731876444215,11.0,2.0,1.0
rc203_21,1,25,phased,6,nearest,0.0001033000007737428,12694.992338861779,877.3043695561993,1081.768796930558,10.0,3.0,0.0
rc203_21,1,25,phased,6,grasp,0.008354199999303091,2961.7730851185265,896.5281236956272,106.52449614228993,10.0,3.0,0.0
rc203_21,1,25,phased,6,mp_eavns,0.16416839999874355,1707.3490000663007,807.3490000663007,0.0,9.0,3.0,0.0
rc203_21,1,25,all,21,edd,1.1699998140102252e-05,2002149.9269948194,1049.926994819361,0.0,11.0,2.0,2.0
rc203_21,1,25,all,21,sweep,9.60000033956021e-06,1008770.1691374969,992.8503730546663,667.731876444215,11.0,2.0,1.0
rc203_21,1,25,all,21,nearest,7.639999967068434e-05,12694.992338861779,877.3043695561993,1081.768796930558,10.0,3.0,0.0
rc203_21,1,25,all,21,grasp,0.010472300000401447,2018.339017741205,1018.339017741205,0.0,10.0,4.0,0.0
rc203_21,1,25,all,21,mp_eavns,0.1309569000004558,1665.1207318820934,765.1207318820934,0.0,9.0,1.0,0.0
rc203_21,2,50,depot,1,edd,2.1800002286909148e-05,11004393.759214425,2193.759214424761,0.0,22.0,1.0,11.0
rc203_21,2,50,depot,1,sweep,1.21000011858996e-05,7025095.177198007,2024.0882490637894,2087.1088948942734,22.0,0.0,7.0
rc203_21,2,50,depot,1,nearest,0.00022399999943445437,8029049.532476454,1755.2418613645243,2549.4290615089385,18.0,0.0,8.0
rc203_21,2,50,depot,1,grasp,0.0499969999982568,6004151.689091897,1772.9821110879757,57.870698080866305,18.0,0.0,6.0
rc203_21,2,50,depot,1,mp_eavns,0.8718394999996235,3003358.1443021935,1558.1443021937093,0.0,18.0,0.0,3.0
rc203_21,2,50,phased,11,edd,2.1400002879090607e-05,4418.962424224628,2218.9624242246277,0.0,22.0,11.0,0.0
rc203_21,2,50,phased,11,sweep,1.4799999917158857e-05,2025130.906615968,2059.8176670252906,2087.1088948942734,22.0,5.0,2.0
rc203_21,2,50,phased,11,nearest,0.0002224000018031802,29062.342781260788,1768.0521661714033,2549.4290615089385,18.0,7.0,0.0
rc203_21,2,50,phased,11,grasp,0.07082099999752245,10673.871791564019,1895.212236671179,687.865955489284,19.0,7.0,0.0
rc203_21,2,50,phased,11,mp_eavns,1.4136074999987613,3373.661207696846,1573.6612076968456,0.0,18.0,4.0,0.0
rc203_21,2,50,all,21,edd,2.0300001779105514e-05,4418.962424224628,2218.9624242246277,0.0,22.0,11.0,0.0
rc203_21,2,50,all,21,sweep,1.5300000086426735e-05,2025130.906615968,2059.8176670252906,2087.1088948942734,22.0,5.0,2.0
rc203_21,2,50,all,21,nearest,0.0002268999996886123,29062.342781260788,1768.0521661714033,2549.4290615089385,18.0,7.0,0.0
rc203_21,2,50,all,21,grasp,0.11265510000157519,4515.672254225037,1960.9502036825947,65.47220505424423,19.0,7.0,0.0
rc203_21,2,50,all,21,mp_eavns,1.3896380999976827,3380.093424987259,1580.0934249872591,0.0,18.0,4.0,0.0
rc203_21,3,75,depot,1,edd,2.809999932651408e-05,24007001.88664566,3801.886645660672,0.0,32.0,4.0,24.0
rc203_21,3,75,depot,1,sweep,1.630000042496249e-05,10026973.212721542,2902.123772599384,2087.1088948942734,32.0,0.0,10.0
rc203_21,3,75,depot,1,nearest,0.0004346999994595535,13037991.845958753,2703.20206081961,3258.864389793356,27.0,0.0,13.0
rc203_21,3,75,depot,1,grasp,0.13325049999912153,10022464.708550531,3229.8280951694555,1643.488045536129,28.0,6.0,10.0
rc203_21,3,75,depot,1,mp_eavns,2.201690400001098,6005040.312220215,2340.312220215265,0.0,27.0,0.0,6.0
rc203_21,3,75,phased,16,edd,4.140000237384811e-05,10007031.445716256,3831.445716255819,0.0,32.0,18.0,10.0
rc203_21,3,75,phased,16,sweep,2.2799998987466097e-05,2027013.527616778,2942.438667835222,2087.1088948942734,32.0,8.0,2.0
rc203_21,3,75,phased,16,nearest,0.00044550000166054815,2038000.4810520308,2711.8371540973203,3258.864389793356,27.0,10.0,2.0
rc203_21,3,75,phased,16,grasp,0.24503529999856255,17684.366500964905,3147.692470135406,1163.6674030829502,29.0,15.0,0.0
rc203_21,3,75,phased,16,mp_eavns,3.5492131000028166,5082.916541836203,2382.916541836203,0.0,27.0,7.0,0.0
rc203_21,3,75,all,21,edd,3.2599997211946175e-05,10007017.606083151,3817.6060831508385,0.0,32.0,17.0,10.0
rc203_21,3,75,all,21,sweep,2.0899999071843922e-05,2027013.527616778,2942.438667835222,2087.1088948942734,32.0,8.0,2.0
rc203_21,3,75,all,21,nearest,0.0004695999996329192,2038000.4810520308,2711.8371540973203,3258.864389793356,27.0,10.0,2.0
rc203_21,3,75,all,21,grasp,0.3088287999999011,21577.61152525599,2968.214964143766,1590.9396561112226,27.0,15.0,0.0
rc203_21,3,75,all,21,mp_eavns,5.117509199997585,5101.8434462092155,2401.843446209215,0.0,27.0,8.0,0.0
rc203_21,4,100,depot,1,edd,3.949999882024713e-05,30009650.112842333,5250.1128423310665,0.0,44.0,6.0,30.0
rc203_21,4,100,depot,1,sweep,2.229999881819822e-05,11032960.72714636,3657.442752842762,2510.328439351566,42.0,0.0,11.0
rc203_21,4,100,depot,1,nearest,0.0007558999968750868,13028886.883090606,3549.9840852381267,2173.689900536746,36.0,2.0,13.0
rc203_21,4,100,depot,1,grasp,0.2708887999979197,12042816.875481652,4316.5819027006455,3480.0293578951105,37.0,10.0,12.0
rc203_21,4,100,depot,1,mp_eavns,5.322926500000904,6006693.748641915,3093.748641915018,0.0,36.0,1.0,6.0
rc203_21,4,100,phased,21,edd,4.1799998143687844e-05,12010383.892950991,5237.609994834571,74.62829561564172,44.0,19.0,12.0
rc203_21,4,100,phased,21,sweep,2.680000034160912e-05,2033001.3935476406,3698.1091541249702,2510.328439351566,42.0,9.0,2.0
rc203_21,4,100,phased,21,nearest,0.0007335999980568886,1028896.7532616449,3559.8542562773778,2173.689900536746,36.0,14.0,1.0
rc203_21,4,100,phased,21,grasp,0.6159581000028993,1020828.982538337,3757.625217393876,1337.1357320943143,37.0,18.0,1.0
rc203_21,4,100,phased,21,mp_eavns,10.534282399999938,6674.039827864472,3074.039827864471,0.0,36.0,8.0,0.0
rc203_21,4,100,all,21,edd,4.070000068168156e-05,12010383.892950991,5237.609994834571,74.62829561564172,44.0,19.0,12.0
rc203_21,4,100,all,21,sweep,2.5400000595254824e-05,2033001.3935476406,3698.1091541249702,2510.328439351566,42.0,9.0,2.0
rc203_21,4,100,all,21,nearest,0.0007366999998339452,1028896.7532616449,3559.8542562773778,2173.689900536746,36.0,14.0,1.0
rc203_21,4,100,all,21,grasp,0.6456850000031409,28785.162815493703,3896.557190076991,2128.8605625416712,36.0,19.0,0.0
rc203_21,4,100,all,21,mp_eavns,7.783635499999946,6560.936639235029,2960.936639235029,0.0,36.0,9.0,0.0
rc204_21,1,25,depot,1,edd,1.4799999917158857e-05,5002162.633368141,1062.6333681406654,0.0,11.0,0.0,5.0
rc204_21,1,25,depot,1,sweep,7.899998308857903e-06,3007204.8125822004,990.4727708800376,511.4339811320566,11.0,0.0,3.0
rc204_21,1,25,depot,1,nearest,7.530000220867805e-05,3004273.876795111,876.8114032887432,239.7065391822594,10.0,0.0,3.0
rc204_21,1,25,depot,1,grasp,0.0049165999989781994,1003505.5652295976,971.7712189154327,153.37940106821276,10.0,1.0,1.0
rc204_21,1,25,depot,1,mp_eavns,0.13024070000028587,1001668.0203056032,768.0203056032058,0.0,9.0,0.0,1.0
rc204_21,1,25,phased,6,edd,1.599999814061448e-05,4002162.657169504,1062.6571695038729,0.0,11.0,1.0,4.0
rc204_21,1,25,phased,6,sweep,1.170000177808106e-05,1007207.1901843753,992.8503730546663,511.4339811320566,11.0,2.0,1.0
rc204_21,1,25,phased,6,nearest,7.620000178576447e-05,4274.369761378794,877.3043695561993,239.7065391822594,10.0,3.0,0.0
rc204_21,1,25,phased,6,grasp,0.0074744999983522575,1888.6672847106286,888.6672847106286,0.0,10.0,3.0,0.0
rc204_21,1,25,phased,6,mp_eavns,0.16883360000065295,1641.4544244828985,741.4544244828986,0.0,9.0,2.0,0.0
rc204_21,1,25,all,21,edd,1.2600001355167478e-05,4002162.657169504,1062.6571695038729,0.0,11.0,1.0,4.0
rc204_21,1,25,all,21,sweep,1.0200001270277426e-05,1007207.1901843753,992.8503730546663,511.4339811320566,11.0,2.0,1.0
rc204_21,1,25,all,21,nearest,7.980000009411015e-05,4274.369761378794,877.3043695561993,239.7065391822594,10.0,3.0,0.0
rc204_21,1,25,all,21,grasp,0.00816099999792641,1734.4432064580951,834.443206458095,0.0,9.0,2.0,0.0
rc204_21,1,25,all,21,mp_eavns,0.222045700000308,1650.0294211076662,750.0294211076662,0.0,9.0,3.0,0.0
rc204_21,2,50,depot,1,edd,1.930000144056976e-05,12004594.360734986,2394.360734986809,0.0,22.0,2.0,12.0
rc204_21,2,50,depot,1,sweep,1.2800002878066152e-05,7014463.246853376,2024.0882490637894,1023.9158604311899,22.0,0.0,7.0
rc204_21,2,50,depot,1,nearest,0.0002142000012099743,8004140.90227958,1755.2418613645243,58.56604182158392,18.0,0.0,8.0
rc204_21,2,50,depot,1,grasp,0.03145389999917825,5007190.556374917,1876.237498389833,341.4318876526553,19.0,1.0,5.0
rc204_21,2,50,depot,1,mp_eavns,0.722571299997071,3003321.1044702902,1521.1044702903976,0.0,18.0,0.0,3.0
rc204_21,2,50,phased,11,edd,2.1199997718213126e-05,5004612.094624952,2412.0946249521553,0.0,22.0,9.0,5.0
rc204_21,2,50,phased,11,sweep,1.590000101714395e-05,2014498.9762713371,2059.8176670252906,1023.9158604311899,22.0,5.0,2.0
rc204_21,2,50,phased,11,nearest,0.00021910000214120373,4153.712584387243,1768.0521661714033,58.56604182158392,18.0,7.0,0.0
rc204_21,2,50,phased,11,grasp,0.06380720000015572,3666.8773356719284,1866.8773356719287,0.0,18.0,8.0,0.0
rc204_21,2,50,phased,11,mp_eavns,1.3706887000007555,3313.9408950969764,1513.9408950969762,0.0,18.0,5.0,0.0
rc204_21,2,50,all,21,edd,1.929999780259095e-05,5004612.094624952,2412.0946249521553,0.0,22.0,9.0,5.0
rc204_21,2,50,all,21,sweep,1.5199999324977398e-05,2014498.9762713371,2059.8176670252906,1023.9158604311899,22.0,5.0,2.0
rc204_21,2,50,all,21,nearest,0.00020700000095530413,4153.712584387243,1768.0521661714033,58.56604182158392,18.0,7.0,0.0
rc204_21,2,50,all,21,grasp,0.07658090000040829,3863.5920769602217,1963.5920769602217,0.0,19.0,7.0,0.0
rc204_21,2,50,all,21,mp_eavns,1.401851300000999,3354.1865594690644,1554.1865594690646,0.0,18.0,5.0,0.0
rc204_21,3,75,depot,1,edd,3.300000025774352e-05,14007075.80746082,3875.8074608197344,0.0,32.0,9.0,14.0
rc204_21,3,75,depot,1,sweep,1.680000059423037e-05,10016341.282376911,2902.123772599384,1023.9158604311899,32.0,0.0,10.0
rc204_21,3,75,depot,1,nearest,0.0004502000010688789,13007198.862479035,2703.20206081961,179.56604182158392,27.0,0.0,13.0
rc204_21,3,75,depot,1,grasp,0.09959999999773572,9010975.299976228,3132.4625003651763,514.2837475862959,27.0,7.0,9.0
rc204_21,3,75,depot,1,mp_eavns,2.5364353000004485,6004964.308503185,2264.3085031857613,0.0,27.0,0.0,6.0
rc204_21,3,75,phased,16,edd,3.070000093430281e-05,4007030.3441835437,3830.344183543684,0.0,32.0,20.0,4.0
rc204_21,3,75,phased,16,sweep,2.0700001186924055e-05,2016381.5972721472,2942.438667835222,1023.9158604311899,32.0,8.0,2.0
rc204_21,3,75,phased,16,nearest,0.0004366000030131545,2007207.497572313,2711.8371540973203,179.56604182158392,27.0,10.0,2.0
rc204_21,3,75,phased,16,grasp,0.17299980000098003,8773.456336219368,2903.456336219368,307.0,28.0,12.0,0.0
rc204_21,3,75,phased,16,mp_eavns,4.350765999999567,5043.140101737869,2343.1401017378694,0.0,27.0,9.0,0.0
rc204_21,3,75,all,21,edd,3.590000051190145e-05,4007030.3441835437,3830.344183543684,0.0,32.0,20.0,4.0
rc204_21,3,75,all,21,sweep,2.0699997548945248e-05,2016381.5972721472,2942.438667835222,1023.9158604311899,32.0,8.0,2.0
rc204_21,3,75,all,21,nearest,0.00043340000047464855,2007207.497572313,2711.8371540973203,179.56604182158392,27.0,10.0,2.0
rc204_21,3,75,all,21,grasp,0.19883409999965806,2005657.517125482,2857.517125481886,0.0,28.0,10.0,2.0
rc204_21,3,75,all,21,mp_eavns,4.629791300001671,4985.847107636311,2285.8471076363116,0.0,27.0,8.0,0.0
rc204_21,4,100,depot,1,edd,3.5400000342633575e-05,29009177.283604212,5045.6278034014595,3.165580081205462,41.0,9.0,29.0
rc204_21,4,100,depot,1,sweep,2.170000152545981e-05,11019928.796801727,3657.442752842762,1207.1354048884828,42.0,0.0,11.0
rc204_21,4,100,depot,1,nearest,0.0007353000000875909,13011201.551602963,3549.9840852381267,405.1567517724937,36.0,2.0,13.0
rc204_21,4,100,depot,1,grasp,0.1621608000023116,12016122.80173114,4120.426016793118,830.2375714347062,37.0,7.0,12.0
rc204_21,4,100,depot,1,mp_eavns,6.678184599997621,6006650.550547441,2950.5505474402053,0.0,37.0,0.0,6.0
rc204_21,4,100,phased,21,edd,4.7199999244185165e-05,6009138.9610603,5038.961060299831,0.0,41.0,28.0,6.0
rc204_21,4,100,phased,21,sweep,2.680000034160912e-05,2019969.4632030097,3698.1091541249702,1207.1354048884828,42.0,9.0,2.0
rc204_21,4,100,phased,21,nearest,0.0007404999996651895,1011211.4217740023,3559.8542562773778,405.1567517724937,36.0,14.0,1.0
rc204_21,4,100,phased,21,grasp,0.3951376999975764,1007723.6567272122,4023.656727212303,0.0,37.0,22.0,1.0
rc204_21,4,100,phased,21,mp_eavns,8.030746999997064,6575.802320877712,2975.802320877712,0.0,36.0,10.0,0.0
rc204_21,4,100,all,21,edd,3.890000152750872e-05,6009138.9610603,5038.961060299831,0.0,41.0,28.0,6.0
rc204_21,4,100,all,21,sweep,2.4199998733820394e-05,2019969.4632030097,3698.1091541249702,1207.1354048884828,42.0,9.0,2.0
rc204_21,4,100,all,21,nearest,0.0007138000000850298,1011211.4217740023,3559.8542562773778,405.1567517724937,36.0,14.0,1.0
rc204_21,4,100,all,21,grasp,0.4266481999984535,15006.60423082802,3893.61822875855,741.2986002069471,37.0,19.0,0.0
rc204_21,4,100,all,21,mp_eavns,11.050684699999692,6518.509326776155,2918.509326776155,0.0,36.0,9.0,0.0
rc204C15,1,4,depot,1,edd,9.199997293762863e-06,1000541.928009401,241.92800940097928,0.0,3.0,0.0,1.0
rc204C15,1,4,depot,1,sweep,3.2999996619764715e-06,1000396.3679896725,196.36798967243485,0.0,2.0,0.0,1.0
rc204C15,1,4,depot,1,nearest,1.1899999663000926e-05,1000404.0897094592,204.0897094592362,0.0,2.0,0.0,1.0
rc204C15,1,4,depot,1,grasp,0.00025490000189165585,1000396.3679896725,196.36798967243485,0.0,2.0,0.0,1.0
rc204C15,1,4,depot,1,mp_eavns,0.003570400000171503,1000396.3679896725,196.36798967243485,0.0,2.0,0.0,1.0
rc204C15,1,4,phased,3,edd,3.7000027077738196e-06,544.0978214276549,244.09782142765494,0.0,3.0,1.0,0.0
rc204C15,1,4,phased,3,sweep,3.5999983083456755e-06,400.09857348483416,200.09857348483416,0.0,2.0,1.0,0.0
rc204C15,1,4,phased,3,nearest,8.800001523923129e-06,404.77959998980714,204.7795999898071,0.0,2.0,1.0,0.0
rc204C15,1,4,phased,3,grasp,0.00024730000222916715,400.0985734848341,200.09857348483413,0.0,2.0,1.0,0.0
rc204C15,1,4,phased,3,mp_eavns,0.004144100003031781,400.0985734848341,200.09857348483413,0.0,2.0,1.0,0.0
rc204C15,1,4,all,7,edd,2.6999987312592566e-06,544.0978214276549,244.09782142765494,0.0,3.0,1.0,0.0
rc204C15,1,4,all,7,sweep,1.8999999156221747e-06,400.09857348483416,200.09857348483416,0.0,2.0,1.0,0.0
rc204C15,1,4,all,7,nearest,7.099999493220821e-06,404.77959998980714,204.7795999898071,0.0,2.0,1.0,0.0
rc204C15,1,4,all,7,grasp,0.00029089999952702783,400.0985734848341,200.09857348483413,0.0,2.0,1.0,0.0
rc204C15,1,4,all,7,mp_eavns,0.004739299998618662,400.0985734848341,200.09857348483413,0.0,2.0,1.0,0.0
rc204C15,2,8,depot,1,edd,4.699999408330768e-06,3000774.7587900986,374.75879009878486,0.0,4.0,0.0,3.0
rc204C15,2,8,depot,1,sweep,3.1999989005271345e-06,1000762.7201426846,362.7201426846383,0.0,4.0,0.0,1.0
rc204C15,2,8,depot,1,nearest,1.5699999494245276e-05,3000804.052803657,404.05280365719443,0.0,4.0,0.0,3.0
rc204C15,2,8,depot,1,grasp,0.00046629999997094274,1000780.7867278777,380.78672787767533,0.0,4.0,0.0,1.0
rc204C15,2,8,depot,1,mp_eavns,0.024704300001758384,1000750.8751367448,350.8751367448705,0.0,4.0,0.0,1.0
rc204C15,2,8,phased,4,edd,4.7000030463095754e-06,776.1312067449837,376.13120674498373,0.0,4.0,1.0,0.0
rc204C15,2,8,phased,4,sweep,4.0000013541430235e-06,766.4507264970376,366.45072649703764,0.0,4.0,1.0,0.0
rc204C15,2,8,phased,4,nearest,1.6099998902063817e-05,840.3829153645644,440.3829153645644,0.0,4.0,3.0,0.0
rc204C15,2,8,phased,4,grasp,0.0005548000008275267,783.8800203976366,383.88002039763654,0.0,4.0,1.0,0.0
rc204C15,2,8,phased,4,mp_eavns,0.03013699999792152,760.2000922889712,360.2000922889712,0.0,4.0,1.0,0.0
rc204C15,2,8,all,7,edd,4.699999408330768e-06,776.1312067449837,376.13120674498373,0.0,4.0,1.0,0.0
rc204C15,2,8,all,7,sweep,4.099998477613553e-06,766.4507264970376,366.45072649703764,0.0,4.0,1.0,0.0
rc204C15,2,8,all,7,nearest,1.6999998479150236e-05,840.3829153645644,440.3829153645644,0.0,4.0,3.0,0.0
rc204C15,2,8,all,7,grasp,0.0006457999988924712,771.5301550766208,371.5301550766208,0.0,4.0,2.0,0.0
rc204C15,2,8,all,7,mp_eavns,0.03331800000160001,760.2000922889712,360.2000922889712,0.0,4.0,1.0,0.0
rc204C15,3,12,depot,1,edd,5.699999746866524e-06,2001225.4434630051,625.4434630050248,0.0,6.0,1.0,2.0
rc204C15,3,12,depot,1,sweep,4.6000022848602384e-06,1001161.9277009637,561.9277009637187,0.0,6.0,1.0,1.0
rc204C15,3,12,depot,1,nearest,2.6500001695239916e-05,2007909.5999965395,593.6987176806629,681.5901278858836,5.0,1.0,2.0
rc204C15,3,12,depot,1,grasp,0.0011919999997189734,2001188.5064074919,688.5064074918133,0.0,5.0,2.0,2.0
rc204C15,3,12,depot,1,mp_eavns,0.0756465999984357,1001124.4767124413,524.4767124412515,0.0,6.0,0.0,1.0
rc204C15,3,12,phased,6,edd,8.500002877553925e-06,1001244.5830954642,644.5830954641916,0.0,6.0,2.0,1.0
rc204C15,3,12,phased,6,sweep,6.999998731771484e-06,1165.658284776118,565.6582847761181,0.0,6.0,2.0,0.0
rc204C15,3,12,phased,6,nearest,2.7500002033775672e-05,7847.726048989894,601.3516654028602,674.6374383587033,5.0,3.0,0.0
rc204C15,3,12,phased,6,grasp,0.001380300000164425,1092.8138242330742,592.8138242330743,0.0,5.0,3.0,0.0
rc204C15,3,12,phased,6,mp_eavns,0.08160420000058366,1054.7608817353384,554.7608817353386,0.0,5.0,3.0,0.0
rc204C15,3,12,all,7,edd,8.299997716676444e-06,1001244.5830954642,644.5830954641916,0.0,6.0,2.0,1.0
rc204C15,3,12,all,7,sweep,6.599999323952943e-06,1165.658284776118,565.6582847761181,0.0,6.0,2.0,0.0
rc204C15,3,12,all,7,nearest,2.8399997972883284e-05,7847.726048989894,601.3516654028602,674.6374383587033,5.0,3.0,0.0
rc204C15,3,12,all,7,grasp,0.001876599999377504,1101.552517656986,601.5525176569861,0.0,5.0,3.0,0.0
rc204C15,3,12,all,7,mp_eavns,0.08441450000100303,1054.7608817353384,554.7608817353386,0.0,5.0,3.0,0.0
rc204C15,4,15,depot,1,edd,9.300001693191007e-06,2001619.5519003496,819.5519003495268,0.0,8.0,2.0,2.0
rc204C15,4,15,depot,1,sweep,5.500001861946657e-06,1001343.3203862417,643.3203862416136,0.0,7.0,1.0,1.0
rc204C15,4,15,depot,1,nearest,4.010000338894315e-05,3007111.7133949064,699.7886398076008,581.1924755098942,6.0,1.0,3.0
rc204C15,4,15,depot,1,grasp,0.0015491999984078575,2001454.1026036306,754.1026036306155,0.0,7.0,1.0,2.0
rc204C15,4,15,depot,1,mp_eavns,0.07979990000239923,1001316.3084383089,616.3084383088772,0.0,7.0,0.0,1.0
rc204C15,4,15,phased,7,edd,9.900002623908222e-06,1620.7463264309963,820.7463264309964,0.0,8.0,4.0,0.0
rc204C15,4,15,phased,7,sweep,8.500002877553925e-06,1347.0509700540129,647.050970054013,0.0,7.0,2.0,0.0
rc204C15,4,15,phased,7,nearest,3.8300000596791506e-05,1007125.6243018187,713.699546719693,581.1924755098942,6.0,3.0,1.0
rc204C15,4,15,phased,7,grasp,0.0016206000000238419,1430.4859333270729,730.4859333270728,0.0,7.0,4.0,0.0
rc204C15,4,15,phased,7,mp_eavns,0.07278109999970184,1194.2484490490624,594.2484490490623,0.0,6.0,2.0,0.0
rc204C15,4,15,all,7,edd,9.100000170292333e-06,1620.7463264309963,820.7463264309964,0.0,8.0,4.0,0.0
rc204C15,4,15,all,7,sweep,8.700000762473792e-06,1347.0509700540129,647.050970054013,0.0,7.0,2.0,0.0
rc204C15,4,15,all,7,nearest,3.680000008898787e-05,1007125.6243018187,713.699546719693,581.1924755098942,6.0,3.0,1.0
rc204C15,4,15,all,7,grasp,0.0014714999997522682,1255.3731195985351,655.3731195985353,0.0,6.0,2.0,0.0
rc204C15,4,15,all,7,mp_eavns,0.07655639999939012,1221.521883238806,621.521883238806,0.0,6.0,2.0,0.0
rc204C5,1,2,depot,1,edd,4.900000931229442e-06,370.1887826144448,170.18878261444482,0.0,2.0,0.0,0.0
rc204C5,1,2,depot,1,sweep,3.0000010156072676e-06,370.1887826144448,170.18878261444482,0.0,2.0,0.0,0.0
rc204C5,1,2,depot,1,nearest,8.39999847812578e-06,370.1887826144448,170.18878261444482,0.0,2.0,0.0,0.0
rc204C5,1,2,depot,1,grasp,0.0001306000012846198,370.1887826144448,170.18878261444482,0.0,2.0,0.0,0.0
rc204C5,1,2,depot,1,mp_eavns,0.000947600001381943,370.1887826144448,170.18878261444482,0.0,2.0,0.0,0.0
rc204C5,1,2,phased,2,edd,2.1999985619913787e-06,370.1887826144448,170.18878261444482,0.0,2.0,0.0,0.0
rc204C5,1,2,phased,2,sweep,1.8000027921516448e-06,370.1887826144448,170.18878261444482,0.0,2.0,0.0,0.0
rc204C5,1,2,phased,2,nearest,4.300000000512227e-06,370.1887826144448,170.18878261444482,0.0,2.0,0.0,0.0
rc204C5,1,2,phased,2,grasp,0.00012110000170650892,370.1887826144448,170.18878261444482,0.0,2.0,0.0,0.0
rc204C5,1,2,phased,2,mp_eavns,0.0009599000004527625,370.1887826144448,170.18878261444482,0.0,2.0,0.0,0.0
rc204C5,1,2,all,4,edd,2.2999993234407157e-06,370.1887826144448,170.18878261444482,0.0,2.0,0.0,0.0
rc204C5,1,2,all,4,sweep,1.7999991541728377e-06,370.1887826144448,170.18878261444482,0.0,2.0,0.0,0.0
rc204C5,1,2,all,4,nearest,4.699999408330768e-06,370.1887826144448,170.18878261444482,0.0,2.0,0.0,0.0
rc204C5,1,2,all,4,grasp,0.00012770000103046186,370.1887826144448,170.18878261444482,0.0,2.0,0.0,0.0
rc204C5,1,2,all,4,mp_eavns,0.0009444000024814159,370.1887826144448,170.18878261444482,0.0,2.0,0.0,0.0
rc204C5,2,3,depot,1,edd,2.5999979698099196e-06,370.19140900632414,170.19140900632414,0.0,2.0,0.0,0.0
rc204C5,2,3,depot,1,sweep,2.0000006770715117e-06,370.19140900632414,170.19140900632414,0.0,2.0,0.0,0.0
rc204C5,2,3,depot,1,nearest,5.699999746866524e-06,370.19140900632414,170.19140900632414,0.0,2.0,0.0,0.0
rc204C5,2,3,depot,1,grasp,0.00015730000086477958,370.19140900632414,170.19140900632414,0.0,2.0,0.0,0.0
rc204C5,2,3,depot,1,mp_eavns,0.0023146999992604833,370.19140900632414,170.19140900632414,0.0,2.0,0.0,0.0
rc204C5,2,3,phased,3,edd,2.1999985619913787e-06,370.19140900632414,170.19140900632414,0.0,2.0,0.0,0.0
rc204C5,2,3,phased,3,sweep,2.0000006770715117e-06,370.19140900632414,170.19140900632414,0.0,2.0,0.0,0.0
rc204C5,2,3,phased,3,nearest,5.40000110049732e-06,370.19140900632414,170.19140900632414,0.0,2.0,0.0,0.0
rc204C5,2,3,phased,3,grasp,0.00015669999993406236,370.19140900632414,170.19140900632414,0.0,2.0,0.0,0.0
rc204C5,2,3,phased,3,mp_eavns,0.002349900001718197,370.19140900632414,170.19140900632414,0.0,2.0,0.0,0.0
rc204C5,2,3,all,4,edd,2.1000014385208488e-06,370.19140900632414,170.19140900632414,0.0,2.0,0.0,0.0
rc204C5,2,3,all,4,sweep,2.0000006770715117e-06,370.19140900632414,170.19140900632414,0.0,2.0,0.0,0.0
rc204C5,2,3,all,4,nearest,5.900001269765198e-06,370.19140900632414,170.19140900632414,0.0,2.0,0.0,0.0
rc204C5,2,3,all,4,grasp,0.00016659999891999178,370.19140900632414,170.19140900632414,0.0,2.0,0.0,0.0
rc204C5,2,3,all,4,mp_eavns,0.0022855999995954335,370.19140900632414,170.19140900632414,0.0,2.0,0.0,0.0
rc204C5,3,4,depot,1,edd,2.5999979698099196e-06,494.2745981639087,194.2745981639087,0.0,3.0,0.0,0.0
rc204C5,3,4,depot,1,sweep,2.2999993234407157e-06,494.2745981639087,194.2745981639087,0.0,3.0,0.0,0.0
rc204C5,3,4,depot,1,nearest,7.100003131199628e-06,1000391.7777729199,191.77777291984222,0.0,2.0,0.0,1.0
rc204C5,3,4,depot,1,grasp,0.00023190000138129108,395.34240218298805,195.34240218298802,0.0,2.0,1.0,0.0
rc204C5,3,4,depot,1,mp_eavns,0.00416630000108853,395.34240218298805,195.34240218298802,0.0,2.0,1.0,0.0
rc204C5,3,4,phased,4,edd,2.7999994927085936e-06,494.2745981639087,194.2745981639087,0.0,3.0,0.0,0.0
rc204C5,3,4,phased,4,sweep,2.5000008463393897e-06,494.2745981639087,194.2745981639087,0.0,3.0,0.0,0.0
rc204C5,3,4,phased,4,nearest,7.700000423938036e-06,391.77797074217864,191.77797074217864,0.0,2.0,1.0,0.0
rc204C5,3,4,phased,4,grasp,0.00026160000197705813,391.3182533001294,191.31825330012944,0.0,2.0,1.0,0.0
rc204C5,3,4,phased,4,mp_eavns,0.005189600000448991,391.3182533001294,191.31825330012944,0.0,2.0,1.0,0.0
rc204C5,3,4,all,4,edd,2.4999972083605826e-06,494.2745981639087,194.2745981639087,0.0,3.0,0.0,0.0
rc204C5,3,4,all,4,sweep,2.2999993234407157e-06,494.2745981639087,194.2745981639087,0.0,3.0,0.0,0.0
rc204C5,3,4,all,4,nearest,7.500002539018169e-06,391.77797074217864,191.77797074217864,0.0,2.0,1.0,0.0
rc204C5,3,4,all,4,grasp,0.0002655000025697518,391.3182533001294,191.31825330012944,0.0,2.0,1.0,0.0
rc204C5,3,4,all,4,mp_eavns,0.00504469999941648,391.3182533001294,191.31825330012944,0.0,2.0,1.0,0.0
rc204C5,4,5,depot,1,edd,3.2999996619764715e-06,666.3856236731885,266.38562367318855,0.0,4.0,0.0,0.0
rc204C5,4,5,depot,1,sweep,2.7999994927085936e-06,554.6890657861588,254.6890657861589,0.0,3.0,0.0,0.0
rc204C5,4,5,depot,1,nearest,1.049999991664663e-05,554.689065786159,254.68906578615895,0.0,3.0,0.0,0.0
rc204C5,4,5,depot,1,grasp,0.00030929999775253236,554.689065786159,254.68906578615892,0.0,3.0,0.0,0.0
rc204C5,4,5,depot,1,mp_eavns,0.0067335999992792495,554.6890657861588,254.6890657861589,0.0,3.0,0.0,0.0
rc204C5,4,5,phased,4,edd,4.800000169780105e-06,666.3856236731885,266.38562367318855,0.0,4.0,0.0,0.0
rc204C5,4,5,phased,4,sweep,4.900000931229442e-06,554.6890657861588,254.6890657861589,0.0,3.0,0.0,0.0
rc204C5,4,5,phased,4,nearest,1.2299999070819467e-05,554.689065786159,254.68906578615895,0.0,3.0,0.0,0.0
rc204C5,4,5,phased,4,grasp,0.00034420000156387687,554.689065786159,254.68906578615895,0.0,3.0,0.0,0.0
rc204C5,4,5,phased,4,mp_eavns,0.006718599997839192,554.6890657861588,254.6890657861589,0.0,3.0,0.0,0.0
rc204C5,4,5,all,4,edd,4.0000013541430235e-06,666.3856236731885,266.38562367318855,0.0,4.0,0.0,0.0
rc204C5,4,5,all,4,sweep,3.4999975468963385e-06,554.6890657861588,254.6890657861589,0.0,3.0,0.0,0.0
rc204C5,4,5,all,4,nearest,1.1000000085914508e-05,554.689065786159,254.68906578615895,0.0,3.0,0.0,0.0
rc204C5,4,5,all,4,grasp,0.0003297000002930872,554.689065786159,254.68906578615892,0.0,3.0,0.0,0.0
rc204C5,4,5,all,4,mp_eavns,0.006977499997447012,554.6890657861588,254.6890657861589,0.0,3.0,0.0,0.0
rc205_21,1,25,depot,1,edd,1.1200001608813182e-05,8002280.096999577,1180.0969995769915,0.0,11.0,0.0,8.0
rc205_21,1,25,depot,1,sweep,7.300001016119495e-06,3030626.148715258,990.4727708800376,2853.5675944378063,11.0,0.0,3.0
rc205_21,1,25,depot,1,nearest,7.390000246232376e-05,3024988.902437683,876.8114032887432,2311.2091034394684,10.0,0.0,3.0
rc205_21,1,25,depot,1,grasp,0.006636900001467438,2010313.7527628567,945.2593148196098,836.8493448037018,10.0,0.0,2.0
rc205_21,1,25,depot,1,mp_eavns,0.08361620000141556,1001769.8599254623,869.8599254623164,0.0,9.0,1.0,1.0
rc205_21,1,25,phased,6,edd,1.1200001608813182e-05,1002291.6840992781,1191.684099278051,0.0,11.0,5.0,1.0
rc205_21,1,25,phased,6,sweep,9.399998816661537e-06,1030628.5263174328,992.8503730546663,2853.5675944378063,11.0,2.0,1.0
rc205_21,1,25,phased,6,nearest,7.270000060088933e-05,24989.395403950886,877.3043695561993,2311.2091034394684,10.0,3.0,0.0
rc205_21,1,25,phased,6,grasp,0.007949399998324225,7194.464492344395,953.4002570738819,524.1064235270512,10.0,3.0,0.0
rc205_21,1,25,phased,6,mp_eavns,0.17092670000056387,1666.880609753095,766.8806097530951,0.0,9.0,2.0,0.0
rc205_21,1,25,all,21,edd,1.0700001439545304e-05,1002291.6840992781,1191.684099278051,0.0,11.0,5.0,1.0
rc205_21,1,25,all,21,sweep,9.499999578110874e-06,1030628.5263174328,992.8503730546663,2853.5675944378063,11.0,2.0,1.0
rc205_21,1,25,all,21,nearest,7.550000009359792e-05,24989.395403950886,877.3043695561993,2311.2091034394684,10.0,3.0,0.0
rc205_21,1,25,all,21,grasp,0.011333300000842428,5623.53736858198,931.7739960347938,369.17633725471865,10.0,2.0,0.0
rc205_21,1,25,all,21,mp_eavns,0.1720634000012069,1700.1740975134926,800.1740975134927,0.0,9.0,2.0,0.0
rc205_21,2,50,depot,1,edd,2.1200001356191933e-05,12004764.81550499,2344.8155049906777,12.0,23.0,1.0,12.0
rc205_21,2,50,depot,1,sweep,1.3199998647905886e-05,7043326.629344212,2024.0882490637894,3910.2541095148454,22.0,0.0,7.0
rc205_21,2,50,depot,1,nearest,0.00021570000171777792,9049326.461094622,1755.3511880172796,4577.110990660505,18.0,0.0,9.0
rc205_21,2,50,depot,1,grasp,0.04622130000279867,5022849.222523428,1755.1953849034198,1929.4027138523916,18.0,1.0,5.0
rc205_21,2,50,depot,1,mp_eavns,0.8363232000010612,3003475.453137468,1675.453137467988,0.0,18.0,1.0,3.0
rc205_21,2,50,phased,11,edd,2.3299999156733975e-05,7004776.111759774,2356.1117597745,12.0,23.0,5.0,7.0
rc205_21,2,50,phased,11,sweep,1.6400001186411828e-05,2043362.3587621737,2059.8176670252906,3910.2541095148454,22.0,5.0,2.0
rc205_21,2,50,phased,11,nearest,0.00021769999875687063,50757.36702633371,1764.2375255069333,4719.312950082678,18.0,8.0,0.0
rc205_21,2,50,phased,11,grasp,0.10517549999713083,19133.088686026967,1993.37103066296,1523.9717655364007,19.0,9.0,0.0
rc205_21,2,50,phased,11,mp_eavns,1.1095187999999325,3354.39904201667,1553.491821672925,0.09072203437449389,18.0,4.0,0.0
rc205_21,2,50,all,21,edd,2.0600000425474718e-05,7004776.111759774,2356.1117597745,12.0,23.0,5.0,7.0
rc205_21,2,50,all,21,sweep,1.3900000340072438e-05,2043362.3587621737,2059.8176670252906,3910.2541095148454,22.0,5.0,2.0
rc205_21,2,50,all,21,nearest,0.00021289999858709052,50757.36702633371,1764.2375255069333,4719.312950082678,18.0,8.0,0.0
rc205_21,2,50,all,21,grasp,0.11161119999815128,17694.549547921222,1930.107831707541,1386.4441716213682,19.0,8.0,0.0
rc205_21,2,50,all,21,mp_eavns,1.29895949999991,3373.114519702327,1572.207299358582,0.09072203437449389,18.0,4.0,0.0
rc205_21,3,75,depot,1,edd,2.6399997295811772e-05,27007554.055250272,4084.7039450872885,26.935130518580934,32.0,6.0,27.0
rc205_21,3,75,depot,1,sweep,1.8799997633323073e-05,10052746.986004757,2902.123772599384,4664.486223215774,32.0,0.0,10.0
rc205_21,3,75,depot,1,nearest,0.0004374999989522621,13056877.050663572,2703.20206081961,5147.384860275291,27.0,0.0,13.0
rc205_21,3,75,depot,1,grasp,0.1411536999985401,11034273.523069363,3009.891877224067,2856.363119213896,27.0,2.0,11.0
rc205_21,3,75,depot,1,mp_eavns,2.487882899997203,6005166.889710646,2465.9824903021768,0.09072203437449389,27.0,1.0,6.0
rc205_21,3,75,phased,16,edd,3.610000203480013e-05,10007455.999499505,4044.97795808173,21.10215414239991,32.0,17.0,10.0
rc205_21,3,75,phased,16,sweep,2.1600000764010474e-05,2052787.300899993,2942.438667835222,4664.486223215774,32.0,8.0,2.0
rc205_21,3,75,phased,16,nearest,0.0004672999966714997,2056885.6857568503,2711.8371540973203,5147.384860275291,27.0,10.0,2.0
rc205_21,3,75,phased,16,grasp,0.3936818000001949,1042695.8839228884,2960.1055941604905,3693.5778328727893,28.0,14.0,1.0
rc205_21,3,75,phased,16,mp_eavns,3.3390018999998574,5061.811939226367,2360.9047188826216,0.09072203437449389,27.0,6.0,0.0
rc205_21,3,75,all,21,edd,4.9199999921256676e-05,10007455.999499505,4044.97795808173,21.10215414239991,32.0,17.0,10.0
rc205_21,3,75,all,21,sweep,2.0299998141126707e-05,2052787.300899993,2942.438667835222,4664.486223215774,32.0,8.0,2.0
rc205_21,3,75,all,21,nearest,0.0004684999985329341,2056885.6857568503,2711.8371540973203,5147.384860275291,27.0,10.0,2.0
rc205_21,3,75,all,21,grasp,0.44251160000203527,41972.5656997732,3242.5382031587214,3593.0027496614475,28.0,19.0,0.0
rc205_21,3,75,all,21,mp_eavns,4.2146548999990046,5064.4339791412185,2364.433979141219,0.0,27.0,7.0,0.0
rc205_21,4,100,depot,1,edd,3.360000118846074e-05,31010817.090559896,5381.1593653725895,113.59311945221566,43.0,11.0,31.0
rc205_21,4,100,depot,1,sweep,2.1299998479662463e-05,11060278.357709602,3657.442752842762,5242.091495675819,42.0,0.0,11.0
rc205_21,4,100,depot,1,nearest,0.0007408000019495375,13056502.223514415,3549.9840852381267,4935.223942917654,36.0,2.0,13.0
rc205_21,4,100,depot,1,grasp,0.2918933000000834,14042136.08645038,3841.80453582647,3469.428191455311,36.0,6.0,14.0
rc205_21,4,100,depot,1,mp_eavns,4.559909999999945,6006648.971852776,3048.0646324316026,0.09072203437449389,36.0,0.0,6.0
rc205_21,4,100,phased,21,edd,4.930000068270601e-05,7011740.837971818,5307.883289086691,213.2954682730761,43.0,27.0,7.0
rc205_21,4,100,phased,21,sweep,2.6900001103058457e-05,2060319.0241108832,3698.1091541249702,5242.091495675819,42.0,9.0,2.0
rc205_21,4,100,phased,21,nearest,0.0007164000016928185,1057061.20101276,3559.8542562773778,4990.134675648267,36.0,14.0,1.0
rc205_21,4,100,phased,21,grasp,0.8226990000002843,39111.99736281904,3929.0543559961197,3158.294300682292,36.0,18.0,0.0
rc205_21,4,100,phased,21,mp_eavns,7.290646199999173,6543.804357914902,2943.804357914902,0.0,36.0,7.0,0.0
rc205_21,4,100,all,21,edd,3.5400000342633575e-05,7011740.837971818,5307.883289086691,213.2954682730761,43.0,27.0,7.0
rc205_21,4,100,all,21,sweep,2.4400000256719068e-05,2060319.0241108832,3698.1091541249702,5242.091495675819,42.0,9.0,2.0
rc205_21,4,100,all,21,nearest,0.0007154999984777533,1057061.20101276,3559.8542562773778,4990.134675648267,36.0,14.0,1.0
rc205_21,4,100,all,21,grasp,0.919418699999369,36747.202466027295,4343.843386505466,2870.3359079521824,37.0,28.0,0.0
rc205_21,4,100,all,21,mp_eavns,8.30649959999937,6591.718869519442,2991.7188695194413,0.0,36.0,7.0,0.0
rc205C10,1,3,depot,1,edd,7.099999493220821e-06,1000226.8905052557,126.89050525571136,0.0,1.0,0.0,1.0
rc205C10,1,3,depot,1,sweep,2.6000016077887267e-06,1002480.7584402342,126.89050525571136,225.38679349784866,1.0,0.0,1.0
rc205C10,1,3,depot,1,nearest,9.60000033956021e-06,959.2083563451476,97.133987606944,76.20743687382037,1.0,0.0,0.0
rc205C10,1,3,depot,1,grasp,0.00016599999798927456,197.02208829746053,97.02208829746054,0.0,1.0,0.0,0.0
rc205C10,1,3,depot,1,mp_eavns,0.002082999999402091,197.02208829746053,97.02208829746054,0.0,1.0,0.0,0.0
rc205C10,1,3,phased,2,edd,2.2000021999701858e-06,1000226.8905052557,126.89050525571136,0.0,1.0,0.0,1.0
rc205C10,1,3,phased,2,sweep,2.0000006770715117e-06,2484.2227803155884,130.3548453371019,225.38679349784866,1.0,1.0,0.0
rc205C10,1,3,phased,2,nearest,5.099998816149309e-06,959.2083563451476,97.133987606944,76.20743687382037,1.0,0.0,0.0
rc205C10,1,3,phased,2,grasp,0.00014960000044084154,197.02208829746053,97.02208829746054,0.0,1.0,0.0,0.0
rc205C10,1,3,phased,2,mp_eavns,0.0020466000023589004,197.02208829746053,97.02208829746054,0.0,1.0,0.0,0.0
rc205C10,1,3,all,4,edd,2.1999985619913787e-06,1000226.8905052557,126.89050525571136,0.0,1.0,0.0,1.0
rc205C10,1,3,all,4,sweep,1.7000020307023078e-06,2484.2227803155884,130.3548453371019,225.38679349784866,1.0,1.0,0.0
rc205C10,1,3,all,4,nearest,5.500001861946657e-06,959.2083563451476,97.133987606944,76.20743687382037,1.0,0.0,0.0
rc205C10,1,3,all,4,grasp,0.0001491999973950442,197.02208829746053,97.02208829746054,0.0,1.0,0.0,0.0
rc205C10,1,3,all,4,mp_eavns,0.0022138000022096094,197.02208829746053,97.02208829746054,0.0,1.0,0.0,0.0
rc205C10,2,5,depot,1,edd,4.19999923906289e-06,3000476.1881421264,276.1881421262379,0.0,2.0,0.0,3.0
rc205C10,2,5,depot,1,sweep,3.0000010156072676e-06,2002775.6765792402,321.8086442617187,225.38679349784866,2.0,1.0,2.0
rc205C10,2,5,depot,1,nearest,1.2399999832268804e-05,2002870.663382011,279.62584516060843,239.10375368504776,2.0,1.0,2.0
rc205C10,2,5,depot,1,grasp,0.00033370000164723024,1000491.9402273034,291.94022730346785,0.0,2.0,1.0,1.0
rc205C10,2,5,depot,1,mp_eavns,0.008659999999508727,1000491.9402273034,291.94022730346785,0.0,2.0,1.0,1.0
rc205C10,2,5,phased,3,edd,4.499997885432094e-06,1000498.575896216,298.57589621601596,0.0,2.0,2.0,1.0
rc205C10,2,5,phased,3,sweep,4.099998477613553e-06,2785.6901716863176,331.82223670783094,225.38679349784866,2.0,3.0,0.0
rc205C10,2,5,phased,3,nearest,1.1900003300979733e-05,2886.3904760344426,295.35293918396513,239.10375368504776,2.0,3.0,0.0
rc205C10,2,5,phased,3,grasp,0.0004165999998804182,498.4894796681896,298.4894796681896,0.0,2.0,2.0,0.0
rc205C10,2,5,phased,3,mp_eavns,0.009804899997106986,497.91380835342136,297.91380835342136,0.0,2.0,2.0,0.0
rc205C10,2,5,all,4,edd,2.6999987312592566e-06,1000498.575896216,298.57589621601596,0.0,2.0,2.0,1.0
rc205C10,2,5,all,4,sweep,2.7999994927085936e-06,2785.6901716863176,331.82223670783094,225.38679349784866,2.0,3.0,0.0
rc205C10,2,5,all,4,nearest,9.499999578110874e-06,2886.3904760344426,295.35293918396513,239.10375368504776,2.0,3.0,0.0
rc205C10,2,5,all,4,grasp,0.00040720000106375664,498.4894796681896,298.4894796681896,0.0,2.0,2.0,0.0
rc205C10,2,5,all,4,mp_eavns,0.009771099998033606,497.91380835342136,297.91380835342136,0.0,2.0,2.0,0.0
rc205C10,3,8,depot,1,edd,4.099998477613553e-06,4001417.1921542264,486.7777362993144,63.04144179272055,3.0,1.0,4.0
rc205C10,3,8,depot,1,sweep,3.0999981390777975e-06,2002962.9915909998,409.12365602139425,225.38679349784866,3.0,1.0,2.0
rc205C10,3,8,depot,1,nearest,1.599999814061448e-05,3003091.4811856956,400.4436488452238,239.10375368504776,3.0,1.0,3.0
rc205C10,3,8,depot,1,grasp,0.0006274000006669667,1000874.5009505242,411.2553973208644,6.324555320336742,4.0,0.0,1.0
rc205C10,3,8,depot,1,mp_eavns,0.019743500000913627,1000659.1373553508,359.1373553507279,0.0,3.0,1.0,1.0
rc205C10,3,8,phased,4,edd,4.399997123982757e-06,2001439.5799083163,509.16549038909244,63.04144179272055,3.0,3.0,2.0
rc205C10,3,8,phased,4,sweep,4.300000000512227e-06,2970.3342203943284,416.4662854158417,225.38679349784866,3.0,3.0,0.0
rc205C10,3,8,phased,4,nearest,1.5600002370774746e-05,5424.925528748182,420.213734727965,470.4711794020217,3.0,3.0,0.0
rc205C10,3,8,phased,4,grasp,0.0009084000012080651,678.5769443189645,378.5769443189645,0.0,3.0,2.0,0.0
rc205C10,3,8,phased,4,mp_eavns,0.02912129999822355,678.5769443189645,378.5769443189645,0.0,3.0,2.0,0.0
rc205C10,3,8,all,4,edd,4.400000761961564e-06,2001439.5799083163,509.16549038909244,63.04144179272055,3.0,3.0,2.0
rc205C10,3,8,all,4,sweep,4.300000000512227e-06,2970.3342203943284,416.4662854158417,225.38679349784866,3.0,3.0,0.0
rc205C10,3,8,all,4,nearest,1.4899997040629387e-05,5424.925528748182,420.213734727965,470.4711794020217,3.0,3.0,0.0
rc205C10,3,8,all,4,grasp,0.0006992000016907696,1544.4731802816164,482.3988115434126,76.20743687382037,3.0,4.0,0.0
rc205C10,3,8,all,4,mp_eavns,0.0289173999990453,678.5769443189645,378.5769443189645,0.0,3.0,2.0,0.0
rc205C10,4,10,depot,1,edd,5.800000508315861e-06,3001577.6903411536,547.2759232264981,63.04144179272055,4.0,1.0,3.0
rc205C10,4,10,depot,1,sweep,3.899996954714879e-06,2003140.7514127537,486.88347777513286,225.38679349784866,4.0,1.0,2.0
rc205C10,4,10,depot,1,nearest,2.2800002625444904e-05,5002930.716660081,463.38971197229773,206.7326948109171,4.0,0.0,5.0
rc205C10,4,10,depot,1,grasp,0.001902299998619128,1003403.2314614021,552.988438867231,245.0243022534927,4.0,3.0,1.0
rc205C10,4,10,depot,1,mp_eavns,0.04337379999924451,1000826.9387285456,426.93872854556645,0.0,4.0,1.0,1.0
rc205C10,4,10,phased,4,edd,7.099999493220821e-06,1001600.0780952434,569.6636773162761,63.04144179272055,4.0,3.0,1.0
rc205C10,4,10,phased,4,sweep,6.800000846851617e-06,3148.094042148067,494.22610716958036,225.38679349784866,4.0,3.0,0.0
rc205C10,4,10,phased,4,nearest,2.3299999156733975e-05,6485.183969071519,486.50658006725394,559.8677389004265,4.0,3.0,0.0
rc205C10,4,10,phased,4,grasp,0.0021757999966212083,2515.2995243283144,489.8893277033459,162.54101966249686,4.0,3.0,0.0
rc205C10,4,10,phased,4,mp_eavns,0.03952169999683974,814.4797165888922,414.4797165888922,0.0,4.0,2.0,0.0
rc205C10,4,10,all,4,edd,5.500001861946657e-06,1001600.0780952434,569.6636773162761,63.04144179272055,4.0,3.0,1.0
rc205C10,4,10,all,4,sweep,5.800000508315861e-06,3148.094042148067,494.22610716958036,225.38679349784866,4.0,3.0,0.0
rc205C10,4,10,all,4,nearest,2.13999992411118e-05,6485.183969071519,486.50658006725394,559.8677389004265,4.0,3.0,0.0
rc205C10,4,10,all,4,grasp,0.0021769999984826427,1319.9981838019112,596.2875950606048,32.371058874130654,4.0,4.0,0.0
rc205C10,4,10,all,4,mp_eavns,0.04334109999763314,814.4797165888922,414.47971658889224,0.0,4.0,2.0,0.0
rc206_21,1,25,depot,1,edd,1.2000000424450263e-05,5002282.724442124,1182.724442124665,0.0,11.0,1.0,5.0
rc206_21,1,25,depot,1,sweep,7.400001777568832e-06,3020556.148715258,990.4727708800376,1846.5675944378065,11.0,0.0,3.0
rc206_21,1,25,depot,1,nearest,7.329999789362773e-05,3017618.902437683,876.8114032887432,1574.2091034394684,10.0,0.0,3.0
rc206_21,1,25,depot,1,grasp,0.0062980000002426095,2010937.4654692048,934.5793749149816,900.2886094289779,10.0,0.0,2.0
rc206_21,1,25,depot,1,mp_eavns,0.09328499999901396,1001768.5513842772,868.5513842772136,0.0,9.0,1.0,1.0
rc206_21,1,25,phased,6,edd,1.2399999832268804e-05,4002253.6748528252,1153.674852825199,0.0,11.0,2.0,4.0
rc206_21,1,25,phased,6,sweep,8.999999408842996e-06,1020558.5263174328,992.8503730546663,1846.5675944378065,11.0,2.0,1.0
rc206_21,1,25,phased,6,nearest,7.299999924725853e-05,17619.395403950886,877.3043695561993,1574.2091034394684,10.0,3.0,0.0
rc206_21,1,25,phased,6,grasp,0.008418899997195695,6151.875885597774,987.9196600469306,416.39562255508434,10.0,3.0,0.0
rc206_21,1,25,phased,6,mp_eavns,0.1712284000022919,1704.577602642144,804.5776026421439,0.0,9.0,2.0,0.0
rc206_21,1,25,all,21,edd,1.170000177808106e-05,4002253.6748528252,1153.674852825199,0.0,11.0,2.0,4.0
rc206_21,1,25,all,21,sweep,1.2599997717188671e-05,1020558.5263174328,992.8503730546663,1846.5675944378065,11.0,2.0,1.0
rc206_21,1,25,all,21,nearest,7.499999992433004e-05,17619.395403950886,877.3043695561993,1574.2091034394684,10.0,3.0,0.0
rc206_21,1,25,all,21,grasp,0.011667400001897477,4441.280907724644,941.7941335825377,249.94867741421058,10.0,4.0,0.0
rc206_21,1,25,all,21,mp_eavns,0.25699340000210213,1721.1757343056452,821.1757343056453,0.0,9.0,3.0,0.0
rc206_21,2,50,depot,1,edd,2.010000025620684e-05,14004845.397439232,2545.3974392320606,0.0,23.0,3.0,14.0
rc206_21,2,50,depot,1,sweep,1.2399999832268804e-05,7041285.132529849,2024.0882490637894,3706.1044280785563,22.0,0.0,7.0
rc206_21,2,50,depot,1,nearest,0.00023779999901307747,8039974.481242539,1755.2418613645243,3641.9239381175184,18.0,0.0,8.0
rc206_21,2,50,depot,1,grasp,0.04921749999994063,5019906.803761894,2004.3748593725059,1600.2428902521701,19.0,3.0,5.0
rc206_21,2,50,depot,1,mp_eavns,0.9063210000022082,3003414.573984253,1614.5739842530888,0.0,18.0,1.0,3.0
rc206_21,2,50,phased,11,edd,2.599999788799323e-05,3004812.729843372,2512.72984337183,0.0,23.0,11.0,3.0
rc206_21,2,50,phased,11,sweep,1.5400000847876072e-05,2041320.8619478107,2059.8176670252906,3706.1044280785563,22.0,5.0,2.0
rc206_21,2,50,phased,11,nearest,0.00023810000129742548,41789.311141568316,1768.0521661714033,3822.1258975396913,18.0,7.0,0.0
rc206_21,2,50,phased,11,grasp,0.10846369999853778,13935.298293573802,2019.80265988116,1001.5495633692642,19.0,7.0,0.0
rc206_21,2,50,phased,11,mp_eavns,1.2633537000001525,3413.950527220215,1613.9505272202148,0.0,18.0,4.0,0.0
rc206_21,2,50,all,21,edd,2.0600000425474718e-05,3004812.729843372,2512.72984337183,0.0,23.0,11.0,3.0
rc206_21,2,50,all,21,sweep,1.5199999324977398e-05,2041320.8619478107,2059.8176670252906,3706.1044280785563,22.0,5.0,2.0
rc206_21,2,50,all,21,nearest,0.00021999999808031134,41789.311141568316,1768.0521661714033,3822.1258975396913,18.0,7.0,0.0
rc206_21,2,50,all,21,grasp,0.12966510000114795,18497.023358321952,2004.2146945652596,1459.2808663756691,19.0,8.0,0.0
rc206_21,2,50,all,21,mp_eavns,1.2847952000010991,3376.5822465613664,1576.5822465613662,0.0,18.0,4.0,0.0
rc206_21,3,75,depot,1,edd,2.8800001018680632e-05,27007430.653908975,4030.653908976613,0.0,34.0,3.0,27.0
rc206_21,3,75,depot,1,sweep,1.6900001355679706e-05,10049975.489190394,2902.123772599384,4387.336541779485,32.0,0.0,10.0
rc206_21,3,75,depot,1,nearest,0.00042350000148871914,13050282.138967143,2698.07780881773,4488.406115832615,27.0,0.0,13.0
rc206_21,3,75,depot,1,grasp,0.13144740000279853,9047520.042544585,2993.1642209166516,4162.687832366744,29.0,3.0,9.0
rc206_21,3,75,depot,1,mp_eavns,1.7167485999998462,5005008.168732986,2308.1687329863157,0.0,27.0,0.0,5.0
rc206_21,3,75,phased,16,edd,3.440000000409782e-05,7007458.508894415,4058.508894414605,0.0,34.0,17.0,7.0
rc206_21,3,75,phased,16,sweep,2.0600000425474718e-05,2050015.80408563,2942.438667835222,4387.336541779485,32.0,8.0,2.0
rc206_21,3,75,phased,16,nearest,0.0004422000019985717,2050285.301454493,2701.2402961668704,4488.406115832615,27.0,10.0,2.0
rc206_21,3,75,phased,16,grasp,0.3399451000004774,28811.319403357636,2890.002974737377,2322.1316428620257,27.0,15.0,0.0
rc206_21,3,75,phased,16,mp_eavns,4.311525700002676,5118.840512742296,2418.8405127422952,0.0,27.0,7.0,0.0
rc206_21,3,75,all,21,edd,3.179999839630909e-05,7007458.508894415,4058.508894414605,0.0,34.0,17.0,7.0
rc206_21,3,75,all,21,sweep,1.8599999748403206e-05,2050015.80408563,2942.438667835222,4387.336541779485,32.0,8.0,2.0
rc206_21,3,75,all,21,nearest,0.00042860000030486844,2050285.301454493,2701.2402961668704,4488.406115832615,27.0,10.0,2.0
rc206_21,3,75,all,21,grasp,0.4020028999984788,2030674.1998695994,3235.431685130141,2463.876818446923,28.0,14.0,2.0
rc206_21,3,75,all,21,mp_eavns,4.35607379999783,5046.291615786942,2346.2916157869427,0.0,27.0,7.0,0.0
rc206_21,4,100,depot,1,edd,3.649999780463986e-05,34009758.58341097,5458.583410971992,0.0,43.0,9.0,34.0
rc206_21,4,100,depot,1,sweep,2.2499996703118086e-05,11058968.181272596,3657.442752842762,5111.073851975417,42.0,0.0,11.0
rc206_21,4,100,depot,1,nearest,0.0007407000011880882,13051578.418195209,3549.9840852381267,4442.843410997111,36.0,2.0,13.0
rc206_21,4,100,depot,1,grasp,0.29715220000070985,12041668.442056604,3913.8827120682013,3415.4559344535987,36.0,8.0,12.0
rc206_21,4,100,depot,1,mp_eavns,4.131655500001216,4006631.495096942,3031.495096941935,0.0,36.0,1.0,4.0
rc206_21,4,100,phased,21,edd,4.510000144364312e-05,3009766.4176028604,5466.4176028605925,0.0,43.0,29.0,3.0
rc206_21,4,100,phased,21,sweep,2.6999998226528987e-05,2059008.8476738792,3698.1091541249702,5111.073851975417,42.0,9.0,2.0
rc206_21,4,100,phased,21,nearest,0.0007353000000875909,1051827.3956935545,3559.8542562773778,4466.754143727723,36.0,14.0,1.0
rc206_21,4,100,phased,21,grasp,0.8079555000003893,45512.10572415351,3832.119424457717,3807.998629969579,36.0,17.0,0.0
rc206_21,4,100,phased,21,mp_eavns,7.791871999997966,6772.021770996484,3072.0217709964836,0.0,37.0,7.0,0.0
rc206_21,4,100,all,21,edd,3.899999865097925e-05,3009766.4176028604,5466.4176028605925,0.0,43.0,29.0,3.0
rc206_21,4,100,all,21,sweep,2.429999949526973e-05,2059008.8476738792,3698.1091541249702,5111.073851975417,42.0,9.0,2.0
rc206_21,4,100,all,21,nearest,0.0007126000018615741,1051827.3956935545,3559.8542562773778,4466.754143727723,36.0,14.0,1.0
rc206_21,4,100,all,21,grasp,0.8013250000003609,1044040.8170095686,4086.638173131852,3625.417883643671,37.0,19.0,1.0
rc206_21,4,100,all,21,mp_eavns,9.829177800002071,6593.536216465643,2993.5362164656426,0.0,36.0,7.0,0.0
rc207_21,1,25,depot,1,edd,1.550000160932541e-05,5002355.022936468,1155.0229364675688,0.0,12.0,0.0,5.0
rc207_21,1,25,depot,1,sweep,8.099999831756577e-06,3018395.4380371394,990.4727708800376,1630.4965266259412,11.0,0.0,3.0
rc207_21,1,25,depot,1,nearest,7.48999991628807e-05,3013531.837045861,876.8114032887432,1165.502564257209,10.0,0.0,3.0
rc207_21,1,25,depot,1,grasp,0.006709900000714697,1010505.7195764804,985.0243776784015,852.0695198802052,10.0,1.0,1.0
rc207_21,1,25,depot,1,mp_eavns,0.1510381000007328,1001695.7442505655,795.7442505655529,0.0,9.0,0.0,1.0
rc207_21,1,25,phased,6,edd,1.309999788645655e-05,1002359.5955933144,1159.5955933143612,0.0,12.0,3.0,1.0
rc207_21,1,25,phased,6,sweep,9.399998816661537e-06,1018397.8156393141,992.8503730546663,1630.4965266259412,11.0,2.0,1.0
rc207_21,1,25,phased,6,nearest,7.389999882434495e-05,13532.33001212829,877.3043695561993,1165.502564257209,10.0,3.0,0.0
rc207_21,1,25,phased,6,grasp,0.00890100000106031,1950.6671249886654,950.6671249886653,0.0,10.0,4.0,0.0
rc207_21,1,25,phased,6,mp_eavns,0.1349015000014333,1663.1732625215554,763.1732625215556,0.0,9.0,1.0,0.0
rc207_21,1,25,all,21,edd,1.2299999070819467e-05,1002359.5955933144,1159.5955933143612,0.0,12.0,3.0,1.0
rc207_21,1,25,all,21,sweep,9.899998985929415e-06,1018397.8156393141,992.8503730546663,1630.4965266259412,11.0,2.0,1.0
rc207_21,1,25,all,21,nearest,7.529999857069924e-05,13532.33001212829,877.3043695561993,1165.502564257209,10.0,3.0,0.0
rc207_21,1,25,all,21,grasp,0.009905800001433818,3301.264005747092,926.946529878458,137.43174758686342,10.0,3.0,0.0
rc207_21,1,25,all,21,mp_eavns,0.15718589999960386,1662.8878208288481,762.8878208288481,0.0,9.0,1.0,0.0
rc207_21,2,50,depot,1,edd,2.0800001948373392e-05,16004816.067926744,2516.0679267431747,0.0,23.0,1.0,16.0
rc207_21,2,50,depot,1,sweep,1.2399999832268804e-05,7022951.732535806,2024.0882490637894,1872.7644286741306,22.0,0.0,7.0
rc207_21,2,50,depot,1,nearest,0.00022850000095786527,8022267.733561775,1755.2418613645243,1871.2491700410299,18.0,0.0,8.0
rc207_21,2,50,depot,1,grasp,0.052119099997071316,5012019.855843078,1914.3868965771194,820.5468946501333,19.0,1.0,5.0
rc207_21,2,50,depot,1,mp_eavns,0.791788099999394,3003420.2019746876,1620.2019746875355,0.0,18.0,0.0,3.0
rc207_21,2,50,phased,11,edd,3.529999958118424e-05,9004822.965482896,2522.96548289617,0.0,23.0,6.0,9.0
rc207_21,2,50,phased,11,sweep,2.59000007645227e-05,2022987.4619537666,2059.8176670252906,1872.7644286741306,22.0,5.0,2.0
rc207_21,2,50,phased,11,nearest,0.0004186999976809602,22280.543866581702,1768.0521661714033,1871.2491700410299,18.0,7.0,0.0
rc207_21,2,50,phased,11,grasp,0.10991859999921871,13390.659387678621,1992.4045753927492,949.8254812285873,19.0,10.0,0.0
rc207_21,2,50,phased,11,mp_eavns,1.1948209000001953,3339.036446427448,1539.0364464274483,0.0,18.0,4.0,0.0
rc207_21,2,50,all,21,edd,2.0799998310394585e-05,9004822.965482896,2522.96548289617,0.0,23.0,6.0,9.0
rc207_21,2,50,all,21,sweep,1.5000001440057531e-05,2022987.4619537666,2059.8176670252906,1872.7644286741306,22.0,5.0,2.0
rc207_21,2,50,all,21,nearest,0.00021610000112559646,22280.543866581702,1768.0521661714033,1871.2491700410299,18.0,7.0,0.0
rc207_21,2,50,all,21,grasp,0.10104470000078436,9456.259073035173,1895.6776615645945,566.0581411470579,19.0,7.0,0.0
rc207_21,2,50,all,21,mp_eavns,1.3723281000020506,3352.7813453376707,1552.7813453376707,0.0,18.0,4.0,0.0
rc207_21,3,75,depot,1,edd,2.7800000680144876e-05,33007461.8496159,4161.849615901936,0.0,33.0,5.0,33.0
rc207_21,3,75,depot,1,sweep,1.6699999832781032e-05,10027202.08919635,2902.123772599384,2109.996542375059,32.0,0.0,10.0
rc207_21,3,75,depot,1,nearest,0.0004372000003058929,13027536.954560345,2698.07780881773,2213.8876751527114,27.0,0.0,13.0
rc207_21,3,75,depot,1,grasp,0.11414510000031441,11019035.826734671,3144.670741964577,1319.1155992706254,27.0,4.0,11.0
rc207_21,3,75,depot,1,mp_eavns,2.4833837000005587,7005132.3726973375,2432.372697337208,0.0,27.0,0.0,7.0
rc207_21,3,75,phased,16,edd,3.5000000934815034e-05,9007484.805834342,4184.805834341425,0.0,33.0,22.0,9.0
rc207_21,3,75,phased,16,sweep,2.1199997718213126e-05,2027242.404091586,2942.438667835222,2109.996542375059,32.0,8.0,2.0
rc207_21,3,75,phased,16,nearest,0.00041679999776533805,2027540.117047694,2701.2402961668704,2213.8876751527114,27.0,10.0,2.0
rc207_21,3,75,phased,16,grasp,0.29918410000027507,27272.687557740745,3226.4964965011054,2124.619106123964,28.0,20.0,0.0
rc207_21,3,75,phased,16,mp_eavns,4.932807600001979,4988.594155880458,2288.594155880458,0.0,27.0,8.0,0.0
rc207_21,3,75,all,21,edd,3.139999898849055e-05,9007480.9528237,4180.952823700111,0.0,33.0,22.0,9.0
rc207_21,3,75,all,21,sweep,2.0300001779105514e-05,2027242.404091586,2942.438667835222,2109.996542375059,32.0,8.0,2.0
rc207_21,3,75,all,21,nearest,0.00043369999912101775,2027540.117047694,2701.2402961668704,2213.8876751527114,27.0,10.0,2.0
rc207_21,3,75,all,21,grasp,0.3021595999998681,1021852.2195858809,3091.32706163995,1596.0892524240883,28.0,14.0,1.0
rc207_21,3,75,all,21,mp_eavns,4.176422199998342,5015.8057526509565,2315.805752650957,0.0,27.0,8.0,0.0
rc207_21,4,100,depot,1,edd,3.939999805879779e-05,39010090.047874406,5426.042379944249,26.40054944640258,44.0,5.0,39.0
rc207_21,4,100,depot,1,sweep,2.220000169472769e-05,11029030.390389407,3657.442752842762,2117.2947636564063,42.0,0.0,11.0
rc207_21,4,100,depot,1,nearest,0.0007311999979719985,13027967.881145561,3549.9840852381267,2081.7897060323667,36.0,2.0,13.0
rc207_21,4,100,depot,1,grasp,0.2600603000028059,14016852.48968155,3668.3127517195207,958.4176929829787,36.0,2.0,14.0
rc207_21,4,100,depot,1,mp_eavns,5.477340499997808,7006642.494628861,3042.4946288603246,0.0,36.0,0.0,7.0
rc207_21,4,100,phased,21,edd,5.119999696034938e-05,5011380.813002935,5507.477923872844,147.33350790618067,44.0,31.0,5.0
rc207_21,4,100,phased,21,sweep,3.0399998649954796e-05,2029071.056790689,3698.1091541249702,2117.2947636564063,42.0,9.0,2.0
rc207_21,4,100,phased,21,nearest,0.0007280999998329207,1027977.7513166011,3559.8542562773778,2081.7897060323667,36.0,14.0,1.0
rc207_21,4,100,phased,21,grasp,0.6359654999978375,22271.187710823553,3871.2501668442133,1479.9937543979338,36.0,17.0,0.0
rc207_21,4,100,phased,21,mp_eavns,10.397189399998751,6547.615714469563,2947.615714469562,0.0,36.0,9.0,0.0
rc207_21,4,100,all,21,edd,5.790000068373047e-05,5011380.813002935,5507.477923872844,147.33350790618067,44.0,31.0,5.0
rc207_21,4,100,all,21,sweep,4.3399999412940815e-05,2029071.056790689,3698.1091541249702,2117.2947636564063,42.0,9.0,2.0
rc207_21,4,100,all,21,nearest,0.0014078999993216712,1027977.7513166011,3559.8542562773778,2081.7897060323667,36.0,14.0,1.0
rc207_21,4,100,all,21,grasp,0.5797265000001062,1014342.9737425746,3958.688878390204,678.4284864184344,36.0,20.0,1.0
rc207_21,4,100,all,21,mp_eavns,9.137094499998057,6525.925455045148,2925.9254550451474,0.0,36.0,8.0,0.0
rc208_21,1,25,depot,1,edd,1.4900000678608194e-05,7002207.444299836,1107.444299835344,0.0,11.0,0.0,7.0
rc208_21,1,25,depot,1,sweep,7.700000423938036e-06,3003859.294826944,990.4727708800376,176.88220560638575,11.0,0.0,3.0
rc208_21,1,25,depot,1,nearest,7.289999848580919e-05,3002181.2144683776,876.8114032887432,30.440306508910567,10.0,0.0,3.0
rc208_21,1,25,depot,1,grasp,0.006605500002478948,1002500.0621149659,968.7200992138303,53.13420157520602,10.0,1.0,1.0
rc208_21,1,25,depot,1,mp_eavns,0.14188149999972666,1001672.3555546132,772.3555546131602,0.0,9.0,0.0,1.0
rc208_21,1,25,phased,6,edd,1.3299999409355223e-05,1002213.2706726933,1113.270672693317,0.0,11.0,4.0,1.0
rc208_21,1,25,phased,6,sweep,1.0300002031726763e-05,1003861.6724291185,992.8503730546663,176.88220560638575,11.0,2.0,1.0
rc208_21,1,25,phased,6,nearest,7.43000018701423e-05,2181.707434645305,877.3043695561993,30.440306508910567,10.0,3.0,0.0
rc208_21,1,25,phased,6,grasp,0.007769799998641247,1888.27564320096,888.27564320096,0.0,10.0,2.0,0.0
rc208_21,1,25,phased,6,mp_eavns,0.19785899999988033,1780.877787229505,780.8777872295049,0.0,10.0,2.0,0.0
rc208_21,1,25,all,21,edd,1.2200001947348937e-05,1002213.2706726933,1113.270672693317,0.0,11.0,4.0,1.0
rc208_21,1,25,all,21,sweep,9.700001101009548e-06,1003861.6724291185,992.8503730546663,176.88220560638575,11.0,2.0,1.0
rc208_21,1,25,all,21,nearest,7.689999983995222e-05,2181.707434645305,877.3043695561993,30.440306508910567,10.0,3.0,0.0
rc208_21,1,25,all,21,grasp,0.008620299999165582,1799.0251944598267,845.1735463884816,5.385164807134515,9.0,3.0,0.0
rc208_21,1,25,all,21,mp_eavns,0.19455789999847184,1668.2769407695882,768.2769407695884,0.0,9.0,2.0,0.0
rc208_21,2,50,depot,1,edd,1.9500002963468432e-05,17004683.48510164,2483.4851016396674,0.0,22.0,1.0,17.0
rc208_21,2,50,depot,1,sweep,1.2500000593718141e-05,7006003.6089353375,2024.0882490637894,177.95206862738945,22.0,0.0,7.0
rc208_21,2,50,depot,1,nearest,0.00021189999824855477,9003859.754253106,1755.3511880172796,30.440306508910567,18.0,0.0,9.0
rc208_21,2,50,depot,1,grasp,0.03147910000188858,5005034.64475483,2188.4812973163107,84.61634575134946,20.0,4.0,5.0
rc208_21,2,50,depot,1,mp_eavns,0.8046657000013511,3003365.1923432536,1565.1923432535043,0.0,18.0,0.0,3.0
rc208_21,2,50,phased,11,edd,2.229999881819822e-05,7004677.999503524,2477.99950352384,0.0,22.0,8.0,7.0
rc208_21,2,50,phased,11,sweep,1.5099998563528061e-05,2006039.338353299,2059.8176670252906,177.95206862738945,22.0,5.0,2.0
rc208_21,2,50,phased,11,nearest,0.00022259999968810007,3868.640590596039,1764.2375255069333,30.440306508910567,18.0,8.0,0.0
rc208_21,2,50,phased,11,grasp,0.05636500000036904,4293.09065674767,1996.7504421950882,39.63402145525822,19.0,9.0,0.0
rc208_21,2,50,phased,11,mp_eavns,1.0433757999999216,3355.7535080224106,1555.7535080224109,0.0,18.0,4.0,0.0
rc208_21,2,50,all,21,edd,2.1500000002561137e-05,7004677.999503524,2477.99950352384,0.0,22.0,8.0,7.0
rc208_21,2,50,all,21,sweep,1.5100002201506868e-05,2006039.338353299,2059.8176670252906,177.95206862738945,22.0,5.0,2.0
rc208_21,2,50,all,21,nearest,0.00024530000155209564,3868.640590596039,1764.2375255069333,30.440306508910567,18.0,8.0,0.0
rc208_21,2,50,all,21,grasp,0.07213409999894793,3585.9619274221677,1785.961927422168,0.0,18.0,6.0,0.0
rc208_21,2,50,all,21,mp_eavns,1.5623072999987926,3366.216093204892,1566.216093204892,0.0,18.0,5.0,0.0
rc208_21,3,75,depot,1,edd,2.779999704216607e-05,27007523.656684212,4223.656684211316,0.0,33.0,5.0,27.0
rc208_21,3,75,depot,1,sweep,1.6999998479150236e-05,10007881.644458873,2902.123772599384,177.95206862738945,32.0,0.0,10.0
rc208_21,3,75,depot,1,nearest,0.00043799999912153,13005702.480873907,2698.07780881773,30.440306508910567,27.0,0.0,13.0
rc208_21,3,75,depot,1,grasp,0.07852849999835598,7006597.808721892,2808.681872668411,98.91268492229665,28.0,2.0,7.0
rc208_21,3,75,depot,1,mp_eavns,2.2833934999980556,6005025.644945823,2325.644945822973,0.0,27.0,0.0,6.0
rc208_21,3,75,phased,16,edd,3.429999924264848e-05,8007574.000951768,4274.000951767468,0.0,33.0,23.0,8.0
rc208_21,3,75,phased,16,sweep,2.429999949526973e-05,2007921.9593541091,2942.438667835222,177.95206862738945,32.0,8.0,2.0
rc208_21,3,75,phased,16,nearest,0.0004427999992913101,2005705.643361256,2701.2402961668704,30.440306508910567,27.0,10.0,2.0
rc208_21,3,75,phased,16,grasp,0.2049531000011484,1005803.5103326227,2779.191456096131,32.43188765265518,27.0,13.0,1.0
rc208_21,3,75,phased,16,mp_eavns,3.135446000000229,4982.830581024251,2282.830581024251,0.0,27.0,6.0,0.0
rc208_21,3,75,all,21,edd,3.2500000088475645e-05,8007566.49256575,4266.492565750013,0.0,33.0,23.0,8.0
rc208_21,3,75,all,21,sweep,2.5000001187436283e-05,2007921.9593541091,2942.438667835222,177.95206862738945,32.0,8.0,2.0
rc208_21,3,75,all,21,nearest,0.0004455999987840187,2005705.643361256,2701.2402961668704,30.440306508910567,27.0,10.0,2.0
rc208_21,3,75,all,21,grasp,0.19600269999864395,5659.906141784353,2906.054493713008,5.385164807134515,27.0,11.0,0.0
rc208_21,3,75,all,21,mp_eavns,5.512444100000721,5054.098721355195,2354.0987213551953,0.0,27.0,8.0,0.0
rc208_21,4,100,depot,1,edd,3.510000169626437e-05,32009725.989038736,5425.9890387370115,0.0,43.0,8.0,32.0
rc208_21,4,100,depot,1,sweep,2.1100000594742596e-05,11009636.963439116,3657.442752842762,177.95206862738945,42.0,0.0,11.0
rc208_21,4,100,depot,1,nearest,0.0007256000026245601,13007454.387150327,3549.9840852381267,30.440306508910567,36.0,2.0,13.0
rc208_21,4,100,depot,1,grasp,0.17201230000137002,13007726.524443539,4023.61832084704,0.29061226915837324,37.0,7.0,13.0
rc208_21,4,100,depot,1,mp_eavns,5.973735399998986,6006552.522420895,2952.5224208952195,0.0,36.0,0.0,6.0
rc208_21,4,100,phased,21,edd,4.3000000005122274e-05,5009775.178661282,5475.178661282489,0.0,43.0,30.0,5.0
rc208_21,4,100,phased,21,sweep,2.6999998226528987e-05,2009677.629840399,3698.1091541249702,177.95206862738945,42.0,9.0,2.0
rc208_21,4,100,phased,21,nearest,0.0007558000033895951,1007464.2573213665,3559.8542562773778,30.440306508910567,36.0,14.0,1.0
rc208_21,4,100,phased,21,grasp,0.4861354999993637,7944.725184724502,3995.0521417130153,34.9673043011486,36.0,22.0,0.0
rc208_21,4,100,phased,21,mp_eavns,9.36651780000102,6534.949696372573,2934.9496963725733,0.0,36.0,7.0,0.0
rc208_21,4,100,all,21,edd,3.97000003431458e-05,5009775.178661282,5475.178661282489,0.0,43.0,30.0,5.0
rc208_21,4,100,all,21,sweep,2.9200000426499173e-05,2009677.629840399,3698.1091541249702,177.95206862738945,42.0,9.0,2.0
rc208_21,4,100,all,21,nearest,0.0007602000005135778,1007464.2573213665,3559.8542562773778,30.440306508910567,36.0,14.0,1.0
rc208_21,4,100,all,21,grasp,0.4639881000002788,7246.631247594171,3590.9762006478363,5.565504694633489,36.0,18.0,0.0
rc208_21,4,100,all,21,mp_eavns,10.667241200000717,6583.960245737411,2983.9602457374117,0.0,36.0,9.0,0.0
rc208C5,1,2,depot,1,edd,3.640000068116933e-05,1000210.6463364634,110.64633646342119,0.0,1.0,0.0,1.0
rc208C5,1,2,depot,1,sweep,2.4000000848900527e-06,1000210.6463364634,110.64633646342119,0.0,1.0,0.0,1.0
rc208C5,1,2,depot,1,nearest,7.800001185387373e-06,1000210.6463364634,110.64633646342119,0.0,1.0,0.0,1.0
rc208C5,1,2,depot,1,grasp,0.00012559999959194101,1000210.6463364634,110.64633646342119,0.0,1.0,0.0,1.0
rc208C5,1,2,depot,1,mp_eavns,0.0012179000004834961,1000210.6463364634,110.64633646342119,0.0,1.0,0.0,1.0
rc208C5,1,2,phased,2,edd,2.0000006770715117e-06,1000210.6463364634,110.64633646342119,0.0,1.0,0.0,1.0
rc208C5,1,2,phased,2,sweep,1.6999983927235007e-06,211.62744699655883,111.62744699655885,0.0,1.0,1.0,0.0
rc208C5,1,2,phased,2,nearest,3.7000027077738196e-06,211.62744699655883,111.62744699655885,0.0,1.0,1.0,0.0
rc208C5,1,2,phased,2,grasp,0.00014250000094762072,211.62744699655883,111.62744699655885,0.0,1.0,1.0,0.0
rc208C5,1,2,phased,2,mp_eavns,0.0013486999996530358,211.62744699655883,111.62744699655885,0.0,1.0,1.0,0.0
rc208C5,1,2,all,3,edd,1.4599998394260183e-05,1000210.6463364634,110.64633646342119,0.0,1.0,0.0,1.0
rc208C5,1,2,all,3,sweep,2.0999978005420417e-06,211.62744699655883,111.62744699655885,0.0,1.0,1.0,0.0
rc208C5,1,2,all,3,nearest,4.2000028770416975e-06,211.62744699655883,111.62744699655885,0.0,1.0,1.0,0.0
rc208C5,1,2,all,3,grasp,0.00015469999925699085,211.62744699655883,111.62744699655885,0.0,1.0,1.0,0.0
rc208C5,1,2,all,3,mp_eavns,0.001328599999396829,211.62744699655883,111.62744699655885,0.0,1.0,1.0,0.0
rc208C5,2,3,depot,1,edd,2.6000016077887267e-06,1000332.6793554736,132.67935547355916,0.0,2.0,0.0,1.0
rc208C5,2,3,depot,1,sweep,2.2000021999701858e-06,1000341.694685856,141.69468585594123,0.0,2.0,0.0,1.0
rc208C5,2,3,depot,1,nearest,6.099999154685065e-06,1000352.7420373652,152.74203736518763,0.0,2.0,0.0,1.0
rc208C5,2,3,depot,1,grasp,0.00017610000213608146,1000332.6793554736,132.67935547355916,0.0,2.0,0.0,1.0
rc208C5,2,3,depot,1,mp_eavns,0.0030852999989292584,1000332.6793554736,132.67935547355916,0.0,2.0,0.0,1.0
rc208C5,2,3,phased,2,edd,2.4000000848900527e-06,333.66046600669677,133.6604660066968,0.0,2.0,1.0,0.0
rc208C5,2,3,phased,2,sweep,2.0000006770715117e-06,342.67579638907887,142.6757963890789,0.0,2.0,1.0,0.0
rc208C5,2,3,phased,2,nearest,5.500001861946657e-06,353.7231478983253,153.7231478983253,0.0,2.0,1.0,0.0
rc208C5,2,3,phased,2,grasp,0.0001936999979079701,333.66046600669677,133.6604660066968,0.0,2.0,1.0,0.0
rc208C5,2,3,phased,2,mp_eavns,0.0034081000012520235,333.66046600669677,133.6604660066968,0.0,2.0,1.0,0.0
rc208C5,2,3,all,3,edd,2.0000006770715117e-06,333.66046600669677,133.6604660066968,0.0,2.0,1.0,0.0
rc208C5,2,3,all,3,sweep,1.7000020307023078e-06,342.67579638907887,142.6757963890789,0.0,2.0,1.0,0.0
rc208C5,2,3,all,3,nearest,4.900000931229442e-06,353.7231478983253,153.7231478983253,0.0,2.0,1.0,0.0
rc208C5,2,3,all,3,grasp,0.0002010000025620684,333.66046600669677,133.6604660066968,0.0,2.0,1.0,0.0
rc208C5,2,3,all,3,mp_eavns,0.003235700001823716,333.66046600669677,133.6604660066968,0.0,2.0,1.0,0.0
rc208C5,3,4,depot,1,edd,2.1999985619913787e-06,2000378.6712421796,178.67124217953693,0.0,2.0,0.0,2.0
rc208C5,3,4,depot,1,sweep,2.1999985619913787e-06,1000396.5105296628,196.51052966281213,0.0,2.0,0.0,1.0
rc208C5,3,4,depot,1,nearest,6.599999323952943e-06,1000398.7339240712,198.73392407116543,0.0,2.0,0.0,1.0
rc208C5,3,4,depot,1,grasp,0.00022739999985788018,1000398.7339240712,198.73392407116543,0.0,2.0,0.0,1.0
rc208C5,3,4,depot,1,mp_eavns,0.005650800001603784,1000396.5105296628,196.51052966281213,0.0,2.0,0.0,1.0
rc208C5,3,4,phased,3,edd,2.7999994927085936e-06,385.5755215820699,185.57552158206985,0.0,2.0,1.0,0.0
rc208C5,3,4,phased,3,sweep,3.1000017770566046e-06,397.4916401959498,197.49164019594977,0.0,2.0,1.0,0.0
rc208C5,3,4,phased,3,nearest,7.199996616691351e-06,1000398.7339240712,198.73392407116543,0.0,2.0,0.0,1.0
rc208C5,3,4,phased,3,grasp,0.0002573000019765459,385.5755215820699,185.57552158206985,0.0,2.0,1.0,0.0
rc208C5,3,4,phased,3,mp_eavns,0.006235500000911998,385.5755215820699,185.57552158206985,0.0,2.0,1.0,0.0
rc208C5,3,4,all,3,edd,2.4999972083605826e-06,385.5755215820699,185.57552158206985,0.0,2.0,1.0,0.0
rc208C5,3,4,all,3,sweep,2.0000006770715117e-06,397.4916401959498,197.49164019594977,0.0,2.0,1.0,0.0
rc208C5,3,4,all,3,nearest,6.60000296193175e-06,1000398.7339240712,198.73392407116543,0.0,2.0,0.0,1.0
rc208C5,3,4,all,3,grasp,0.00026109999816981144,385.5755215820699,185.57552158206985,0.0,2.0,1.0,0.0
rc208C5,3,4,all,3,mp_eavns,0.0061843000003136694,385.5755215820699,185.57552158206985,0.0,2.0,1.0,0.0
rc208C5,4,5,depot,1,edd,2.4999972083605826e-06,2000411.3462892012,211.34628920126426,0.0,2.0,0.0,2.0
rc208C5,4,5,depot,1,sweep,2.4999972083605826e-06,1000558.1222168658,258.1222168658096,0.0,3.0,0.0,1.0
rc208C5,4,5,depot,1,nearest,9.2999980552122e-06,1000398.8313816008,198.8313816007819,0.0,2.0,0.0,1.0
rc208C5,4,5,depot,1,grasp,0.0002846000024874229,1000398.8313816008,198.8313816007819,0.0,2.0,0.0,1.0
rc208C5,4,5,depot,1,mp_eavns,0.006125600000814302,1000398.8313816008,198.8313816007819,0.0,2.0,0.0,1.0
rc208C5,4,5,phased,3,edd,2.6000016077887267e-06,1000412.3273997344,212.3273997344019,0.0,2.0,1.0,1.0
rc208C5,4,5,phased,3,sweep,2.4000000848900527e-06,559.1033273989472,259.1033273989472,0.0,3.0,1.0,0.0
rc208C5,4,5,phased,3,nearest,8.39999847812578e-06,1000398.8313816008,198.8313816007819,0.0,2.0,0.0,1.0
rc208C5,4,5,phased,3,grasp,0.00030479999986710027,405.7356610033148,205.73566100331485,0.0,2.0,1.0,0.0
rc208C5,4,5,phased,3,mp_eavns,0.007233600001200102,405.7356610033148,205.73566100331485,0.0,2.0,1.0,0.0
rc208C5,4,5,all,3,edd,2.4000000848900527e-06,1000412.3273997344,212.3273997344019,0.0,2.0,1.0,1.0
rc208C5,4,5,all,3,sweep,2.2000021999701858e-06,559.1033273989472,259.1033273989472,0.0,3.0,1.0,0.0
rc208C5,4,5,all,3,nearest,8.099999831756577e-06,1000398.8313816008,198.8313816007819,0.0,2.0,0.0,1.0
rc208C5,4,5,all,3,grasp,0.0003203999985998962,405.7356610033148,205.73566100331485,0.0,2.0,1.0,0.0
rc208C5,4,5,all,3,mp_eavns,0.007779600000503706,405.7356610033148,205.73566100331485,0.0,2.0,1.0,0.0
